return_id,order_id,reason
1,143888,Defective
2,171451,Defective
3,135281,Size Issue
4,127902,Size Issue
5,42909,Changed Mind
6,7090,Changed Mind
7,32977,Arrived Late
8,120994,Changed Mind
9,162893,Defective
10,20614,Defective
11,15592,Changed Mind
12,60049,Changed Mind
13,133541,Changed Mind
14,41343,Arrived Late
15,158687,Wrong Item
16,184178,Changed Mind
17,45705,Defective
18,36080,Wrong Item
19,131001,Size Issue
20,35259,Arrived Late
21,159179,Wrong Item
22,40256,Defective
23,279,Wrong Item
24,27931,Changed Mind
25,155345,Wrong Item
26,131680,Arrived Late
27,103130,Size Issue
28,120235,Changed Mind
29,182014,Defective
30,21110,Defective
31,67557,Arrived Late
32,80157,Wrong Item
33,99293,Arrived Late
34,16421,Size Issue
35,113828,Arrived Late
36,51819,Wrong Item
37,24006,Wrong Item
38,53476,Wrong Item
39,114609,Defective
40,60813,Changed Mind
41,137954,Defective
42,41445,Arrived Late
43,37539,Size Issue
44,51833,Changed Mind
45,36432,Wrong Item
46,20973,Wrong Item
47,177032,Wrong Item
48,122958,Defective
49,87303,Wrong Item
50,194165,Changed Mind
51,68344,Defective
52,53693,Arrived Late
53,153608,Defective
54,113093,Defective
55,123100,Wrong Item
56,303,Defective
57,11864,Arrived Late
58,135666,Changed Mind
59,78257,Changed Mind
60,183087,Defective
61,42998,Size Issue
62,78063,Defective
63,45792,Defective
64,75032,Defective
65,12762,Wrong Item
66,87836,Arrived Late
67,107068,Defective
68,2542,Wrong Item
69,198304,Size Issue
70,100490,Arrived Late
71,45738,Changed Mind
72,156686,Arrived Late
73,56691,Changed Mind
74,187635,Defective
75,33238,Changed Mind
76,136219,Defective
77,163128,Wrong Item
78,189777,Arrived Late
79,178585,Defective
80,176264,Size Issue
81,35382,Size Issue
82,183554,Wrong Item
83,174565,Defective
84,138930,Arrived Late
85,6224,Arrived Late
86,113152,Size Issue
87,123787,Defective
88,197703,Size Issue
89,192803,Defective
90,34915,Arrived Late
91,123740,Changed Mind
92,6561,Wrong Item
93,19472,Changed Mind
94,5736,Changed Mind
95,113993,Arrived Late
96,184113,Size Issue
97,139969,Wrong Item
98,19593,Size Issue
99,88237,Size Issue
100,59975,Size Issue
101,125790,Size Issue
102,37911,Changed Mind
103,93920,Wrong Item
104,28797,Arrived Late
105,86613,Wrong Item
106,130681,Arrived Late
107,50660,Changed Mind
108,112935,Defective
109,21136,Arrived Late
110,36741,Changed Mind
111,38466,Arrived Late
112,132610,Arrived Late
113,101071,Defective
114,131873,Size Issue
115,14294,Defective
116,164962,Defective
117,190689,Defective
118,38247,Changed Mind
119,92499,Size Issue
120,129275,Arrived Late
121,106640,Size Issue
122,4008,Changed Mind
123,33808,Arrived Late
124,189811,Changed Mind
125,146222,Changed Mind
126,50812,Wrong Item
127,40593,Defective
128,48395,Wrong Item
129,4999,Defective
130,9581,Defective
131,102358,Wrong Item
132,190153,Arrived Late
133,25092,Changed Mind
134,36959,Wrong Item
135,161765,Wrong Item
136,198164,Wrong Item
137,156130,Arrived Late
138,3810,Wrong Item
139,155236,Arrived Late
140,116960,Wrong Item
141,122466,Arrived Late
142,84202,Size Issue
143,108845,Defective
144,2271,Changed Mind
145,161387,Changed Mind
146,55596,Changed Mind
147,116734,Arrived Late
148,79442,Changed Mind
149,176286,Wrong Item
150,108175,Defective
151,89700,Wrong Item
152,115498,Arrived Late
153,129384,Wrong Item
154,81458,Defective
155,125122,Changed Mind
156,18668,Wrong Item
157,29078,Defective
158,193065,Defective
159,93226,Size Issue
160,67252,Changed Mind
161,188499,Arrived Late
162,126828,Defective
163,195481,Size Issue
164,103402,Defective
165,199822,Wrong Item
166,25446,Defective
167,152621,Changed Mind
168,178380,Changed Mind
169,75796,Defective
170,82029,Size Issue
171,189489,Arrived Late
172,168921,Defective
173,80756,Arrived Late
174,26369,Wrong Item
175,18719,Changed Mind
176,185017,Wrong Item
177,118107,Wrong Item
178,163936,Size Issue
179,17166,Size Issue
180,99497,Wrong Item
181,63171,Wrong Item
182,20474,Defective
183,90313,Wrong Item
184,30463,Defective
185,46712,Size Issue
186,99202,Wrong Item
187,77914,Size Issue
188,150916,Changed Mind
189,181426,Changed Mind
190,25790,Size Issue
191,152593,Defective
192,101137,Size Issue
193,96072,Arrived Late
194,80490,Arrived Late
195,118547,Changed Mind
196,29457,Arrived Late
197,195847,Size Issue
198,24336,Defective
199,17536,Defective
200,72831,Wrong Item
201,112226,Size Issue
202,48056,Changed Mind
203,109206,Changed Mind
204,174081,Wrong Item
205,193652,Defective
206,171737,Changed Mind
207,189041,Wrong Item
208,139325,Defective
209,115743,Defective
210,24851,Arrived Late
211,40346,Arrived Late
212,56080,Arrived Late
213,41321,Changed Mind
214,170417,Wrong Item
215,24192,Changed Mind
216,38713,Arrived Late
217,144916,Wrong Item
218,43432,Arrived Late
219,178614,Changed Mind
220,170679,Size Issue
221,75516,Wrong Item
222,191535,Arrived Late
223,67813,Arrived Late
224,88685,Size Issue
225,158104,Defective
226,198415,Wrong Item
227,151911,Changed Mind
228,9610,Defective
229,114420,Size Issue
230,168492,Defective
231,192511,Changed Mind
232,148827,Size Issue
233,152322,Defective
234,9589,Defective
235,193574,Size Issue
236,117834,Wrong Item
237,131153,Wrong Item
238,163090,Wrong Item
239,148123,Wrong Item
240,64337,Defective
241,87005,Wrong Item
242,5388,Changed Mind
243,44884,Arrived Late
244,82569,Changed Mind
245,121613,Defective
246,39823,Defective
247,77872,Wrong Item
248,147261,Size Issue
249,182386,Arrived Late
250,130632,Size Issue
251,35214,Changed Mind
252,137494,Defective
253,49836,Defective
254,146709,Changed Mind
255,85504,Defective
256,26711,Defective
257,113112,Wrong Item
258,101550,Changed Mind
259,113634,Arrived Late
260,58101,Arrived Late
261,163530,Arrived Late
262,122222,Defective
263,113483,Defective
264,158463,Defective
265,120596,Arrived Late
266,119563,Defective
267,165109,Size Issue
268,97336,Wrong Item
269,99442,Arrived Late
270,79076,Arrived Late
271,178084,Changed Mind
272,9353,Size Issue
273,127821,Size Issue
274,104817,Wrong Item
275,61913,Size Issue
276,79258,Changed Mind
277,140070,Defective
278,14720,Arrived Late
279,180501,Arrived Late
280,45851,Changed Mind
281,81330,Wrong Item
282,48423,Changed Mind
283,22448,Arrived Late
284,79833,Defective
285,63145,Size Issue
286,68802,Changed Mind
287,16364,Arrived Late
288,145575,Wrong Item
289,56257,Changed Mind
290,178435,Arrived Late
291,9609,Size Issue
292,151821,Wrong Item
293,185068,Arrived Late
294,169105,Defective
295,55323,Wrong Item
296,192290,Size Issue
297,157252,Size Issue
298,143610,Size Issue
299,48595,Defective
300,172311,Wrong Item
301,144182,Defective
302,35386,Size Issue
303,84069,Arrived Late
304,45289,Changed Mind
305,158842,Size Issue
306,177345,Changed Mind
307,198040,Changed Mind
308,167760,Size Issue
309,94026,Arrived Late
310,138363,Size Issue
311,38554,Arrived Late
312,47950,Changed Mind
313,189556,Wrong Item
314,59134,Size Issue
315,19294,Defective
316,5615,Changed Mind
317,139380,Defective
318,99524,Wrong Item
319,68237,Defective
320,102167,Changed Mind
321,73985,Size Issue
322,15745,Defective
323,40555,Defective
324,196259,Size Issue
325,108583,Changed Mind
326,60606,Size Issue
327,63364,Changed Mind
328,90705,Changed Mind
329,96891,Arrived Late
330,76821,Changed Mind
331,183338,Size Issue
332,120691,Arrived Late
333,53624,Defective
334,49459,Size Issue
335,130319,Defective
336,126225,Wrong Item
337,178057,Arrived Late
338,57150,Size Issue
339,86403,Wrong Item
340,52346,Changed Mind
341,171559,Wrong Item
342,114616,Changed Mind
343,113727,Arrived Late
344,90119,Changed Mind
345,93810,Defective
346,39211,Size Issue
347,196490,Arrived Late
348,60796,Wrong Item
349,187655,Size Issue
350,131872,Wrong Item
351,121354,Size Issue
352,103431,Wrong Item
353,37183,Defective
354,27869,Wrong Item
355,32473,Changed Mind
356,3772,Size Issue
357,10018,Size Issue
358,14446,Size Issue
359,76773,Size Issue
360,96452,Changed Mind
361,80415,Arrived Late
362,36156,Arrived Late
363,10289,Defective
364,133376,Arrived Late
365,199029,Defective
366,192802,Size Issue
367,100052,Size Issue
368,122509,Arrived Late
369,2920,Defective
370,10439,Arrived Late
371,176139,Wrong Item
372,163738,Size Issue
373,132592,Wrong Item
374,108943,Changed Mind
375,190328,Changed Mind
376,40063,Changed Mind
377,133190,Size Issue
378,1815,Defective
379,44396,Changed Mind
380,26543,Wrong Item
381,121499,Arrived Late
382,180017,Changed Mind
383,81238,Changed Mind
384,132519,Defective
385,134769,Size Issue
386,51566,Wrong Item
387,77154,Defective
388,152874,Size Issue
389,186728,Arrived Late
390,85365,Wrong Item
391,144791,Wrong Item
392,61732,Size Issue
393,111449,Size Issue
394,176009,Arrived Late
395,40062,Changed Mind
396,114649,Changed Mind
397,57009,Size Issue
398,155332,Changed Mind
399,113104,Size Issue
400,3974,Arrived Late
401,193693,Changed Mind
402,41293,Defective
403,101035,Size Issue
404,188612,Changed Mind
405,56443,Arrived Late
406,66269,Size Issue
407,185057,Arrived Late
408,137726,Wrong Item
409,110492,Wrong Item
410,50108,Arrived Late
411,150915,Wrong Item
412,177269,Size Issue
413,71534,Arrived Late
414,33092,Size Issue
415,36611,Defective
416,100679,Defective
417,169850,Changed Mind
418,135232,Wrong Item
419,106078,Size Issue
420,46285,Changed Mind
421,100133,Size Issue
422,138436,Size Issue
423,48354,Changed Mind
424,110282,Wrong Item
425,171811,Arrived Late
426,72237,Arrived Late
427,103282,Wrong Item
428,197033,Defective
429,195717,Size Issue
430,171346,Size Issue
431,23608,Arrived Late
432,42364,Defective
433,163416,Wrong Item
434,69715,Changed Mind
435,72512,Wrong Item
436,9199,Arrived Late
437,185721,Arrived Late
438,92960,Changed Mind
439,7219,Arrived Late
440,105344,Arrived Late
441,142231,Defective
442,183147,Wrong Item
443,154015,Arrived Late
444,39672,Wrong Item
445,38756,Defective
446,156376,Changed Mind
447,18835,Changed Mind
448,102206,Arrived Late
449,152406,Defective
450,119871,Changed Mind
451,153375,Changed Mind
452,167638,Defective
453,6476,Changed Mind
454,88899,Size Issue
455,152623,Changed Mind
456,73349,Size Issue
457,13226,Wrong Item
458,76917,Defective
459,62717,Size Issue
460,197466,Defective
461,70568,Defective
462,34751,Size Issue
463,59063,Wrong Item
464,193185,Size Issue
465,102387,Defective
466,26085,Changed Mind
467,9274,Defective
468,24753,Size Issue
469,30940,Wrong Item
470,17854,Arrived Late
471,162920,Changed Mind
472,22922,Changed Mind
473,41377,Wrong Item
474,94949,Defective
475,50079,Changed Mind
476,9642,Arrived Late
477,72671,Defective
478,65086,Changed Mind
479,49356,Defective
480,194773,Changed Mind
481,18284,Changed Mind
482,141350,Changed Mind
483,168742,Wrong Item
484,184761,Defective
485,89303,Size Issue
486,11535,Defective
487,29041,Size Issue
488,99843,Defective
489,161682,Wrong Item
490,195048,Wrong Item
491,64277,Arrived Late
492,40538,Changed Mind
493,191696,Wrong Item
494,99810,Arrived Late
495,102625,Arrived Late
496,165425,Wrong Item
497,124937,Size Issue
498,189631,Defective
499,171131,Size Issue
500,193838,Defective
501,47591,Wrong Item
502,18784,Arrived Late
503,3933,Changed Mind
504,66272,Arrived Late
505,25887,Changed Mind
506,104071,Size Issue
507,71398,Size Issue
508,151834,Arrived Late
509,59561,Arrived Late
510,176066,Arrived Late
511,56912,Size Issue
512,73826,Size Issue
513,60508,Changed Mind
514,5146,Size Issue
515,176966,Wrong Item
516,91801,Size Issue
517,127272,Wrong Item
518,36726,Size Issue
519,142279,Defective
520,93413,Size Issue
521,57989,Size Issue
522,152687,Size Issue
523,140073,Wrong Item
524,122975,Defective
525,127794,Changed Mind
526,70224,Size Issue
527,111870,Defective
528,197725,Arrived Late
529,5267,Wrong Item
530,179954,Arrived Late
531,45846,Changed Mind
532,44051,Size Issue
533,27373,Defective
534,100851,Wrong Item
535,79092,Changed Mind
536,118491,Changed Mind
537,154609,Changed Mind
538,125019,Arrived Late
539,138707,Wrong Item
540,100716,Arrived Late
541,40599,Changed Mind
542,36798,Arrived Late
543,76357,Wrong Item
544,29748,Defective
545,187279,Changed Mind
546,169380,Wrong Item
547,4079,Size Issue
548,69134,Arrived Late
549,142337,Changed Mind
550,71269,Arrived Late
551,140712,Size Issue
552,180461,Size Issue
553,160912,Wrong Item
554,116660,Arrived Late
555,85408,Wrong Item
556,40801,Arrived Late
557,143285,Changed Mind
558,58188,Arrived Late
559,133255,Arrived Late
560,150190,Changed Mind
561,83039,Changed Mind
562,143827,Defective
563,86643,Wrong Item
564,114582,Wrong Item
565,142301,Changed Mind
566,79293,Size Issue
567,81264,Arrived Late
568,170943,Arrived Late
569,115550,Size Issue
570,98096,Wrong Item
571,98224,Changed Mind
572,66253,Size Issue
573,61919,Defective
574,153562,Arrived Late
575,170431,Defective
576,48144,Wrong Item
577,2220,Wrong Item
578,22945,Defective
579,14972,Size Issue
580,151432,Arrived Late
581,95987,Changed Mind
582,41480,Wrong Item
583,152891,Defective
584,117912,Changed Mind
585,51348,Changed Mind
586,174702,Arrived Late
587,20433,Wrong Item
588,31269,Defective
589,92002,Arrived Late
590,92617,Arrived Late
591,109848,Size Issue
592,146312,Size Issue
593,83280,Arrived Late
594,189630,Changed Mind
595,7338,Wrong Item
596,123239,Changed Mind
597,168611,Arrived Late
598,32732,Changed Mind
599,99685,Wrong Item
600,21779,Size Issue
601,103954,Size Issue
602,164664,Size Issue
603,104427,Size Issue
604,42242,Arrived Late
605,180559,Size Issue
606,4656,Size Issue
607,70584,Arrived Late
608,2186,Arrived Late
609,120045,Arrived Late
610,121740,Defective
611,138598,Defective
612,115941,Arrived Late
613,173167,Size Issue
614,83197,Changed Mind
615,73028,Changed Mind
616,81117,Size Issue
617,128644,Arrived Late
618,28356,Changed Mind
619,58906,Wrong Item
620,39888,Size Issue
621,8044,Arrived Late
622,172814,Wrong Item
623,91600,Changed Mind
624,1988,Defective
625,56368,Defective
626,84859,Wrong Item
627,113102,Changed Mind
628,192231,Changed Mind
629,108273,Arrived Late
630,154392,Changed Mind
631,199053,Changed Mind
632,148142,Size Issue
633,48105,Size Issue
634,10378,Changed Mind
635,45618,Defective
636,164777,Defective
637,7103,Size Issue
638,59939,Size Issue
639,45814,Defective
640,77118,Wrong Item
641,111298,Wrong Item
642,68131,Arrived Late
643,88383,Arrived Late
644,64539,Size Issue
645,6591,Size Issue
646,175107,Arrived Late
647,94162,Size Issue
648,126238,Size Issue
649,101162,Defective
650,6239,Size Issue
651,83133,Wrong Item
652,37955,Arrived Late
653,114623,Wrong Item
654,11947,Changed Mind
655,104947,Wrong Item
656,154296,Wrong Item
657,22932,Defective
658,38092,Arrived Late
659,191399,Size Issue
660,159935,Defective
661,164386,Size Issue
662,97227,Size Issue
663,10183,Wrong Item
664,45279,Wrong Item
665,32437,Changed Mind
666,27834,Defective
667,162206,Defective
668,55425,Wrong Item
669,17659,Arrived Late
670,170544,Arrived Late
671,138338,Defective
672,123055,Changed Mind
673,149156,Changed Mind
674,140751,Arrived Late
675,112311,Defective
676,4970,Size Issue
677,78084,Changed Mind
678,186281,Arrived Late
679,72705,Size Issue
680,145426,Size Issue
681,50830,Wrong Item
682,187254,Wrong Item
683,197476,Defective
684,103698,Size Issue
685,144520,Defective
686,156152,Changed Mind
687,52869,Defective
688,67026,Arrived Late
689,71595,Changed Mind
690,163987,Wrong Item
691,68084,Defective
692,121958,Wrong Item
693,168707,Changed Mind
694,71969,Arrived Late
695,86107,Defective
696,166530,Arrived Late
697,145773,Defective
698,104238,Size Issue
699,145842,Arrived Late
700,6436,Wrong Item
701,151661,Defective
702,138632,Arrived Late
703,10884,Changed Mind
704,95593,Changed Mind
705,190254,Defective
706,98381,Changed Mind
707,189736,Size Issue
708,72517,Defective
709,149421,Defective
710,20683,Wrong Item
711,194923,Wrong Item
712,174395,Wrong Item
713,107888,Size Issue
714,158627,Changed Mind
715,57303,Defective
716,167523,Arrived Late
717,121558,Wrong Item
718,105547,Defective
719,106144,Changed Mind
720,103235,Changed Mind
721,182509,Size Issue
722,189112,Arrived Late
723,176469,Size Issue
724,161506,Wrong Item
725,6031,Arrived Late
726,58153,Arrived Late
727,191279,Changed Mind
728,108061,Size Issue
729,109952,Defective
730,15840,Wrong Item
731,129803,Wrong Item
732,196191,Wrong Item
733,190136,Size Issue
734,57284,Wrong Item
735,116133,Size Issue
736,6030,Size Issue
737,116634,Size Issue
738,89910,Changed Mind
739,144417,Defective
740,101668,Wrong Item
741,125689,Size Issue
742,12433,Defective
743,135628,Changed Mind
744,129510,Arrived Late
745,123772,Changed Mind
746,97710,Defective
747,97356,Size Issue
748,179416,Size Issue
749,37212,Wrong Item
750,85782,Wrong Item
751,136782,Defective
752,49579,Arrived Late
753,132203,Size Issue
754,95534,Defective
755,151259,Arrived Late
756,182872,Changed Mind
757,166432,Defective
758,126404,Changed Mind
759,143824,Wrong Item
760,119163,Changed Mind
761,64414,Changed Mind
762,163663,Arrived Late
763,129621,Arrived Late
764,40578,Defective
765,136526,Size Issue
766,74605,Wrong Item
767,10140,Changed Mind
768,85481,Defective
769,29561,Wrong Item
770,47318,Size Issue
771,120176,Wrong Item
772,193032,Size Issue
773,119623,Arrived Late
774,115109,Arrived Late
775,133419,Wrong Item
776,157913,Defective
777,71915,Changed Mind
778,131808,Size Issue
779,19992,Changed Mind
780,82175,Size Issue
781,130810,Arrived Late
782,28434,Arrived Late
783,168406,Defective
784,187170,Changed Mind
785,56176,Wrong Item
786,169788,Wrong Item
787,190597,Size Issue
788,67906,Defective
789,68599,Defective
790,9110,Defective
791,190451,Size Issue
792,64317,Size Issue
793,32104,Defective
794,10171,Changed Mind
795,173513,Wrong Item
796,62687,Wrong Item
797,190592,Defective
798,148630,Changed Mind
799,130699,Defective
800,15960,Size Issue
801,116497,Size Issue
802,138806,Changed Mind
803,133796,Changed Mind
804,118593,Arrived Late
805,163027,Wrong Item
806,189924,Wrong Item
807,182116,Defective
808,120669,Wrong Item
809,88194,Defective
810,18913,Defective
811,166190,Arrived Late
812,186413,Size Issue
813,28275,Wrong Item
814,75887,Defective
815,164725,Wrong Item
816,167171,Defective
817,78871,Size Issue
818,193225,Wrong Item
819,125618,Arrived Late
820,177102,Arrived Late
821,80027,Size Issue
822,156349,Defective
823,135937,Changed Mind
824,131435,Arrived Late
825,126797,Defective
826,39529,Arrived Late
827,73065,Wrong Item
828,174980,Defective
829,158641,Arrived Late
830,166396,Defective
831,25988,Defective
832,133507,Wrong Item
833,120076,Changed Mind
834,72289,Wrong Item
835,184116,Defective
836,81700,Arrived Late
837,2189,Changed Mind
838,64844,Changed Mind
839,13073,Arrived Late
840,78943,Changed Mind
841,69531,Defective
842,253,Arrived Late
843,107428,Size Issue
844,120250,Wrong Item
845,3546,Arrived Late
846,184238,Changed Mind
847,37756,Changed Mind
848,168992,Defective
849,104407,Changed Mind
850,27820,Defective
851,160784,Size Issue
852,194587,Changed Mind
853,65536,Defective
854,57443,Size Issue
855,78009,Wrong Item
856,28670,Changed Mind
857,152422,Wrong Item
858,140828,Size Issue
859,51090,Wrong Item
860,53796,Arrived Late
861,55665,Wrong Item
862,134931,Arrived Late
863,11003,Arrived Late
864,16781,Wrong Item
865,125742,Arrived Late
866,98511,Defective
867,110696,Changed Mind
868,23925,Arrived Late
869,190324,Defective
870,78616,Defective
871,29997,Arrived Late
872,85706,Changed Mind
873,65844,Wrong Item
874,123017,Arrived Late
875,172881,Defective
876,105441,Wrong Item
877,3723,Arrived Late
878,30629,Changed Mind
879,106304,Wrong Item
880,94938,Changed Mind
881,109332,Arrived Late
882,29351,Defective
883,6360,Wrong Item
884,115360,Defective
885,176450,Wrong Item
886,33558,Arrived Late
887,174558,Defective
888,2214,Size Issue
889,61306,Changed Mind
890,49138,Wrong Item
891,10502,Size Issue
892,125349,Arrived Late
893,29248,Changed Mind
894,28621,Size Issue
895,161561,Changed Mind
896,198797,Defective
897,118256,Arrived Late
898,77272,Changed Mind
899,99814,Arrived Late
900,101876,Size Issue
901,101082,Defective
902,63302,Arrived Late
903,118548,Arrived Late
904,40098,Arrived Late
905,42506,Arrived Late
906,112391,Arrived Late
907,19188,Arrived Late
908,34562,Defective
909,151820,Size Issue
910,144919,Wrong Item
911,70255,Defective
912,180560,Changed Mind
913,87882,Size Issue
914,16750,Wrong Item
915,110891,Size Issue
916,187705,Arrived Late
917,38435,Size Issue
918,143938,Wrong Item
919,175420,Changed Mind
920,151341,Arrived Late
921,108814,Changed Mind
922,10056,Arrived Late
923,85211,Arrived Late
924,85854,Defective
925,26997,Defective
926,27344,Wrong Item
927,130364,Size Issue
928,72393,Defective
929,93189,Changed Mind
930,38638,Changed Mind
931,174974,Defective
932,42280,Defective
933,59532,Size Issue
934,469,Defective
935,145640,Changed Mind
936,59140,Changed Mind
937,33891,Arrived Late
938,134787,Wrong Item
939,59667,Changed Mind
940,178808,Defective
941,127755,Changed Mind
942,162848,Wrong Item
943,82121,Defective
944,183062,Size Issue
945,82066,Size Issue
946,74320,Arrived Late
947,53308,Arrived Late
948,144198,Size Issue
949,91598,Size Issue
950,156106,Wrong Item
951,186535,Defective
952,143620,Size Issue
953,7995,Arrived Late
954,14542,Defective
955,110437,Size Issue
956,38142,Defective
957,90659,Arrived Late
958,33389,Changed Mind
959,172794,Defective
960,111098,Defective
961,115740,Changed Mind
962,186991,Arrived Late
963,47123,Size Issue
964,6205,Defective
965,70153,Changed Mind
966,155824,Changed Mind
967,103369,Size Issue
968,75231,Wrong Item
969,129412,Changed Mind
970,135861,Changed Mind
971,186483,Arrived Late
972,194122,Changed Mind
973,161332,Size Issue
974,157990,Wrong Item
975,69044,Wrong Item
976,179784,Arrived Late
977,48930,Changed Mind
978,134478,Defective
979,168027,Size Issue
980,3640,Changed Mind
981,13515,Defective
982,188446,Wrong Item
983,113200,Changed Mind
984,198955,Arrived Late
985,113637,Changed Mind
986,77817,Size Issue
987,42360,Changed Mind
988,15477,Wrong Item
989,106744,Arrived Late
990,60868,Wrong Item
991,112906,Size Issue
992,57452,Wrong Item
993,86330,Size Issue
994,144765,Changed Mind
995,101592,Size Issue
996,122955,Size Issue
997,24,Arrived Late
998,95083,Changed Mind
999,110308,Changed Mind
1000,46690,Changed Mind
1001,69003,Changed Mind
1002,172517,Arrived Late
1003,184746,Arrived Late
1004,67395,Changed Mind
1005,50581,Size Issue
1006,135860,Changed Mind
1007,165190,Changed Mind
1008,23539,Wrong Item
1009,117130,Arrived Late
1010,50918,Wrong Item
1011,85792,Wrong Item
1012,73487,Defective
1013,62961,Arrived Late
1014,113749,Wrong Item
1015,163879,Arrived Late
1016,94835,Size Issue
1017,70801,Wrong Item
1018,59886,Size Issue
1019,197813,Arrived Late
1020,165017,Defective
1021,61731,Defective
1022,118340,Changed Mind
1023,64826,Changed Mind
1024,129330,Changed Mind
1025,196156,Arrived Late
1026,103682,Size Issue
1027,60787,Defective
1028,132605,Changed Mind
1029,28931,Changed Mind
1030,195335,Wrong Item
1031,168762,Wrong Item
1032,121933,Arrived Late
1033,139516,Wrong Item
1034,174751,Arrived Late
1035,191045,Defective
1036,97937,Arrived Late
1037,94624,Size Issue
1038,18761,Changed Mind
1039,10941,Size Issue
1040,40258,Size Issue
1041,128149,Defective
1042,197810,Changed Mind
1043,101481,Defective
1044,173142,Size Issue
1045,87061,Size Issue
1046,101847,Size Issue
1047,139092,Size Issue
1048,153110,Defective
1049,106727,Defective
1050,155410,Wrong Item
1051,35666,Defective
1052,32195,Wrong Item
1053,196870,Wrong Item
1054,43370,Wrong Item
1055,74792,Wrong Item
1056,102021,Wrong Item
1057,149257,Arrived Late
1058,178351,Size Issue
1059,187043,Defective
1060,33628,Defective
1061,93260,Size Issue
1062,38356,Size Issue
1063,81942,Changed Mind
1064,4643,Changed Mind
1065,158343,Changed Mind
1066,39817,Wrong Item
1067,172265,Size Issue
1068,120284,Size Issue
1069,47528,Arrived Late
1070,30658,Arrived Late
1071,156819,Changed Mind
1072,48249,Size Issue
1073,111478,Arrived Late
1074,156693,Size Issue
1075,106964,Wrong Item
1076,198879,Defective
1077,117004,Arrived Late
1078,77849,Wrong Item
1079,15926,Wrong Item
1080,182338,Arrived Late
1081,16692,Defective
1082,31367,Defective
1083,130624,Arrived Late
1084,98048,Wrong Item
1085,112608,Defective
1086,144749,Arrived Late
1087,119977,Changed Mind
1088,41948,Size Issue
1089,163935,Defective
1090,191812,Defective
1091,26083,Defective
1092,131609,Size Issue
1093,175459,Size Issue
1094,76370,Changed Mind
1095,131889,Arrived Late
1096,64274,Defective
1097,24769,Defective
1098,72426,Size Issue
1099,29262,Changed Mind
1100,73015,Size Issue
1101,18450,Defective
1102,15988,Arrived Late
1103,108444,Arrived Late
1104,21080,Wrong Item
1105,183817,Wrong Item
1106,72231,Changed Mind
1107,38079,Wrong Item
1108,13532,Changed Mind
1109,2479,Size Issue
1110,37422,Wrong Item
1111,182181,Arrived Late
1112,70072,Changed Mind
1113,158296,Arrived Late
1114,6190,Changed Mind
1115,149663,Changed Mind
1116,36801,Defective
1117,113999,Size Issue
1118,51730,Changed Mind
1119,62171,Size Issue
1120,125998,Wrong Item
1121,32243,Arrived Late
1122,109935,Size Issue
1123,199701,Changed Mind
1124,72760,Size Issue
1125,138411,Defective
1126,81778,Arrived Late
1127,129604,Defective
1128,136190,Defective
1129,28595,Arrived Late
1130,43922,Arrived Late
1131,43483,Changed Mind
1132,106305,Size Issue
1133,96667,Wrong Item
1134,58757,Changed Mind
1135,57732,Defective
1136,74378,Defective
1137,44502,Arrived Late
1138,107225,Size Issue
1139,159803,Changed Mind
1140,84725,Size Issue
1141,103148,Defective
1142,23401,Changed Mind
1143,105622,Defective
1144,181302,Wrong Item
1145,197442,Defective
1146,174016,Defective
1147,11182,Defective
1148,142936,Wrong Item
1149,122979,Size Issue
1150,30265,Changed Mind
1151,21181,Wrong Item
1152,46540,Changed Mind
1153,27587,Arrived Late
1154,54768,Changed Mind
1155,47259,Arrived Late
1156,143213,Defective
1157,89907,Changed Mind
1158,114054,Arrived Late
1159,122839,Wrong Item
1160,106756,Defective
1161,97857,Size Issue
1162,196281,Changed Mind
1163,80284,Wrong Item
1164,101210,Changed Mind
1165,49800,Changed Mind
1166,131891,Changed Mind
1167,51238,Changed Mind
1168,15263,Wrong Item
1169,170214,Changed Mind
1170,194798,Wrong Item
1171,102035,Defective
1172,28367,Size Issue
1173,146799,Size Issue
1174,123171,Changed Mind
1175,45413,Arrived Late
1176,39855,Wrong Item
1177,145795,Changed Mind
1178,182090,Arrived Late
1179,120248,Arrived Late
1180,136801,Wrong Item
1181,65444,Changed Mind
1182,199012,Arrived Late
1183,2201,Changed Mind
1184,52449,Size Issue
1185,42607,Defective
1186,24147,Arrived Late
1187,86888,Changed Mind
1188,33658,Arrived Late
1189,74306,Size Issue
1190,108198,Size Issue
1191,49101,Defective
1192,183744,Wrong Item
1193,49886,Arrived Late
1194,4693,Size Issue
1195,38157,Arrived Late
1196,159922,Arrived Late
1197,147494,Arrived Late
1198,3953,Wrong Item
1199,166300,Wrong Item
1200,162830,Changed Mind
1201,107686,Defective
1202,16597,Wrong Item
1203,180289,Defective
1204,124686,Changed Mind
1205,164419,Size Issue
1206,162910,Changed Mind
1207,123205,Defective
1208,193251,Defective
1209,45412,Wrong Item
1210,143785,Changed Mind
1211,117659,Size Issue
1212,160549,Size Issue
1213,75040,Defective
1214,3884,Size Issue
1215,124727,Size Issue
1216,104485,Defective
1217,26248,Changed Mind
1218,8947,Size Issue
1219,101392,Defective
1220,62888,Wrong Item
1221,55682,Wrong Item
1222,53271,Changed Mind
1223,45812,Changed Mind
1224,151840,Changed Mind
1225,192485,Size Issue
1226,113469,Defective
1227,84065,Wrong Item
1228,136698,Defective
1229,164514,Changed Mind
1230,40114,Defective
1231,63978,Defective
1232,101518,Arrived Late
1233,13242,Defective
1234,168389,Wrong Item
1235,20201,Changed Mind
1236,75277,Changed Mind
1237,135749,Arrived Late
1238,160024,Size Issue
1239,143936,Defective
1240,18623,Changed Mind
1241,89403,Arrived Late
1242,61103,Size Issue
1243,123316,Wrong Item
1244,86351,Defective
1245,33542,Size Issue
1246,181246,Arrived Late
1247,21393,Size Issue
1248,183194,Arrived Late
1249,198641,Arrived Late
1250,128517,Changed Mind
1251,163201,Changed Mind
1252,125413,Defective
1253,41701,Size Issue
1254,42699,Wrong Item
1255,72557,Arrived Late
1256,115323,Changed Mind
1257,31710,Arrived Late
1258,30801,Size Issue
1259,12854,Wrong Item
1260,1892,Changed Mind
1261,69572,Size Issue
1262,59378,Defective
1263,31034,Arrived Late
1264,113553,Arrived Late
1265,180715,Defective
1266,33350,Defective
1267,47078,Size Issue
1268,37940,Defective
1269,4275,Wrong Item
1270,140025,Arrived Late
1271,29914,Arrived Late
1272,162523,Changed Mind
1273,98945,Wrong Item
1274,176452,Wrong Item
1275,23082,Arrived Late
1276,81817,Wrong Item
1277,112080,Changed Mind
1278,66009,Defective
1279,93642,Defective
1280,37496,Size Issue
1281,38755,Arrived Late
1282,161411,Defective
1283,194167,Changed Mind
1284,44576,Size Issue
1285,37753,Changed Mind
1286,85726,Changed Mind
1287,96089,Wrong Item
1288,199657,Arrived Late
1289,192977,Changed Mind
1290,95333,Changed Mind
1291,97470,Wrong Item
1292,178813,Arrived Late
1293,96495,Arrived Late
1294,79871,Size Issue
1295,49951,Arrived Late
1296,64958,Size Issue
1297,114888,Wrong Item
1298,197273,Changed Mind
1299,109461,Defective
1300,190903,Wrong Item
1301,9530,Wrong Item
1302,106290,Size Issue
1303,90857,Defective
1304,76022,Size Issue
1305,56408,Arrived Late
1306,192230,Wrong Item
1307,190722,Defective
1308,94441,Defective
1309,119631,Size Issue
1310,168601,Arrived Late
1311,34830,Defective
1312,102526,Size Issue
1313,59985,Wrong Item
1314,39701,Wrong Item
1315,33753,Wrong Item
1316,171441,Changed Mind
1317,62309,Wrong Item
1318,128154,Changed Mind
1319,96403,Wrong Item
1320,21277,Wrong Item
1321,102786,Size Issue
1322,41934,Changed Mind
1323,11281,Size Issue
1324,127027,Size Issue
1325,89708,Arrived Late
1326,44454,Arrived Late
1327,87153,Wrong Item
1328,125069,Defective
1329,109200,Defective
1330,97533,Changed Mind
1331,163218,Size Issue
1332,56094,Changed Mind
1333,42233,Changed Mind
1334,23839,Defective
1335,147656,Arrived Late
1336,9682,Defective
1337,25433,Arrived Late
1338,22513,Wrong Item
1339,192580,Size Issue
1340,32233,Arrived Late
1341,103531,Defective
1342,42232,Wrong Item
1343,74985,Defective
1344,19339,Size Issue
1345,72698,Defective
1346,37318,Size Issue
1347,6960,Changed Mind
1348,1371,Wrong Item
1349,163646,Arrived Late
1350,177808,Defective
1351,80379,Size Issue
1352,21609,Changed Mind
1353,107255,Arrived Late
1354,94948,Changed Mind
1355,114117,Changed Mind
1356,40013,Defective
1357,165765,Arrived Late
1358,177011,Changed Mind
1359,10282,Changed Mind
1360,187262,Changed Mind
1361,62410,Wrong Item
1362,74232,Wrong Item
1363,70835,Arrived Late
1364,5982,Size Issue
1365,177215,Changed Mind
1366,38582,Changed Mind
1367,185066,Arrived Late
1368,99284,Wrong Item
1369,67365,Size Issue
1370,42004,Defective
1371,170718,Arrived Late
1372,80297,Arrived Late
1373,13140,Defective
1374,184926,Wrong Item
1375,198101,Arrived Late
1376,105254,Size Issue
1377,180178,Arrived Late
1378,17194,Arrived Late
1379,113729,Size Issue
1380,43319,Size Issue
1381,140173,Size Issue
1382,80693,Changed Mind
1383,189623,Arrived Late
1384,47097,Arrived Late
1385,27612,Size Issue
1386,12063,Wrong Item
1387,183758,Arrived Late
1388,154676,Defective
1389,46677,Defective
1390,83319,Wrong Item
1391,64774,Wrong Item
1392,68697,Arrived Late
1393,66342,Arrived Late
1394,182215,Changed Mind
1395,110567,Changed Mind
1396,35161,Arrived Late
1397,168802,Wrong Item
1398,89714,Defective
1399,198524,Wrong Item
1400,80945,Arrived Late
1401,1073,Size Issue
1402,86726,Wrong Item
1403,157503,Size Issue
1404,73417,Size Issue
1405,161635,Arrived Late
1406,145358,Arrived Late
1407,135836,Arrived Late
1408,125676,Changed Mind
1409,186163,Wrong Item
1410,81310,Size Issue
1411,156723,Wrong Item
1412,140053,Defective
1413,20016,Wrong Item
1414,68147,Wrong Item
1415,23487,Changed Mind
1416,117161,Wrong Item
1417,54704,Changed Mind
1418,90931,Size Issue
1419,196574,Size Issue
1420,74065,Size Issue
1421,92592,Size Issue
1422,193508,Changed Mind
1423,44997,Defective
1424,105520,Wrong Item
1425,29882,Arrived Late
1426,132968,Changed Mind
1427,120037,Changed Mind
1428,169111,Defective
1429,40685,Defective
1430,54528,Size Issue
1431,120865,Size Issue
1432,72138,Arrived Late
1433,128886,Wrong Item
1434,104516,Defective
1435,137115,Defective
1436,108169,Defective
1437,74898,Size Issue
1438,101438,Changed Mind
1439,70108,Defective
1440,45129,Size Issue
1441,180682,Changed Mind
1442,179720,Size Issue
1443,165979,Defective
1444,174522,Defective
1445,107577,Size Issue
1446,33074,Defective
1447,147218,Wrong Item
1448,62108,Changed Mind
1449,147307,Arrived Late
1450,55559,Size Issue
1451,7329,Wrong Item
1452,5457,Wrong Item
1453,54661,Defective
1454,147860,Defective
1455,55302,Changed Mind
1456,52273,Changed Mind
1457,16610,Size Issue
1458,73552,Arrived Late
1459,134147,Arrived Late
1460,188718,Wrong Item
1461,141467,Wrong Item
1462,13800,Size Issue
1463,193467,Wrong Item
1464,170573,Defective
1465,109615,Changed Mind
1466,77527,Defective
1467,107771,Wrong Item
1468,118068,Changed Mind
1469,14921,Defective
1470,150100,Defective
1471,94569,Defective
1472,153819,Size Issue
1473,167348,Changed Mind
1474,124528,Arrived Late
1475,148820,Size Issue
1476,199334,Defective
1477,38844,Wrong Item
1478,98268,Defective
1479,27762,Arrived Late
1480,128978,Wrong Item
1481,92639,Wrong Item
1482,21257,Size Issue
1483,108736,Wrong Item
1484,56178,Wrong Item
1485,132941,Wrong Item
1486,27113,Defective
1487,84235,Changed Mind
1488,122156,Arrived Late
1489,163641,Size Issue
1490,16349,Size Issue
1491,166477,Defective
1492,70898,Defective
1493,193583,Size Issue
1494,122360,Changed Mind
1495,23962,Arrived Late
1496,103938,Arrived Late
1497,84,Arrived Late
1498,92675,Size Issue
1499,169312,Defective
1500,3425,Wrong Item
1501,130748,Changed Mind
1502,7035,Defective
1503,195130,Wrong Item
1504,173542,Wrong Item
1505,195818,Arrived Late
1506,199708,Size Issue
1507,43209,Changed Mind
1508,136199,Arrived Late
1509,131640,Size Issue
1510,189762,Defective
1511,130902,Defective
1512,91473,Changed Mind
1513,14305,Arrived Late
1514,110189,Defective
1515,67992,Wrong Item
1516,8659,Size Issue
1517,120834,Changed Mind
1518,155582,Arrived Late
1519,98390,Changed Mind
1520,83829,Changed Mind
1521,68294,Arrived Late
1522,97652,Size Issue
1523,128495,Arrived Late
1524,2909,Changed Mind
1525,50858,Defective
1526,122362,Arrived Late
1527,113994,Arrived Late
1528,199464,Changed Mind
1529,155589,Size Issue
1530,117069,Arrived Late
1531,84637,Size Issue
1532,25753,Size Issue
1533,103071,Size Issue
1534,33433,Changed Mind
1535,155258,Defective
1536,90106,Defective
1537,78786,Defective
1538,11450,Changed Mind
1539,151554,Changed Mind
1540,124874,Changed Mind
1541,9850,Wrong Item
1542,51943,Defective
1543,174231,Changed Mind
1544,96732,Changed Mind
1545,145568,Changed Mind
1546,126381,Changed Mind
1547,157622,Arrived Late
1548,102736,Size Issue
1549,130197,Changed Mind
1550,147815,Size Issue
1551,12382,Changed Mind
1552,63746,Wrong Item
1553,66801,Defective
1554,17791,Wrong Item
1555,159357,Size Issue
1556,36933,Changed Mind
1557,131325,Arrived Late
1558,141539,Wrong Item
1559,104954,Arrived Late
1560,100569,Size Issue
1561,1213,Changed Mind
1562,93153,Size Issue
1563,10513,Changed Mind
1564,8126,Defective
1565,174698,Size Issue
1566,30425,Defective
1567,97843,Size Issue
1568,167631,Wrong Item
1569,142809,Arrived Late
1570,176176,Wrong Item
1571,50905,Defective
1572,129829,Arrived Late
1573,145385,Wrong Item
1574,82095,Changed Mind
1575,64769,Defective
1576,10977,Arrived Late
1577,112853,Size Issue
1578,39821,Defective
1579,112359,Arrived Late
1580,189036,Size Issue
1581,180432,Defective
1582,91815,Wrong Item
1583,93010,Wrong Item
1584,11920,Changed Mind
1585,166108,Wrong Item
1586,112614,Size Issue
1587,63812,Arrived Late
1588,52954,Changed Mind
1589,80308,Changed Mind
1590,18527,Defective
1591,153511,Wrong Item
1592,68378,Changed Mind
1593,165018,Defective
1594,39015,Arrived Late
1595,170161,Arrived Late
1596,55727,Arrived Late
1597,78191,Wrong Item
1598,131234,Defective
1599,21718,Size Issue
1600,91371,Changed Mind
1601,193474,Defective
1602,41150,Size Issue
1603,179512,Changed Mind
1604,167624,Wrong Item
1605,24527,Arrived Late
1606,173737,Wrong Item
1607,152461,Arrived Late
1608,53391,Wrong Item
1609,107149,Wrong Item
1610,92456,Wrong Item
1611,97766,Changed Mind
1612,132111,Size Issue
1613,76472,Defective
1614,159812,Defective
1615,56428,Changed Mind
1616,54182,Defective
1617,111945,Size Issue
1618,101134,Wrong Item
1619,187465,Changed Mind
1620,49443,Arrived Late
1621,117446,Size Issue
1622,25067,Arrived Late
1623,178002,Arrived Late
1624,169283,Changed Mind
1625,131563,Changed Mind
1626,42017,Defective
1627,199941,Changed Mind
1628,54136,Changed Mind
1629,160408,Changed Mind
1630,153206,Arrived Late
1631,143887,Changed Mind
1632,188342,Wrong Item
1633,189238,Changed Mind
1634,44598,Arrived Late
1635,79794,Defective
1636,51879,Arrived Late
1637,79215,Changed Mind
1638,122109,Defective
1639,100690,Changed Mind
1640,110766,Arrived Late
1641,140992,Defective
1642,70623,Changed Mind
1643,180791,Wrong Item
1644,8638,Arrived Late
1645,65979,Wrong Item
1646,106529,Size Issue
1647,195777,Size Issue
1648,39609,Defective
1649,57761,Changed Mind
1650,134378,Wrong Item
1651,150902,Changed Mind
1652,45309,Defective
1653,83085,Defective
1654,99060,Arrived Late
1655,139367,Changed Mind
1656,139247,Defective
1657,86326,Size Issue
1658,180660,Wrong Item
1659,136659,Arrived Late
1660,47705,Wrong Item
1661,620,Changed Mind
1662,32950,Wrong Item
1663,60089,Changed Mind
1664,41892,Defective
1665,139056,Wrong Item
1666,64268,Arrived Late
1667,167508,Defective
1668,8488,Wrong Item
1669,56802,Changed Mind
1670,156551,Wrong Item
1671,153756,Changed Mind
1672,23946,Wrong Item
1673,18995,Arrived Late
1674,112474,Changed Mind
1675,112166,Changed Mind
1676,3595,Size Issue
1677,184749,Arrived Late
1678,166325,Changed Mind
1679,28297,Size Issue
1680,55014,Arrived Late
1681,131457,Size Issue
1682,41703,Changed Mind
1683,117014,Changed Mind
1684,168134,Changed Mind
1685,46060,Defective
1686,160867,Wrong Item
1687,29450,Wrong Item
1688,19889,Changed Mind
1689,11919,Defective
1690,162164,Size Issue
1691,158061,Size Issue
1692,163765,Wrong Item
1693,42903,Defective
1694,121713,Defective
1695,180628,Arrived Late
1696,110841,Changed Mind
1697,174477,Size Issue
1698,174625,Wrong Item
1699,189186,Defective
1700,154106,Arrived Late
1701,133483,Size Issue
1702,192303,Defective
1703,52723,Defective
1704,123961,Changed Mind
1705,167429,Defective
1706,2902,Wrong Item
1707,120358,Wrong Item
1708,13747,Arrived Late
1709,82838,Arrived Late
1710,141965,Defective
1711,198303,Changed Mind
1712,25456,Arrived Late
1713,160863,Defective
1714,83825,Arrived Late
1715,49703,Defective
1716,130698,Size Issue
1717,183909,Wrong Item
1718,164417,Size Issue
1719,147389,Defective
1720,77392,Defective
1721,71198,Changed Mind
1722,193040,Arrived Late
1723,144121,Arrived Late
1724,188211,Defective
1725,26652,Changed Mind
1726,136389,Arrived Late
1727,196810,Defective
1728,126676,Defective
1729,57329,Size Issue
1730,103206,Size Issue
1731,169204,Wrong Item
1732,149344,Arrived Late
1733,116064,Size Issue
1734,116760,Changed Mind
1735,93082,Wrong Item
1736,142354,Changed Mind
1737,190059,Size Issue
1738,44104,Changed Mind
1739,118578,Changed Mind
1740,96828,Changed Mind
1741,79123,Arrived Late
1742,44185,Changed Mind
1743,10604,Size Issue
1744,18303,Changed Mind
1745,176828,Changed Mind
1746,165584,Changed Mind
1747,29712,Defective
1748,192084,Changed Mind
1749,60631,Defective
1750,115036,Wrong Item
1751,11203,Changed Mind
1752,173592,Wrong Item
1753,93972,Wrong Item
1754,53837,Changed Mind
1755,55663,Arrived Late
1756,78045,Wrong Item
1757,133035,Size Issue
1758,69358,Defective
1759,140434,Defective
1760,157534,Changed Mind
1761,62875,Wrong Item
1762,170376,Arrived Late
1763,95004,Arrived Late
1764,58323,Arrived Late
1765,158906,Defective
1766,160864,Defective
1767,77170,Changed Mind
1768,63133,Size Issue
1769,50688,Wrong Item
1770,43643,Arrived Late
1771,55135,Size Issue
1772,4645,Arrived Late
1773,116794,Defective
1774,151039,Arrived Late
1775,57030,Wrong Item
1776,93005,Arrived Late
1777,140006,Size Issue
1778,151587,Defective
1779,167199,Wrong Item
1780,182970,Wrong Item
1781,27895,Wrong Item
1782,179224,Size Issue
1783,55749,Arrived Late
1784,20554,Defective
1785,21294,Arrived Late
1786,39960,Size Issue
1787,85600,Arrived Late
1788,28669,Size Issue
1789,127109,Arrived Late
1790,73122,Arrived Late
1791,175856,Wrong Item
1792,172447,Changed Mind
1793,141125,Size Issue
1794,122314,Defective
1795,46198,Changed Mind
1796,54397,Defective
1797,28918,Size Issue
1798,46134,Defective
1799,120876,Size Issue
1800,142862,Wrong Item
1801,121906,Arrived Late
1802,113822,Wrong Item
1803,98629,Size Issue
1804,95496,Wrong Item
1805,37931,Changed Mind
1806,98650,Wrong Item
1807,32857,Changed Mind
1808,125911,Size Issue
1809,165577,Defective
1810,51542,Defective
1811,150625,Arrived Late
1812,15357,Defective
1813,189857,Size Issue
1814,81472,Defective
1815,29293,Wrong Item
1816,145718,Size Issue
1817,130487,Wrong Item
1818,23011,Size Issue
1819,7025,Defective
1820,29778,Defective
1821,53293,Defective
1822,147348,Changed Mind
1823,140344,Changed Mind
1824,11277,Wrong Item
1825,20448,Defective
1826,161529,Wrong Item
1827,19425,Changed Mind
1828,137635,Defective
1829,43902,Wrong Item
1830,189866,Size Issue
1831,118845,Wrong Item
1832,73906,Defective
1833,110632,Defective
1834,73784,Size Issue
1835,177018,Changed Mind
1836,164447,Defective
1837,144536,Changed Mind
1838,73436,Size Issue
1839,61289,Defective
1840,136956,Defective
1841,73393,Defective
1842,106350,Defective
1843,156783,Wrong Item
1844,45934,Wrong Item
1845,79319,Changed Mind
1846,9429,Changed Mind
1847,189633,Size Issue
1848,182688,Wrong Item
1849,62570,Defective
1850,12476,Wrong Item
1851,34127,Changed Mind
1852,47285,Defective
1853,5265,Arrived Late
1854,76907,Changed Mind
1855,89291,Arrived Late
1856,4903,Wrong Item
1857,70382,Wrong Item
1858,163814,Size Issue
1859,13866,Arrived Late
1860,8758,Arrived Late
1861,32436,Arrived Late
1862,148016,Size Issue
1863,64138,Wrong Item
1864,24650,Wrong Item
1865,13523,Changed Mind
1866,196886,Defective
1867,36822,Changed Mind
1868,171208,Defective
1869,17600,Changed Mind
1870,132048,Arrived Late
1871,80345,Arrived Late
1872,14534,Defective
1873,181823,Wrong Item
1874,34761,Changed Mind
1875,98522,Changed Mind
1876,54115,Size Issue
1877,198921,Defective
1878,116790,Wrong Item
1879,48095,Wrong Item
1880,93623,Arrived Late
1881,16507,Changed Mind
1882,144176,Defective
1883,102842,Changed Mind
1884,164259,Wrong Item
1885,161792,Size Issue
1886,22190,Defective
1887,159307,Size Issue
1888,100098,Defective
1889,140916,Arrived Late
1890,155706,Wrong Item
1891,103012,Defective
1892,133919,Wrong Item
1893,113493,Changed Mind
1894,723,Changed Mind
1895,7660,Wrong Item
1896,163171,Defective
1897,28484,Wrong Item
1898,144578,Defective
1899,77070,Changed Mind
1900,101099,Size Issue
1901,5772,Size Issue
1902,105392,Wrong Item
1903,33001,Defective
1904,126734,Defective
1905,123474,Wrong Item
1906,12323,Changed Mind
1907,44701,Arrived Late
1908,178145,Arrived Late
1909,34636,Defective
1910,98584,Changed Mind
1911,188532,Wrong Item
1912,152074,Changed Mind
1913,39313,Arrived Late
1914,169970,Size Issue
1915,106487,Arrived Late
1916,5313,Arrived Late
1917,102590,Defective
1918,18031,Defective
1919,58225,Size Issue
1920,86012,Defective
1921,72374,Wrong Item
1922,190052,Wrong Item
1923,22170,Defective
1924,63129,Changed Mind
1925,1424,Arrived Late
1926,24464,Arrived Late
1927,191975,Arrived Late
1928,105962,Arrived Late
1929,170029,Arrived Late
1930,106247,Size Issue
1931,79008,Defective
1932,103000,Changed Mind
1933,24066,Wrong Item
1934,196532,Size Issue
1935,166305,Size Issue
1936,16837,Defective
1937,63087,Wrong Item
1938,178772,Defective
1939,161763,Wrong Item
1940,162415,Changed Mind
1941,473,Arrived Late
1942,126921,Wrong Item
1943,23940,Size Issue
1944,68339,Size Issue
1945,79885,Changed Mind
1946,79501,Arrived Late
1947,108283,Size Issue
1948,166429,Changed Mind
1949,50113,Wrong Item
1950,107030,Size Issue
1951,72858,Wrong Item
1952,23865,Changed Mind
1953,151639,Size Issue
1954,33879,Changed Mind
1955,122396,Defective
1956,105098,Changed Mind
1957,11609,Defective
1958,130457,Wrong Item
1959,113365,Size Issue
1960,190148,Wrong Item
1961,125876,Size Issue
1962,161075,Changed Mind
1963,3210,Changed Mind
1964,169436,Defective
1965,125705,Defective
1966,38328,Arrived Late
1967,178955,Defective
1968,5051,Size Issue
1969,194408,Wrong Item
1970,24834,Wrong Item
1971,199371,Defective
1972,177933,Changed Mind
1973,14374,Defective
1974,117741,Size Issue
1975,90303,Changed Mind
1976,50774,Size Issue
1977,52670,Arrived Late
1978,132418,Arrived Late
1979,99430,Defective
1980,12403,Wrong Item
1981,24242,Wrong Item
1982,62313,Defective
1983,95243,Size Issue
1984,78335,Wrong Item
1985,185029,Arrived Late
1986,23238,Arrived Late
1987,97232,Changed Mind
1988,22825,Wrong Item
1989,95918,Defective
1990,32209,Arrived Late
1991,126170,Defective
1992,52017,Changed Mind
1993,179206,Arrived Late
1994,60420,Wrong Item
1995,1995,Changed Mind
1996,101827,Defective
1997,43885,Arrived Late
1998,116539,Size Issue
1999,116947,Size Issue
2000,199896,Wrong Item
2001,105383,Arrived Late
2002,198209,Defective
2003,45143,Changed Mind
2004,67255,Wrong Item
2005,197451,Defective
2006,86944,Changed Mind
2007,14891,Changed Mind
2008,157705,Defective
2009,162592,Defective
2010,5367,Wrong Item
2011,104085,Size Issue
2012,190189,Changed Mind
2013,156689,Defective
2014,86748,Size Issue
2015,147238,Wrong Item
2016,181786,Size Issue
2017,58786,Arrived Late
2018,40411,Arrived Late
2019,60124,Size Issue
2020,30602,Changed Mind
2021,125063,Defective
2022,199683,Arrived Late
2023,193011,Arrived Late
2024,53938,Wrong Item
2025,146051,Arrived Late
2026,133835,Size Issue
2027,19053,Size Issue
2028,199815,Arrived Late
2029,58775,Defective
2030,91315,Size Issue
2031,42448,Wrong Item
2032,182416,Size Issue
2033,192367,Arrived Late
2034,141362,Changed Mind
2035,157514,Defective
2036,74308,Arrived Late
2037,143861,Arrived Late
2038,90444,Wrong Item
2039,145309,Arrived Late
2040,76914,Changed Mind
2041,55729,Size Issue
2042,70033,Size Issue
2043,128781,Wrong Item
2044,198827,Changed Mind
2045,155385,Arrived Late
2046,143863,Size Issue
2047,169192,Defective
2048,178384,Wrong Item
2049,145769,Arrived Late
2050,40228,Wrong Item
2051,35567,Arrived Late
2052,94427,Changed Mind
2053,145756,Arrived Late
2054,162163,Wrong Item
2055,133990,Defective
2056,194292,Arrived Late
2057,150755,Changed Mind
2058,159181,Defective
2059,14963,Changed Mind
2060,1313,Size Issue
2061,163354,Arrived Late
2062,177153,Changed Mind
2063,114532,Wrong Item
2064,180189,Size Issue
2065,77922,Changed Mind
2066,182606,Size Issue
2067,70897,Arrived Late
2068,78776,Arrived Late
2069,7612,Size Issue
2070,69412,Defective
2071,20945,Arrived Late
2072,59232,Defective
2073,105835,Wrong Item
2074,79373,Defective
2075,136921,Size Issue
2076,131263,Arrived Late
2077,157131,Wrong Item
2078,90841,Size Issue
2079,159524,Size Issue
2080,11591,Arrived Late
2081,2200,Arrived Late
2082,44242,Wrong Item
2083,99353,Changed Mind
2084,194197,Defective
2085,183754,Changed Mind
2086,50240,Wrong Item
2087,3568,Changed Mind
2088,87131,Wrong Item
2089,80050,Size Issue
2090,27733,Size Issue
2091,165383,Wrong Item
2092,69826,Wrong Item
2093,196567,Size Issue
2094,97642,Defective
2095,173362,Size Issue
2096,126629,Size Issue
2097,126664,Defective
2098,136223,Size Issue
2099,53292,Arrived Late
2100,173946,Wrong Item
2101,60562,Wrong Item
2102,175110,Defective
2103,7196,Size Issue
2104,188713,Wrong Item
2105,145978,Wrong Item
2106,111222,Changed Mind
2107,82388,Changed Mind
2108,190719,Arrived Late
2109,17069,Size Issue
2110,56281,Changed Mind
2111,115683,Changed Mind
2112,25731,Size Issue
2113,153178,Size Issue
2114,189754,Defective
2115,125328,Arrived Late
2116,110823,Size Issue
2117,23662,Changed Mind
2118,161132,Changed Mind
2119,100607,Defective
2120,18447,Size Issue
2121,104953,Size Issue
2122,161403,Size Issue
2123,18013,Changed Mind
2124,39228,Size Issue
2125,33375,Defective
2126,89763,Changed Mind
2127,153303,Size Issue
2128,195031,Size Issue
2129,151998,Wrong Item
2130,101088,Defective
2131,19324,Changed Mind
2132,50246,Changed Mind
2133,13843,Changed Mind
2134,153757,Changed Mind
2135,99315,Size Issue
2136,125124,Defective
2137,113092,Changed Mind
2138,5550,Arrived Late
2139,78640,Size Issue
2140,101843,Arrived Late
2141,198941,Changed Mind
2142,192508,Size Issue
2143,160935,Arrived Late
2144,41465,Arrived Late
2145,136926,Size Issue
2146,169936,Defective
2147,18518,Defective
2148,188619,Changed Mind
2149,118143,Changed Mind
2150,73134,Wrong Item
2151,88755,Changed Mind
2152,80788,Arrived Late
2153,29901,Arrived Late
2154,106360,Size Issue
2155,125722,Size Issue
2156,50751,Changed Mind
2157,20214,Defective
2158,113552,Size Issue
2159,113252,Defective
2160,117368,Arrived Late
2161,66909,Changed Mind
2162,169780,Changed Mind
2163,104818,Changed Mind
2164,124731,Wrong Item
2165,38258,Arrived Late
2166,151706,Defective
2167,136376,Defective
2168,22511,Defective
2169,176794,Size Issue
2170,181555,Size Issue
2171,154218,Defective
2172,86193,Changed Mind
2173,113802,Changed Mind
2174,25806,Defective
2175,101422,Size Issue
2176,40898,Defective
2177,89314,Arrived Late
2178,120787,Wrong Item
2179,71540,Arrived Late
2180,191198,Arrived Late
2181,79702,Arrived Late
2182,28625,Changed Mind
2183,158824,Wrong Item
2184,140679,Defective
2185,104861,Defective
2186,64661,Size Issue
2187,116434,Arrived Late
2188,128280,Size Issue
2189,109754,Arrived Late
2190,195149,Wrong Item
2191,75190,Size Issue
2192,92422,Wrong Item
2193,50086,Size Issue
2194,120258,Size Issue
2195,190930,Wrong Item
2196,58737,Size Issue
2197,45100,Wrong Item
2198,23809,Defective
2199,152535,Wrong Item
2200,13907,Defective
2201,47092,Wrong Item
2202,49975,Wrong Item
2203,44968,Arrived Late
2204,198655,Arrived Late
2205,151777,Wrong Item
2206,192742,Defective
2207,160900,Defective
2208,88010,Arrived Late
2209,112886,Size Issue
2210,90069,Arrived Late
2211,149628,Defective
2212,168525,Wrong Item
2213,199098,Size Issue
2214,188973,Wrong Item
2215,28878,Wrong Item
2216,58694,Size Issue
2217,189276,Arrived Late
2218,68090,Size Issue
2219,132613,Arrived Late
2220,152725,Wrong Item
2221,145631,Defective
2222,97782,Arrived Late
2223,141013,Defective
2224,66461,Defective
2225,191416,Wrong Item
2226,47981,Wrong Item
2227,70059,Size Issue
2228,34434,Defective
2229,38527,Defective
2230,26700,Size Issue
2231,39008,Changed Mind
2232,139235,Wrong Item
2233,29771,Size Issue
2234,93832,Size Issue
2235,158121,Changed Mind
2236,89385,Size Issue
2237,2157,Defective
2238,192105,Wrong Item
2239,35910,Wrong Item
2240,64003,Arrived Late
2241,100653,Defective
2242,38083,Defective
2243,183029,Defective
2244,43644,Wrong Item
2245,57683,Defective
2246,105211,Defective
2247,71468,Defective
2248,56410,Size Issue
2249,32722,Wrong Item
2250,132496,Defective
2251,166091,Changed Mind
2252,168579,Arrived Late
2253,142667,Defective
2254,143745,Wrong Item
2255,164615,Wrong Item
2256,16407,Wrong Item
2257,4688,Arrived Late
2258,147249,Arrived Late
2259,26294,Wrong Item
2260,16238,Arrived Late
2261,75946,Wrong Item
2262,60340,Arrived Late
2263,60752,Defective
2264,20570,Size Issue
2265,179583,Wrong Item
2266,169444,Defective
2267,102722,Defective
2268,124982,Wrong Item
2269,56069,Size Issue
2270,147361,Defective
2271,135812,Arrived Late
2272,171598,Changed Mind
2273,154053,Defective
2274,126279,Arrived Late
2275,42425,Defective
2276,54074,Wrong Item
2277,14950,Defective
2278,139675,Size Issue
2279,128660,Changed Mind
2280,40432,Wrong Item
2281,102675,Arrived Late
2282,75384,Arrived Late
2283,73626,Changed Mind
2284,14481,Defective
2285,66173,Size Issue
2286,186377,Wrong Item
2287,73590,Arrived Late
2288,100945,Wrong Item
2289,144708,Arrived Late
2290,180146,Wrong Item
2291,46841,Arrived Late
2292,70068,Changed Mind
2293,110545,Size Issue
2294,183676,Wrong Item
2295,93346,Wrong Item
2296,97885,Arrived Late
2297,15244,Defective
2298,121262,Defective
2299,8962,Changed Mind
2300,44506,Size Issue
2301,86822,Changed Mind
2302,185519,Wrong Item
2303,153384,Arrived Late
2304,107993,Changed Mind
2305,104838,Arrived Late
2306,24042,Size Issue
2307,76707,Arrived Late
2308,134362,Arrived Late
2309,80452,Defective
2310,170043,Changed Mind
2311,171258,Arrived Late
2312,135411,Arrived Late
2313,53106,Arrived Late
2314,60248,Defective
2315,57672,Arrived Late
2316,51583,Size Issue
2317,81625,Changed Mind
2318,34138,Changed Mind
2319,131280,Wrong Item
2320,157107,Arrived Late
2321,172247,Arrived Late
2322,150365,Changed Mind
2323,2619,Size Issue
2324,176506,Arrived Late
2325,107760,Arrived Late
2326,186663,Size Issue
2327,38750,Size Issue
2328,25153,Defective
2329,191385,Changed Mind
2330,15156,Arrived Late
2331,176410,Size Issue
2332,40805,Size Issue
2333,59112,Changed Mind
2334,167948,Wrong Item
2335,191608,Defective
2336,19913,Size Issue
2337,30256,Size Issue
2338,80821,Arrived Late
2339,58176,Changed Mind
2340,35598,Changed Mind
2341,120452,Size Issue
2342,111850,Size Issue
2343,112495,Arrived Late
2344,77015,Defective
2345,61280,Arrived Late
2346,142070,Changed Mind
2347,181487,Wrong Item
2348,181440,Wrong Item
2349,47505,Size Issue
2350,75090,Wrong Item
2351,195380,Wrong Item
2352,111744,Wrong Item
2353,66286,Arrived Late
2354,152095,Wrong Item
2355,53822,Arrived Late
2356,132508,Wrong Item
2357,83790,Defective
2358,157047,Wrong Item
2359,105566,Wrong Item
2360,175209,Size Issue
2361,19397,Defective
2362,96044,Arrived Late
2363,1984,Size Issue
2364,142484,Changed Mind
2365,166745,Defective
2366,119589,Size Issue
2367,112900,Wrong Item
2368,119294,Arrived Late
2369,117328,Wrong Item
2370,122021,Defective
2371,25929,Wrong Item
2372,117538,Changed Mind
2373,64254,Changed Mind
2374,160794,Changed Mind
2375,186684,Arrived Late
2376,41473,Size Issue
2377,128591,Changed Mind
2378,8791,Defective
2379,65521,Size Issue
2380,24623,Size Issue
2381,12193,Arrived Late
2382,114074,Size Issue
2383,164092,Wrong Item
2384,165282,Size Issue
2385,84966,Wrong Item
2386,160811,Changed Mind
2387,93238,Size Issue
2388,148824,Arrived Late
2389,192987,Size Issue
2390,121690,Changed Mind
2391,89400,Wrong Item
2392,82690,Arrived Late
2393,2653,Size Issue
2394,80929,Defective
2395,35891,Arrived Late
2396,31122,Changed Mind
2397,76715,Wrong Item
2398,130316,Arrived Late
2399,44959,Size Issue
2400,117178,Arrived Late
2401,32020,Arrived Late
2402,156894,Size Issue
2403,77530,Changed Mind
2404,40822,Arrived Late
2405,109453,Defective
2406,170324,Size Issue
2407,45163,Defective
2408,26804,Changed Mind
2409,124246,Defective
2410,2816,Size Issue
2411,30793,Defective
2412,112773,Arrived Late
2413,26511,Changed Mind
2414,113716,Size Issue
2415,94850,Wrong Item
2416,119939,Defective
2417,22813,Changed Mind
2418,54689,Size Issue
2419,73462,Wrong Item
2420,55880,Changed Mind
2421,116737,Changed Mind
2422,134754,Wrong Item
2423,153403,Arrived Late
2424,27033,Size Issue
2425,47668,Size Issue
2426,120464,Defective
2427,160030,Size Issue
2428,168605,Wrong Item
2429,86727,Wrong Item
2430,120036,Arrived Late
2431,185505,Defective
2432,95026,Wrong Item
2433,91744,Size Issue
2434,198232,Wrong Item
2435,35831,Size Issue
2436,180484,Changed Mind
2437,31166,Wrong Item
2438,195704,Arrived Late
2439,196951,Wrong Item
2440,79439,Size Issue
2441,123774,Changed Mind
2442,146971,Arrived Late
2443,161966,Size Issue
2444,31391,Arrived Late
2445,43480,Defective
2446,148993,Size Issue
2447,38723,Wrong Item
2448,81500,Arrived Late
2449,123541,Defective
2450,148773,Arrived Late
2451,84206,Changed Mind
2452,125585,Wrong Item
2453,53637,Size Issue
2454,49753,Wrong Item
2455,10094,Arrived Late
2456,138851,Wrong Item
2457,199522,Arrived Late
2458,21697,Wrong Item
2459,47061,Defective
2460,47295,Size Issue
2461,82151,Size Issue
2462,183385,Changed Mind
2463,199538,Arrived Late
2464,139975,Wrong Item
2465,186479,Wrong Item
2466,28991,Arrived Late
2467,175713,Arrived Late
2468,88467,Arrived Late
2469,42902,Wrong Item
2470,15227,Wrong Item
2471,148063,Defective
2472,36251,Defective
2473,184923,Size Issue
2474,39694,Wrong Item
2475,183867,Wrong Item
2476,168145,Arrived Late
2477,53046,Size Issue
2478,174382,Arrived Late
2479,29545,Wrong Item
2480,99552,Arrived Late
2481,145220,Arrived Late
2482,178134,Size Issue
2483,53404,Arrived Late
2484,112691,Defective
2485,123481,Defective
2486,134530,Wrong Item
2487,42118,Changed Mind
2488,85417,Wrong Item
2489,165596,Size Issue
2490,117903,Changed Mind
2491,103252,Size Issue
2492,62194,Arrived Late
2493,180019,Changed Mind
2494,127892,Defective
2495,153233,Wrong Item
2496,157798,Size Issue
2497,81516,Wrong Item
2498,70294,Wrong Item
2499,194854,Defective
2500,69611,Wrong Item
2501,103226,Arrived Late
2502,78726,Changed Mind
2503,136958,Defective
2504,102203,Defective
2505,121674,Wrong Item
2506,56987,Changed Mind
2507,95983,Defective
2508,125254,Arrived Late
2509,84300,Wrong Item
2510,155208,Changed Mind
2511,59027,Wrong Item
2512,186892,Arrived Late
2513,130753,Wrong Item
2514,114795,Size Issue
2515,150964,Size Issue
2516,152353,Changed Mind
2517,182575,Wrong Item
2518,146314,Defective
2519,5468,Defective
2520,166792,Wrong Item
2521,197240,Size Issue
2522,25817,Wrong Item
2523,74338,Wrong Item
2524,107278,Defective
2525,188551,Wrong Item
2526,178993,Arrived Late
2527,75273,Defective
2528,26412,Size Issue
2529,65804,Arrived Late
2530,93257,Arrived Late
2531,142471,Wrong Item
2532,124964,Size Issue
2533,136006,Changed Mind
2534,97006,Changed Mind
2535,193647,Arrived Late
2536,86505,Wrong Item
2537,40601,Defective
2538,184554,Wrong Item
2539,178073,Arrived Late
2540,182037,Defective
2541,81634,Defective
2542,70638,Wrong Item
2543,170393,Size Issue
2544,124178,Arrived Late
2545,168313,Changed Mind
2546,187631,Wrong Item
2547,138847,Arrived Late
2548,35741,Changed Mind
2549,27896,Wrong Item
2550,93478,Defective
2551,44426,Wrong Item
2552,89329,Wrong Item
2553,37016,Changed Mind
2554,199147,Wrong Item
2555,42335,Size Issue
2556,43577,Wrong Item
2557,110039,Arrived Late
2558,79786,Defective
2559,163909,Wrong Item
2560,127713,Defective
2561,17229,Wrong Item
2562,18663,Size Issue
2563,137707,Arrived Late
2564,17745,Size Issue
2565,107481,Size Issue
2566,12309,Size Issue
2567,62107,Wrong Item
2568,34725,Defective
2569,155765,Defective
2570,51916,Defective
2571,2631,Wrong Item
2572,103625,Arrived Late
2573,65712,Arrived Late
2574,91638,Size Issue
2575,148878,Changed Mind
2576,161554,Arrived Late
2577,136871,Changed Mind
2578,68978,Defective
2579,109064,Wrong Item
2580,198606,Arrived Late
2581,199254,Defective
2582,66668,Changed Mind
2583,10995,Defective
2584,138726,Defective
2585,77137,Changed Mind
2586,68743,Changed Mind
2587,155850,Changed Mind
2588,90520,Size Issue
2589,127174,Defective
2590,7912,Size Issue
2591,3591,Size Issue
2592,28856,Size Issue
2593,169269,Wrong Item
2594,23610,Defective
2595,72820,Arrived Late
2596,16046,Changed Mind
2597,118869,Defective
2598,166057,Size Issue
2599,45158,Changed Mind
2600,1557,Wrong Item
2601,166863,Defective
2602,59547,Size Issue
2603,22775,Changed Mind
2604,154899,Wrong Item
2605,18553,Arrived Late
2606,119428,Wrong Item
2607,109365,Wrong Item
2608,52618,Wrong Item
2609,148031,Changed Mind
2610,191901,Changed Mind
2611,2530,Size Issue
2612,65192,Defective
2613,97958,Arrived Late
2614,107318,Wrong Item
2615,118595,Wrong Item
2616,179902,Wrong Item
2617,6574,Changed Mind
2618,128979,Changed Mind
2619,69804,Defective
2620,114016,Arrived Late
2621,61994,Changed Mind
2622,124733,Arrived Late
2623,141983,Size Issue
2624,181467,Arrived Late
2625,189616,Wrong Item
2626,134993,Arrived Late
2627,65396,Arrived Late
2628,167269,Wrong Item
2629,186508,Changed Mind
2630,137358,Arrived Late
2631,24972,Wrong Item
2632,157509,Size Issue
2633,57406,Arrived Late
2634,89477,Changed Mind
2635,150167,Arrived Late
2636,114183,Size Issue
2637,90961,Size Issue
2638,185675,Changed Mind
2639,64479,Changed Mind
2640,159831,Arrived Late
2641,1844,Defective
2642,191961,Wrong Item
2643,38089,Defective
2644,114790,Arrived Late
2645,109512,Defective
2646,163441,Defective
2647,59501,Changed Mind
2648,64154,Size Issue
2649,191430,Size Issue
2650,11417,Arrived Late
2651,153656,Size Issue
2652,48505,Changed Mind
2653,186074,Wrong Item
2654,12781,Defective
2655,146246,Wrong Item
2656,51066,Wrong Item
2657,70732,Wrong Item
2658,60977,Arrived Late
2659,40299,Size Issue
2660,73858,Arrived Late
2661,36301,Changed Mind
2662,168328,Changed Mind
2663,77939,Changed Mind
2664,30232,Arrived Late
2665,153762,Arrived Late
2666,81298,Changed Mind
2667,36086,Size Issue
2668,34201,Arrived Late
2669,78125,Changed Mind
2670,177681,Defective
2671,133939,Changed Mind
2672,52079,Defective
2673,75163,Size Issue
2674,101209,Defective
2675,166025,Changed Mind
2676,42801,Changed Mind
2677,5023,Defective
2678,147542,Changed Mind
2679,136055,Defective
2680,180482,Wrong Item
2681,143146,Arrived Late
2682,59081,Changed Mind
2683,160286,Size Issue
2684,59261,Defective
2685,126894,Arrived Late
2686,173341,Changed Mind
2687,8275,Wrong Item
2688,152940,Size Issue
2689,178413,Defective
2690,42640,Size Issue
2691,190508,Wrong Item
2692,126398,Arrived Late
2693,22415,Changed Mind
2694,97182,Wrong Item
2695,183646,Defective
2696,82096,Size Issue
2697,158699,Arrived Late
2698,81949,Size Issue
2699,186943,Arrived Late
2700,16073,Arrived Late
2701,193258,Changed Mind
2702,118803,Size Issue
2703,94734,Changed Mind
2704,175541,Defective
2705,96342,Changed Mind
2706,89084,Defective
2707,796,Changed Mind
2708,38960,Arrived Late
2709,34922,Defective
2710,96321,Changed Mind
2711,30391,Changed Mind
2712,112114,Changed Mind
2713,123589,Arrived Late
2714,42799,Changed Mind
2715,109402,Arrived Late
2716,149276,Size Issue
2717,89826,Wrong Item
2718,141238,Size Issue
2719,124377,Defective
2720,135043,Defective
2721,25178,Defective
2722,128989,Wrong Item
2723,76965,Arrived Late
2724,186855,Defective
2725,138684,Defective
2726,7079,Wrong Item
2727,52044,Arrived Late
2728,18445,Defective
2729,79269,Changed Mind
2730,29475,Changed Mind
2731,117133,Defective
2732,109198,Defective
2733,95716,Changed Mind
2734,57148,Wrong Item
2735,3898,Size Issue
2736,66747,Defective
2737,29797,Defective
2738,81168,Arrived Late
2739,180179,Wrong Item
2740,56596,Arrived Late
2741,4005,Arrived Late
2742,165685,Arrived Late
2743,2319,Arrived Late
2744,97890,Wrong Item
2745,4373,Defective
2746,144958,Arrived Late
2747,99108,Size Issue
2748,18062,Defective
2749,134325,Wrong Item
2750,80748,Defective
2751,30494,Wrong Item
2752,79525,Changed Mind
2753,52164,Wrong Item
2754,142525,Wrong Item
2755,76193,Wrong Item
2756,63413,Changed Mind
2757,4384,Wrong Item
2758,153750,Changed Mind
2759,147109,Defective
2760,126306,Defective
2761,184703,Arrived Late
2762,11969,Size Issue
2763,170441,Size Issue
2764,124265,Defective
2765,17590,Changed Mind
2766,74252,Arrived Late
2767,88908,Defective
2768,179658,Changed Mind
2769,22090,Wrong Item
2770,119377,Size Issue
2771,199537,Changed Mind
2772,74417,Arrived Late
2773,80547,Changed Mind
2774,79110,Changed Mind
2775,40209,Defective
2776,196934,Changed Mind
2777,172849,Size Issue
2778,31444,Changed Mind
2779,36790,Defective
2780,58696,Arrived Late
2781,129003,Arrived Late
2782,177266,Wrong Item
2783,196783,Defective
2784,2162,Wrong Item
2785,192430,Arrived Late
2786,180927,Changed Mind
2787,191731,Arrived Late
2788,88437,Arrived Late
2789,7441,Defective
2790,75077,Wrong Item
2791,189413,Defective
2792,101275,Wrong Item
2793,129662,Changed Mind
2794,179218,Changed Mind
2795,142763,Defective
2796,152822,Defective
2797,176116,Wrong Item
2798,83099,Arrived Late
2799,192283,Wrong Item
2800,36658,Wrong Item
2801,140249,Changed Mind
2802,113303,Wrong Item
2803,181462,Wrong Item
2804,171619,Defective
2805,144889,Arrived Late
2806,77869,Defective
2807,89533,Arrived Late
2808,140498,Size Issue
2809,102297,Size Issue
2810,57593,Defective
2811,122693,Changed Mind
2812,11449,Defective
2813,184255,Arrived Late
2814,199938,Wrong Item
2815,68114,Wrong Item
2816,94166,Wrong Item
2817,129322,Wrong Item
2818,65894,Wrong Item
2819,136700,Arrived Late
2820,128505,Wrong Item
2821,81361,Wrong Item
2822,11752,Arrived Late
2823,184634,Defective
2824,123178,Wrong Item
2825,74932,Arrived Late
2826,194109,Arrived Late
2827,142405,Arrived Late
2828,18656,Defective
2829,106333,Changed Mind
2830,27095,Defective
2831,93365,Size Issue
2832,128369,Wrong Item
2833,131849,Arrived Late
2834,15391,Arrived Late
2835,12776,Defective
2836,141052,Defective
2837,172960,Arrived Late
2838,121717,Size Issue
2839,194755,Changed Mind
2840,124739,Arrived Late
2841,192892,Wrong Item
2842,96847,Defective
2843,89496,Size Issue
2844,181323,Defective
2845,155565,Arrived Late
2846,62418,Size Issue
2847,191706,Size Issue
2848,69568,Defective
2849,40107,Wrong Item
2850,30465,Arrived Late
2851,62669,Defective
2852,75379,Changed Mind
2853,6442,Wrong Item
2854,91418,Changed Mind
2855,190088,Defective
2856,107516,Arrived Late
2857,183274,Size Issue
2858,70719,Changed Mind
2859,50575,Defective
2860,143033,Defective
2861,110958,Changed Mind
2862,54830,Wrong Item
2863,22643,Arrived Late
2864,70034,Defective
2865,113224,Wrong Item
2866,130764,Changed Mind
2867,72383,Wrong Item
2868,43994,Defective
2869,13548,Changed Mind
2870,169825,Size Issue
2871,106264,Arrived Late
2872,6689,Changed Mind
2873,185212,Wrong Item
2874,196564,Changed Mind
2875,187415,Wrong Item
2876,196785,Arrived Late
2877,115481,Defective
2878,115666,Arrived Late
2879,108301,Size Issue
2880,56701,Size Issue
2881,102268,Changed Mind
2882,185771,Changed Mind
2883,11477,Defective
2884,170444,Size Issue
2885,149623,Wrong Item
2886,151239,Size Issue
2887,4990,Arrived Late
2888,93618,Wrong Item
2889,100469,Defective
2890,123242,Arrived Late
2891,91438,Defective
2892,165611,Wrong Item
2893,28835,Arrived Late
2894,44138,Defective
2895,35773,Size Issue
2896,82693,Changed Mind
2897,55001,Arrived Late
2898,105933,Changed Mind
2899,131547,Wrong Item
2900,8667,Size Issue
2901,28425,Defective
2902,7661,Arrived Late
2903,117504,Size Issue
2904,117718,Changed Mind
2905,158130,Defective
2906,199356,Wrong Item
2907,156160,Defective
2908,81515,Size Issue
2909,111513,Size Issue
2910,46610,Defective
2911,184128,Size Issue
2912,129842,Arrived Late
2913,13219,Arrived Late
2914,198609,Wrong Item
2915,194493,Arrived Late
2916,133706,Defective
2917,169614,Arrived Late
2918,100459,Wrong Item
2919,196462,Arrived Late
2920,183763,Size Issue
2921,185691,Defective
2922,12988,Defective
2923,193689,Wrong Item
2924,9736,Arrived Late
2925,5370,Wrong Item
2926,123296,Size Issue
2927,22280,Defective
2928,192927,Changed Mind
2929,176839,Changed Mind
2930,3820,Arrived Late
2931,46102,Changed Mind
2932,121,Defective
2933,36501,Arrived Late
2934,24307,Size Issue
2935,85478,Defective
2936,101907,Size Issue
2937,10984,Defective
2938,32888,Arrived Late
2939,65882,Defective
2940,170318,Wrong Item
2941,28300,Wrong Item
2942,67453,Wrong Item
2943,193881,Defective
2944,7547,Changed Mind
2945,39650,Wrong Item
2946,142066,Defective
2947,58273,Changed Mind
2948,88075,Arrived Late
2949,153821,Arrived Late
2950,83405,Changed Mind
2951,43945,Wrong Item
2952,64480,Arrived Late
2953,147761,Defective
2954,7367,Changed Mind
2955,19612,Defective
2956,157726,Arrived Late
2957,198590,Defective
2958,126467,Changed Mind
2959,60862,Arrived Late
2960,147960,Changed Mind
2961,11926,Arrived Late
2962,29921,Wrong Item
2963,88887,Arrived Late
2964,40182,Arrived Late
2965,15623,Defective
2966,636,Size Issue
2967,127965,Changed Mind
2968,54604,Size Issue
2969,126716,Defective
2970,32151,Wrong Item
2971,116584,Defective
2972,73026,Size Issue
2973,31584,Arrived Late
2974,28402,Changed Mind
2975,17131,Arrived Late
2976,88368,Defective
2977,145673,Changed Mind
2978,115257,Defective
2979,25799,Size Issue
2980,100884,Changed Mind
2981,4395,Arrived Late
2982,70283,Changed Mind
2983,144589,Wrong Item
2984,33314,Size Issue
2985,122358,Size Issue
2986,126759,Arrived Late
2987,165734,Changed Mind
2988,132413,Changed Mind
2989,126191,Wrong Item
2990,106134,Wrong Item
2991,33531,Defective
2992,11095,Arrived Late
2993,89495,Changed Mind
2994,118622,Changed Mind
2995,187242,Size Issue
2996,123024,Changed Mind
2997,125600,Defective
2998,65629,Arrived Late
2999,92999,Arrived Late
3000,149799,Defective
3001,170677,Wrong Item
3002,19653,Size Issue
3003,65440,Arrived Late
3004,171613,Changed Mind
3005,80640,Size Issue
3006,40397,Arrived Late
3007,85080,Size Issue
3008,91987,Arrived Late
3009,57340,Arrived Late
3010,44696,Arrived Late
3011,189492,Changed Mind
3012,35472,Defective
3013,32526,Defective
3014,100175,Arrived Late
3015,177598,Defective
3016,111844,Arrived Late
3017,6409,Arrived Late
3018,173874,Size Issue
3019,46808,Size Issue
3020,56086,Wrong Item
3021,45881,Size Issue
3022,70386,Defective
3023,125630,Arrived Late
3024,121449,Wrong Item
3025,118893,Wrong Item
3026,154108,Arrived Late
3027,165766,Defective
3028,73957,Size Issue
3029,36205,Defective
3030,123322,Changed Mind
3031,131779,Arrived Late
3032,189372,Changed Mind
3033,177769,Arrived Late
3034,48252,Defective
3035,46070,Wrong Item
3036,77791,Changed Mind
3037,45057,Defective
3038,4913,Wrong Item
3039,48992,Wrong Item
3040,130905,Changed Mind
3041,189277,Defective
3042,55820,Changed Mind
3043,142972,Changed Mind
3044,143829,Size Issue
3045,185127,Defective
3046,128415,Arrived Late
3047,45443,Changed Mind
3048,80666,Wrong Item
3049,40294,Size Issue
3050,41803,Size Issue
3051,119405,Arrived Late
3052,20638,Defective
3053,69583,Changed Mind
3054,181613,Arrived Late
3055,66359,Arrived Late
3056,144133,Size Issue
3057,77969,Arrived Late
3058,192087,Changed Mind
3059,11300,Defective
3060,85636,Arrived Late
3061,57934,Defective
3062,30,Changed Mind
3063,88610,Arrived Late
3064,29325,Wrong Item
3065,87035,Wrong Item
3066,61742,Wrong Item
3067,186963,Changed Mind
3068,196999,Arrived Late
3069,24161,Size Issue
3070,187020,Arrived Late
3071,130116,Changed Mind
3072,173445,Arrived Late
3073,4971,Changed Mind
3074,125201,Changed Mind
3075,59493,Size Issue
3076,93424,Arrived Late
3077,117353,Defective
3078,121640,Arrived Late
3079,191163,Defective
3080,197303,Wrong Item
3081,174715,Wrong Item
3082,140959,Defective
3083,81959,Changed Mind
3084,147873,Defective
3085,115514,Changed Mind
3086,44085,Defective
3087,136108,Changed Mind
3088,105524,Arrived Late
3089,56843,Size Issue
3090,171296,Wrong Item
3091,86125,Wrong Item
3092,189795,Changed Mind
3093,170055,Wrong Item
3094,89497,Changed Mind
3095,44861,Size Issue
3096,56633,Arrived Late
3097,70242,Size Issue
3098,110661,Arrived Late
3099,10664,Changed Mind
3100,132300,Changed Mind
3101,9141,Defective
3102,1341,Changed Mind
3103,82254,Defective
3104,159212,Arrived Late
3105,199786,Arrived Late
3106,183309,Defective
3107,183386,Wrong Item
3108,138354,Defective
3109,50515,Arrived Late
3110,189230,Size Issue
3111,179533,Changed Mind
3112,29406,Changed Mind
3113,82682,Wrong Item
3114,20533,Defective
3115,186465,Wrong Item
3116,198473,Size Issue
3117,157643,Arrived Late
3118,65812,Changed Mind
3119,30682,Arrived Late
3120,81099,Defective
3121,126600,Arrived Late
3122,147540,Arrived Late
3123,165858,Size Issue
3124,98955,Defective
3125,31744,Defective
3126,121486,Defective
3127,144317,Wrong Item
3128,162648,Size Issue
3129,67668,Arrived Late
3130,51433,Changed Mind
3131,175275,Arrived Late
3132,149441,Size Issue
3133,43822,Wrong Item
3134,89008,Changed Mind
3135,22638,Defective
3136,178432,Size Issue
3137,19972,Size Issue
3138,184865,Defective
3139,65175,Defective
3140,166168,Arrived Late
3141,110186,Defective
3142,144932,Arrived Late
3143,45185,Arrived Late
3144,59213,Wrong Item
3145,25805,Defective
3146,74564,Wrong Item
3147,12394,Defective
3148,83452,Defective
3149,25749,Size Issue
3150,156155,Arrived Late
3151,107332,Changed Mind
3152,26135,Size Issue
3153,57427,Wrong Item
3154,91569,Wrong Item
3155,106469,Changed Mind
3156,53527,Arrived Late
3157,53878,Changed Mind
3158,135549,Arrived Late
3159,4251,Wrong Item
3160,30515,Changed Mind
3161,84392,Arrived Late
3162,40748,Changed Mind
3163,30534,Defective
3164,139794,Size Issue
3165,23555,Arrived Late
3166,138568,Defective
3167,21488,Defective
3168,94935,Wrong Item
3169,15318,Changed Mind
3170,117865,Defective
3171,105340,Size Issue
3172,405,Defective
3173,140882,Defective
3174,15310,Arrived Late
3175,101882,Changed Mind
3176,168157,Arrived Late
3177,48138,Wrong Item
3178,64993,Arrived Late
3179,64352,Size Issue
3180,73507,Changed Mind
3181,77954,Arrived Late
3182,117641,Changed Mind
3183,132156,Defective
3184,115630,Changed Mind
3185,62656,Arrived Late
3186,117064,Changed Mind
3187,84856,Defective
3188,44647,Arrived Late
3189,154986,Changed Mind
3190,124070,Size Issue
3191,192659,Wrong Item
3192,165633,Arrived Late
3193,89606,Defective
3194,2077,Changed Mind
3195,21062,Defective
3196,151708,Arrived Late
3197,83569,Size Issue
3198,65494,Wrong Item
3199,10901,Arrived Late
3200,49492,Arrived Late
3201,10341,Wrong Item
3202,131474,Size Issue
3203,24017,Defective
3204,161876,Size Issue
3205,193360,Wrong Item
3206,4486,Arrived Late
3207,25932,Changed Mind
3208,190865,Size Issue
3209,140531,Arrived Late
3210,100504,Size Issue
3211,50823,Wrong Item
3212,26084,Size Issue
3213,65261,Changed Mind
3214,57286,Wrong Item
3215,24371,Changed Mind
3216,155431,Changed Mind
3217,27103,Defective
3218,128002,Size Issue
3219,136940,Changed Mind
3220,191292,Changed Mind
3221,107076,Wrong Item
3222,133435,Defective
3223,197608,Wrong Item
3224,70313,Wrong Item
3225,104632,Wrong Item
3226,165150,Arrived Late
3227,27571,Size Issue
3228,71091,Arrived Late
3229,14359,Size Issue
3230,59917,Size Issue
3231,5842,Defective
3232,18954,Wrong Item
3233,79997,Defective
3234,126557,Size Issue
3235,179116,Changed Mind
3236,47388,Size Issue
3237,145986,Defective
3238,62274,Arrived Late
3239,152542,Defective
3240,18271,Defective
3241,31183,Defective
3242,11312,Size Issue
3243,84793,Changed Mind
3244,123974,Arrived Late
3245,176288,Wrong Item
3246,142551,Arrived Late
3247,179165,Wrong Item
3248,124275,Defective
3249,101298,Arrived Late
3250,57889,Size Issue
3251,107595,Changed Mind
3252,122653,Defective
3253,187834,Arrived Late
3254,39713,Defective
3255,76186,Arrived Late
3256,167151,Wrong Item
3257,153711,Defective
3258,59442,Wrong Item
3259,64567,Size Issue
3260,186717,Size Issue
3261,163861,Changed Mind
3262,183497,Defective
3263,130607,Arrived Late
3264,3332,Arrived Late
3265,29883,Changed Mind
3266,189559,Wrong Item
3267,16451,Size Issue
3268,131149,Wrong Item
3269,48367,Arrived Late
3270,1646,Changed Mind
3271,131690,Wrong Item
3272,133543,Arrived Late
3273,4266,Size Issue
3274,148216,Wrong Item
3275,166497,Wrong Item
3276,23044,Arrived Late
3277,64497,Changed Mind
3278,43722,Changed Mind
3279,55065,Wrong Item
3280,18147,Defective
3281,75749,Defective
3282,95306,Changed Mind
3283,65698,Changed Mind
3284,78942,Changed Mind
3285,159407,Arrived Late
3286,151844,Wrong Item
3287,110125,Wrong Item
3288,160114,Wrong Item
3289,40218,Wrong Item
3290,131410,Defective
3291,55576,Arrived Late
3292,68156,Arrived Late
3293,90345,Wrong Item
3294,172126,Wrong Item
3295,35834,Size Issue
3296,25020,Changed Mind
3297,125212,Defective
3298,122844,Arrived Late
3299,150655,Size Issue
3300,54346,Arrived Late
3301,113973,Arrived Late
3302,124981,Wrong Item
3303,16925,Wrong Item
3304,58948,Size Issue
3305,35983,Defective
3306,1572,Wrong Item
3307,30994,Wrong Item
3308,181183,Changed Mind
3309,117300,Arrived Late
3310,137044,Wrong Item
3311,65450,Size Issue
3312,48604,Size Issue
3313,70028,Wrong Item
3314,111127,Size Issue
3315,88855,Changed Mind
3316,13463,Wrong Item
3317,79147,Wrong Item
3318,176630,Arrived Late
3319,48888,Size Issue
3320,122106,Wrong Item
3321,100108,Wrong Item
3322,14744,Arrived Late
3323,8142,Wrong Item
3324,133410,Changed Mind
3325,14560,Size Issue
3326,104464,Defective
3327,86132,Changed Mind
3328,161264,Defective
3329,152177,Changed Mind
3330,71202,Changed Mind
3331,198159,Changed Mind
3332,49607,Wrong Item
3333,34227,Changed Mind
3334,94287,Arrived Late
3335,196875,Size Issue
3336,95843,Changed Mind
3337,87380,Size Issue
3338,70957,Wrong Item
3339,17417,Size Issue
3340,138796,Wrong Item
3341,180719,Size Issue
3342,32782,Defective
3343,13080,Changed Mind
3344,41470,Size Issue
3345,34439,Wrong Item
3346,195163,Wrong Item
3347,79507,Size Issue
3348,65766,Wrong Item
3349,192445,Defective
3350,99388,Size Issue
3351,186480,Defective
3352,186221,Changed Mind
3353,89431,Arrived Late
3354,155562,Size Issue
3355,8077,Wrong Item
3356,192914,Size Issue
3357,9360,Wrong Item
3358,160459,Wrong Item
3359,66335,Arrived Late
3360,34714,Arrived Late
3361,28157,Wrong Item
3362,150196,Changed Mind
3363,34862,Arrived Late
3364,25255,Defective
3365,159931,Wrong Item
3366,149282,Wrong Item
3367,8222,Defective
3368,5808,Changed Mind
3369,146873,Wrong Item
3370,124501,Defective
3371,65467,Wrong Item
3372,88977,Wrong Item
3373,120034,Size Issue
3374,191504,Arrived Late
3375,94855,Arrived Late
3376,81883,Defective
3377,175158,Changed Mind
3378,72564,Changed Mind
3379,187930,Size Issue
3380,5199,Wrong Item
3381,71133,Wrong Item
3382,76845,Wrong Item
3383,116440,Size Issue
3384,80384,Changed Mind
3385,83401,Defective
3386,135230,Size Issue
3387,152096,Arrived Late
3388,156449,Changed Mind
3389,1305,Wrong Item
3390,170106,Changed Mind
3391,798,Size Issue
3392,136445,Changed Mind
3393,156887,Defective
3394,106747,Size Issue
3395,39282,Changed Mind
3396,190463,Arrived Late
3397,147967,Changed Mind
3398,174303,Size Issue
3399,26025,Arrived Late
3400,179637,Arrived Late
3401,93776,Defective
3402,141720,Changed Mind
3403,32457,Size Issue
3404,142772,Size Issue
3405,60343,Defective
3406,75652,Changed Mind
3407,11534,Changed Mind
3408,5805,Size Issue
3409,63204,Changed Mind
3410,117308,Size Issue
3411,133833,Changed Mind
3412,179134,Arrived Late
3413,162998,Defective
3414,182730,Size Issue
3415,101069,Defective
3416,10451,Wrong Item
3417,166072,Defective
3418,76278,Arrived Late
3419,50362,Arrived Late
3420,111251,Size Issue
3421,68910,Size Issue
3422,32030,Arrived Late
3423,175922,Size Issue
3424,75664,Size Issue
3425,8279,Wrong Item
3426,143429,Size Issue
3427,41804,Size Issue
3428,81428,Arrived Late
3429,32956,Wrong Item
3430,25022,Wrong Item
3431,118825,Arrived Late
3432,99749,Wrong Item
3433,63720,Changed Mind
3434,51537,Defective
3435,29796,Wrong Item
3436,97308,Arrived Late
3437,31379,Changed Mind
3438,135337,Arrived Late
3439,174363,Defective
3440,123682,Arrived Late
3441,22854,Wrong Item
3442,183469,Defective
3443,144656,Defective
3444,108326,Arrived Late
3445,66642,Wrong Item
3446,90458,Wrong Item
3447,38839,Wrong Item
3448,152832,Size Issue
3449,52609,Changed Mind
3450,136519,Wrong Item
3451,52812,Arrived Late
3452,135041,Size Issue
3453,2476,Changed Mind
3454,151594,Wrong Item
3455,184621,Size Issue
3456,33173,Wrong Item
3457,65262,Size Issue
3458,68807,Size Issue
3459,73064,Defective
3460,177922,Wrong Item
3461,6309,Changed Mind
3462,110685,Arrived Late
3463,180957,Size Issue
3464,94607,Size Issue
3465,199456,Changed Mind
3466,63911,Defective
3467,156283,Defective
3468,53704,Defective
3469,17285,Wrong Item
3470,115504,Wrong Item
3471,9482,Wrong Item
3472,50592,Defective
3473,184696,Wrong Item
3474,8010,Size Issue
3475,95468,Size Issue
3476,85210,Arrived Late
3477,79268,Wrong Item
3478,158133,Size Issue
3479,146119,Changed Mind
3480,32466,Arrived Late
3481,90204,Wrong Item
3482,91494,Wrong Item
3483,4781,Arrived Late
3484,124291,Arrived Late
3485,54618,Arrived Late
3486,90940,Changed Mind
3487,34788,Wrong Item
3488,82988,Changed Mind
3489,155854,Defective
3490,54256,Size Issue
3491,10343,Size Issue
3492,67603,Changed Mind
3493,125318,Size Issue
3494,78031,Changed Mind
3495,154643,Arrived Late
3496,44650,Size Issue
3497,107738,Defective
3498,61106,Defective
3499,175431,Arrived Late
3500,98512,Changed Mind
3501,140167,Changed Mind
3502,121481,Defective
3503,185292,Changed Mind
3504,86536,Arrived Late
3505,143229,Wrong Item
3506,128135,Wrong Item
3507,168362,Wrong Item
3508,58063,Defective
3509,162002,Wrong Item
3510,17434,Size Issue
3511,75368,Defective
3512,79253,Wrong Item
3513,168562,Wrong Item
3514,137660,Size Issue
3515,65084,Arrived Late
3516,46519,Size Issue
3517,182976,Changed Mind
3518,113236,Defective
3519,181585,Defective
3520,181874,Wrong Item
3521,23139,Changed Mind
3522,170944,Changed Mind
3523,139166,Size Issue
3524,133532,Wrong Item
3525,67432,Arrived Late
3526,6433,Changed Mind
3527,85303,Arrived Late
3528,17593,Wrong Item
3529,107259,Arrived Late
3530,123521,Size Issue
3531,112351,Size Issue
3532,23551,Wrong Item
3533,16722,Wrong Item
3534,21882,Changed Mind
3535,34580,Wrong Item
3536,57624,Defective
3537,115148,Size Issue
3538,87908,Arrived Late
3539,163702,Size Issue
3540,167327,Arrived Late
3541,70166,Defective
3542,120252,Arrived Late
3543,144903,Size Issue
3544,86621,Size Issue
3545,23313,Size Issue
3546,153639,Defective
3547,81176,Size Issue
3548,53433,Defective
3549,101875,Arrived Late
3550,121511,Changed Mind
3551,6129,Defective
3552,168152,Changed Mind
3553,43471,Arrived Late
3554,105865,Defective
3555,160655,Wrong Item
3556,131502,Changed Mind
3557,178183,Wrong Item
3558,83910,Arrived Late
3559,145448,Wrong Item
3560,182341,Arrived Late
3561,164813,Defective
3562,156443,Arrived Late
3563,110753,Defective
3564,117454,Defective
3565,60223,Arrived Late
3566,67495,Wrong Item
3567,49510,Size Issue
3568,19754,Wrong Item
3569,175686,Changed Mind
3570,150559,Changed Mind
3571,107195,Arrived Late
3572,36458,Wrong Item
3573,138797,Wrong Item
3574,121661,Changed Mind
3575,35479,Wrong Item
3576,12871,Arrived Late
3577,16754,Changed Mind
3578,129447,Arrived Late
3579,126031,Defective
3580,147002,Changed Mind
3581,13563,Wrong Item
3582,58781,Size Issue
3583,196732,Arrived Late
3584,165822,Wrong Item
3585,32583,Changed Mind
3586,71296,Changed Mind
3587,120149,Wrong Item
3588,89437,Arrived Late
3589,145365,Wrong Item
3590,103299,Defective
3591,3747,Size Issue
3592,199609,Changed Mind
3593,138825,Defective
3594,61355,Defective
3595,157324,Size Issue
3596,106829,Changed Mind
3597,143688,Wrong Item
3598,56350,Defective
3599,32774,Arrived Late
3600,94095,Arrived Late
3601,67963,Wrong Item
3602,33317,Defective
3603,107210,Changed Mind
3604,12069,Size Issue
3605,86389,Wrong Item
3606,37781,Arrived Late
3607,12805,Arrived Late
3608,16629,Size Issue
3609,177204,Changed Mind
3610,131425,Arrived Late
3611,71250,Size Issue
3612,170462,Size Issue
3613,163479,Arrived Late
3614,180049,Size Issue
3615,94438,Defective
3616,136403,Arrived Late
3617,118454,Changed Mind
3618,127057,Size Issue
3619,160460,Arrived Late
3620,127051,Changed Mind
3621,156323,Defective
3622,83704,Defective
3623,102524,Arrived Late
3624,121634,Changed Mind
3625,134648,Arrived Late
3626,167492,Arrived Late
3627,145774,Changed Mind
3628,98813,Changed Mind
3629,70136,Wrong Item
3630,188282,Size Issue
3631,11687,Changed Mind
3632,20497,Changed Mind
3633,6847,Defective
3634,158124,Wrong Item
3635,113516,Defective
3636,179422,Arrived Late
3637,55823,Wrong Item
3638,159507,Size Issue
3639,89593,Arrived Late
3640,572,Arrived Late
3641,167719,Arrived Late
3642,21255,Changed Mind
3643,60364,Changed Mind
3644,115940,Arrived Late
3645,136573,Size Issue
3646,131161,Defective
3647,27365,Size Issue
3648,161985,Arrived Late
3649,22264,Wrong Item
3650,64587,Defective
3651,193356,Size Issue
3652,102086,Arrived Late
3653,106901,Defective
3654,132821,Defective
3655,54902,Wrong Item
3656,159726,Arrived Late
3657,127657,Defective
3658,128514,Changed Mind
3659,26339,Defective
3660,181538,Size Issue
3661,126815,Arrived Late
3662,127286,Wrong Item
3663,179735,Size Issue
3664,80631,Arrived Late
3665,158557,Arrived Late
3666,19773,Changed Mind
3667,159219,Defective
3668,145515,Wrong Item
3669,41919,Defective
3670,7430,Size Issue
3671,9044,Wrong Item
3672,139335,Arrived Late
3673,174940,Defective
3674,88857,Wrong Item
3675,79698,Size Issue
3676,74191,Size Issue
3677,185758,Wrong Item
3678,32200,Defective
3679,185707,Wrong Item
3680,75581,Changed Mind
3681,47597,Arrived Late
3682,70280,Size Issue
3683,173147,Wrong Item
3684,64021,Wrong Item
3685,102743,Wrong Item
3686,133461,Wrong Item
3687,5375,Defective
3688,18853,Wrong Item
3689,32653,Arrived Late
3690,102407,Defective
3691,199679,Size Issue
3692,124338,Wrong Item
3693,131918,Size Issue
3694,171637,Size Issue
3695,16057,Wrong Item
3696,92576,Changed Mind
3697,180735,Changed Mind
3698,172907,Defective
3699,120317,Arrived Late
3700,19002,Defective
3701,14854,Changed Mind
3702,127380,Wrong Item
3703,10033,Defective
3704,86867,Size Issue
3705,84959,Changed Mind
3706,49213,Changed Mind
3707,48642,Changed Mind
3708,5612,Arrived Late
3709,6338,Size Issue
3710,69142,Wrong Item
3711,89407,Arrived Late
3712,134625,Defective
3713,188149,Wrong Item
3714,151495,Wrong Item
3715,67022,Arrived Late
3716,39439,Size Issue
3717,182763,Size Issue
3718,6008,Defective
3719,196292,Defective
3720,25407,Arrived Late
3721,30074,Wrong Item
3722,195686,Arrived Late
3723,89640,Arrived Late
3724,97304,Arrived Late
3725,73401,Arrived Late
3726,173083,Defective
3727,120274,Changed Mind
3728,139167,Size Issue
3729,58700,Size Issue
3730,188621,Wrong Item
3731,102318,Changed Mind
3732,190889,Defective
3733,67178,Size Issue
3734,40483,Arrived Late
3735,56682,Wrong Item
3736,41648,Defective
3737,158863,Arrived Late
3738,187880,Size Issue
3739,113380,Wrong Item
3740,199809,Changed Mind
3741,187252,Arrived Late
3742,18329,Arrived Late
3743,168812,Size Issue
3744,111365,Defective
3745,191918,Wrong Item
3746,192823,Size Issue
3747,141620,Arrived Late
3748,44954,Arrived Late
3749,25911,Wrong Item
3750,160726,Arrived Late
3751,11215,Changed Mind
3752,107362,Defective
3753,123522,Size Issue
3754,165348,Arrived Late
3755,10025,Changed Mind
3756,160275,Wrong Item
3757,70881,Defective
3758,51250,Changed Mind
3759,45363,Changed Mind
3760,116543,Size Issue
3761,83731,Size Issue
3762,132315,Wrong Item
3763,104604,Arrived Late
3764,170513,Size Issue
3765,66393,Wrong Item
3766,145874,Changed Mind
3767,90011,Defective
3768,150913,Defective
3769,15404,Size Issue
3770,172206,Wrong Item
3771,151873,Defective
3772,139443,Size Issue
3773,163037,Arrived Late
3774,139750,Changed Mind
3775,58380,Changed Mind
3776,145871,Arrived Late
3777,127185,Defective
3778,196023,Wrong Item
3779,102486,Defective
3780,171673,Arrived Late
3781,119421,Arrived Late
3782,114898,Arrived Late
3783,188238,Wrong Item
3784,155441,Wrong Item
3785,143145,Defective
3786,147240,Changed Mind
3787,83165,Changed Mind
3788,126657,Defective
3789,21568,Size Issue
3790,96453,Size Issue
3791,102519,Changed Mind
3792,106120,Wrong Item
3793,95841,Defective
3794,138540,Wrong Item
3795,159893,Arrived Late
3796,43207,Changed Mind
3797,47380,Arrived Late
3798,49566,Changed Mind
3799,89692,Arrived Late
3800,159295,Defective
3801,137279,Size Issue
3802,146951,Size Issue
3803,156495,Size Issue
3804,189683,Wrong Item
3805,186769,Arrived Late
3806,29460,Changed Mind
3807,120789,Arrived Late
3808,97520,Defective
3809,136693,Size Issue
3810,38105,Size Issue
3811,124946,Wrong Item
3812,189976,Defective
3813,77883,Defective
3814,160557,Defective
3815,54935,Arrived Late
3816,167907,Size Issue
3817,131083,Defective
3818,117704,Changed Mind
3819,22089,Wrong Item
3820,64198,Wrong Item
3821,185326,Arrived Late
3822,126774,Size Issue
3823,164348,Defective
3824,5668,Defective
3825,26490,Wrong Item
3826,52807,Size Issue
3827,80249,Defective
3828,138832,Size Issue
3829,113759,Defective
3830,153171,Arrived Late
3831,94454,Defective
3832,2183,Wrong Item
3833,196444,Changed Mind
3834,79162,Arrived Late
3835,75479,Arrived Late
3836,42969,Defective
3837,95890,Wrong Item
3838,81573,Arrived Late
3839,53379,Defective
3840,180773,Size Issue
3841,167470,Defective
3842,128773,Wrong Item
3843,166894,Wrong Item
3844,127808,Wrong Item
3845,186727,Arrived Late
3846,18420,Arrived Late
3847,17296,Size Issue
3848,161610,Defective
3849,182075,Changed Mind
3850,126742,Arrived Late
3851,191893,Size Issue
3852,136037,Defective
3853,62930,Changed Mind
3854,84797,Wrong Item
3855,74721,Size Issue
3856,114034,Defective
3857,13282,Size Issue
3858,141418,Changed Mind
3859,25584,Size Issue
3860,159983,Wrong Item
3861,36646,Arrived Late
3862,45781,Size Issue
3863,72843,Arrived Late
3864,185765,Changed Mind
3865,4883,Changed Mind
3866,4534,Arrived Late
3867,34354,Defective
3868,166611,Defective
3869,1504,Arrived Late
3870,118892,Defective
3871,74351,Arrived Late
3872,155967,Changed Mind
3873,125131,Arrived Late
3874,32574,Wrong Item
3875,130836,Changed Mind
3876,194159,Changed Mind
3877,195064,Arrived Late
3878,160974,Wrong Item
3879,87681,Changed Mind
3880,103034,Defective
3881,96240,Size Issue
3882,98990,Wrong Item
3883,14694,Changed Mind
3884,158668,Arrived Late
3885,75739,Wrong Item
3886,162782,Changed Mind
3887,45504,Defective
3888,50689,Arrived Late
3889,109275,Changed Mind
3890,81755,Size Issue
3891,74927,Wrong Item
3892,64900,Wrong Item
3893,154602,Defective
3894,173908,Defective
3895,171983,Defective
3896,189234,Wrong Item
3897,72885,Arrived Late
3898,175010,Wrong Item
3899,190412,Size Issue
3900,22433,Wrong Item
3901,188457,Arrived Late
3902,41076,Size Issue
3903,153677,Size Issue
3904,87604,Arrived Late
3905,142969,Defective
3906,59814,Size Issue
3907,55243,Wrong Item
3908,163202,Defective
3909,27388,Size Issue
3910,153260,Wrong Item
3911,137404,Changed Mind
3912,149181,Arrived Late
3913,72894,Size Issue
3914,165610,Arrived Late
3915,176216,Arrived Late
3916,29524,Wrong Item
3917,194084,Changed Mind
3918,136345,Defective
3919,188535,Changed Mind
3920,151773,Arrived Late
3921,135104,Size Issue
3922,63052,Arrived Late
3923,130746,Wrong Item
3924,106231,Size Issue
3925,33576,Size Issue
3926,105984,Arrived Late
3927,45197,Size Issue
3928,42573,Arrived Late
3929,185819,Arrived Late
3930,88339,Changed Mind
3931,133826,Wrong Item
3932,96974,Arrived Late
3933,60319,Size Issue
3934,32741,Changed Mind
3935,125821,Changed Mind
3936,34919,Defective
3937,131823,Changed Mind
3938,193848,Size Issue
3939,33175,Arrived Late
3940,95938,Arrived Late
3941,124548,Changed Mind
3942,107279,Defective
3943,96131,Wrong Item
3944,8208,Wrong Item
3945,93535,Arrived Late
3946,71009,Defective
3947,126244,Changed Mind
3948,187428,Defective
3949,122891,Size Issue
3950,92595,Wrong Item
3951,181416,Arrived Late
3952,63471,Size Issue
3953,59683,Arrived Late
3954,40446,Arrived Late
3955,141325,Defective
3956,122721,Wrong Item
3957,22470,Wrong Item
3958,197252,Arrived Late
3959,69866,Size Issue
3960,108844,Wrong Item
3961,5865,Arrived Late
3962,193475,Size Issue
3963,27289,Wrong Item
3964,119755,Arrived Late
3965,140469,Arrived Late
3966,154980,Defective
3967,163793,Arrived Late
3968,123486,Arrived Late
3969,105518,Size Issue
3970,135265,Defective
3971,138453,Defective
3972,58866,Wrong Item
3973,34969,Arrived Late
3974,113769,Arrived Late
3975,35951,Size Issue
3976,67742,Arrived Late
3977,5185,Size Issue
3978,81419,Defective
3979,132464,Defective
3980,191747,Wrong Item
3981,82799,Changed Mind
3982,30610,Changed Mind
3983,12667,Wrong Item
3984,171496,Changed Mind
3985,162594,Wrong Item
3986,6095,Size Issue
3987,98996,Size Issue
3988,86564,Wrong Item
3989,83306,Wrong Item
3990,131512,Arrived Late
3991,126893,Size Issue
3992,55414,Defective
3993,199711,Arrived Late
3994,183336,Arrived Late
3995,68994,Size Issue
3996,63870,Wrong Item
3997,83170,Arrived Late
3998,155293,Changed Mind
3999,136567,Arrived Late
4000,165853,Wrong Item
4001,96003,Wrong Item
4002,26366,Arrived Late
4003,123686,Defective
4004,87084,Defective
4005,132771,Changed Mind
4006,2298,Size Issue
4007,193983,Defective
4008,37663,Changed Mind
4009,64501,Defective
4010,195928,Wrong Item
4011,121941,Size Issue
4012,160152,Wrong Item
4013,14978,Defective
4014,18968,Size Issue
4015,106100,Changed Mind
4016,2767,Defective
4017,156334,Size Issue
4018,108285,Wrong Item
4019,86601,Defective
4020,96103,Arrived Late
4021,12715,Changed Mind
4022,67373,Arrived Late
4023,660,Arrived Late
4024,45568,Size Issue
4025,16066,Defective
4026,186849,Defective
4027,73294,Defective
4028,153222,Defective
4029,154391,Wrong Item
4030,110129,Size Issue
4031,195546,Defective
4032,169528,Size Issue
4033,195496,Arrived Late
4034,158537,Changed Mind
4035,60310,Arrived Late
4036,5147,Arrived Late
4037,87592,Defective
4038,119127,Changed Mind
4039,147547,Arrived Late
4040,49565,Changed Mind
4041,145313,Changed Mind
4042,89639,Size Issue
4043,10968,Size Issue
4044,52210,Defective
4045,96151,Changed Mind
4046,161238,Wrong Item
4047,79358,Defective
4048,197073,Arrived Late
4049,115149,Changed Mind
4050,58465,Wrong Item
4051,75064,Changed Mind
4052,165479,Size Issue
4053,108584,Defective
4054,1773,Size Issue
4055,111898,Changed Mind
4056,163188,Wrong Item
4057,53489,Arrived Late
4058,46116,Size Issue
4059,118525,Size Issue
4060,174489,Size Issue
4061,32393,Size Issue
4062,102710,Size Issue
4063,76698,Arrived Late
4064,118082,Changed Mind
4065,120633,Arrived Late
4066,51938,Defective
4067,141377,Wrong Item
4068,70075,Size Issue
4069,178461,Changed Mind
4070,171651,Size Issue
4071,195383,Defective
4072,103046,Defective
4073,24820,Arrived Late
4074,64015,Defective
4075,1144,Arrived Late
4076,63692,Changed Mind
4077,198184,Arrived Late
4078,9614,Changed Mind
4079,122847,Arrived Late
4080,92591,Defective
4081,49858,Size Issue
4082,56789,Wrong Item
4083,27499,Wrong Item
4084,175180,Changed Mind
4085,193661,Changed Mind
4086,25968,Defective
4087,194333,Wrong Item
4088,49849,Wrong Item
4089,55946,Wrong Item
4090,35362,Arrived Late
4091,38532,Changed Mind
4092,46599,Wrong Item
4093,34301,Arrived Late
4094,140122,Arrived Late
4095,104395,Arrived Late
4096,19073,Defective
4097,30739,Changed Mind
4098,197123,Size Issue
4099,159707,Wrong Item
4100,33949,Arrived Late
4101,116382,Changed Mind
4102,23900,Defective
4103,98702,Arrived Late
4104,57081,Defective
4105,99096,Wrong Item
4106,9924,Size Issue
4107,46045,Arrived Late
4108,73326,Arrived Late
4109,140835,Wrong Item
4110,107834,Wrong Item
4111,199556,Size Issue
4112,45696,Wrong Item
4113,132135,Wrong Item
4114,142413,Defective
4115,170588,Wrong Item
4116,119915,Changed Mind
4117,21563,Changed Mind
4118,18203,Arrived Late
4119,92898,Defective
4120,163392,Arrived Late
4121,122242,Size Issue
4122,26513,Defective
4123,184414,Arrived Late
4124,62482,Wrong Item
4125,40190,Arrived Late
4126,72617,Defective
4127,154269,Changed Mind
4128,121497,Defective
4129,180888,Arrived Late
4130,175947,Wrong Item
4131,138619,Size Issue
4132,169014,Arrived Late
4133,171490,Defective
4134,54932,Defective
4135,95607,Size Issue
4136,73253,Changed Mind
4137,3814,Wrong Item
4138,95202,Defective
4139,165255,Wrong Item
4140,136462,Arrived Late
4141,172982,Defective
4142,35495,Size Issue
4143,131752,Defective
4144,115969,Changed Mind
4145,64551,Wrong Item
4146,41514,Wrong Item
4147,107316,Changed Mind
4148,103578,Wrong Item
4149,135432,Arrived Late
4150,68954,Defective
4151,173441,Defective
4152,3509,Defective
4153,137501,Arrived Late
4154,199743,Size Issue
4155,177429,Defective
4156,118436,Wrong Item
4157,111016,Defective
4158,176987,Wrong Item
4159,81471,Changed Mind
4160,39051,Size Issue
4161,199549,Arrived Late
4162,51277,Defective
4163,89937,Size Issue
4164,175293,Arrived Late
4165,65851,Wrong Item
4166,37511,Wrong Item
4167,8509,Changed Mind
4168,132563,Changed Mind
4169,41670,Defective
4170,167273,Size Issue
4171,42214,Defective
4172,59274,Changed Mind
4173,55773,Changed Mind
4174,165649,Size Issue
4175,108572,Size Issue
4176,105757,Arrived Late
4177,154155,Changed Mind
4178,75843,Changed Mind
4179,189994,Defective
4180,140494,Changed Mind
4181,78030,Defective
4182,117289,Defective
4183,171649,Defective
4184,106400,Size Issue
4185,125695,Defective
4186,168626,Wrong Item
4187,148883,Changed Mind
4188,97570,Size Issue
4189,119063,Arrived Late
4190,128901,Arrived Late
4191,8746,Size Issue
4192,107243,Wrong Item
4193,77968,Wrong Item
4194,197917,Wrong Item
4195,80816,Defective
4196,126204,Wrong Item
4197,62528,Arrived Late
4198,24752,Wrong Item
4199,92652,Size Issue
4200,112170,Size Issue
4201,27235,Defective
4202,121709,Arrived Late
4203,183630,Changed Mind
4204,122898,Defective
4205,176918,Size Issue
4206,162823,Changed Mind
4207,184493,Size Issue
4208,119328,Size Issue
4209,53946,Changed Mind
4210,8728,Wrong Item
4211,41774,Wrong Item
4212,16141,Defective
4213,48410,Changed Mind
4214,9519,Defective
4215,173961,Size Issue
4216,118535,Arrived Late
4217,199184,Changed Mind
4218,140822,Defective
4219,145017,Changed Mind
4220,144698,Changed Mind
4221,191497,Arrived Late
4222,130536,Defective
4223,112522,Changed Mind
4224,174976,Wrong Item
4225,96077,Wrong Item
4226,149299,Size Issue
4227,186410,Size Issue
4228,171274,Arrived Late
4229,143837,Wrong Item
4230,166873,Wrong Item
4231,178680,Wrong Item
4232,121104,Arrived Late
4233,149485,Size Issue
4234,25362,Wrong Item
4235,81637,Wrong Item
4236,169931,Arrived Late
4237,36713,Wrong Item
4238,37619,Arrived Late
4239,5884,Changed Mind
4240,93222,Arrived Late
4241,125647,Wrong Item
4242,192104,Defective
4243,60453,Size Issue
4244,135141,Arrived Late
4245,114373,Defective
4246,77022,Size Issue
4247,13467,Wrong Item
4248,52842,Arrived Late
4249,41073,Arrived Late
4250,157320,Changed Mind
4251,25109,Size Issue
4252,48058,Size Issue
4253,180684,Arrived Late
4254,197452,Changed Mind
4255,90361,Defective
4256,79791,Defective
4257,167848,Changed Mind
4258,82471,Changed Mind
4259,58361,Arrived Late
4260,57936,Defective
4261,114294,Defective
4262,91969,Wrong Item
4263,123438,Defective
4264,37991,Changed Mind
4265,79343,Changed Mind
4266,130738,Arrived Late
4267,132477,Changed Mind
4268,82459,Defective
4269,110425,Size Issue
4270,198353,Defective
4271,77088,Arrived Late
4272,193946,Arrived Late
4273,125350,Changed Mind
4274,117011,Changed Mind
4275,74096,Changed Mind
4276,43042,Defective
4277,39759,Size Issue
4278,79547,Changed Mind
4279,87819,Arrived Late
4280,197854,Defective
4281,184033,Wrong Item
4282,114443,Arrived Late
4283,139641,Size Issue
4284,32346,Changed Mind
4285,32190,Wrong Item
4286,34829,Size Issue
4287,24475,Wrong Item
4288,115140,Size Issue
4289,181177,Arrived Late
4290,65045,Changed Mind
4291,50056,Size Issue
4292,160468,Defective
4293,167148,Changed Mind
4294,123622,Changed Mind
4295,44801,Wrong Item
4296,126903,Defective
4297,153315,Wrong Item
4298,7883,Defective
4299,115459,Changed Mind
4300,116500,Arrived Late
4301,189185,Size Issue
4302,52213,Changed Mind
4303,147492,Defective
4304,90228,Arrived Late
4305,158213,Size Issue
4306,85927,Changed Mind
4307,93479,Changed Mind
4308,184235,Defective
4309,97013,Changed Mind
4310,57315,Size Issue
4311,101325,Changed Mind
4312,128659,Defective
4313,2238,Defective
4314,53945,Size Issue
4315,67520,Defective
4316,169761,Wrong Item
4317,86560,Wrong Item
4318,160901,Arrived Late
4319,33323,Arrived Late
4320,142078,Defective
4321,149605,Wrong Item
4322,34392,Changed Mind
4323,49178,Size Issue
4324,103693,Wrong Item
4325,37070,Arrived Late
4326,45226,Size Issue
4327,137911,Changed Mind
4328,105800,Wrong Item
4329,69261,Size Issue
4330,40340,Defective
4331,171037,Wrong Item
4332,100214,Size Issue
4333,73740,Defective
4334,121060,Changed Mind
4335,66481,Wrong Item
4336,103532,Wrong Item
4337,194999,Defective
4338,107446,Defective
4339,101288,Changed Mind
4340,16619,Arrived Late
4341,163811,Size Issue
4342,777,Changed Mind
4343,159482,Changed Mind
4344,526,Size Issue
4345,50923,Defective
4346,79797,Wrong Item
4347,56498,Size Issue
4348,74982,Arrived Late
4349,58566,Changed Mind
4350,68322,Defective
4351,168231,Wrong Item
4352,133572,Wrong Item
4353,173728,Changed Mind
4354,49066,Changed Mind
4355,94925,Defective
4356,118319,Size Issue
4357,165581,Changed Mind
4358,146521,Defective
4359,38319,Defective
4360,174581,Arrived Late
4361,71629,Arrived Late
4362,32504,Arrived Late
4363,118273,Changed Mind
4364,14952,Wrong Item
4365,69571,Defective
4366,183169,Changed Mind
4367,94696,Changed Mind
4368,114791,Changed Mind
4369,141389,Defective
4370,58924,Defective
4371,143385,Changed Mind
4372,90516,Wrong Item
4373,79114,Arrived Late
4374,66514,Changed Mind
4375,104136,Changed Mind
4376,169796,Size Issue
4377,158838,Wrong Item
4378,64547,Changed Mind
4379,63679,Size Issue
4380,82164,Changed Mind
4381,101934,Wrong Item
4382,83250,Defective
4383,99222,Wrong Item
4384,171456,Changed Mind
4385,172108,Wrong Item
4386,101387,Arrived Late
4387,10393,Arrived Late
4388,20341,Size Issue
4389,147464,Defective
4390,19441,Arrived Late
4391,8763,Changed Mind
4392,99319,Defective
4393,182738,Defective
4394,180728,Defective
4395,193863,Size Issue
4396,30858,Wrong Item
4397,165390,Size Issue
4398,170747,Changed Mind
4399,150189,Size Issue
4400,167067,Changed Mind
4401,141994,Changed Mind
4402,112918,Defective
4403,41794,Size Issue
4404,172585,Changed Mind
4405,44486,Defective
4406,173776,Size Issue
4407,114162,Wrong Item
4408,160097,Arrived Late
4409,84448,Changed Mind
4410,88313,Defective
4411,145044,Size Issue
4412,71572,Arrived Late
4413,63933,Size Issue
4414,197510,Changed Mind
4415,103065,Arrived Late
4416,185823,Changed Mind
4417,122082,Size Issue
4418,157035,Defective
4419,96731,Changed Mind
4420,192446,Defective
4421,84645,Changed Mind
4422,140232,Wrong Item
4423,40619,Changed Mind
4424,159155,Changed Mind
4425,60415,Defective
4426,73871,Wrong Item
4427,59668,Arrived Late
4428,147839,Changed Mind
4429,184068,Changed Mind
4430,60108,Arrived Late
4431,149171,Size Issue
4432,39402,Size Issue
4433,9464,Changed Mind
4434,50626,Size Issue
4435,164457,Size Issue
4436,6848,Arrived Late
4437,83781,Wrong Item
4438,54271,Wrong Item
4439,79528,Defective
4440,149731,Defective
4441,151575,Arrived Late
4442,81969,Size Issue
4443,127292,Wrong Item
4444,139669,Wrong Item
4445,190355,Changed Mind
4446,125482,Wrong Item
4447,135831,Changed Mind
4448,35446,Arrived Late
4449,85784,Wrong Item
4450,78554,Wrong Item
4451,10454,Defective
4452,159383,Defective
4453,33777,Size Issue
4454,163849,Wrong Item
4455,128028,Arrived Late
4456,55450,Arrived Late
4457,139717,Wrong Item
4458,178632,Defective
4459,127532,Arrived Late
4460,109209,Size Issue
4461,39365,Defective
4462,45513,Size Issue
4463,74915,Defective
4464,165671,Changed Mind
4465,19735,Arrived Late
4466,174887,Size Issue
4467,59927,Defective
4468,163377,Size Issue
4469,125524,Wrong Item
4470,107836,Wrong Item
4471,157079,Arrived Late
4472,119047,Size Issue
4473,28544,Defective
4474,142046,Wrong Item
4475,109413,Defective
4476,71311,Size Issue
4477,26226,Changed Mind
4478,154495,Size Issue
4479,183076,Changed Mind
4480,134022,Changed Mind
4481,108732,Size Issue
4482,12639,Defective
4483,95053,Arrived Late
4484,135781,Changed Mind
4485,137672,Wrong Item
4486,13357,Changed Mind
4487,57120,Changed Mind
4488,148516,Changed Mind
4489,199934,Defective
4490,90938,Defective
4491,6174,Size Issue
4492,88097,Size Issue
4493,53678,Defective
4494,198604,Defective
4495,55338,Defective
4496,198426,Defective
4497,71224,Arrived Late
4498,142761,Arrived Late
4499,39987,Changed Mind
4500,186451,Defective
4501,113593,Changed Mind
4502,17868,Wrong Item
4503,132515,Wrong Item
4504,68370,Changed Mind
4505,40644,Size Issue
4506,91355,Wrong Item
4507,122253,Size Issue
4508,140829,Size Issue
4509,80734,Arrived Late
4510,49993,Defective
4511,127368,Defective
4512,88153,Changed Mind
4513,15878,Defective
4514,110444,Size Issue
4515,135730,Wrong Item
4516,175194,Changed Mind
4517,185434,Arrived Late
4518,56935,Defective
4519,89193,Size Issue
4520,181579,Size Issue
4521,148966,Wrong Item
4522,152208,Arrived Late
4523,36354,Changed Mind
4524,55723,Changed Mind
4525,79390,Defective
4526,14766,Arrived Late
4527,45674,Arrived Late
4528,136875,Arrived Late
4529,83972,Size Issue
4530,36691,Wrong Item
4531,148593,Changed Mind
4532,89534,Arrived Late
4533,39518,Size Issue
4534,103821,Defective
4535,55816,Size Issue
4536,174262,Defective
4537,75264,Defective
4538,88078,Arrived Late
4539,156591,Changed Mind
4540,3441,Changed Mind
4541,194516,Arrived Late
4542,28332,Changed Mind
4543,121592,Wrong Item
4544,16283,Arrived Late
4545,81873,Wrong Item
4546,10259,Wrong Item
4547,66802,Size Issue
4548,149086,Arrived Late
4549,141955,Arrived Late
4550,2131,Size Issue
4551,83761,Arrived Late
4552,82749,Defective
4553,95722,Arrived Late
4554,63890,Changed Mind
4555,15649,Changed Mind
4556,151141,Changed Mind
4557,25792,Changed Mind
4558,136354,Changed Mind
4559,92457,Size Issue
4560,95199,Changed Mind
4561,9013,Size Issue
4562,35078,Wrong Item
4563,79731,Defective
4564,121998,Size Issue
4565,129590,Changed Mind
4566,192980,Changed Mind
4567,40139,Arrived Late
4568,78253,Changed Mind
4569,144859,Size Issue
4570,129898,Wrong Item
4571,42931,Size Issue
4572,94381,Size Issue
4573,78454,Size Issue
4574,63932,Arrived Late
4575,1530,Wrong Item
4576,120955,Changed Mind
4577,104434,Changed Mind
4578,52852,Size Issue
4579,62485,Wrong Item
4580,168030,Arrived Late
4581,56883,Wrong Item
4582,76076,Arrived Late
4583,1873,Size Issue
4584,31342,Size Issue
4585,171730,Defective
4586,148804,Wrong Item
4587,133840,Arrived Late
4588,90112,Size Issue
4589,94769,Changed Mind
4590,191523,Size Issue
4591,132120,Wrong Item
4592,77326,Defective
4593,44687,Defective
4594,116383,Arrived Late
4595,85829,Arrived Late
4596,43082,Size Issue
4597,191137,Defective
4598,54693,Defective
4599,22860,Defective
4600,184021,Arrived Late
4601,50743,Defective
4602,62188,Wrong Item
4603,119388,Changed Mind
4604,139287,Wrong Item
4605,29361,Arrived Late
4606,662,Size Issue
4607,127769,Arrived Late
4608,173612,Arrived Late
4609,172740,Defective
4610,178474,Defective
4611,107809,Defective
4612,159986,Size Issue
4613,1940,Size Issue
4614,177452,Changed Mind
4615,73880,Changed Mind
4616,2237,Wrong Item
4617,131954,Changed Mind
4618,78198,Changed Mind
4619,7586,Wrong Item
4620,168665,Wrong Item
4621,115027,Arrived Late
4622,17824,Changed Mind
4623,73019,Size Issue
4624,67311,Changed Mind
4625,18435,Arrived Late
4626,72841,Arrived Late
4627,133280,Wrong Item
4628,13047,Defective
4629,22018,Wrong Item
4630,86079,Wrong Item
4631,49151,Size Issue
4632,53771,Wrong Item
4633,52290,Size Issue
4634,140519,Wrong Item
4635,142600,Defective
4636,75597,Size Issue
4637,170384,Defective
4638,188517,Defective
4639,80511,Changed Mind
4640,58973,Defective
4641,85890,Defective
4642,10665,Arrived Late
4643,192529,Arrived Late
4644,88852,Defective
4645,115119,Size Issue
4646,111971,Size Issue
4647,187275,Arrived Late
4648,62398,Changed Mind
4649,128657,Arrived Late
4650,11679,Defective
4651,190568,Changed Mind
4652,117457,Wrong Item
4653,151038,Changed Mind
4654,185056,Arrived Late
4655,89962,Wrong Item
4656,80312,Changed Mind
4657,35288,Defective
4658,87197,Defective
4659,125979,Wrong Item
4660,34300,Wrong Item
4661,18714,Wrong Item
4662,167902,Wrong Item
4663,129889,Wrong Item
4664,144816,Defective
4665,189137,Wrong Item
4666,72043,Arrived Late
4667,103830,Wrong Item
4668,177750,Arrived Late
4669,149969,Size Issue
4670,82024,Defective
4671,170832,Changed Mind
4672,40312,Size Issue
4673,177146,Size Issue
4674,171420,Changed Mind
4675,177578,Arrived Late
4676,78617,Defective
4677,1868,Size Issue
4678,189118,Changed Mind
4679,128427,Defective
4680,183498,Arrived Late
4681,156779,Wrong Item
4682,132140,Defective
4683,47237,Changed Mind
4684,179879,Defective
4685,107723,Wrong Item
4686,155156,Changed Mind
4687,60982,Wrong Item
4688,74062,Defective
4689,123778,Size Issue
4690,164085,Wrong Item
4691,18246,Changed Mind
4692,103381,Wrong Item
4693,156493,Wrong Item
4694,47766,Changed Mind
4695,128820,Size Issue
4696,88438,Wrong Item
4697,15933,Defective
4698,10019,Arrived Late
4699,173904,Changed Mind
4700,83470,Wrong Item
4701,183120,Wrong Item
4702,96080,Changed Mind
4703,94570,Wrong Item
4704,102584,Arrived Late
4705,98818,Size Issue
4706,74907,Size Issue
4707,40910,Arrived Late
4708,51767,Defective
4709,186810,Arrived Late
4710,94916,Changed Mind
4711,55891,Size Issue
4712,71739,Defective
4713,63243,Wrong Item
4714,6719,Defective
4715,180281,Size Issue
4716,71278,Arrived Late
4717,86523,Size Issue
4718,106845,Arrived Late
4719,53350,Size Issue
4720,170243,Arrived Late
4721,109366,Size Issue
4722,113083,Size Issue
4723,96756,Defective
4724,143741,Changed Mind
4725,49551,Defective
4726,77128,Wrong Item
4727,92740,Wrong Item
4728,54867,Changed Mind
4729,80562,Wrong Item
4730,49718,Size Issue
4731,124806,Defective
4732,103370,Wrong Item
4733,99334,Size Issue
4734,36046,Defective
4735,92091,Defective
4736,25958,Wrong Item
4737,60468,Defective
4738,158485,Changed Mind
4739,86868,Changed Mind
4740,154607,Wrong Item
4741,2114,Arrived Late
4742,30880,Arrived Late
4743,100315,Size Issue
4744,29691,Arrived Late
4745,129700,Size Issue
4746,90430,Defective
4747,45783,Arrived Late
4748,116473,Changed Mind
4749,53518,Wrong Item
4750,123419,Defective
4751,70672,Defective
4752,171894,Defective
4753,98711,Changed Mind
4754,144398,Wrong Item
4755,184182,Size Issue
4756,96624,Size Issue
4757,78020,Defective
4758,90607,Arrived Late
4759,47821,Size Issue
4760,117230,Wrong Item
4761,169561,Arrived Late
4762,22745,Size Issue
4763,98329,Changed Mind
4764,105504,Defective
4765,5910,Arrived Late
4766,177989,Arrived Late
4767,181985,Arrived Late
4768,100244,Defective
4769,12049,Changed Mind
4770,192133,Changed Mind
4771,24835,Size Issue
4772,97069,Size Issue
4773,159420,Arrived Late
4774,153475,Changed Mind
4775,105022,Defective
4776,47278,Changed Mind
4777,105932,Size Issue
4778,21504,Arrived Late
4779,87618,Defective
4780,137981,Size Issue
4781,41317,Defective
4782,86318,Defective
4783,49739,Defective
4784,104530,Defective
4785,108716,Size Issue
4786,156562,Size Issue
4787,153590,Defective
4788,143681,Wrong Item
4789,144240,Wrong Item
4790,176403,Arrived Late
4791,70561,Size Issue
4792,43360,Size Issue
4793,153425,Defective
4794,162258,Changed Mind
4795,25780,Defective
4796,131816,Size Issue
4797,112195,Wrong Item
4798,156456,Wrong Item
4799,52267,Changed Mind
4800,19316,Changed Mind
4801,194326,Defective
4802,121405,Defective
4803,126459,Arrived Late
4804,61386,Size Issue
4805,180965,Arrived Late
4806,17733,Changed Mind
4807,128821,Size Issue
4808,37048,Arrived Late
4809,36203,Changed Mind
4810,72970,Arrived Late
4811,49575,Size Issue
4812,38931,Changed Mind
4813,41824,Wrong Item
4814,29301,Arrived Late
4815,36028,Wrong Item
4816,139580,Wrong Item
4817,57573,Wrong Item
4818,141074,Wrong Item
4819,19834,Defective
4820,190820,Changed Mind
4821,95327,Arrived Late
4822,154258,Wrong Item
4823,48187,Changed Mind
4824,58446,Defective
4825,55422,Wrong Item
4826,70815,Changed Mind
4827,64524,Arrived Late
4828,88560,Changed Mind
4829,10603,Changed Mind
4830,89680,Size Issue
4831,17951,Defective
4832,176882,Defective
4833,43047,Arrived Late
4834,34001,Wrong Item
4835,20212,Wrong Item
4836,115834,Arrived Late
4837,96578,Size Issue
4838,68113,Defective
4839,46083,Changed Mind
4840,165558,Changed Mind
4841,81006,Size Issue
4842,49796,Wrong Item
4843,110180,Size Issue
4844,197966,Wrong Item
4845,45725,Defective
4846,167748,Size Issue
4847,56852,Size Issue
4848,4028,Defective
4849,60274,Changed Mind
4850,47810,Defective
4851,20915,Wrong Item
4852,57013,Size Issue
4853,126098,Arrived Late
4854,122144,Defective
4855,124447,Defective
4856,24885,Arrived Late
4857,152508,Arrived Late
4858,135107,Size Issue
4859,58088,Defective
4860,145570,Changed Mind
4861,56491,Defective
4862,133450,Arrived Late
4863,171439,Wrong Item
4864,85353,Size Issue
4865,81886,Wrong Item
4866,102533,Wrong Item
4867,156956,Changed Mind
4868,111940,Defective
4869,144561,Arrived Late
4870,120085,Defective
4871,119256,Arrived Late
4872,2309,Changed Mind
4873,122479,Arrived Late
4874,64176,Size Issue
4875,173701,Arrived Late
4876,84355,Changed Mind
4877,163838,Changed Mind
4878,79025,Size Issue
4879,151788,Changed Mind
4880,187471,Wrong Item
4881,41517,Defective
4882,105897,Size Issue
4883,91343,Arrived Late
4884,146398,Arrived Late
4885,46962,Defective
4886,16615,Defective
4887,106537,Defective
4888,167924,Size Issue
4889,56312,Wrong Item
4890,39037,Size Issue
4891,107646,Arrived Late
4892,129809,Size Issue
4893,93961,Defective
4894,82427,Changed Mind
4895,130137,Size Issue
4896,163750,Defective
4897,20470,Defective
4898,131048,Arrived Late
4899,55985,Size Issue
4900,35494,Changed Mind
4901,51520,Size Issue
4902,20697,Wrong Item
4903,175833,Size Issue
4904,69288,Wrong Item
4905,97547,Size Issue
4906,32719,Arrived Late
4907,91097,Arrived Late
4908,174102,Arrived Late
4909,30211,Arrived Late
4910,15264,Changed Mind
4911,52881,Arrived Late
4912,40087,Changed Mind
4913,43603,Arrived Late
4914,65354,Wrong Item
4915,127792,Wrong Item
4916,199898,Size Issue
4917,40160,Changed Mind
4918,195938,Changed Mind
4919,17923,Wrong Item
4920,103973,Size Issue
4921,63240,Defective
4922,157698,Arrived Late
4923,62132,Wrong Item
4924,79142,Arrived Late
4925,93510,Changed Mind
4926,160715,Arrived Late
4927,90097,Arrived Late
4928,18406,Size Issue
4929,86509,Wrong Item
4930,180641,Changed Mind
4931,88517,Defective
4932,40531,Defective
4933,182174,Defective
4934,141181,Changed Mind
4935,108653,Changed Mind
4936,75057,Arrived Late
4937,28191,Arrived Late
4938,123681,Size Issue
4939,42652,Changed Mind
4940,97773,Defective
4941,87668,Defective
4942,134385,Defective
4943,155864,Changed Mind
4944,61808,Arrived Late
4945,141298,Arrived Late
4946,86408,Arrived Late
4947,19939,Wrong Item
4948,161304,Changed Mind
4949,140116,Wrong Item
4950,195286,Defective
4951,173704,Size Issue
4952,167362,Wrong Item
4953,136731,Wrong Item
4954,17286,Changed Mind
4955,81067,Arrived Late
4956,153179,Changed Mind
4957,1519,Size Issue
4958,36297,Arrived Late
4959,192069,Wrong Item
4960,23306,Defective
4961,30981,Wrong Item
4962,13155,Changed Mind
4963,87828,Defective
4964,70152,Wrong Item
4965,128827,Defective
4966,94817,Arrived Late
4967,181510,Size Issue
4968,66942,Changed Mind
4969,198427,Size Issue
4970,68566,Changed Mind
4971,140266,Wrong Item
4972,82477,Changed Mind
4973,10349,Wrong Item
4974,2860,Defective
4975,160313,Changed Mind
4976,104166,Defective
4977,106079,Arrived Late
4978,15334,Size Issue
4979,149095,Changed Mind
4980,194977,Size Issue
4981,121865,Size Issue
4982,22883,Wrong Item
4983,80017,Defective
4984,55169,Changed Mind
4985,57126,Size Issue
4986,44628,Size Issue
4987,137197,Defective
4988,159657,Defective
4989,104541,Defective
4990,124815,Changed Mind
4991,51530,Arrived Late
4992,149403,Changed Mind
4993,171415,Defective
4994,195465,Arrived Late
4995,104537,Wrong Item
4996,38648,Defective
4997,110080,Wrong Item
4998,15555,Size Issue
4999,103548,Size Issue
5000,162610,Size Issue
5001,68855,Size Issue
5002,136390,Size Issue
5003,142198,Wrong Item
5004,155367,Defective
5005,38811,Defective
5006,53531,Wrong Item
5007,90584,Changed Mind
5008,115562,Changed Mind
5009,130540,Size Issue
5010,15950,Size Issue
5011,95768,Size Issue
5012,116139,Defective
5013,20940,Defective
5014,35241,Wrong Item
5015,131725,Changed Mind
5016,183290,Changed Mind
5017,26077,Arrived Late
5018,158586,Size Issue
5019,160543,Arrived Late
5020,134825,Wrong Item
5021,196610,Wrong Item
5022,44090,Wrong Item
5023,173301,Wrong Item
5024,187210,Defective
5025,147023,Size Issue
5026,26487,Arrived Late
5027,63770,Wrong Item
5028,195520,Wrong Item
5029,66723,Size Issue
5030,133144,Arrived Late
5031,125372,Arrived Late
5032,35596,Size Issue
5033,50670,Defective
5034,155631,Defective
5035,111139,Defective
5036,182278,Wrong Item
5037,135096,Defective
5038,93529,Wrong Item
5039,138836,Wrong Item
5040,156598,Arrived Late
5041,160439,Defective
5042,199814,Arrived Late
5043,155016,Arrived Late
5044,23632,Arrived Late
5045,155759,Arrived Late
5046,25633,Defective
5047,125073,Defective
5048,197520,Changed Mind
5049,71882,Defective
5050,73297,Wrong Item
5051,147663,Size Issue
5052,71677,Defective
5053,1282,Defective
5054,183968,Arrived Late
5055,100536,Defective
5056,101845,Wrong Item
5057,173777,Defective
5058,179258,Size Issue
5059,185800,Arrived Late
5060,93465,Changed Mind
5061,75469,Size Issue
5062,57781,Arrived Late
5063,85643,Arrived Late
5064,80400,Changed Mind
5065,74648,Size Issue
5066,172895,Size Issue
5067,60308,Size Issue
5068,22850,Changed Mind
5069,8108,Wrong Item
5070,103868,Defective
5071,107365,Arrived Late
5072,195324,Arrived Late
5073,40964,Arrived Late
5074,187343,Defective
5075,190474,Wrong Item
5076,188086,Defective
5077,136677,Changed Mind
5078,184324,Defective
5079,138586,Changed Mind
5080,126530,Size Issue
5081,146792,Size Issue
5082,191503,Changed Mind
5083,144986,Wrong Item
5084,178143,Changed Mind
5085,19067,Arrived Late
5086,83529,Wrong Item
5087,144766,Changed Mind
5088,140082,Changed Mind
5089,180973,Defective
5090,189159,Wrong Item
5091,154862,Defective
5092,55941,Wrong Item
5093,192472,Arrived Late
5094,128584,Defective
5095,117359,Changed Mind
5096,15254,Arrived Late
5097,65030,Size Issue
5098,61294,Arrived Late
5099,158402,Changed Mind
5100,199525,Changed Mind
5101,29177,Arrived Late
5102,152132,Arrived Late
5103,4744,Arrived Late
5104,25600,Size Issue
5105,21023,Size Issue
5106,136802,Wrong Item
5107,13426,Defective
5108,37590,Defective
5109,149009,Wrong Item
5110,156025,Wrong Item
5111,79571,Size Issue
5112,90057,Size Issue
5113,74895,Changed Mind
5114,123992,Changed Mind
5115,183598,Arrived Late
5116,186004,Size Issue
5117,86319,Wrong Item
5118,27915,Wrong Item
5119,125393,Arrived Late
5120,22254,Arrived Late
5121,1153,Wrong Item
5122,13127,Changed Mind
5123,108305,Changed Mind
5124,39970,Defective
5125,44409,Wrong Item
5126,8292,Arrived Late
5127,107160,Defective
5128,72295,Wrong Item
5129,64775,Arrived Late
5130,3707,Wrong Item
5131,62799,Wrong Item
5132,170231,Size Issue
5133,21204,Changed Mind
5134,31821,Changed Mind
5135,168342,Defective
5136,101653,Changed Mind
5137,148520,Arrived Late
5138,94596,Wrong Item
5139,158179,Arrived Late
5140,65565,Arrived Late
5141,70014,Size Issue
5142,173515,Wrong Item
5143,154586,Arrived Late
5144,37960,Wrong Item
5145,88093,Arrived Late
5146,129093,Defective
5147,146469,Size Issue
5148,15189,Size Issue
5149,142895,Defective
5150,111373,Size Issue
5151,76206,Size Issue
5152,153009,Arrived Late
5153,29232,Changed Mind
5154,30260,Changed Mind
5155,182814,Arrived Late
5156,63948,Changed Mind
5157,156346,Size Issue
5158,4359,Changed Mind
5159,118345,Arrived Late
5160,172317,Size Issue
5161,144705,Defective
5162,139084,Changed Mind
5163,92163,Defective
5164,8501,Size Issue
5165,127441,Changed Mind
5166,190801,Wrong Item
5167,19929,Wrong Item
5168,132598,Changed Mind
5169,116616,Changed Mind
5170,20163,Wrong Item
5171,13254,Defective
5172,34030,Defective
5173,32923,Defective
5174,37632,Defective
5175,156580,Defective
5176,193568,Size Issue
5177,156100,Defective
5178,70696,Defective
5179,47569,Changed Mind
5180,58452,Changed Mind
5181,67713,Defective
5182,187852,Arrived Late
5183,145573,Defective
5184,29580,Size Issue
5185,55294,Defective
5186,97243,Size Issue
5187,95283,Defective
5188,16012,Defective
5189,179136,Size Issue
5190,41240,Wrong Item
5191,150245,Defective
5192,22939,Changed Mind
5193,35368,Changed Mind
5194,113739,Size Issue
5195,19692,Wrong Item
5196,192130,Arrived Late
5197,166597,Size Issue
5198,61945,Defective
5199,125768,Changed Mind
5200,99456,Arrived Late
5201,178085,Size Issue
5202,153980,Size Issue
5203,17539,Defective
5204,54464,Changed Mind
5205,12879,Size Issue
5206,72684,Size Issue
5207,179679,Defective
5208,172428,Size Issue
5209,195036,Size Issue
5210,106284,Wrong Item
5211,17387,Defective
5212,197785,Defective
5213,81863,Arrived Late
5214,143439,Changed Mind
5215,127878,Changed Mind
5216,91907,Changed Mind
5217,26586,Changed Mind
5218,107615,Changed Mind
5219,95823,Arrived Late
5220,2967,Changed Mind
5221,153784,Arrived Late
5222,159588,Size Issue
5223,38311,Size Issue
5224,115383,Changed Mind
5225,31439,Wrong Item
5226,48831,Arrived Late
5227,198517,Changed Mind
5228,54238,Wrong Item
5229,73789,Wrong Item
5230,83249,Wrong Item
5231,81157,Arrived Late
5232,46362,Changed Mind
5233,129149,Defective
5234,50987,Changed Mind
5235,97814,Changed Mind
5236,56571,Wrong Item
5237,33532,Changed Mind
5238,142987,Changed Mind
5239,9073,Defective
5240,63902,Arrived Late
5241,193798,Wrong Item
5242,37172,Arrived Late
5243,177929,Arrived Late
5244,37377,Size Issue
5245,117327,Wrong Item
5246,96835,Arrived Late
5247,176954,Wrong Item
5248,178521,Arrived Late
5249,3164,Size Issue
5250,54720,Size Issue
5251,103624,Wrong Item
5252,110200,Wrong Item
5253,32607,Defective
5254,124251,Size Issue
5255,57224,Wrong Item
5256,40914,Changed Mind
5257,27082,Changed Mind
5258,150987,Changed Mind
5259,47014,Arrived Late
5260,180986,Defective
5261,165699,Arrived Late
5262,48933,Arrived Late
5263,8913,Defective
5264,15882,Defective
5265,51787,Size Issue
5266,47190,Size Issue
5267,138166,Changed Mind
5268,87259,Defective
5269,26636,Wrong Item
5270,75100,Size Issue
5271,153387,Arrived Late
5272,85220,Size Issue
5273,96413,Changed Mind
5274,12439,Size Issue
5275,52497,Size Issue
5276,167779,Wrong Item
5277,108775,Size Issue
5278,133985,Defective
5279,80807,Arrived Late
5280,66670,Defective
5281,173152,Wrong Item
5282,67615,Arrived Late
5283,57270,Size Issue
5284,42151,Defective
5285,155047,Size Issue
5286,169689,Wrong Item
5287,174456,Arrived Late
5288,141215,Size Issue
5289,42812,Size Issue
5290,56841,Arrived Late
5291,40257,Arrived Late
5292,19795,Changed Mind
5293,178109,Changed Mind
5294,176169,Changed Mind
5295,107803,Size Issue
5296,184090,Arrived Late
5297,107107,Changed Mind
5298,141233,Defective
5299,93741,Size Issue
5300,55592,Size Issue
5301,86014,Arrived Late
5302,53774,Arrived Late
5303,15899,Arrived Late
5304,131933,Wrong Item
5305,82680,Defective
5306,104353,Defective
5307,75407,Changed Mind
5308,126507,Size Issue
5309,140210,Arrived Late
5310,153011,Arrived Late
5311,67205,Wrong Item
5312,102665,Size Issue
5313,21180,Arrived Late
5314,98558,Defective
5315,169937,Arrived Late
5316,68097,Changed Mind
5317,8554,Arrived Late
5318,123045,Size Issue
5319,20587,Changed Mind
5320,17972,Changed Mind
5321,4600,Defective
5322,169440,Defective
5323,135529,Wrong Item
5324,93060,Arrived Late
5325,10398,Changed Mind
5326,10693,Wrong Item
5327,9865,Size Issue
5328,103151,Wrong Item
5329,157608,Defective
5330,158562,Wrong Item
5331,174101,Wrong Item
5332,114275,Wrong Item
5333,86294,Wrong Item
5334,19799,Size Issue
5335,64121,Arrived Late
5336,397,Wrong Item
5337,134564,Arrived Late
5338,45582,Defective
5339,26148,Defective
5340,150629,Defective
5341,122255,Defective
5342,92817,Defective
5343,84417,Changed Mind
5344,112163,Defective
5345,106325,Arrived Late
5346,59527,Changed Mind
5347,62560,Defective
5348,98306,Arrived Late
5349,1747,Size Issue
5350,72057,Defective
5351,7179,Wrong Item
5352,21642,Arrived Late
5353,91419,Arrived Late
5354,188817,Arrived Late
5355,183307,Changed Mind
5356,53858,Wrong Item
5357,64621,Defective
5358,78449,Size Issue
5359,127353,Defective
5360,9193,Wrong Item
5361,94339,Changed Mind
5362,134568,Defective
5363,153791,Changed Mind
5364,158498,Arrived Late
5365,175472,Wrong Item
5366,178346,Wrong Item
5367,166205,Changed Mind
5368,170477,Wrong Item
5369,11892,Size Issue
5370,163190,Changed Mind
5371,71521,Defective
5372,20783,Arrived Late
5373,196322,Changed Mind
5374,17494,Changed Mind
5375,198908,Changed Mind
5376,150636,Arrived Late
5377,74352,Changed Mind
5378,8262,Arrived Late
5379,109092,Defective
5380,104299,Changed Mind
5381,112027,Defective
5382,56933,Changed Mind
5383,192354,Changed Mind
5384,808,Size Issue
5385,140150,Defective
5386,48499,Wrong Item
5387,187523,Arrived Late
5388,140166,Wrong Item
5389,34282,Arrived Late
5390,175726,Arrived Late
5391,161493,Wrong Item
5392,107592,Arrived Late
5393,104963,Wrong Item
5394,47480,Arrived Late
5395,171647,Wrong Item
5396,119173,Wrong Item
5397,171146,Wrong Item
5398,2381,Defective
5399,86144,Wrong Item
5400,101750,Changed Mind
5401,189278,Changed Mind
5402,196124,Wrong Item
5403,179361,Size Issue
5404,145750,Defective
5405,6649,Wrong Item
5406,183249,Size Issue
5407,195069,Changed Mind
5408,107622,Defective
5409,175897,Defective
5410,2721,Wrong Item
5411,158744,Size Issue
5412,171195,Wrong Item
5413,118769,Defective
5414,77401,Size Issue
5415,105512,Wrong Item
5416,138641,Changed Mind
5417,151861,Defective
5418,129112,Defective
5419,175789,Changed Mind
5420,110600,Arrived Late
5421,44356,Wrong Item
5422,58676,Arrived Late
5423,100821,Defective
5424,86430,Wrong Item
5425,145425,Size Issue
5426,172898,Wrong Item
5427,95092,Changed Mind
5428,78727,Wrong Item
5429,2051,Defective
5430,22096,Arrived Late
5431,194095,Wrong Item
5432,73692,Changed Mind
5433,179826,Size Issue
5434,74286,Changed Mind
5435,108788,Wrong Item
5436,143613,Arrived Late
5437,78981,Arrived Late
5438,146634,Wrong Item
5439,148240,Defective
5440,188995,Wrong Item
5441,178323,Wrong Item
5442,147201,Arrived Late
5443,97841,Changed Mind
5444,154674,Changed Mind
5445,77417,Size Issue
5446,88705,Wrong Item
5447,68411,Arrived Late
5448,118914,Changed Mind
5449,29116,Arrived Late
5450,163888,Size Issue
5451,96799,Changed Mind
5452,70562,Size Issue
5453,147052,Arrived Late
5454,86462,Defective
5455,27886,Changed Mind
5456,131094,Defective
5457,119282,Defective
5458,18141,Wrong Item
5459,14274,Arrived Late
5460,135856,Defective
5461,52558,Changed Mind
5462,12471,Defective
5463,146752,Changed Mind
5464,140394,Arrived Late
5465,33423,Changed Mind
5466,95240,Arrived Late
5467,113018,Changed Mind
5468,21354,Changed Mind
5469,3954,Arrived Late
5470,58332,Size Issue
5471,190525,Wrong Item
5472,130967,Defective
5473,145491,Arrived Late
5474,85423,Size Issue
5475,147924,Changed Mind
5476,181766,Arrived Late
5477,93415,Size Issue
5478,174881,Changed Mind
5479,52474,Size Issue
5480,8311,Changed Mind
5481,53681,Changed Mind
5482,132106,Size Issue
5483,24717,Wrong Item
5484,165533,Wrong Item
5485,113867,Arrived Late
5486,113800,Arrived Late
5487,122946,Changed Mind
5488,73429,Changed Mind
5489,88451,Arrived Late
5490,122157,Arrived Late
5491,115682,Wrong Item
5492,41083,Wrong Item
5493,117528,Changed Mind
5494,146891,Changed Mind
5495,111796,Size Issue
5496,119360,Wrong Item
5497,43095,Size Issue
5498,197960,Wrong Item
5499,49580,Arrived Late
5500,122872,Changed Mind
5501,70256,Arrived Late
5502,134011,Wrong Item
5503,10426,Changed Mind
5504,54997,Changed Mind
5505,178866,Arrived Late
5506,141396,Defective
5507,52289,Arrived Late
5508,162033,Defective
5509,45102,Size Issue
5510,53390,Defective
5511,17991,Defective
5512,116981,Changed Mind
5513,133006,Defective
5514,58216,Changed Mind
5515,32414,Changed Mind
5516,137468,Changed Mind
5517,180008,Wrong Item
5518,8037,Changed Mind
5519,30975,Size Issue
5520,84644,Wrong Item
5521,173634,Size Issue
5522,124951,Wrong Item
5523,129410,Wrong Item
5524,155326,Size Issue
5525,183712,Wrong Item
5526,19997,Size Issue
5527,71951,Size Issue
5528,71809,Size Issue
5529,116002,Changed Mind
5530,52863,Size Issue
5531,127570,Size Issue
5532,195271,Changed Mind
5533,48216,Wrong Item
5534,43247,Arrived Late
5535,70015,Changed Mind
5536,116095,Arrived Late
5537,193759,Size Issue
5538,83840,Wrong Item
5539,92436,Wrong Item
5540,35793,Defective
5541,129522,Changed Mind
5542,43216,Size Issue
5543,100967,Wrong Item
5544,162967,Arrived Late
5545,36674,Wrong Item
5546,44508,Changed Mind
5547,34912,Size Issue
5548,62230,Size Issue
5549,89399,Defective
5550,34753,Changed Mind
5551,1471,Wrong Item
5552,131324,Arrived Late
5553,163404,Size Issue
5554,20099,Size Issue
5555,31623,Wrong Item
5556,132641,Defective
5557,17549,Arrived Late
5558,60841,Wrong Item
5559,21805,Defective
5560,147853,Size Issue
5561,182160,Wrong Item
5562,187104,Wrong Item
5563,29377,Size Issue
5564,118314,Size Issue
5565,18922,Wrong Item
5566,194053,Wrong Item
5567,71725,Defective
5568,57587,Defective
5569,80243,Arrived Late
5570,28802,Defective
5571,95256,Changed Mind
5572,100558,Arrived Late
5573,53861,Changed Mind
5574,72483,Wrong Item
5575,76568,Arrived Late
5576,149338,Arrived Late
5577,91563,Arrived Late
5578,44619,Size Issue
5579,62615,Size Issue
5580,114114,Size Issue
5581,98293,Arrived Late
5582,141595,Changed Mind
5583,80957,Defective
5584,99136,Changed Mind
5585,164948,Changed Mind
5586,45517,Arrived Late
5587,35733,Size Issue
5588,20606,Defective
5589,138964,Defective
5590,94823,Wrong Item
5591,124441,Wrong Item
5592,180271,Defective
5593,140562,Arrived Late
5594,36750,Size Issue
5595,119268,Arrived Late
5596,140594,Wrong Item
5597,161252,Wrong Item
5598,104178,Changed Mind
5599,3271,Arrived Late
5600,126437,Defective
5601,127427,Size Issue
5602,164415,Wrong Item
5603,188526,Wrong Item
5604,7948,Size Issue
5605,158297,Wrong Item
5606,194455,Arrived Late
5607,11809,Changed Mind
5608,156355,Size Issue
5609,69852,Wrong Item
5610,178208,Arrived Late
5611,28335,Size Issue
5612,30589,Defective
5613,180239,Defective
5614,158515,Size Issue
5615,185783,Size Issue
5616,176822,Defective
5617,99919,Size Issue
5618,199613,Size Issue
5619,18678,Size Issue
5620,148682,Changed Mind
5621,128455,Size Issue
5622,27264,Arrived Late
5623,3107,Arrived Late
5624,118501,Defective
5625,196312,Size Issue
5626,57764,Defective
5627,52722,Size Issue
5628,11398,Wrong Item
5629,72191,Arrived Late
5630,199020,Changed Mind
5631,194172,Wrong Item
5632,105478,Wrong Item
5633,79447,Size Issue
5634,69844,Wrong Item
5635,186773,Arrived Late
5636,21686,Wrong Item
5637,76394,Wrong Item
5638,46411,Changed Mind
5639,186280,Arrived Late
5640,194804,Size Issue
5641,74639,Size Issue
5642,57343,Wrong Item
5643,1204,Wrong Item
5644,52099,Arrived Late
5645,164113,Defective
5646,34389,Wrong Item
5647,114085,Arrived Late
5648,197010,Changed Mind
5649,177149,Arrived Late
5650,99151,Size Issue
5651,42942,Arrived Late
5652,103120,Arrived Late
5653,180483,Defective
5654,115355,Size Issue
5655,19980,Changed Mind
5656,198869,Arrived Late
5657,7601,Defective
5658,199172,Wrong Item
5659,139659,Changed Mind
5660,16266,Defective
5661,198265,Arrived Late
5662,28501,Changed Mind
5663,157635,Defective
5664,36141,Defective
5665,64715,Arrived Late
5666,186229,Size Issue
5667,123104,Defective
5668,53915,Changed Mind
5669,110847,Changed Mind
5670,142906,Defective
5671,23115,Arrived Late
5672,90191,Arrived Late
5673,21480,Wrong Item
5674,41039,Wrong Item
5675,29669,Wrong Item
5676,108498,Changed Mind
5677,119899,Arrived Late
5678,195828,Wrong Item
5679,41224,Arrived Late
5680,99628,Arrived Late
5681,175345,Wrong Item
5682,77854,Defective
5683,105844,Defective
5684,127679,Defective
5685,42304,Wrong Item
5686,104873,Wrong Item
5687,168986,Wrong Item
5688,79174,Defective
5689,42530,Wrong Item
5690,22781,Arrived Late
5691,20623,Defective
5692,29530,Changed Mind
5693,26651,Arrived Late
5694,40082,Changed Mind
5695,167533,Size Issue
5696,24086,Defective
5697,94360,Wrong Item
5698,166414,Changed Mind
5699,193491,Arrived Late
5700,71901,Wrong Item
5701,76757,Changed Mind
5702,18355,Arrived Late
5703,185451,Size Issue
5704,151022,Changed Mind
5705,19042,Defective
5706,175776,Arrived Late
5707,63807,Wrong Item
5708,175617,Changed Mind
5709,136191,Changed Mind
5710,167304,Defective
5711,141743,Arrived Late
5712,124895,Changed Mind
5713,25717,Defective
5714,87767,Size Issue
5715,164939,Arrived Late
5716,131232,Changed Mind
5717,33512,Arrived Late
5718,156692,Defective
5719,186572,Changed Mind
5720,87352,Arrived Late
5721,113333,Changed Mind
5722,143748,Wrong Item
5723,9840,Arrived Late
5724,120244,Arrived Late
5725,108375,Defective
5726,182264,Defective
5727,114473,Changed Mind
5728,144049,Size Issue
5729,112411,Wrong Item
5730,173146,Defective
5731,115111,Changed Mind
5732,149726,Changed Mind
5733,132446,Arrived Late
5734,119382,Changed Mind
5735,111717,Arrived Late
5736,195079,Arrived Late
5737,78410,Wrong Item
5738,107937,Size Issue
5739,181408,Arrived Late
5740,115004,Wrong Item
5741,162012,Defective
5742,149000,Changed Mind
5743,84267,Changed Mind
5744,158459,Changed Mind
5745,31204,Defective
5746,107212,Arrived Late
5747,11036,Wrong Item
5748,69031,Wrong Item
5749,73915,Defective
5750,11597,Defective
5751,68959,Changed Mind
5752,138328,Arrived Late
5753,32518,Defective
5754,84916,Changed Mind
5755,196734,Arrived Late
5756,85958,Defective
5757,157144,Size Issue
5758,138928,Size Issue
5759,165814,Arrived Late
5760,33368,Defective
5761,137091,Size Issue
5762,95124,Changed Mind
5763,35840,Changed Mind
5764,144348,Defective
5765,57111,Changed Mind
5766,75685,Changed Mind
5767,38180,Arrived Late
5768,170981,Wrong Item
5769,80600,Changed Mind
5770,54343,Size Issue
5771,156416,Arrived Late
5772,18275,Wrong Item
5773,123060,Size Issue
5774,71102,Wrong Item
5775,63141,Defective
5776,120243,Size Issue
5777,77975,Defective
5778,62968,Changed Mind
5779,192805,Defective
5780,187093,Size Issue
5781,124630,Changed Mind
5782,19966,Defective
5783,114008,Size Issue
5784,161782,Changed Mind
5785,93404,Arrived Late
5786,9096,Changed Mind
5787,28710,Changed Mind
5788,133079,Arrived Late
5789,121704,Changed Mind
5790,154509,Defective
5791,73106,Changed Mind
5792,171016,Arrived Late
5793,125427,Wrong Item
5794,108696,Defective
5795,104506,Defective
5796,100645,Size Issue
5797,151041,Wrong Item
5798,53184,Changed Mind
5799,60456,Arrived Late
5800,89390,Defective
5801,158986,Wrong Item
5802,61689,Arrived Late
5803,198236,Wrong Item
5804,171321,Arrived Late
5805,131702,Wrong Item
5806,161840,Size Issue
5807,103433,Arrived Late
5808,123859,Size Issue
5809,64556,Arrived Late
5810,176043,Size Issue
5811,91984,Changed Mind
5812,39366,Defective
5813,189692,Defective
5814,167449,Defective
5815,37611,Changed Mind
5816,168305,Changed Mind
5817,106921,Size Issue
5818,137266,Defective
5819,59347,Size Issue
5820,67261,Changed Mind
5821,97397,Changed Mind
5822,144425,Defective
5823,54437,Size Issue
5824,180090,Wrong Item
5825,160993,Changed Mind
5826,71820,Defective
5827,105558,Size Issue
5828,14991,Wrong Item
5829,164450,Wrong Item
5830,114286,Defective
5831,126909,Arrived Late
5832,116915,Wrong Item
5833,185124,Arrived Late
5834,65943,Changed Mind
5835,2147,Arrived Late
5836,115919,Wrong Item
5837,95499,Wrong Item
5838,150447,Defective
5839,13784,Size Issue
5840,141980,Wrong Item
5841,180975,Changed Mind
5842,165311,Size Issue
5843,173427,Arrived Late
5844,96150,Arrived Late
5845,120743,Size Issue
5846,104990,Defective
5847,95766,Wrong Item
5848,161593,Changed Mind
5849,13580,Changed Mind
5850,169678,Size Issue
5851,184869,Size Issue
5852,141126,Changed Mind
5853,171224,Changed Mind
5854,7727,Wrong Item
5855,118910,Changed Mind
5856,195805,Changed Mind
5857,194465,Defective
5858,44560,Defective
5859,135363,Changed Mind
5860,180256,Wrong Item
5861,176700,Size Issue
5862,3396,Arrived Late
5863,65848,Size Issue
5864,74039,Changed Mind
5865,3453,Defective
5866,107315,Arrived Late
5867,117756,Wrong Item
5868,147424,Arrived Late
5869,54982,Defective
5870,128490,Size Issue
5871,36849,Changed Mind
5872,28446,Arrived Late
5873,80654,Defective
5874,57350,Changed Mind
5875,121386,Arrived Late
5876,9592,Defective
5877,103657,Size Issue
5878,46192,Wrong Item
5879,27901,Size Issue
5880,129081,Changed Mind
5881,78622,Defective
5882,185835,Changed Mind
5883,188525,Defective
5884,49699,Defective
5885,176495,Wrong Item
5886,178412,Wrong Item
5887,94904,Wrong Item
5888,169080,Size Issue
5889,144979,Wrong Item
5890,159666,Arrived Late
5891,5294,Changed Mind
5892,117335,Arrived Late
5893,178672,Arrived Late
5894,130,Wrong Item
5895,187660,Size Issue
5896,64964,Arrived Late
5897,26609,Changed Mind
5898,163235,Changed Mind
5899,192243,Wrong Item
5900,174342,Wrong Item
5901,8323,Wrong Item
5902,191979,Size Issue
5903,172323,Arrived Late
5904,11068,Arrived Late
5905,84434,Arrived Late
5906,167421,Changed Mind
5907,134006,Wrong Item
5908,115895,Arrived Late
5909,171299,Wrong Item
5910,1006,Arrived Late
5911,102876,Wrong Item
5912,49962,Defective
5913,84975,Changed Mind
5914,151442,Arrived Late
5915,51306,Wrong Item
5916,24076,Arrived Late
5917,71193,Changed Mind
5918,167423,Defective
5919,151776,Changed Mind
5920,89877,Changed Mind
5921,141515,Defective
5922,167572,Defective
5923,59453,Defective
5924,2755,Size Issue
5925,84925,Defective
5926,196626,Changed Mind
5927,7704,Arrived Late
5928,81740,Changed Mind
5929,122092,Wrong Item
5930,26352,Size Issue
5931,177706,Defective
5932,89549,Wrong Item
5933,115632,Defective
5934,88186,Arrived Late
5935,83160,Size Issue
5936,75730,Changed Mind
5937,45669,Size Issue
5938,115749,Arrived Late
5939,38701,Changed Mind
5940,74983,Arrived Late
5941,169382,Arrived Late
5942,141284,Arrived Late
5943,128377,Size Issue
5944,37806,Arrived Late
5945,8938,Arrived Late
5946,35277,Defective
5947,53141,Size Issue
5948,126144,Arrived Late
5949,11171,Size Issue
5950,157408,Changed Mind
5951,17721,Changed Mind
5952,148174,Wrong Item
5953,169177,Wrong Item
5954,180594,Changed Mind
5955,173735,Size Issue
5956,83630,Wrong Item
5957,189481,Size Issue
5958,190333,Size Issue
5959,191391,Wrong Item
5960,70378,Changed Mind
5961,61507,Changed Mind
5962,119769,Changed Mind
5963,154021,Size Issue
5964,104800,Changed Mind
5965,155488,Changed Mind
5966,16259,Size Issue
5967,129844,Defective
5968,103631,Changed Mind
5969,2043,Arrived Late
5970,169947,Changed Mind
5971,188863,Wrong Item
5972,194939,Arrived Late
5973,32508,Defective
5974,6159,Changed Mind
5975,124127,Arrived Late
5976,195090,Size Issue
5977,2467,Changed Mind
5978,86072,Arrived Late
5979,46273,Arrived Late
5980,184104,Changed Mind
5981,55940,Size Issue
5982,99510,Wrong Item
5983,163575,Size Issue
5984,56726,Defective
5985,1015,Changed Mind
5986,55474,Changed Mind
5987,155371,Wrong Item
5988,183480,Changed Mind
5989,57798,Size Issue
5990,121341,Size Issue
5991,43989,Size Issue
5992,28241,Wrong Item
5993,62269,Defective
5994,103355,Changed Mind
5995,2557,Arrived Late
5996,53574,Arrived Late
5997,160235,Defective
5998,62369,Size Issue
5999,5260,Changed Mind
6000,3847,Defective
6001,58454,Defective
6002,154783,Size Issue
6003,133639,Arrived Late
6004,98874,Changed Mind
6005,123425,Defective
6006,27998,Changed Mind
6007,69926,Size Issue
6008,65082,Arrived Late
6009,189482,Wrong Item
6010,76329,Changed Mind
6011,69496,Arrived Late
6012,170164,Arrived Late
6013,196182,Arrived Late
6014,39800,Changed Mind
6015,33912,Changed Mind
6016,35544,Size Issue
6017,78774,Defective
6018,53123,Size Issue
6019,61725,Wrong Item
6020,165945,Changed Mind
6021,64162,Size Issue
6022,38263,Size Issue
6023,22136,Changed Mind
6024,64516,Changed Mind
6025,65730,Arrived Late
6026,148914,Wrong Item
6027,115476,Wrong Item
6028,53589,Wrong Item
6029,20728,Size Issue
6030,98901,Arrived Late
6031,65620,Defective
6032,93862,Changed Mind
6033,41324,Defective
6034,68981,Wrong Item
6035,186148,Wrong Item
6036,170060,Arrived Late
6037,184431,Changed Mind
6038,41926,Wrong Item
6039,21222,Wrong Item
6040,109911,Changed Mind
6041,11015,Size Issue
6042,99341,Size Issue
6043,94455,Defective
6044,189904,Size Issue
6045,65356,Changed Mind
6046,126433,Wrong Item
6047,8906,Size Issue
6048,129712,Defective
6049,120255,Arrived Late
6050,59266,Wrong Item
6051,94447,Size Issue
6052,189069,Changed Mind
6053,134558,Defective
6054,22366,Size Issue
6055,34944,Size Issue
6056,179539,Defective
6057,111020,Arrived Late
6058,84512,Defective
6059,51552,Defective
6060,120841,Size Issue
6061,92891,Size Issue
6062,86345,Defective
6063,148860,Wrong Item
6064,169447,Changed Mind
6065,170042,Arrived Late
6066,183035,Defective
6067,167851,Changed Mind
6068,183258,Defective
6069,81364,Defective
6070,28767,Size Issue
6071,92881,Changed Mind
6072,178131,Arrived Late
6073,6386,Defective
6074,125556,Changed Mind
6075,1929,Arrived Late
6076,68304,Changed Mind
6077,172668,Size Issue
6078,10920,Arrived Late
6079,13141,Changed Mind
6080,11815,Wrong Item
6081,97734,Wrong Item
6082,66594,Wrong Item
6083,191149,Wrong Item
6084,112962,Wrong Item
6085,183769,Size Issue
6086,37560,Arrived Late
6087,149724,Size Issue
6088,167582,Changed Mind
6089,92508,Arrived Late
6090,40231,Defective
6091,193624,Defective
6092,123149,Arrived Late
6093,45869,Arrived Late
6094,5372,Wrong Item
6095,184939,Size Issue
6096,2625,Arrived Late
6097,138128,Defective
6098,172410,Arrived Late
6099,189158,Size Issue
6100,90415,Arrived Late
6101,92526,Wrong Item
6102,117416,Size Issue
6103,122728,Defective
6104,65960,Changed Mind
6105,62905,Defective
6106,7204,Size Issue
6107,127188,Defective
6108,43447,Arrived Late
6109,154703,Defective
6110,51245,Arrived Late
6111,99354,Size Issue
6112,83295,Changed Mind
6113,120913,Arrived Late
6114,50085,Defective
6115,125701,Arrived Late
6116,82405,Arrived Late
6117,158092,Changed Mind
6118,6966,Arrived Late
6119,77108,Arrived Late
6120,96961,Arrived Late
6121,165362,Arrived Late
6122,122251,Defective
6123,144308,Wrong Item
6124,118442,Changed Mind
6125,45544,Defective
6126,23076,Arrived Late
6127,130256,Arrived Late
6128,107053,Arrived Late
6129,115367,Arrived Late
6130,67644,Changed Mind
6131,93345,Arrived Late
6132,29488,Arrived Late
6133,58366,Size Issue
6134,137265,Defective
6135,161113,Defective
6136,20440,Size Issue
6137,75515,Defective
6138,193890,Defective
6139,62114,Wrong Item
6140,134441,Defective
6141,159178,Defective
6142,25854,Wrong Item
6143,72532,Changed Mind
6144,165157,Defective
6145,114116,Defective
6146,174764,Arrived Late
6147,22657,Wrong Item
6148,163074,Defective
6149,132746,Wrong Item
6150,102980,Changed Mind
6151,119670,Arrived Late
6152,107938,Size Issue
6153,190387,Defective
6154,148491,Changed Mind
6155,128072,Defective
6156,29731,Size Issue
6157,69656,Wrong Item
6158,196129,Wrong Item
6159,95782,Arrived Late
6160,159414,Arrived Late
6161,4358,Changed Mind
6162,14804,Size Issue
6163,128329,Arrived Late
6164,177558,Size Issue
6165,59656,Arrived Late
6166,55902,Defective
6167,99164,Size Issue
6168,73136,Arrived Late
6169,176022,Arrived Late
6170,32967,Changed Mind
6171,193028,Defective
6172,39583,Size Issue
6173,63268,Size Issue
6174,5057,Size Issue
6175,12643,Changed Mind
6176,98110,Size Issue
6177,43778,Arrived Late
6178,196844,Wrong Item
6179,148386,Changed Mind
6180,181903,Defective
6181,179333,Wrong Item
6182,144381,Size Issue
6183,99821,Size Issue
6184,77143,Changed Mind
6185,94836,Changed Mind
6186,160416,Size Issue
6187,1697,Defective
6188,88882,Defective
6189,56043,Defective
6190,116363,Changed Mind
6191,162041,Defective
6192,109500,Defective
6193,147812,Arrived Late
6194,88380,Wrong Item
6195,63845,Defective
6196,173772,Size Issue
6197,14895,Defective
6198,164866,Wrong Item
6199,33442,Wrong Item
6200,130980,Wrong Item
6201,70447,Defective
6202,54424,Size Issue
6203,58778,Arrived Late
6204,185808,Size Issue
6205,70046,Arrived Late
6206,185885,Size Issue
6207,124267,Size Issue
6208,56767,Defective
6209,74804,Wrong Item
6210,25913,Wrong Item
6211,149933,Wrong Item
6212,189504,Defective
6213,95852,Defective
6214,138496,Size Issue
6215,171581,Arrived Late
6216,34292,Changed Mind
6217,72063,Defective
6218,78121,Wrong Item
6219,144083,Changed Mind
6220,22647,Defective
6221,108699,Defective
6222,64365,Arrived Late
6223,60003,Size Issue
6224,153595,Size Issue
6225,116364,Defective
6226,35419,Changed Mind
6227,84231,Size Issue
6228,165964,Wrong Item
6229,147753,Arrived Late
6230,98871,Changed Mind
6231,14049,Arrived Late
6232,175143,Size Issue
6233,143348,Wrong Item
6234,30399,Wrong Item
6235,22953,Arrived Late
6236,153923,Changed Mind
6237,102228,Arrived Late
6238,106704,Wrong Item
6239,2398,Defective
6240,47651,Size Issue
6241,6153,Arrived Late
6242,128174,Size Issue
6243,93950,Arrived Late
6244,14171,Wrong Item
6245,20556,Defective
6246,157546,Wrong Item
6247,125743,Arrived Late
6248,133057,Size Issue
6249,191039,Arrived Late
6250,35603,Size Issue
6251,85502,Arrived Late
6252,3079,Wrong Item
6253,180708,Size Issue
6254,174950,Changed Mind
6255,155071,Defective
6256,173363,Defective
6257,15034,Changed Mind
6258,177567,Arrived Late
6259,194361,Defective
6260,24694,Size Issue
6261,91409,Size Issue
6262,63757,Changed Mind
6263,189991,Changed Mind
6264,52106,Defective
6265,96104,Changed Mind
6266,199130,Defective
6267,23622,Arrived Late
6268,142072,Size Issue
6269,94137,Changed Mind
6270,113590,Arrived Late
6271,141353,Changed Mind
6272,121057,Changed Mind
6273,189103,Arrived Late
6274,151596,Arrived Late
6275,168942,Defective
6276,62281,Defective
6277,146113,Defective
6278,128587,Defective
6279,108561,Arrived Late
6280,98815,Changed Mind
6281,172364,Changed Mind
6282,131220,Wrong Item
6283,52121,Changed Mind
6284,76015,Arrived Late
6285,140816,Size Issue
6286,196803,Size Issue
6287,10382,Arrived Late
6288,77115,Size Issue
6289,31547,Changed Mind
6290,50038,Size Issue
6291,92711,Changed Mind
6292,33529,Arrived Late
6293,33405,Size Issue
6294,71999,Defective
6295,190306,Changed Mind
6296,1122,Size Issue
6297,126450,Size Issue
6298,83173,Defective
6299,36894,Size Issue
6300,122949,Size Issue
6301,141313,Defective
6302,72781,Defective
6303,120617,Changed Mind
6304,4549,Wrong Item
6305,158743,Defective
6306,37350,Arrived Late
6307,157926,Defective
6308,59196,Arrived Late
6309,30273,Wrong Item
6310,169653,Changed Mind
6311,30183,Wrong Item
6312,109595,Wrong Item
6313,194171,Wrong Item
6314,177288,Size Issue
6315,16436,Wrong Item
6316,13234,Changed Mind
6317,193050,Arrived Late
6318,110894,Defective
6319,121046,Wrong Item
6320,33830,Wrong Item
6321,164919,Size Issue
6322,56607,Changed Mind
6323,180144,Changed Mind
6324,92259,Defective
6325,198029,Defective
6326,18750,Size Issue
6327,1806,Arrived Late
6328,112813,Size Issue
6329,14709,Changed Mind
6330,192180,Wrong Item
6331,76607,Size Issue
6332,180466,Arrived Late
6333,48129,Size Issue
6334,16415,Changed Mind
6335,141062,Size Issue
6336,79901,Size Issue
6337,119159,Defective
6338,185762,Arrived Late
6339,24702,Defective
6340,180744,Changed Mind
6341,151078,Size Issue
6342,8236,Defective
6343,125059,Size Issue
6344,163123,Size Issue
6345,87324,Changed Mind
6346,7693,Changed Mind
6347,62671,Arrived Late
6348,192597,Arrived Late
6349,52283,Size Issue
6350,154376,Changed Mind
6351,24727,Wrong Item
6352,135196,Defective
6353,192347,Size Issue
6354,84741,Wrong Item
6355,41632,Changed Mind
6356,118447,Size Issue
6357,48744,Size Issue
6358,106665,Defective
6359,113692,Size Issue
6360,18439,Changed Mind
6361,148383,Size Issue
6362,86786,Size Issue
6363,48863,Changed Mind
6364,108942,Size Issue
6365,151440,Arrived Late
6366,163590,Wrong Item
6367,28487,Wrong Item
6368,189723,Arrived Late
6369,145663,Size Issue
6370,67696,Wrong Item
6371,148997,Defective
6372,54468,Wrong Item
6373,165815,Size Issue
6374,147875,Changed Mind
6375,84184,Defective
6376,84296,Defective
6377,93653,Changed Mind
6378,40523,Changed Mind
6379,140013,Changed Mind
6380,121254,Size Issue
6381,13429,Wrong Item
6382,191063,Defective
6383,172245,Wrong Item
6384,7137,Size Issue
6385,182823,Changed Mind
6386,42595,Changed Mind
6387,175698,Size Issue
6388,113138,Changed Mind
6389,162319,Size Issue
6390,97879,Size Issue
6391,68288,Arrived Late
6392,27890,Defective
6393,118671,Changed Mind
6394,195568,Changed Mind
6395,43274,Arrived Late
6396,157739,Defective
6397,127244,Arrived Late
6398,188709,Arrived Late
6399,4088,Defective
6400,19085,Size Issue
6401,184802,Size Issue
6402,88960,Defective
6403,13736,Defective
6404,138965,Arrived Late
6405,35745,Size Issue
6406,48530,Wrong Item
6407,29764,Wrong Item
6408,120548,Arrived Late
6409,38211,Defective
6410,183237,Arrived Late
6411,21786,Defective
6412,70042,Size Issue
6413,13732,Defective
6414,163737,Changed Mind
6415,134690,Wrong Item
6416,135307,Wrong Item
6417,52637,Defective
6418,172415,Arrived Late
6419,126472,Size Issue
6420,97017,Arrived Late
6421,28323,Wrong Item
6422,948,Changed Mind
6423,197100,Changed Mind
6424,197480,Changed Mind
6425,126061,Defective
6426,172080,Size Issue
6427,110542,Wrong Item
6428,87409,Size Issue
6429,36936,Wrong Item
6430,94973,Changed Mind
6431,62885,Size Issue
6432,181997,Defective
6433,174052,Wrong Item
6434,131335,Defective
6435,22785,Changed Mind
6436,126232,Wrong Item
6437,59052,Defective
6438,84519,Wrong Item
6439,51658,Wrong Item
6440,52726,Arrived Late
6441,66051,Arrived Late
6442,79615,Size Issue
6443,164353,Size Issue
6444,467,Size Issue
6445,132260,Arrived Late
6446,129887,Wrong Item
6447,80045,Wrong Item
6448,5075,Arrived Late
6449,72535,Size Issue
6450,115512,Defective
6451,192934,Changed Mind
6452,109880,Changed Mind
6453,187308,Size Issue
6454,35580,Arrived Late
6455,8674,Wrong Item
6456,167713,Arrived Late
6457,168872,Changed Mind
6458,101920,Defective
6459,998,Defective
6460,64032,Arrived Late
6461,19058,Changed Mind
6462,116580,Changed Mind
6463,111003,Changed Mind
6464,97250,Size Issue
6465,127838,Defective
6466,57576,Wrong Item
6467,124027,Arrived Late
6468,143305,Defective
6469,31713,Wrong Item
6470,101423,Size Issue
6471,17269,Size Issue
6472,12462,Defective
6473,139134,Size Issue
6474,181490,Size Issue
6475,89070,Wrong Item
6476,198870,Wrong Item
6477,44749,Arrived Late
6478,86160,Arrived Late
6479,19475,Arrived Late
6480,68865,Size Issue
6481,109963,Defective
6482,158812,Size Issue
6483,93371,Arrived Late
6484,198500,Arrived Late
6485,137234,Defective
6486,118275,Size Issue
6487,110275,Arrived Late
6488,30050,Size Issue
6489,18877,Changed Mind
6490,7334,Size Issue
6491,116502,Size Issue
6492,197969,Arrived Late
6493,156980,Wrong Item
6494,121635,Size Issue
6495,106317,Wrong Item
6496,76974,Wrong Item
6497,79914,Size Issue
6498,71118,Wrong Item
6499,70330,Defective
6500,102355,Arrived Late
6501,175095,Size Issue
6502,126687,Arrived Late
6503,175282,Defective
6504,11008,Changed Mind
6505,127444,Arrived Late
6506,19953,Arrived Late
6507,162861,Changed Mind
6508,127620,Defective
6509,10217,Changed Mind
6510,43566,Changed Mind
6511,78614,Changed Mind
6512,179211,Arrived Late
6513,105942,Size Issue
6514,133696,Defective
6515,136404,Size Issue
6516,139436,Defective
6517,37359,Arrived Late
6518,183487,Size Issue
6519,153340,Arrived Late
6520,100612,Arrived Late
6521,121649,Changed Mind
6522,196433,Wrong Item
6523,9331,Wrong Item
6524,182692,Changed Mind
6525,147311,Changed Mind
6526,9496,Arrived Late
6527,18334,Defective
6528,194360,Arrived Late
6529,78848,Arrived Late
6530,16424,Size Issue
6531,161133,Wrong Item
6532,171246,Defective
6533,116084,Defective
6534,16218,Size Issue
6535,131136,Size Issue
6536,38624,Arrived Late
6537,4431,Arrived Late
6538,187021,Changed Mind
6539,154776,Arrived Late
6540,23591,Defective
6541,88443,Changed Mind
6542,84348,Arrived Late
6543,27236,Size Issue
6544,37509,Size Issue
6545,147130,Arrived Late
6546,151129,Size Issue
6547,55210,Wrong Item
6548,22855,Wrong Item
6549,178005,Arrived Late
6550,110614,Changed Mind
6551,60660,Arrived Late
6552,98679,Arrived Late
6553,119642,Defective
6554,32201,Wrong Item
6555,90091,Size Issue
6556,56677,Defective
6557,10936,Changed Mind
6558,136479,Defective
6559,126750,Changed Mind
6560,96576,Wrong Item
6561,170776,Size Issue
6562,142091,Arrived Late
6563,90074,Wrong Item
6564,61036,Arrived Late
6565,45348,Arrived Late
6566,37740,Changed Mind
6567,195720,Arrived Late
6568,36343,Changed Mind
6569,134300,Size Issue
6570,16148,Defective
6571,99144,Size Issue
6572,194473,Defective
6573,30778,Arrived Late
6574,148283,Arrived Late
6575,130029,Size Issue
6576,12799,Size Issue
6577,65846,Arrived Late
6578,123848,Changed Mind
6579,170362,Arrived Late
6580,57133,Wrong Item
6581,91728,Defective
6582,76623,Defective
6583,101339,Wrong Item
6584,105352,Wrong Item
6585,46524,Defective
6586,86616,Defective
6587,131939,Wrong Item
6588,136561,Changed Mind
6589,166978,Arrived Late
6590,108989,Size Issue
6591,91637,Defective
6592,151123,Size Issue
6593,23529,Arrived Late
6594,173952,Defective
6595,189739,Arrived Late
6596,14207,Defective
6597,177757,Wrong Item
6598,100143,Wrong Item
6599,80068,Wrong Item
6600,140358,Changed Mind
6601,165935,Arrived Late
6602,63417,Size Issue
6603,183427,Size Issue
6604,126413,Defective
6605,66076,Size Issue
6606,111499,Wrong Item
6607,130889,Wrong Item
6608,45265,Size Issue
6609,12456,Changed Mind
6610,7183,Wrong Item
6611,63591,Arrived Late
6612,95518,Defective
6613,177522,Changed Mind
6614,191530,Size Issue
6615,47604,Size Issue
6616,166600,Arrived Late
6617,91607,Size Issue
6618,11217,Arrived Late
6619,25658,Arrived Late
6620,159576,Size Issue
6621,184568,Arrived Late
6622,194680,Arrived Late
6623,4771,Size Issue
6624,124122,Arrived Late
6625,4630,Arrived Late
6626,40133,Changed Mind
6627,123529,Changed Mind
6628,165677,Wrong Item
6629,90657,Arrived Late
6630,17683,Arrived Late
6631,31759,Defective
6632,181428,Defective
6633,157782,Changed Mind
6634,47499,Arrived Late
6635,18690,Size Issue
6636,69428,Defective
6637,104906,Wrong Item
6638,160485,Wrong Item
6639,130454,Changed Mind
6640,185686,Defective
6641,54488,Size Issue
6642,9942,Size Issue
6643,56629,Size Issue
6644,184481,Changed Mind
6645,193965,Wrong Item
6646,113694,Size Issue
6647,10303,Changed Mind
6648,154836,Defective
6649,90323,Size Issue
6650,181107,Wrong Item
6651,142023,Size Issue
6652,19800,Size Issue
6653,107088,Wrong Item
6654,23547,Wrong Item
6655,3524,Changed Mind
6656,72200,Changed Mind
6657,69664,Size Issue
6658,104172,Changed Mind
6659,104904,Size Issue
6660,107162,Size Issue
6661,130048,Arrived Late
6662,31481,Size Issue
6663,117489,Defective
6664,55960,Defective
6665,174390,Arrived Late
6666,131619,Arrived Late
6667,117611,Size Issue
6668,67870,Size Issue
6669,12537,Size Issue
6670,543,Wrong Item
6671,176769,Wrong Item
6672,81517,Wrong Item
6673,127061,Changed Mind
6674,114391,Changed Mind
6675,109465,Arrived Late
6676,50347,Defective
6677,140091,Changed Mind
6678,107791,Size Issue
6679,150286,Defective
6680,75030,Arrived Late
6681,76944,Size Issue
6682,120401,Size Issue
6683,122238,Wrong Item
6684,153736,Wrong Item
6685,92665,Wrong Item
6686,58334,Arrived Late
6687,80617,Changed Mind
6688,106506,Size Issue
6689,112854,Arrived Late
6690,38708,Size Issue
6691,28092,Changed Mind
6692,80475,Size Issue
6693,115190,Arrived Late
6694,150301,Arrived Late
6695,7682,Changed Mind
6696,67672,Wrong Item
6697,184125,Defective
6698,10858,Changed Mind
6699,11190,Wrong Item
6700,105208,Arrived Late
6701,10407,Changed Mind
6702,130323,Size Issue
6703,55373,Defective
6704,79641,Arrived Late
6705,139714,Defective
6706,77097,Wrong Item
6707,177953,Arrived Late
6708,187709,Wrong Item
6709,77034,Changed Mind
6710,69798,Arrived Late
6711,163471,Wrong Item
6712,199461,Arrived Late
6713,126622,Changed Mind
6714,122939,Defective
6715,33643,Wrong Item
6716,185897,Defective
6717,196235,Arrived Late
6718,60907,Changed Mind
6719,175446,Arrived Late
6720,40661,Wrong Item
6721,105356,Size Issue
6722,22640,Size Issue
6723,171824,Arrived Late
6724,18127,Wrong Item
6725,75092,Arrived Late
6726,64581,Wrong Item
6727,72009,Defective
6728,7374,Changed Mind
6729,510,Size Issue
6730,74041,Arrived Late
6731,173825,Size Issue
6732,91757,Arrived Late
6733,137543,Arrived Late
6734,130213,Wrong Item
6735,135933,Defective
6736,3926,Defective
6737,22984,Changed Mind
6738,170491,Wrong Item
6739,39683,Arrived Late
6740,128860,Wrong Item
6741,185598,Changed Mind
6742,183472,Size Issue
6743,42465,Wrong Item
6744,151407,Changed Mind
6745,40470,Arrived Late
6746,154374,Changed Mind
6747,149433,Defective
6748,113126,Arrived Late
6749,153554,Changed Mind
6750,49280,Arrived Late
6751,32492,Arrived Late
6752,160506,Changed Mind
6753,29484,Wrong Item
6754,119408,Size Issue
6755,156191,Wrong Item
6756,152373,Changed Mind
6757,159159,Changed Mind
6758,96686,Arrived Late
6759,25720,Wrong Item
6760,20836,Size Issue
6761,97282,Arrived Late
6762,56048,Changed Mind
6763,112764,Arrived Late
6764,174990,Size Issue
6765,185724,Wrong Item
6766,22970,Defective
6767,76604,Wrong Item
6768,22161,Size Issue
6769,132309,Wrong Item
6770,195754,Wrong Item
6771,186862,Size Issue
6772,59468,Defective
6773,31918,Changed Mind
6774,185988,Defective
6775,192417,Changed Mind
6776,12409,Changed Mind
6777,112098,Wrong Item
6778,122510,Changed Mind
6779,91709,Size Issue
6780,38631,Changed Mind
6781,54315,Wrong Item
6782,107488,Changed Mind
6783,86170,Size Issue
6784,11130,Arrived Late
6785,1432,Arrived Late
6786,127273,Changed Mind
6787,77196,Changed Mind
6788,67209,Size Issue
6789,140112,Defective
6790,38418,Arrived Late
6791,9774,Wrong Item
6792,153545,Size Issue
6793,82992,Size Issue
6794,51738,Arrived Late
6795,14326,Arrived Late
6796,73409,Changed Mind
6797,15936,Defective
6798,3873,Size Issue
6799,159651,Arrived Late
6800,34431,Arrived Late
6801,116321,Wrong Item
6802,113608,Defective
6803,121373,Defective
6804,96720,Wrong Item
6805,197355,Defective
6806,153842,Arrived Late
6807,147297,Size Issue
6808,48795,Changed Mind
6809,191824,Size Issue
6810,114598,Defective
6811,162923,Size Issue
6812,120434,Defective
6813,137738,Size Issue
6814,195615,Arrived Late
6815,105745,Arrived Late
6816,191335,Arrived Late
6817,120878,Wrong Item
6818,2202,Size Issue
6819,1296,Defective
6820,29919,Wrong Item
6821,153607,Wrong Item
6822,60956,Defective
6823,156695,Defective
6824,189358,Arrived Late
6825,11963,Wrong Item
6826,135037,Defective
6827,92301,Changed Mind
6828,80953,Arrived Late
6829,89002,Changed Mind
6830,124969,Size Issue
6831,121429,Defective
6832,166660,Arrived Late
6833,195451,Wrong Item
6834,109578,Changed Mind
6835,160713,Changed Mind
6836,26759,Defective
6837,31916,Changed Mind
6838,173845,Changed Mind
6839,47202,Wrong Item
6840,18133,Changed Mind
6841,99718,Changed Mind
6842,160161,Changed Mind
6843,161149,Changed Mind
6844,161905,Arrived Late
6845,150859,Size Issue
6846,113472,Wrong Item
6847,3503,Changed Mind
6848,4316,Size Issue
6849,147874,Arrived Late
6850,336,Size Issue
6851,161083,Changed Mind
6852,179877,Wrong Item
6853,4462,Changed Mind
6854,26230,Arrived Late
6855,195408,Wrong Item
6856,117311,Arrived Late
6857,125839,Wrong Item
6858,72628,Arrived Late
6859,71660,Wrong Item
6860,147674,Wrong Item
6861,3359,Wrong Item
6862,171885,Size Issue
6863,158217,Arrived Late
6864,81827,Defective
6865,441,Size Issue
6866,79832,Arrived Late
6867,141428,Size Issue
6868,146305,Wrong Item
6869,182784,Wrong Item
6870,95647,Size Issue
6871,155626,Wrong Item
6872,36951,Changed Mind
6873,140600,Size Issue
6874,148834,Changed Mind
6875,123639,Changed Mind
6876,110104,Arrived Late
6877,50356,Arrived Late
6878,12109,Wrong Item
6879,110168,Arrived Late
6880,179949,Changed Mind
6881,65800,Arrived Late
6882,171124,Arrived Late
6883,168091,Wrong Item
6884,96995,Wrong Item
6885,111306,Size Issue
6886,75149,Arrived Late
6887,29606,Wrong Item
6888,146726,Defective
6889,199466,Size Issue
6890,26812,Size Issue
6891,191469,Changed Mind
6892,139632,Defective
6893,77525,Changed Mind
6894,162545,Wrong Item
6895,67345,Size Issue
6896,46933,Size Issue
6897,144870,Defective
6898,164261,Wrong Item
6899,23197,Arrived Late
6900,99395,Size Issue
6901,64608,Wrong Item
6902,84492,Wrong Item
6903,41049,Arrived Late
6904,10572,Arrived Late
6905,48225,Defective
6906,97905,Arrived Late
6907,81671,Arrived Late
6908,102828,Defective
6909,60779,Size Issue
6910,136603,Size Issue
6911,150799,Arrived Late
6912,177919,Wrong Item
6913,46364,Arrived Late
6914,169322,Size Issue
6915,83289,Defective
6916,32642,Changed Mind
6917,35144,Defective
6918,186751,Size Issue
6919,54883,Changed Mind
6920,12671,Defective
6921,123656,Wrong Item
6922,98911,Arrived Late
6923,38396,Defective
6924,81520,Wrong Item
6925,32820,Wrong Item
6926,92105,Size Issue
6927,15751,Defective
6928,135376,Arrived Late
6929,81015,Wrong Item
6930,93123,Wrong Item
6931,82656,Changed Mind
6932,117430,Size Issue
6933,28684,Wrong Item
6934,4924,Size Issue
6935,113255,Arrived Late
6936,122269,Changed Mind
6937,129021,Changed Mind
6938,83241,Wrong Item
6939,125842,Arrived Late
6940,140295,Size Issue
6941,141628,Wrong Item
6942,140858,Defective
6943,172627,Wrong Item
6944,87811,Defective
6945,185884,Changed Mind
6946,26111,Changed Mind
6947,171375,Wrong Item
6948,124254,Defective
6949,72007,Arrived Late
6950,59831,Size Issue
6951,164719,Size Issue
6952,185060,Size Issue
6953,191082,Defective
6954,89259,Size Issue
6955,46917,Wrong Item
6956,91575,Size Issue
6957,144855,Size Issue
6958,164574,Wrong Item
6959,131226,Arrived Late
6960,106613,Wrong Item
6961,184066,Changed Mind
6962,118464,Changed Mind
6963,167374,Size Issue
6964,148564,Size Issue
6965,82747,Arrived Late
6966,46444,Arrived Late
6967,150480,Defective
6968,140151,Changed Mind
6969,197053,Defective
6970,167058,Wrong Item
6971,188163,Size Issue
6972,70372,Arrived Late
6973,112286,Arrived Late
6974,26908,Defective
6975,139323,Wrong Item
6976,199313,Wrong Item
6977,180280,Wrong Item
6978,191713,Changed Mind
6979,28025,Arrived Late
6980,16080,Defective
6981,88725,Size Issue
6982,84193,Size Issue
6983,190748,Changed Mind
6984,124824,Arrived Late
6985,58466,Changed Mind
6986,100965,Arrived Late
6987,27630,Defective
6988,165515,Size Issue
6989,3084,Wrong Item
6990,151318,Wrong Item
6991,172067,Arrived Late
6992,49143,Arrived Late
6993,72408,Defective
6994,25412,Arrived Late
6995,47624,Wrong Item
6996,5915,Size Issue
6997,124424,Changed Mind
6998,129979,Arrived Late
6999,181132,Defective
7000,17924,Changed Mind
7001,20686,Arrived Late
7002,22963,Arrived Late
7003,195719,Size Issue
7004,163926,Defective
7005,43870,Arrived Late
7006,32232,Changed Mind
7007,72771,Arrived Late
7008,69947,Size Issue
7009,53460,Changed Mind
7010,64706,Arrived Late
7011,131659,Wrong Item
7012,81820,Wrong Item
7013,30099,Wrong Item
7014,77929,Changed Mind
7015,31457,Changed Mind
7016,49107,Wrong Item
7017,52575,Changed Mind
7018,152881,Wrong Item
7019,29927,Size Issue
7020,67679,Size Issue
7021,115765,Wrong Item
7022,192163,Defective
7023,104088,Defective
7024,57025,Arrived Late
7025,19353,Arrived Late
7026,96085,Wrong Item
7027,115469,Arrived Late
7028,69234,Arrived Late
7029,176428,Arrived Late
7030,127325,Changed Mind
7031,166764,Arrived Late
7032,13346,Changed Mind
7033,147022,Wrong Item
7034,52138,Arrived Late
7035,74831,Size Issue
7036,188368,Arrived Late
7037,83084,Wrong Item
7038,22870,Wrong Item
7039,163222,Defective
7040,32740,Changed Mind
7041,19081,Arrived Late
7042,7646,Arrived Late
7043,59635,Arrived Late
7044,84674,Wrong Item
7045,190739,Changed Mind
7046,156874,Wrong Item
7047,161323,Changed Mind
7048,34295,Arrived Late
7049,32282,Defective
7050,198785,Changed Mind
7051,171197,Defective
7052,20987,Wrong Item
7053,1903,Arrived Late
7054,158434,Arrived Late
7055,71053,Changed Mind
7056,177200,Size Issue
7057,78363,Wrong Item
7058,82792,Wrong Item
7059,10702,Arrived Late
7060,38109,Defective
7061,185291,Defective
7062,124769,Size Issue
7063,90911,Size Issue
7064,145540,Wrong Item
7065,192140,Changed Mind
7066,74472,Changed Mind
7067,159672,Wrong Item
7068,136489,Size Issue
7069,41313,Changed Mind
7070,52004,Size Issue
7071,42346,Size Issue
7072,146328,Size Issue
7073,146796,Changed Mind
7074,86747,Defective
7075,64201,Defective
7076,166851,Changed Mind
7077,16851,Size Issue
7078,170631,Changed Mind
7079,181417,Changed Mind
7080,27194,Changed Mind
7081,155391,Changed Mind
7082,64321,Changed Mind
7083,39488,Changed Mind
7084,1564,Wrong Item
7085,45872,Defective
7086,53164,Wrong Item
7087,95020,Defective
7088,84812,Arrived Late
7089,149029,Arrived Late
7090,104600,Defective
7091,3894,Wrong Item
7092,60530,Size Issue
7093,93475,Wrong Item
7094,180250,Size Issue
7095,117618,Size Issue
7096,104051,Arrived Late
7097,99393,Defective
7098,152085,Arrived Late
7099,2032,Size Issue
7100,117330,Defective
7101,112540,Arrived Late
7102,174474,Size Issue
7103,105207,Wrong Item
7104,126449,Wrong Item
7105,67929,Wrong Item
7106,91589,Wrong Item
7107,2810,Size Issue
7108,52632,Wrong Item
7109,109960,Size Issue
7110,8169,Size Issue
7111,76665,Wrong Item
7112,183008,Changed Mind
7113,129214,Wrong Item
7114,148958,Arrived Late
7115,192991,Arrived Late
7116,33624,Arrived Late
7117,184026,Defective
7118,130087,Defective
7119,176473,Arrived Late
7120,168550,Changed Mind
7121,162921,Arrived Late
7122,62068,Wrong Item
7123,128592,Size Issue
7124,147606,Defective
7125,16694,Defective
7126,182057,Wrong Item
7127,175381,Changed Mind
7128,57400,Changed Mind
7129,77071,Size Issue
7130,37900,Defective
7131,112389,Size Issue
7132,162298,Defective
7133,39726,Size Issue
7134,46386,Arrived Late
7135,20129,Wrong Item
7136,59187,Size Issue
7137,42831,Size Issue
7138,66243,Defective
7139,96882,Wrong Item
7140,170505,Wrong Item
7141,164815,Arrived Late
7142,50522,Changed Mind
7143,91076,Changed Mind
7144,156029,Size Issue
7145,128222,Changed Mind
7146,167069,Changed Mind
7147,43433,Defective
7148,32363,Wrong Item
7149,20113,Defective
7150,33771,Defective
7151,141322,Arrived Late
7152,116462,Size Issue
7153,170451,Changed Mind
7154,87972,Changed Mind
7155,180417,Wrong Item
7156,171442,Arrived Late
7157,10266,Changed Mind
7158,122860,Size Issue
7159,66222,Arrived Late
7160,57935,Changed Mind
7161,2275,Defective
7162,140124,Defective
7163,15116,Defective
7164,89845,Wrong Item
7165,105781,Wrong Item
7166,32425,Arrived Late
7167,29774,Changed Mind
7168,81842,Size Issue
7169,88001,Size Issue
7170,13484,Wrong Item
7171,102241,Changed Mind
7172,18006,Changed Mind
7173,4802,Size Issue
7174,167651,Wrong Item
7175,47129,Size Issue
7176,85824,Arrived Late
7177,107013,Defective
7178,43300,Changed Mind
7179,156625,Changed Mind
7180,122765,Wrong Item
7181,11577,Size Issue
7182,88086,Wrong Item
7183,155897,Wrong Item
7184,42807,Arrived Late
7185,69,Arrived Late
7186,51300,Changed Mind
7187,175403,Changed Mind
7188,98725,Arrived Late
7189,179686,Wrong Item
7190,199803,Wrong Item
7191,15265,Arrived Late
7192,113280,Defective
7193,193820,Size Issue
7194,177679,Arrived Late
7195,127972,Defective
7196,185323,Changed Mind
7197,152396,Defective
7198,173211,Size Issue
7199,136341,Arrived Late
7200,138594,Defective
7201,76785,Wrong Item
7202,30101,Changed Mind
7203,169655,Size Issue
7204,94146,Arrived Late
7205,171446,Defective
7206,75372,Arrived Late
7207,133047,Size Issue
7208,15993,Size Issue
7209,187173,Arrived Late
7210,8450,Wrong Item
7211,180293,Arrived Late
7212,188460,Changed Mind
7213,6219,Wrong Item
7214,138010,Size Issue
7215,21731,Size Issue
7216,5352,Arrived Late
7217,111540,Wrong Item
7218,177392,Wrong Item
7219,43980,Defective
7220,21617,Defective
7221,63146,Wrong Item
7222,28672,Size Issue
7223,196545,Size Issue
7224,120422,Changed Mind
7225,135899,Size Issue
7226,137709,Arrived Late
7227,5207,Arrived Late
7228,39367,Changed Mind
7229,82628,Size Issue
7230,161907,Arrived Late
7231,31096,Size Issue
7232,86554,Defective
7233,81122,Arrived Late
7234,160370,Size Issue
7235,172440,Defective
7236,35147,Wrong Item
7237,15324,Defective
7238,104130,Changed Mind
7239,15039,Defective
7240,160828,Arrived Late
7241,156178,Defective
7242,163434,Defective
7243,4385,Arrived Late
7244,140534,Size Issue
7245,61897,Size Issue
7246,199230,Arrived Late
7247,127741,Size Issue
7248,148894,Wrong Item
7249,26747,Wrong Item
7250,164505,Size Issue
7251,6687,Defective
7252,60196,Changed Mind
7253,67264,Size Issue
7254,25074,Defective
7255,114832,Size Issue
7256,171149,Arrived Late
7257,28570,Arrived Late
7258,68917,Wrong Item
7259,7446,Arrived Late
7260,96093,Size Issue
7261,38000,Wrong Item
7262,14598,Defective
7263,15868,Changed Mind
7264,114507,Changed Mind
7265,87146,Wrong Item
7266,36779,Wrong Item
7267,100801,Arrived Late
7268,53576,Defective
7269,180951,Size Issue
7270,9115,Wrong Item
7271,105462,Arrived Late
7272,120256,Size Issue
7273,189770,Size Issue
7274,5995,Wrong Item
7275,188102,Arrived Late
7276,96631,Size Issue
7277,168416,Defective
7278,59245,Arrived Late
7279,65956,Defective
7280,100926,Size Issue
7281,42265,Defective
7282,61153,Arrived Late
7283,168693,Defective
7284,157099,Arrived Late
7285,77055,Changed Mind
7286,104501,Wrong Item
7287,130207,Wrong Item
7288,150326,Changed Mind
7289,107426,Defective
7290,57793,Arrived Late
7291,83046,Arrived Late
7292,53166,Changed Mind
7293,120109,Size Issue
7294,24858,Size Issue
7295,17394,Wrong Item
7296,48118,Defective
7297,94018,Size Issue
7298,51620,Arrived Late
7299,154270,Wrong Item
7300,143930,Wrong Item
7301,97530,Size Issue
7302,169062,Changed Mind
7303,81681,Arrived Late
7304,88104,Size Issue
7305,173081,Arrived Late
7306,179993,Changed Mind
7307,177994,Changed Mind
7308,70516,Arrived Late
7309,127108,Defective
7310,121236,Arrived Late
7311,145147,Arrived Late
7312,12432,Wrong Item
7313,86167,Arrived Late
7314,6818,Size Issue
7315,160975,Size Issue
7316,4280,Arrived Late
7317,40391,Arrived Late
7318,143218,Wrong Item
7319,78681,Wrong Item
7320,109277,Arrived Late
7321,78039,Arrived Late
7322,164336,Defective
7323,84507,Defective
7324,93101,Changed Mind
7325,3768,Size Issue
7326,55272,Defective
7327,103005,Changed Mind
7328,72554,Size Issue
7329,19660,Defective
7330,169645,Changed Mind
7331,143112,Arrived Late
7332,67792,Arrived Late
7333,117775,Arrived Late
7334,109607,Arrived Late
7335,55793,Defective
7336,121366,Arrived Late
7337,184566,Wrong Item
7338,31919,Size Issue
7339,153040,Defective
7340,168595,Size Issue
7341,72273,Arrived Late
7342,179794,Wrong Item
7343,118691,Wrong Item
7344,162218,Arrived Late
7345,100070,Defective
7346,109601,Size Issue
7347,130650,Defective
7348,35664,Defective
7349,145961,Arrived Late
7350,5481,Changed Mind
7351,35110,Defective
7352,23580,Size Issue
7353,15907,Changed Mind
7354,106481,Size Issue
7355,105619,Changed Mind
7356,10697,Wrong Item
7357,135316,Arrived Late
7358,82794,Changed Mind
7359,179255,Arrived Late
7360,148050,Arrived Late
7361,32147,Arrived Late
7362,69697,Changed Mind
7363,25244,Size Issue
7364,18467,Arrived Late
7365,66964,Arrived Late
7366,90301,Size Issue
7367,3852,Size Issue
7368,87294,Defective
7369,129354,Defective
7370,119869,Changed Mind
7371,171202,Changed Mind
7372,165126,Wrong Item
7373,115798,Defective
7374,43399,Changed Mind
7375,157872,Size Issue
7376,89889,Defective
7377,31869,Defective
7378,10974,Wrong Item
7379,440,Defective
7380,51072,Arrived Late
7381,2436,Arrived Late
7382,91481,Defective
7383,87206,Arrived Late
7384,77204,Size Issue
7385,29304,Wrong Item
7386,146854,Defective
7387,81819,Arrived Late
7388,146560,Changed Mind
7389,126174,Size Issue
7390,15100,Arrived Late
7391,163666,Changed Mind
7392,84776,Changed Mind
7393,28569,Wrong Item
7394,152195,Arrived Late
7395,138938,Changed Mind
7396,148179,Wrong Item
7397,41805,Arrived Late
7398,58056,Wrong Item
7399,116126,Wrong Item
7400,186537,Wrong Item
7401,131388,Changed Mind
7402,103634,Defective
7403,98316,Changed Mind
7404,17633,Arrived Late
7405,111759,Defective
7406,52987,Wrong Item
7407,113626,Defective
7408,104430,Size Issue
7409,11573,Arrived Late
7410,44842,Wrong Item
7411,12183,Arrived Late
7412,100629,Defective
7413,42911,Size Issue
7414,153335,Defective
7415,42240,Changed Mind
7416,189469,Size Issue
7417,144101,Size Issue
7418,182687,Changed Mind
7419,198522,Changed Mind
7420,72655,Arrived Late
7421,136115,Size Issue
7422,156613,Arrived Late
7423,93386,Size Issue
7424,14588,Size Issue
7425,20832,Defective
7426,153999,Arrived Late
7427,2938,Wrong Item
7428,169631,Defective
7429,179753,Size Issue
7430,37662,Defective
7431,51585,Size Issue
7432,152646,Size Issue
7433,38231,Wrong Item
7434,14051,Wrong Item
7435,187641,Size Issue
7436,66685,Size Issue
7437,2864,Size Issue
7438,161097,Defective
7439,104515,Wrong Item
7440,65937,Wrong Item
7441,64548,Arrived Late
7442,93685,Defective
7443,163336,Changed Mind
7444,140682,Defective
7445,6120,Wrong Item
7446,153380,Changed Mind
7447,67746,Arrived Late
7448,35686,Changed Mind
7449,113688,Size Issue
7450,14573,Wrong Item
7451,72806,Arrived Late
7452,78746,Changed Mind
7453,26235,Size Issue
7454,96542,Changed Mind
7455,36890,Size Issue
7456,153670,Defective
7457,122751,Defective
7458,92129,Defective
7459,186558,Arrived Late
7460,36396,Defective
7461,119752,Arrived Late
7462,129452,Changed Mind
7463,193578,Wrong Item
7464,83445,Wrong Item
7465,26298,Changed Mind
7466,70246,Wrong Item
7467,82191,Size Issue
7468,136336,Changed Mind
7469,177635,Defective
7470,18154,Changed Mind
7471,84839,Changed Mind
7472,185169,Size Issue
7473,134376,Arrived Late
7474,174083,Defective
7475,139140,Wrong Item
7476,25751,Arrived Late
7477,97303,Wrong Item
7478,148368,Size Issue
7479,131138,Defective
7480,115079,Arrived Late
7481,154750,Wrong Item
7482,10128,Defective
7483,151731,Size Issue
7484,162226,Defective
7485,118679,Changed Mind
7486,1626,Size Issue
7487,141594,Changed Mind
7488,153794,Wrong Item
7489,152775,Wrong Item
7490,106911,Defective
7491,12040,Wrong Item
7492,55103,Changed Mind
7493,140372,Size Issue
7494,45536,Wrong Item
7495,1387,Arrived Late
7496,85945,Changed Mind
7497,173746,Defective
7498,5344,Defective
7499,87399,Wrong Item
7500,22401,Arrived Late
7501,132126,Changed Mind
7502,42485,Arrived Late
7503,62466,Changed Mind
7504,174946,Changed Mind
7505,186200,Wrong Item
7506,184896,Arrived Late
7507,118031,Wrong Item
7508,16310,Changed Mind
7509,116274,Defective
7510,131728,Defective
7511,79581,Defective
7512,130501,Defective
7513,26008,Arrived Late
7514,184668,Size Issue
7515,92076,Wrong Item
7516,2633,Size Issue
7517,35885,Changed Mind
7518,139162,Wrong Item
7519,190624,Changed Mind
7520,181779,Wrong Item
7521,25030,Changed Mind
7522,72543,Changed Mind
7523,105906,Wrong Item
7524,175279,Changed Mind
7525,159346,Changed Mind
7526,159214,Wrong Item
7527,17264,Defective
7528,34478,Changed Mind
7529,106673,Defective
7530,78478,Changed Mind
7531,52606,Wrong Item
7532,131784,Defective
7533,30259,Changed Mind
7534,16762,Size Issue
7535,27808,Size Issue
7536,88381,Size Issue
7537,146803,Changed Mind
7538,47741,Size Issue
7539,68066,Defective
7540,67612,Size Issue
7541,163267,Arrived Late
7542,96509,Size Issue
7543,11470,Wrong Item
7544,13233,Wrong Item
7545,181463,Defective
7546,156017,Arrived Late
7547,116005,Size Issue
7548,196057,Changed Mind
7549,23654,Changed Mind
7550,81290,Size Issue
7551,21962,Wrong Item
7552,2922,Wrong Item
7553,60296,Defective
7554,130046,Changed Mind
7555,127097,Arrived Late
7556,71350,Changed Mind
7557,134743,Defective
7558,163755,Arrived Late
7559,132638,Changed Mind
7560,189013,Changed Mind
7561,184560,Arrived Late
7562,137957,Defective
7563,30096,Arrived Late
7564,75991,Wrong Item
7565,75232,Changed Mind
7566,99364,Arrived Late
7567,108987,Size Issue
7568,21890,Size Issue
7569,67074,Size Issue
7570,172670,Defective
7571,237,Defective
7572,173628,Arrived Late
7573,128428,Size Issue
7574,135085,Size Issue
7575,45214,Changed Mind
7576,123976,Size Issue
7577,183189,Defective
7578,74888,Wrong Item
7579,18171,Defective
7580,192337,Defective
7581,100953,Changed Mind
7582,124031,Defective
7583,156420,Wrong Item
7584,128812,Wrong Item
7585,45281,Changed Mind
7586,63238,Arrived Late
7587,1838,Wrong Item
7588,44994,Defective
7589,95404,Arrived Late
7590,25948,Arrived Late
7591,173688,Changed Mind
7592,184714,Defective
7593,192764,Changed Mind
7594,69441,Size Issue
7595,5960,Changed Mind
7596,194472,Size Issue
7597,50456,Size Issue
7598,102809,Wrong Item
7599,20167,Defective
7600,164597,Defective
7601,155064,Defective
7602,67747,Wrong Item
7603,174772,Wrong Item
7604,139184,Defective
7605,42428,Wrong Item
7606,30991,Changed Mind
7607,30945,Defective
7608,143740,Changed Mind
7609,6601,Arrived Late
7610,96714,Arrived Late
7611,195273,Size Issue
7612,26523,Size Issue
7613,31288,Wrong Item
7614,145886,Changed Mind
7615,110794,Defective
7616,110969,Wrong Item
7617,23321,Changed Mind
7618,47210,Arrived Late
7619,173752,Changed Mind
7620,35023,Wrong Item
7621,26637,Changed Mind
7622,42120,Changed Mind
7623,103823,Arrived Late
7624,95776,Defective
7625,39663,Defective
7626,125363,Arrived Late
7627,21798,Defective
7628,142011,Size Issue
7629,162385,Defective
7630,115335,Wrong Item
7631,129248,Arrived Late
7632,169453,Wrong Item
7633,44002,Size Issue
7634,20403,Size Issue
7635,159699,Changed Mind
7636,51886,Arrived Late
7637,28731,Wrong Item
7638,196481,Defective
7639,167594,Size Issue
7640,185220,Defective
7641,39183,Size Issue
7642,128219,Changed Mind
7643,119338,Defective
7644,28013,Wrong Item
7645,95932,Changed Mind
7646,55421,Wrong Item
7647,74245,Size Issue
7648,123629,Size Issue
7649,154562,Arrived Late
7650,132370,Changed Mind
7651,106783,Changed Mind
7652,104195,Wrong Item
7653,34356,Size Issue
7654,103643,Defective
7655,48901,Changed Mind
7656,146821,Arrived Late
7657,159486,Wrong Item
7658,172387,Defective
7659,69035,Size Issue
7660,158188,Changed Mind
7661,183507,Size Issue
7662,168407,Defective
7663,62533,Arrived Late
7664,50992,Size Issue
7665,156220,Wrong Item
7666,79356,Arrived Late
7667,118054,Arrived Late
7668,63980,Arrived Late
7669,7052,Changed Mind
7670,29680,Size Issue
7671,80492,Changed Mind
7672,43011,Wrong Item
7673,189108,Arrived Late
7674,23467,Wrong Item
7675,47186,Changed Mind
7676,74517,Size Issue
7677,21170,Changed Mind
7678,139294,Defective
7679,46434,Defective
7680,109381,Size Issue
7681,153223,Arrived Late
7682,102600,Size Issue
7683,121687,Changed Mind
7684,131561,Wrong Item
7685,38038,Arrived Late
7686,173551,Wrong Item
7687,129822,Wrong Item
7688,63162,Wrong Item
7689,17318,Arrived Late
7690,136611,Wrong Item
7691,55271,Wrong Item
7692,84352,Changed Mind
7693,141433,Size Issue
7694,154583,Changed Mind
7695,22180,Defective
7696,150214,Defective
7697,129966,Wrong Item
7698,24855,Changed Mind
7699,43583,Arrived Late
7700,73346,Wrong Item
7701,178819,Arrived Late
7702,160088,Size Issue
7703,158542,Changed Mind
7704,137456,Size Issue
7705,132733,Defective
7706,49080,Size Issue
7707,6258,Defective
7708,160043,Changed Mind
7709,101267,Arrived Late
7710,159866,Wrong Item
7711,124248,Size Issue
7712,138075,Changed Mind
7713,133726,Changed Mind
7714,135576,Size Issue
7715,73334,Changed Mind
7716,147571,Changed Mind
7717,5765,Wrong Item
7718,138340,Defective
7719,39359,Defective
7720,148779,Size Issue
7721,79381,Changed Mind
7722,171572,Defective
7723,70391,Size Issue
7724,191882,Defective
7725,37950,Wrong Item
7726,6576,Wrong Item
7727,117879,Arrived Late
7728,117529,Size Issue
7729,98170,Changed Mind
7730,198874,Changed Mind
7731,26195,Wrong Item
7732,133122,Defective
7733,145711,Changed Mind
7734,95523,Arrived Late
7735,65193,Arrived Late
7736,37309,Defective
7737,112663,Arrived Late
7738,171709,Changed Mind
7739,128988,Changed Mind
7740,138227,Changed Mind
7741,82503,Changed Mind
7742,83844,Changed Mind
7743,77106,Changed Mind
7744,62742,Defective
7745,69246,Size Issue
7746,52647,Changed Mind
7747,190657,Defective
7748,66091,Changed Mind
7749,151021,Defective
7750,199353,Size Issue
7751,83613,Size Issue
7752,150815,Changed Mind
7753,145466,Changed Mind
7754,111670,Arrived Late
7755,87195,Changed Mind
7756,176461,Arrived Late
7757,152036,Changed Mind
7758,78254,Wrong Item
7759,186927,Size Issue
7760,112931,Arrived Late
7761,46219,Size Issue
7762,134681,Arrived Late
7763,163573,Size Issue
7764,75207,Size Issue
7765,144164,Defective
7766,37563,Arrived Late
7767,143845,Wrong Item
7768,130099,Wrong Item
7769,182356,Arrived Late
7770,7353,Defective
7771,193383,Size Issue
7772,145848,Defective
7773,120704,Defective
7774,101607,Defective
7775,133328,Defective
7776,166141,Wrong Item
7777,20395,Changed Mind
7778,38992,Arrived Late
7779,92010,Changed Mind
7780,168547,Defective
7781,138383,Changed Mind
7782,153466,Defective
7783,42021,Defective
7784,145816,Size Issue
7785,52824,Size Issue
7786,50526,Defective
7787,81134,Arrived Late
7788,14883,Changed Mind
7789,135386,Size Issue
7790,167863,Defective
7791,31836,Arrived Late
7792,41124,Wrong Item
7793,184792,Changed Mind
7794,59001,Wrong Item
7795,53129,Defective
7796,75120,Defective
7797,171860,Defective
7798,43721,Wrong Item
7799,32283,Arrived Late
7800,152595,Changed Mind
7801,119635,Changed Mind
7802,58071,Changed Mind
7803,139364,Wrong Item
7804,109599,Arrived Late
7805,132234,Arrived Late
7806,44057,Wrong Item
7807,7069,Wrong Item
7808,6564,Wrong Item
7809,2644,Defective
7810,62603,Size Issue
7811,185878,Wrong Item
7812,139514,Size Issue
7813,135377,Size Issue
7814,141852,Wrong Item
7815,95284,Changed Mind
7816,28734,Wrong Item
7817,83965,Arrived Late
7818,179164,Defective
7819,89913,Wrong Item
7820,190091,Arrived Late
7821,82461,Defective
7822,195612,Changed Mind
7823,117738,Size Issue
7824,72174,Arrived Late
7825,118238,Wrong Item
7826,52168,Arrived Late
7827,157163,Arrived Late
7828,195954,Size Issue
7829,118194,Arrived Late
7830,90878,Size Issue
7831,170546,Size Issue
7832,195778,Arrived Late
7833,37194,Arrived Late
7834,143113,Changed Mind
7835,131760,Defective
7836,32801,Size Issue
7837,163684,Size Issue
7838,109494,Arrived Late
7839,53445,Arrived Late
7840,58092,Size Issue
7841,115007,Wrong Item
7842,13827,Wrong Item
7843,17524,Size Issue
7844,189379,Defective
7845,171336,Defective
7846,91425,Defective
7847,22422,Changed Mind
7848,67491,Changed Mind
7849,157073,Defective
7850,14196,Defective
7851,14581,Wrong Item
7852,47957,Defective
7853,50887,Changed Mind
7854,143015,Size Issue
7855,123490,Arrived Late
7856,10612,Changed Mind
7857,66218,Changed Mind
7858,80430,Arrived Late
7859,120982,Arrived Late
7860,101009,Arrived Late
7861,168671,Arrived Late
7862,45063,Defective
7863,90602,Changed Mind
7864,1535,Wrong Item
7865,88921,Changed Mind
7866,43725,Wrong Item
7867,129041,Arrived Late
7868,179551,Arrived Late
7869,59765,Wrong Item
7870,24861,Wrong Item
7871,40870,Arrived Late
7872,170940,Arrived Late
7873,44078,Arrived Late
7874,106785,Arrived Late
7875,157108,Defective
7876,199833,Wrong Item
7877,198340,Arrived Late
7878,96466,Changed Mind
7879,93701,Arrived Late
7880,98082,Changed Mind
7881,135391,Wrong Item
7882,49389,Arrived Late
7883,100890,Wrong Item
7884,166780,Changed Mind
7885,192572,Changed Mind
7886,69360,Size Issue
7887,189972,Changed Mind
7888,53972,Defective
7889,150103,Wrong Item
7890,71590,Arrived Late
7891,196115,Wrong Item
7892,195359,Changed Mind
7893,63846,Wrong Item
7894,6501,Defective
7895,51000,Size Issue
7896,96539,Changed Mind
7897,70076,Wrong Item
7898,30205,Changed Mind
7899,29453,Arrived Late
7900,116488,Wrong Item
7901,196240,Defective
7902,155024,Wrong Item
7903,78788,Defective
7904,150836,Defective
7905,59116,Size Issue
7906,75494,Arrived Late
7907,41962,Arrived Late
7908,119458,Size Issue
7909,37529,Changed Mind
7910,138637,Size Issue
7911,43428,Arrived Late
7912,80140,Wrong Item
7913,103500,Size Issue
7914,151336,Changed Mind
7915,95727,Wrong Item
7916,103902,Defective
7917,80576,Wrong Item
7918,55510,Size Issue
7919,41209,Changed Mind
7920,127089,Size Issue
7921,151646,Changed Mind
7922,120993,Size Issue
7923,47089,Changed Mind
7924,159993,Wrong Item
7925,48666,Arrived Late
7926,105184,Defective
7927,160906,Defective
7928,76731,Size Issue
7929,196789,Arrived Late
7930,57758,Size Issue
7931,53779,Changed Mind
7932,161821,Size Issue
7933,73175,Arrived Late
7934,168111,Arrived Late
7935,12304,Arrived Late
7936,150076,Size Issue
7937,37297,Defective
7938,94822,Size Issue
7939,171036,Defective
7940,170840,Size Issue
7941,96681,Changed Mind
7942,15323,Arrived Late
7943,117260,Size Issue
7944,170210,Arrived Late
7945,195388,Size Issue
7946,112872,Arrived Late
7947,60233,Wrong Item
7948,192288,Defective
7949,179997,Size Issue
7950,125219,Arrived Late
7951,105966,Size Issue
7952,163104,Size Issue
7953,48788,Arrived Late
7954,187506,Wrong Item
7955,37954,Defective
7956,77757,Defective
7957,116633,Defective
7958,176368,Changed Mind
7959,163858,Defective
7960,186399,Arrived Late
7961,62518,Arrived Late
7962,123090,Changed Mind
7963,134954,Defective
7964,161552,Wrong Item
7965,124247,Arrived Late
7966,61514,Changed Mind
7967,127001,Size Issue
7968,140824,Arrived Late
7969,187878,Changed Mind
7970,65054,Changed Mind
7971,64469,Defective
7972,129222,Defective
7973,102447,Changed Mind
7974,165585,Wrong Item
7975,32266,Defective
7976,57873,Arrived Late
7977,89454,Defective
7978,166027,Defective
7979,188117,Defective
7980,195065,Wrong Item
7981,31159,Wrong Item
7982,133104,Changed Mind
7983,49241,Arrived Late
7984,134424,Defective
7985,24369,Changed Mind
7986,172505,Size Issue
7987,25208,Size Issue
7988,148795,Size Issue
7989,143322,Changed Mind
7990,33293,Wrong Item
7991,118249,Wrong Item
7992,71568,Arrived Late
7993,109810,Arrived Late
7994,174810,Wrong Item
7995,61290,Changed Mind
7996,152342,Wrong Item
7997,84504,Changed Mind
7998,27223,Size Issue
7999,69623,Wrong Item
8000,118901,Defective
8001,92501,Changed Mind
8002,165455,Changed Mind
8003,51403,Size Issue
8004,47815,Changed Mind
8005,97260,Arrived Late
8006,129298,Wrong Item
8007,187459,Changed Mind
8008,12410,Arrived Late
8009,121957,Defective
8010,184427,Changed Mind
8011,102278,Size Issue
8012,51952,Size Issue
8013,69161,Arrived Late
8014,101326,Arrived Late
8015,98648,Defective
8016,38278,Arrived Late
8017,149749,Wrong Item
8018,72523,Arrived Late
8019,181988,Changed Mind
8020,76229,Wrong Item
8021,186771,Arrived Late
8022,5753,Wrong Item
8023,119554,Changed Mind
8024,120887,Defective
8025,172571,Changed Mind
8026,22943,Size Issue
8027,74026,Arrived Late
8028,149989,Wrong Item
8029,50132,Wrong Item
8030,130554,Defective
8031,30735,Defective
8032,72459,Arrived Late
8033,100363,Wrong Item
8034,150094,Defective
8035,177092,Arrived Late
8036,176595,Changed Mind
8037,75530,Wrong Item
8038,36873,Size Issue
8039,32027,Defective
8040,4877,Wrong Item
8041,88716,Size Issue
8042,180585,Changed Mind
8043,11329,Changed Mind
8044,4189,Size Issue
8045,131706,Arrived Late
8046,34693,Wrong Item
8047,154655,Size Issue
8048,72363,Defective
8049,55523,Size Issue
8050,174922,Arrived Late
8051,155490,Size Issue
8052,101976,Defective
8053,180134,Wrong Item
8054,157858,Defective
8055,127008,Changed Mind
8056,11836,Arrived Late
8057,23641,Wrong Item
8058,130665,Arrived Late
8059,73690,Wrong Item
8060,56151,Wrong Item
8061,178274,Size Issue
8062,30403,Arrived Late
8063,99204,Size Issue
8064,164561,Size Issue
8065,128866,Size Issue
8066,3630,Arrived Late
8067,105770,Defective
8068,67481,Defective
8069,108581,Size Issue
8070,160134,Changed Mind
8071,152146,Wrong Item
8072,30851,Wrong Item
8073,46108,Size Issue
8074,46776,Size Issue
8075,196036,Defective
8076,167868,Arrived Late
8077,112423,Defective
8078,90915,Changed Mind
8079,43555,Changed Mind
8080,44008,Changed Mind
8081,160528,Changed Mind
8082,91455,Changed Mind
8083,60526,Size Issue
8084,41961,Changed Mind
8085,9594,Arrived Late
8086,84939,Size Issue
8087,181653,Arrived Late
8088,52028,Changed Mind
8089,447,Wrong Item
8090,148417,Arrived Late
8091,80481,Arrived Late
8092,52858,Wrong Item
8093,8594,Arrived Late
8094,184194,Defective
8095,5992,Arrived Late
8096,59967,Defective
8097,62022,Changed Mind
8098,105967,Arrived Late
8099,2356,Changed Mind
8100,130484,Arrived Late
8101,199596,Wrong Item
8102,90033,Wrong Item
8103,91971,Wrong Item
8104,137421,Wrong Item
8105,26608,Arrived Late
8106,45417,Defective
8107,165729,Defective
8108,127726,Wrong Item
8109,23571,Wrong Item
8110,6364,Size Issue
8111,109168,Wrong Item
8112,117357,Wrong Item
8113,66198,Wrong Item
8114,29853,Wrong Item
8115,69077,Arrived Late
8116,101219,Arrived Late
8117,170748,Arrived Late
8118,142125,Size Issue
8119,37661,Defective
8120,110375,Defective
8121,85224,Size Issue
8122,120138,Wrong Item
8123,22466,Size Issue
8124,165560,Wrong Item
8125,44273,Arrived Late
8126,142253,Arrived Late
8127,50620,Size Issue
8128,106351,Arrived Late
8129,155203,Arrived Late
8130,27261,Defective
8131,188445,Size Issue
8132,53845,Defective
8133,57196,Defective
8134,50988,Size Issue
8135,10769,Changed Mind
8136,155670,Size Issue
8137,171908,Defective
8138,94492,Defective
8139,156767,Changed Mind
8140,188370,Wrong Item
8141,153273,Wrong Item
8142,195965,Size Issue
8143,17292,Wrong Item
8144,25900,Changed Mind
8145,130233,Arrived Late
8146,193864,Arrived Late
8147,117458,Arrived Late
8148,145712,Size Issue
8149,35154,Changed Mind
8150,65293,Arrived Late
8151,7835,Changed Mind
8152,125807,Size Issue
8153,57059,Size Issue
8154,111481,Arrived Late
8155,142358,Changed Mind
8156,113474,Changed Mind
8157,167227,Changed Mind
8158,29650,Defective
8159,105103,Arrived Late
8160,132990,Wrong Item
8161,150165,Arrived Late
8162,115780,Changed Mind
8163,71139,Changed Mind
8164,101664,Arrived Late
8165,130161,Wrong Item
8166,85648,Defective
8167,46395,Size Issue
8168,156361,Changed Mind
8169,80946,Changed Mind
8170,38313,Wrong Item
8171,198995,Changed Mind
8172,133658,Arrived Late
8173,166201,Defective
8174,196358,Size Issue
8175,24651,Changed Mind
8176,80423,Arrived Late
8177,2422,Defective
8178,118942,Defective
8179,87351,Wrong Item
8180,98199,Changed Mind
8181,158369,Arrived Late
8182,92003,Size Issue
8183,86175,Arrived Late
8184,124135,Defective
8185,37036,Arrived Late
8186,75339,Arrived Late
8187,30768,Changed Mind
8188,32198,Changed Mind
8189,63797,Wrong Item
8190,8056,Wrong Item
8191,178587,Changed Mind
8192,98035,Arrived Late
8193,194061,Changed Mind
8194,134392,Defective
8195,79274,Wrong Item
8196,2232,Changed Mind
8197,134348,Wrong Item
8198,71478,Size Issue
8199,8967,Defective
8200,93239,Arrived Late
8201,134807,Size Issue
8202,160952,Wrong Item
8203,117989,Defective
8204,157088,Wrong Item
8205,20635,Size Issue
8206,147782,Arrived Late
8207,28274,Size Issue
8208,179561,Arrived Late
8209,104993,Defective
8210,195687,Changed Mind
8211,37298,Defective
8212,162184,Arrived Late
8213,196977,Arrived Late
8214,134684,Defective
8215,115162,Changed Mind
8216,83387,Size Issue
8217,122395,Arrived Late
8218,44556,Wrong Item
8219,61724,Arrived Late
8220,195924,Size Issue
8221,179299,Defective
8222,19302,Arrived Late
8223,63048,Arrived Late
8224,195221,Size Issue
8225,24565,Changed Mind
8226,88614,Defective
8227,195073,Size Issue
8228,107621,Arrived Late
8229,126748,Arrived Late
8230,93247,Arrived Late
8231,140449,Arrived Late
8232,79605,Size Issue
8233,103218,Arrived Late
8234,79745,Wrong Item
8235,29959,Changed Mind
8236,2828,Wrong Item
8237,88004,Arrived Late
8238,65791,Changed Mind
8239,177574,Size Issue
8240,109441,Changed Mind
8241,110553,Defective
8242,179715,Size Issue
8243,150524,Arrived Late
8244,73695,Changed Mind
8245,38798,Wrong Item
8246,85454,Wrong Item
8247,115511,Wrong Item
8248,46243,Wrong Item
8249,70729,Size Issue
8250,83747,Wrong Item
8251,60187,Changed Mind
8252,95088,Size Issue
8253,80766,Size Issue
8254,12886,Defective
8255,34991,Size Issue
8256,30009,Size Issue
8257,151600,Size Issue
8258,129329,Defective
8259,68282,Wrong Item
8260,1877,Size Issue
8261,89452,Changed Mind
8262,11740,Defective
8263,83015,Changed Mind
8264,34843,Wrong Item
8265,73872,Defective
8266,125053,Changed Mind
8267,101583,Arrived Late
8268,32197,Size Issue
8269,429,Defective
8270,18343,Size Issue
8271,78169,Wrong Item
8272,94249,Defective
8273,59226,Changed Mind
8274,36678,Wrong Item
8275,145858,Arrived Late
8276,50282,Changed Mind
8277,193320,Defective
8278,156552,Defective
8279,20856,Size Issue
8280,94668,Changed Mind
8281,156543,Defective
8282,109664,Changed Mind
8283,95137,Arrived Late
8284,171506,Arrived Late
8285,82507,Size Issue
8286,189790,Changed Mind
8287,190167,Wrong Item
8288,192209,Arrived Late
8289,187835,Changed Mind
8290,125521,Wrong Item
8291,62547,Defective
8292,612,Changed Mind
8293,67069,Defective
8294,6044,Changed Mind
8295,33295,Size Issue
8296,109548,Changed Mind
8297,89557,Changed Mind
8298,46118,Arrived Late
8299,92132,Wrong Item
8300,92546,Size Issue
8301,143244,Arrived Late
8302,75790,Wrong Item
8303,1668,Defective
8304,27217,Wrong Item
8305,166624,Size Issue
8306,86799,Defective
8307,112262,Wrong Item
8308,97101,Changed Mind
8309,83684,Defective
8310,124973,Wrong Item
8311,177593,Size Issue
8312,161096,Defective
8313,147415,Wrong Item
8314,126035,Changed Mind
8315,44503,Changed Mind
8316,180963,Arrived Late
8317,168050,Wrong Item
8318,124356,Defective
8319,111399,Wrong Item
8320,86928,Defective
8321,73344,Changed Mind
8322,62654,Size Issue
8323,56027,Changed Mind
8324,160836,Arrived Late
8325,147763,Changed Mind
8326,158291,Arrived Late
8327,149038,Size Issue
8328,118278,Changed Mind
8329,89583,Changed Mind
8330,111920,Arrived Late
8331,13568,Wrong Item
8332,19611,Arrived Late
8333,118099,Wrong Item
8334,111077,Defective
8335,34581,Wrong Item
8336,76655,Size Issue
8337,28462,Defective
8338,191187,Size Issue
8339,122648,Defective
8340,79760,Changed Mind
8341,148788,Defective
8342,15146,Size Issue
8343,180254,Defective
8344,22043,Defective
8345,124050,Size Issue
8346,76133,Defective
8347,12699,Arrived Late
8348,181131,Size Issue
8349,106478,Defective
8350,84977,Size Issue
8351,116384,Defective
8352,516,Wrong Item
8353,161545,Arrived Late
8354,191678,Size Issue
8355,67438,Defective
8356,143185,Wrong Item
8357,123752,Wrong Item
8358,162463,Changed Mind
8359,48356,Arrived Late
8360,139465,Size Issue
8361,152127,Wrong Item
8362,190470,Wrong Item
8363,76124,Arrived Late
8364,108086,Changed Mind
8365,41352,Size Issue
8366,116265,Arrived Late
8367,132136,Wrong Item
8368,79553,Size Issue
8369,128201,Wrong Item
8370,148461,Arrived Late
8371,135003,Size Issue
8372,124116,Changed Mind
8373,34637,Defective
8374,34850,Defective
8375,130711,Defective
8376,42761,Changed Mind
8377,182409,Changed Mind
8378,190343,Size Issue
8379,152763,Arrived Late
8380,195407,Defective
8381,68019,Wrong Item
8382,6608,Changed Mind
8383,123821,Changed Mind
8384,95846,Changed Mind
8385,182502,Defective
8386,62247,Defective
8387,166878,Arrived Late
8388,144184,Changed Mind
8389,127809,Changed Mind
8390,31113,Wrong Item
8391,31072,Size Issue
8392,42433,Size Issue
8393,69409,Changed Mind
8394,175377,Defective
8395,177194,Size Issue
8396,96982,Changed Mind
8397,36359,Wrong Item
8398,178013,Changed Mind
8399,32058,Defective
8400,143975,Wrong Item
8401,149347,Size Issue
8402,7359,Size Issue
8403,165512,Defective
8404,127064,Changed Mind
8405,199558,Defective
8406,162793,Changed Mind
8407,68882,Changed Mind
8408,33096,Size Issue
8409,169417,Wrong Item
8410,182845,Size Issue
8411,71549,Arrived Late
8412,197987,Arrived Late
8413,151695,Arrived Late
8414,57227,Size Issue
8415,14075,Changed Mind
8416,143857,Wrong Item
8417,115610,Size Issue
8418,78937,Wrong Item
8419,88885,Changed Mind
8420,95065,Changed Mind
8421,100921,Size Issue
8422,25559,Arrived Late
8423,183351,Wrong Item
8424,179286,Wrong Item
8425,197670,Changed Mind
8426,67322,Wrong Item
8427,143686,Arrived Late
8428,157096,Changed Mind
8429,65780,Changed Mind
8430,61461,Defective
8431,26985,Size Issue
8432,7151,Arrived Late
8433,73244,Defective
8434,95675,Size Issue
8435,45498,Defective
8436,24025,Defective
8437,51549,Arrived Late
8438,165026,Changed Mind
8439,165825,Changed Mind
8440,112916,Size Issue
8441,193430,Arrived Late
8442,58061,Defective
8443,107853,Defective
8444,57673,Changed Mind
8445,51841,Wrong Item
8446,32603,Changed Mind
8447,172366,Wrong Item
8448,180524,Wrong Item
8449,140316,Arrived Late
8450,158446,Wrong Item
8451,16827,Arrived Late
8452,157917,Arrived Late
8453,195091,Wrong Item
8454,92440,Wrong Item
8455,149113,Arrived Late
8456,53543,Size Issue
8457,193993,Wrong Item
8458,88128,Changed Mind
8459,101646,Size Issue
8460,8514,Wrong Item
8461,104987,Arrived Late
8462,153764,Wrong Item
8463,1565,Wrong Item
8464,139251,Changed Mind
8465,15133,Size Issue
8466,143484,Size Issue
8467,6946,Wrong Item
8468,14552,Wrong Item
8469,83744,Size Issue
8470,138503,Defective
8471,155639,Wrong Item
8472,156822,Size Issue
8473,118674,Defective
8474,105978,Defective
8475,159000,Defective
8476,27121,Changed Mind
8477,20031,Defective
8478,105778,Changed Mind
8479,195303,Size Issue
8480,140282,Size Issue
8481,10615,Defective
8482,81825,Size Issue
8483,198059,Defective
8484,164895,Size Issue
8485,36886,Arrived Late
8486,82650,Arrived Late
8487,86731,Defective
8488,163345,Changed Mind
8489,129919,Wrong Item
8490,88784,Wrong Item
8491,192306,Wrong Item
8492,25427,Changed Mind
8493,69404,Wrong Item
8494,188177,Arrived Late
8495,67315,Defective
8496,9560,Arrived Late
8497,18386,Changed Mind
8498,191620,Wrong Item
8499,125192,Changed Mind
8500,119909,Size Issue
8501,195445,Wrong Item
8502,70559,Changed Mind
8503,190437,Arrived Late
8504,153216,Wrong Item
8505,149193,Changed Mind
8506,148084,Arrived Late
8507,15314,Arrived Late
8508,130532,Size Issue
8509,43914,Defective
8510,84323,Defective
8511,46162,Wrong Item
8512,7140,Changed Mind
8513,125400,Arrived Late
8514,11287,Changed Mind
8515,107250,Size Issue
8516,187396,Wrong Item
8517,62100,Wrong Item
8518,7167,Arrived Late
8519,132704,Wrong Item
8520,16637,Defective
8521,171181,Defective
8522,161363,Changed Mind
8523,82610,Defective
8524,122354,Changed Mind
8525,115909,Size Issue
8526,114185,Wrong Item
8527,172510,Defective
8528,44177,Arrived Late
8529,56116,Wrong Item
8530,30563,Defective
8531,8418,Size Issue
8532,61656,Changed Mind
8533,28143,Defective
8534,111727,Arrived Late
8535,39539,Arrived Late
8536,44438,Wrong Item
8537,158669,Wrong Item
8538,26710,Arrived Late
8539,116259,Changed Mind
8540,186193,Changed Mind
8541,152063,Arrived Late
8542,195050,Wrong Item
8543,98183,Arrived Late
8544,93408,Size Issue
8545,190164,Defective
8546,49776,Wrong Item
8547,75800,Arrived Late
8548,37104,Changed Mind
8549,40813,Size Issue
8550,166355,Size Issue
8551,27412,Arrived Late
8552,30963,Defective
8553,68036,Wrong Item
8554,112052,Size Issue
8555,57895,Wrong Item
8556,126494,Arrived Late
8557,9660,Changed Mind
8558,179141,Size Issue
8559,170228,Size Issue
8560,170205,Arrived Late
8561,31627,Defective
8562,181558,Arrived Late
8563,173381,Defective
8564,3100,Arrived Late
8565,116417,Size Issue
8566,96091,Changed Mind
8567,75394,Size Issue
8568,48632,Defective
8569,140301,Arrived Late
8570,4753,Size Issue
8571,182662,Defective
8572,133456,Size Issue
8573,184574,Defective
8574,20917,Wrong Item
8575,39134,Changed Mind
8576,124210,Changed Mind
8577,102574,Defective
8578,129879,Defective
8579,24028,Defective
8580,59353,Wrong Item
8581,113936,Changed Mind
8582,195072,Changed Mind
8583,161235,Wrong Item
8584,133148,Arrived Late
8585,167393,Size Issue
8586,60211,Arrived Late
8587,174256,Wrong Item
8588,84853,Arrived Late
8589,26949,Arrived Late
8590,59596,Changed Mind
8591,6656,Changed Mind
8592,120672,Defective
8593,187212,Wrong Item
8594,74383,Changed Mind
8595,9310,Wrong Item
8596,118415,Defective
8597,38594,Defective
8598,187069,Wrong Item
8599,117791,Changed Mind
8600,125645,Size Issue
8601,112418,Arrived Late
8602,40962,Size Issue
8603,10960,Size Issue
8604,38379,Defective
8605,7813,Size Issue
8606,46884,Arrived Late
8607,95193,Size Issue
8608,105142,Size Issue
8609,42830,Size Issue
8610,198591,Size Issue
8611,141183,Changed Mind
8612,162210,Arrived Late
8613,160102,Changed Mind
8614,47457,Defective
8615,173218,Size Issue
8616,40945,Size Issue
8617,26260,Wrong Item
8618,123862,Changed Mind
8619,96348,Arrived Late
8620,172395,Defective
8621,84503,Wrong Item
8622,86183,Changed Mind
8623,153815,Wrong Item
8624,97965,Size Issue
8625,117634,Wrong Item
8626,84142,Wrong Item
8627,80785,Size Issue
8628,162330,Wrong Item
8629,90514,Defective
8630,144320,Arrived Late
8631,188424,Arrived Late
8632,138934,Defective
8633,98727,Defective
8634,17037,Size Issue
8635,113949,Defective
8636,114789,Changed Mind
8637,108094,Arrived Late
8638,125969,Wrong Item
8639,24277,Changed Mind
8640,124550,Defective
8641,4268,Defective
8642,82635,Defective
8643,134768,Wrong Item
8644,158117,Changed Mind
8645,153833,Wrong Item
8646,153077,Wrong Item
8647,21297,Changed Mind
8648,185433,Changed Mind
8649,197658,Defective
8650,122676,Wrong Item
8651,33858,Changed Mind
8652,178306,Defective
8653,195682,Changed Mind
8654,128031,Defective
8655,16520,Arrived Late
8656,71237,Changed Mind
8657,102126,Wrong Item
8658,47790,Changed Mind
8659,136460,Defective
8660,163696,Arrived Late
8661,139240,Changed Mind
8662,33758,Defective
8663,95466,Arrived Late
8664,139337,Arrived Late
8665,162857,Defective
8666,175039,Size Issue
8667,99644,Changed Mind
8668,144095,Size Issue
8669,112733,Size Issue
8670,181881,Size Issue
8671,14408,Changed Mind
8672,126626,Size Issue
8673,7925,Wrong Item
8674,57629,Defective
8675,155767,Arrived Late
8676,194482,Arrived Late
8677,36900,Defective
8678,49036,Arrived Late
8679,197150,Defective
8680,90347,Wrong Item
8681,164284,Wrong Item
8682,61188,Changed Mind
8683,150549,Arrived Late
8684,131919,Defective
8685,186860,Changed Mind
8686,138663,Changed Mind
8687,186206,Defective
8688,192462,Arrived Late
8689,186372,Size Issue
8690,178065,Changed Mind
8691,85606,Size Issue
8692,100913,Changed Mind
8693,71807,Size Issue
8694,79429,Arrived Late
8695,76686,Changed Mind
8696,95517,Wrong Item
8697,186665,Size Issue
8698,55442,Changed Mind
8699,169057,Defective
8700,71503,Size Issue
8701,40824,Size Issue
8702,59524,Arrived Late
8703,25194,Changed Mind
8704,13928,Arrived Late
8705,169895,Changed Mind
8706,90824,Changed Mind
8707,147274,Arrived Late
8708,148353,Defective
8709,19149,Changed Mind
8710,43154,Wrong Item
8711,141874,Size Issue
8712,148552,Defective
8713,103691,Changed Mind
8714,177458,Changed Mind
8715,11511,Wrong Item
8716,117447,Size Issue
8717,170538,Defective
8718,73072,Size Issue
8719,190598,Changed Mind
8720,109773,Size Issue
8721,69607,Arrived Late
8722,185497,Defective
8723,64674,Arrived Late
8724,129153,Defective
8725,66700,Arrived Late
8726,108728,Size Issue
8727,36498,Changed Mind
8728,152289,Defective
8729,76846,Arrived Late
8730,118930,Changed Mind
8731,138563,Changed Mind
8732,64514,Changed Mind
8733,177180,Wrong Item
8734,95258,Changed Mind
8735,95557,Arrived Late
8736,199873,Size Issue
8737,191613,Size Issue
8738,164066,Wrong Item
8739,6145,Changed Mind
8740,64657,Size Issue
8741,60259,Size Issue
8742,146761,Changed Mind
8743,116418,Changed Mind
8744,81007,Changed Mind
8745,104323,Arrived Late
8746,164799,Arrived Late
8747,122254,Arrived Late
8748,101681,Size Issue
8749,123086,Wrong Item
8750,51968,Defective
8751,132142,Defective
8752,61853,Defective
8753,105223,Size Issue
8754,24163,Defective
8755,139342,Wrong Item
8756,181886,Changed Mind
8757,43064,Size Issue
8758,48607,Changed Mind
8759,65183,Size Issue
8760,78296,Defective
8761,87590,Size Issue
8762,173439,Defective
8763,101521,Size Issue
8764,49070,Arrived Late
8765,10420,Defective
8766,169611,Arrived Late
8767,198380,Defective
8768,35471,Size Issue
8769,105582,Changed Mind
8770,12579,Defective
8771,113757,Arrived Late
8772,160396,Wrong Item
8773,169141,Size Issue
8774,126605,Arrived Late
8775,114206,Changed Mind
8776,174227,Changed Mind
8777,162332,Changed Mind
8778,94354,Wrong Item
8779,89139,Defective
8780,171981,Defective
8781,54404,Defective
8782,86843,Arrived Late
8783,38305,Size Issue
8784,129034,Wrong Item
8785,172363,Arrived Late
8786,24469,Changed Mind
8787,184410,Defective
8788,31467,Changed Mind
8789,21535,Defective
8790,13529,Arrived Late
8791,143194,Arrived Late
8792,182355,Changed Mind
8793,140696,Size Issue
8794,64378,Wrong Item
8795,66210,Defective
8796,181271,Changed Mind
8797,9954,Arrived Late
8798,125176,Arrived Late
8799,96043,Arrived Late
8800,8411,Changed Mind
8801,19028,Arrived Late
8802,123915,Wrong Item
8803,193970,Wrong Item
8804,121180,Arrived Late
8805,61925,Wrong Item
8806,67303,Defective
8807,149453,Defective
8808,176256,Defective
8809,14601,Defective
8810,42390,Defective
8811,150273,Changed Mind
8812,175770,Size Issue
8813,66969,Defective
8814,89181,Wrong Item
8815,2086,Defective
8816,70755,Wrong Item
8817,168352,Changed Mind
8818,81773,Defective
8819,102723,Size Issue
8820,108539,Changed Mind
8821,41712,Defective
8822,187400,Size Issue
8823,169597,Wrong Item
8824,185963,Defective
8825,79345,Changed Mind
8826,94472,Wrong Item
8827,120925,Changed Mind
8828,179643,Changed Mind
8829,111078,Wrong Item
8830,133239,Changed Mind
8831,22904,Defective
8832,3402,Wrong Item
8833,158155,Changed Mind
8834,7082,Defective
8835,135998,Defective
8836,38523,Defective
8837,48588,Defective
8838,183206,Size Issue
8839,128204,Arrived Late
8840,82142,Arrived Late
8841,192748,Defective
8842,137052,Changed Mind
8843,178101,Wrong Item
8844,163872,Wrong Item
8845,137520,Arrived Late
8846,68143,Arrived Late
8847,74943,Defective
8848,46222,Size Issue
8849,69735,Wrong Item
8850,166555,Arrived Late
8851,139590,Wrong Item
8852,24116,Arrived Late
8853,97554,Defective
8854,46276,Arrived Late
8855,125854,Size Issue
8856,196720,Changed Mind
8857,189173,Size Issue
8858,34190,Size Issue
8859,131275,Wrong Item
8860,174867,Size Issue
8861,184256,Wrong Item
8862,120277,Wrong Item
8863,190308,Changed Mind
8864,124781,Changed Mind
8865,110473,Defective
8866,95494,Arrived Late
8867,180363,Arrived Late
8868,95613,Changed Mind
8869,179135,Arrived Late
8870,59024,Wrong Item
8871,72823,Size Issue
8872,195861,Changed Mind
8873,194892,Size Issue
8874,146557,Changed Mind
8875,102867,Defective
8876,107413,Size Issue
8877,88888,Changed Mind
8878,137192,Size Issue
8879,151797,Wrong Item
8880,25812,Size Issue
8881,27837,Changed Mind
8882,3827,Defective
8883,121394,Changed Mind
8884,106687,Changed Mind
8885,37637,Defective
8886,106745,Size Issue
8887,81599,Size Issue
8888,22386,Defective
8889,194108,Defective
8890,79941,Wrong Item
8891,153733,Defective
8892,16152,Size Issue
8893,196360,Size Issue
8894,184540,Wrong Item
8895,104287,Arrived Late
8896,121363,Arrived Late
8897,92012,Wrong Item
8898,35477,Changed Mind
8899,15716,Arrived Late
8900,125045,Changed Mind
8901,187132,Wrong Item
8902,27069,Arrived Late
8903,107263,Size Issue
8904,169954,Wrong Item
8905,19195,Defective
8906,162931,Arrived Late
8907,154742,Defective
8908,48815,Size Issue
8909,188363,Wrong Item
8910,112576,Changed Mind
8911,141423,Arrived Late
8912,125798,Wrong Item
8913,8334,Changed Mind
8914,97898,Changed Mind
8915,117366,Arrived Late
8916,91999,Wrong Item
8917,89750,Wrong Item
8918,121812,Arrived Late
8919,16105,Arrived Late
8920,29917,Size Issue
8921,163253,Defective
8922,156932,Wrong Item
8923,154762,Arrived Late
8924,96622,Defective
8925,172699,Size Issue
8926,179417,Arrived Late
8927,169473,Size Issue
8928,138417,Changed Mind
8929,175597,Arrived Late
8930,13492,Defective
8931,26625,Wrong Item
8932,55928,Arrived Late
8933,9008,Wrong Item
8934,67720,Changed Mind
8935,20591,Size Issue
8936,86259,Defective
8937,101556,Changed Mind
8938,6060,Defective
8939,120551,Arrived Late
8940,156127,Changed Mind
8941,191780,Defective
8942,61102,Size Issue
8943,181936,Changed Mind
8944,109648,Changed Mind
8945,47333,Defective
8946,93610,Size Issue
8947,75382,Defective
8948,166943,Size Issue
8949,22747,Defective
8950,144697,Arrived Late
8951,56832,Defective
8952,69000,Size Issue
8953,113561,Wrong Item
8954,121108,Arrived Late
8955,162751,Wrong Item
8956,91098,Arrived Late
8957,152125,Changed Mind
8958,161365,Wrong Item
8959,132893,Size Issue
8960,131697,Changed Mind
8961,190884,Arrived Late
8962,79772,Wrong Item
8963,14703,Defective
8964,90848,Defective
8965,88889,Defective
8966,166602,Arrived Late
8967,19685,Changed Mind
8968,124979,Defective
8969,43419,Arrived Late
8970,79245,Defective
8971,54407,Wrong Item
8972,99453,Size Issue
8973,102890,Arrived Late
8974,162569,Size Issue
8975,139782,Changed Mind
8976,97257,Changed Mind
8977,124742,Wrong Item
8978,103760,Wrong Item
8979,66498,Arrived Late
8980,33569,Arrived Late
8981,74109,Defective
8982,23814,Wrong Item
8983,179502,Changed Mind
8984,151979,Wrong Item
8985,144703,Wrong Item
8986,176921,Size Issue
8987,919,Size Issue
8988,145381,Size Issue
8989,22130,Changed Mind
8990,191739,Wrong Item
8991,90858,Size Issue
8992,78432,Changed Mind
8993,111317,Wrong Item
8994,117744,Changed Mind
8995,125885,Defective
8996,124442,Wrong Item
8997,154310,Changed Mind
8998,167375,Changed Mind
8999,34263,Defective
9000,179217,Changed Mind
9001,138192,Size Issue
9002,90207,Size Issue
9003,46853,Size Issue
9004,136881,Defective
9005,154479,Defective
9006,162340,Wrong Item
9007,116230,Wrong Item
9008,123429,Defective
9009,176118,Size Issue
9010,95630,Arrived Late
9011,138659,Size Issue
9012,180064,Defective
9013,198068,Defective
9014,60126,Wrong Item
9015,163445,Size Issue
9016,135771,Wrong Item
9017,148640,Changed Mind
9018,3146,Wrong Item
9019,153142,Defective
9020,70581,Arrived Late
9021,6103,Changed Mind
9022,155798,Changed Mind
9023,151181,Defective
9024,5502,Arrived Late
9025,74631,Wrong Item
9026,38072,Size Issue
9027,30324,Size Issue
9028,184695,Arrived Late
9029,22012,Wrong Item
9030,170269,Defective
9031,63727,Defective
9032,187420,Defective
9033,45306,Size Issue
9034,162877,Size Issue
9035,175796,Changed Mind
9036,88972,Arrived Late
9037,93230,Changed Mind
9038,178040,Changed Mind
9039,81956,Wrong Item
9040,106014,Changed Mind
9041,99609,Size Issue
9042,100301,Wrong Item
9043,89272,Defective
9044,151132,Defective
9045,148551,Wrong Item
9046,77807,Wrong Item
9047,120177,Changed Mind
9048,188668,Defective
9049,168356,Size Issue
9050,95309,Changed Mind
9051,72101,Wrong Item
9052,133301,Wrong Item
9053,90134,Changed Mind
9054,137862,Defective
9055,70464,Arrived Late
9056,130923,Size Issue
9057,107825,Defective
9058,163826,Wrong Item
9059,119300,Defective
9060,140526,Changed Mind
9061,18993,Wrong Item
9062,66421,Size Issue
9063,130146,Changed Mind
9064,168923,Changed Mind
9065,163172,Changed Mind
9066,136703,Size Issue
9067,193792,Wrong Item
9068,167674,Arrived Late
9069,168167,Wrong Item
9070,142113,Size Issue
9071,57029,Changed Mind
9072,93826,Changed Mind
9073,5164,Wrong Item
9074,30208,Wrong Item
9075,134952,Arrived Late
9076,38657,Defective
9077,91449,Changed Mind
9078,169697,Defective
9079,190896,Changed Mind
9080,77894,Size Issue
9081,153426,Changed Mind
9082,52066,Defective
9083,71852,Defective
9084,121852,Size Issue
9085,145897,Wrong Item
9086,102939,Arrived Late
9087,68320,Changed Mind
9088,5509,Changed Mind
9089,164570,Arrived Late
9090,70953,Size Issue
9091,101052,Defective
9092,22864,Size Issue
9093,49232,Defective
9094,57038,Size Issue
9095,32377,Size Issue
9096,173724,Changed Mind
9097,117098,Arrived Late
9098,135198,Changed Mind
9099,36924,Defective
9100,51925,Size Issue
9101,134837,Changed Mind
9102,58497,Changed Mind
9103,14716,Changed Mind
9104,184012,Size Issue
9105,165344,Defective
9106,141288,Arrived Late
9107,115463,Arrived Late
9108,133789,Defective
9109,35770,Wrong Item
9110,114831,Wrong Item
9111,185789,Defective
9112,87696,Wrong Item
9113,127835,Changed Mind
9114,24831,Wrong Item
9115,109214,Arrived Late
9116,26333,Size Issue
9117,168490,Defective
9118,164986,Changed Mind
9119,118991,Arrived Late
9120,47298,Size Issue
9121,35044,Arrived Late
9122,97848,Defective
9123,122726,Wrong Item
9124,178876,Changed Mind
9125,133468,Size Issue
9126,161859,Size Issue
9127,117079,Arrived Late
9128,95773,Wrong Item
9129,116148,Arrived Late
9130,25487,Wrong Item
9131,93259,Defective
9132,77344,Defective
9133,194245,Defective
9134,7588,Arrived Late
9135,129567,Defective
9136,98097,Changed Mind
9137,91740,Changed Mind
9138,55042,Size Issue
9139,46438,Arrived Late
9140,146832,Arrived Late
9141,169086,Wrong Item
9142,49779,Wrong Item
9143,155874,Changed Mind
9144,31842,Wrong Item
9145,105323,Wrong Item
9146,47211,Size Issue
9147,180001,Wrong Item
9148,54036,Changed Mind
9149,116017,Arrived Late
9150,49959,Size Issue
9151,62405,Size Issue
9152,20484,Defective
9153,131941,Arrived Late
9154,106524,Wrong Item
9155,139376,Arrived Late
9156,132312,Wrong Item
9157,103832,Changed Mind
9158,66689,Defective
9159,123919,Changed Mind
9160,197887,Defective
9161,68469,Size Issue
9162,6894,Changed Mind
9163,124003,Wrong Item
9164,72182,Size Issue
9165,26070,Size Issue
9166,5035,Arrived Late
9167,73658,Wrong Item
9168,132037,Changed Mind
9169,145911,Arrived Late
9170,51218,Size Issue
9171,185330,Arrived Late
9172,14957,Changed Mind
9173,41689,Size Issue
9174,56495,Size Issue
9175,118955,Changed Mind
9176,24789,Changed Mind
9177,1561,Defective
9178,22404,Wrong Item
9179,145549,Changed Mind
9180,60593,Changed Mind
9181,14411,Arrived Late
9182,145296,Size Issue
9183,145985,Wrong Item
9184,104590,Size Issue
9185,153704,Arrived Late
9186,63820,Wrong Item
9187,5028,Wrong Item
9188,75861,Wrong Item
9189,144554,Defective
9190,4506,Arrived Late
9191,9897,Arrived Late
9192,38288,Changed Mind
9193,156633,Defective
9194,127419,Defective
9195,162796,Wrong Item
9196,34529,Wrong Item
9197,181024,Defective
9198,159176,Arrived Late
9199,134971,Size Issue
9200,104276,Size Issue
9201,36857,Arrived Late
9202,26858,Defective
9203,160487,Size Issue
9204,179778,Changed Mind
9205,69898,Wrong Item
9206,153278,Arrived Late
9207,96782,Wrong Item
9208,138858,Wrong Item
9209,59192,Arrived Late
9210,46360,Defective
9211,86252,Wrong Item
9212,12023,Arrived Late
9213,81611,Arrived Late
9214,39239,Size Issue
9215,67731,Defective
9216,128919,Defective
9217,5291,Changed Mind
9218,47020,Changed Mind
9219,104227,Defective
9220,25982,Defective
9221,81161,Size Issue
9222,190123,Defective
9223,133074,Defective
9224,186908,Wrong Item
9225,63637,Wrong Item
9226,20430,Defective
9227,85427,Wrong Item
9228,175090,Defective
9229,94363,Defective
9230,121446,Wrong Item
9231,112167,Wrong Item
9232,2952,Defective
9233,174529,Arrived Late
9234,36579,Changed Mind
9235,169831,Size Issue
9236,75208,Size Issue
9237,172346,Size Issue
9238,90603,Size Issue
9239,98555,Changed Mind
9240,106714,Arrived Late
9241,76831,Arrived Late
9242,139409,Defective
9243,40094,Changed Mind
9244,126603,Defective
9245,111987,Wrong Item
9246,96682,Arrived Late
9247,150243,Changed Mind
9248,66987,Arrived Late
9249,167840,Wrong Item
9250,54272,Arrived Late
9251,117157,Defective
9252,160711,Wrong Item
9253,155860,Size Issue
9254,95445,Wrong Item
9255,43430,Defective
9256,84509,Changed Mind
9257,54529,Size Issue
9258,121289,Wrong Item
9259,136957,Size Issue
9260,102281,Wrong Item
9261,31152,Defective
9262,6245,Changed Mind
9263,2584,Wrong Item
9264,192097,Changed Mind
9265,27938,Defective
9266,166213,Wrong Item
9267,172545,Size Issue
9268,127859,Wrong Item
9269,147241,Arrived Late
9270,161799,Defective
9271,189942,Defective
9272,140533,Changed Mind
9273,146643,Wrong Item
9274,146681,Defective
9275,140998,Size Issue
9276,86817,Defective
9277,114545,Size Issue
9278,153997,Size Issue
9279,6542,Wrong Item
9280,98451,Changed Mind
9281,109106,Changed Mind
9282,163563,Size Issue
9283,155350,Arrived Late
9284,197310,Wrong Item
9285,171305,Changed Mind
9286,149552,Arrived Late
9287,1764,Arrived Late
9288,71079,Defective
9289,29316,Changed Mind
9290,18437,Changed Mind
9291,180185,Size Issue
9292,183192,Size Issue
9293,127549,Changed Mind
9294,75244,Defective
9295,77919,Changed Mind
9296,20282,Changed Mind
9297,148337,Defective
9298,129264,Wrong Item
9299,52150,Defective
9300,172906,Size Issue
9301,129055,Wrong Item
9302,126364,Wrong Item
9303,60232,Size Issue
9304,58742,Defective
9305,93446,Wrong Item
9306,63409,Arrived Late
9307,144486,Defective
9308,131740,Arrived Late
9309,46801,Arrived Late
9310,55141,Changed Mind
9311,99768,Defective
9312,141529,Changed Mind
9313,61465,Defective
9314,155069,Defective
9315,152411,Arrived Late
9316,168906,Size Issue
9317,156753,Arrived Late
9318,146952,Arrived Late
9319,129146,Size Issue
9320,9117,Wrong Item
9321,35163,Wrong Item
9322,21262,Defective
9323,140312,Arrived Late
9324,122645,Arrived Late
9325,168169,Wrong Item
9326,135331,Defective
9327,74788,Changed Mind
9328,164844,Wrong Item
9329,144607,Size Issue
9330,156471,Size Issue
9331,77266,Changed Mind
9332,151272,Changed Mind
9333,68295,Changed Mind
9334,69083,Arrived Late
9335,94418,Size Issue
9336,62899,Changed Mind
9337,25823,Defective
9338,26780,Wrong Item
9339,98021,Arrived Late
9340,43342,Arrived Late
9341,54222,Defective
9342,21613,Defective
9343,19906,Size Issue
9344,162627,Changed Mind
9345,127102,Arrived Late
9346,11379,Changed Mind
9347,26814,Defective
9348,21965,Size Issue
9349,30120,Defective
9350,155278,Defective
9351,149366,Wrong Item
9352,114718,Wrong Item
9353,238,Changed Mind
9354,191283,Arrived Late
9355,133017,Wrong Item
9356,177979,Arrived Late
9357,88513,Size Issue
9358,13689,Size Issue
9359,7906,Wrong Item
9360,64203,Arrived Late
9361,34115,Changed Mind
9362,181684,Changed Mind
9363,4648,Changed Mind
9364,142803,Changed Mind
9365,107082,Changed Mind
9366,155965,Arrived Late
9367,16558,Wrong Item
9368,127220,Size Issue
9369,4143,Defective
9370,24846,Arrived Late
9371,119206,Defective
9372,30280,Defective
9373,186520,Defective
9374,12862,Wrong Item
9375,97536,Size Issue
9376,89883,Changed Mind
9377,121427,Wrong Item
9378,178558,Defective
9379,132561,Changed Mind
9380,88115,Size Issue
9381,126802,Defective
9382,61730,Wrong Item
9383,32456,Changed Mind
9384,143828,Wrong Item
9385,196517,Wrong Item
9386,69199,Arrived Late
9387,188473,Size Issue
9388,195585,Changed Mind
9389,76081,Defective
9390,99450,Arrived Late
9391,167922,Wrong Item
9392,193306,Arrived Late
9393,166183,Changed Mind
9394,36325,Wrong Item
9395,185196,Defective
9396,30771,Size Issue
9397,71316,Changed Mind
9398,135325,Defective
9399,133755,Size Issue
9400,77805,Arrived Late
9401,118022,Arrived Late
9402,139909,Size Issue
9403,66131,Defective
9404,50461,Wrong Item
9405,3959,Wrong Item
9406,126498,Defective
9407,172451,Size Issue
9408,23257,Changed Mind
9409,198486,Changed Mind
9410,133225,Wrong Item
9411,154229,Defective
9412,82306,Defective
9413,175843,Arrived Late
9414,127530,Size Issue
9415,129268,Wrong Item
9416,79218,Changed Mind
9417,171817,Defective
9418,44479,Changed Mind
9419,158028,Arrived Late
9420,41947,Defective
9421,89784,Defective
9422,78666,Changed Mind
9423,132696,Changed Mind
9424,180771,Wrong Item
9425,168973,Defective
9426,68261,Changed Mind
9427,192717,Wrong Item
9428,52945,Arrived Late
9429,174352,Changed Mind
9430,56601,Changed Mind
9431,76030,Size Issue
9432,85509,Size Issue
9433,133296,Defective
9434,29727,Size Issue
9435,31213,Arrived Late
9436,142655,Arrived Late
9437,77837,Size Issue
9438,1080,Wrong Item
9439,150123,Defective
9440,86473,Size Issue
9441,17983,Defective
9442,144729,Defective
9443,50120,Wrong Item
9444,169913,Changed Mind
9445,162289,Arrived Late
9446,187839,Size Issue
9447,78247,Defective
9448,110456,Changed Mind
9449,151277,Arrived Late
9450,4789,Size Issue
9451,53710,Wrong Item
9452,145261,Defective
9453,197063,Size Issue
9454,22231,Arrived Late
9455,88941,Defective
9456,75620,Size Issue
9457,67406,Size Issue
9458,69484,Wrong Item
9459,188997,Wrong Item
9460,119500,Arrived Late
9461,54771,Wrong Item
9462,52040,Arrived Late
9463,6262,Defective
9464,114212,Arrived Late
9465,31217,Defective
9466,76327,Defective
9467,55904,Defective
9468,66024,Arrived Late
9469,162232,Size Issue
9470,74079,Defective
9471,135158,Defective
9472,46322,Defective
9473,87959,Size Issue
9474,155002,Defective
9475,164099,Wrong Item
9476,182620,Defective
9477,194499,Changed Mind
9478,199238,Arrived Late
9479,105251,Changed Mind
9480,16639,Arrived Late
9481,11602,Wrong Item
9482,117896,Arrived Late
9483,108773,Changed Mind
9484,25629,Size Issue
9485,14589,Defective
9486,145152,Arrived Late
9487,110211,Arrived Late
9488,144653,Defective
9489,53412,Changed Mind
9490,157283,Size Issue
9491,49654,Arrived Late
9492,75221,Defective
9493,176949,Defective
9494,24327,Changed Mind
9495,33355,Wrong Item
9496,111462,Changed Mind
9497,111066,Size Issue
9498,183859,Defective
9499,90823,Size Issue
9500,140899,Defective
9501,62049,Size Issue
9502,37481,Changed Mind
9503,99212,Defective
9504,38682,Wrong Item
9505,197318,Wrong Item
9506,23958,Defective
9507,85545,Defective
9508,61823,Size Issue
9509,177695,Size Issue
9510,26136,Changed Mind
9511,133062,Size Issue
9512,32342,Changed Mind
9513,98605,Wrong Item
9514,123124,Wrong Item
9515,98446,Arrived Late
9516,5369,Defective
9517,44370,Arrived Late
9518,130958,Defective
9519,138875,Wrong Item
9520,14821,Wrong Item
9521,38276,Changed Mind
9522,81391,Changed Mind
9523,118921,Wrong Item
9524,19999,Wrong Item
9525,183129,Arrived Late
9526,147001,Defective
9527,162000,Defective
9528,28196,Arrived Late
9529,149209,Changed Mind
9530,139102,Arrived Late
9531,123305,Wrong Item
9532,32889,Size Issue
9533,108757,Arrived Late
9534,136221,Wrong Item
9535,49678,Arrived Late
9536,131315,Arrived Late
9537,57641,Wrong Item
9538,10705,Defective
9539,30663,Defective
9540,120147,Defective
9541,140107,Changed Mind
9542,104403,Defective
9543,78286,Defective
9544,155705,Size Issue
9545,196347,Changed Mind
9546,116122,Changed Mind
9547,15158,Defective
9548,686,Changed Mind
9549,69221,Wrong Item
9550,114878,Size Issue
9551,130444,Size Issue
9552,129299,Arrived Late
9553,3037,Defective
9554,172013,Arrived Late
9555,167145,Changed Mind
9556,153187,Arrived Late
9557,176238,Size Issue
9558,100046,Changed Mind
9559,45817,Wrong Item
9560,197802,Arrived Late
9561,138147,Size Issue
9562,26243,Arrived Late
9563,59876,Arrived Late
9564,41486,Arrived Late
9565,37826,Changed Mind
9566,3713,Arrived Late
9567,164236,Defective
9568,177332,Arrived Late
9569,52864,Defective
9570,85401,Wrong Item
9571,44392,Changed Mind
9572,143020,Arrived Late
9573,60636,Changed Mind
9574,16183,Wrong Item
9575,184002,Defective
9576,91803,Wrong Item
9577,129111,Defective
9578,158101,Wrong Item
9579,126749,Size Issue
9580,24417,Defective
9581,18696,Defective
9582,199630,Wrong Item
9583,127817,Wrong Item
9584,172105,Defective
9585,186089,Size Issue
9586,108689,Arrived Late
9587,169043,Defective
9588,167530,Wrong Item
9589,182848,Arrived Late
9590,141402,Wrong Item
9591,98533,Wrong Item
9592,132928,Size Issue
9593,39959,Defective
9594,59254,Size Issue
9595,65963,Defective
9596,130285,Changed Mind
9597,84163,Size Issue
9598,171042,Defective
9599,161241,Defective
9600,131841,Changed Mind
9601,166029,Wrong Item
9602,137335,Defective
9603,86134,Defective
9604,79446,Wrong Item
9605,46470,Changed Mind
9606,661,Changed Mind
9607,17889,Wrong Item
9608,14288,Size Issue
9609,113621,Arrived Late
9610,144975,Wrong Item
9611,160526,Size Issue
9612,148116,Changed Mind
9613,172137,Arrived Late
9614,82422,Size Issue
9615,37646,Arrived Late
9616,62994,Defective
9617,157160,Wrong Item
9618,142492,Wrong Item
9619,65526,Defective
9620,140684,Arrived Late
9621,190516,Arrived Late
9622,96343,Wrong Item
9623,124763,Size Issue
9624,134548,Defective
9625,185549,Changed Mind
9626,163023,Arrived Late
9627,109347,Arrived Late
9628,149780,Defective
9629,51196,Changed Mind
9630,47581,Changed Mind
9631,74260,Wrong Item
9632,106908,Defective
9633,43314,Changed Mind
9634,62795,Arrived Late
9635,193972,Wrong Item
9636,139322,Size Issue
9637,25825,Defective
9638,41568,Size Issue
9639,128776,Defective
9640,17011,Size Issue
9641,37007,Wrong Item
9642,22886,Wrong Item
9643,18424,Wrong Item
9644,134493,Changed Mind
9645,63380,Size Issue
9646,32575,Wrong Item
9647,39738,Size Issue
9648,57626,Changed Mind
9649,193193,Arrived Late
9650,76562,Wrong Item
9651,63472,Size Issue
9652,99030,Defective
9653,104642,Defective
9654,181171,Size Issue
9655,164765,Changed Mind
9656,147104,Arrived Late
9657,167424,Changed Mind
9658,131627,Wrong Item
9659,9543,Size Issue
9660,73000,Changed Mind
9661,172125,Changed Mind
9662,115625,Defective
9663,34851,Changed Mind
9664,119145,Defective
9665,177811,Arrived Late
9666,198683,Changed Mind
9667,78218,Wrong Item
9668,190261,Size Issue
9669,84569,Size Issue
9670,160758,Arrived Late
9671,145620,Size Issue
9672,9847,Size Issue
9673,9262,Wrong Item
9674,49634,Arrived Late
9675,166055,Changed Mind
9676,115478,Wrong Item
9677,47162,Changed Mind
9678,47124,Changed Mind
9679,148628,Wrong Item
9680,121116,Size Issue
9681,171672,Arrived Late
9682,46402,Arrived Late
9683,148302,Size Issue
9684,160099,Changed Mind
9685,143521,Wrong Item
9686,141176,Arrived Late
9687,186546,Arrived Late
9688,89159,Defective
9689,153032,Defective
9690,92623,Size Issue
9691,56924,Wrong Item
9692,47107,Defective
9693,12800,Defective
9694,112278,Changed Mind
9695,7758,Wrong Item
9696,90973,Arrived Late
9697,169548,Wrong Item
9698,59444,Defective
9699,155911,Arrived Late
9700,196653,Arrived Late
9701,135390,Wrong Item
9702,11649,Changed Mind
9703,162956,Size Issue
9704,29060,Defective
9705,112116,Size Issue
9706,133907,Defective
9707,32965,Size Issue
9708,195345,Defective
9709,109088,Changed Mind
9710,86262,Wrong Item
9711,80138,Size Issue
9712,88628,Changed Mind
9713,25598,Wrong Item
9714,84497,Changed Mind
9715,131273,Size Issue
9716,30168,Changed Mind
9717,71750,Wrong Item
9718,128798,Defective
9719,44160,Arrived Late
9720,122822,Changed Mind
9721,154016,Wrong Item
9722,175168,Defective
9723,44602,Size Issue
9724,160948,Size Issue
9725,147959,Changed Mind
9726,105046,Defective
9727,6912,Wrong Item
9728,84022,Wrong Item
9729,150240,Size Issue
9730,68467,Wrong Item
9731,64841,Arrived Late
9732,196597,Wrong Item
9733,100782,Size Issue
9734,127828,Arrived Late
9735,83599,Changed Mind
9736,9745,Arrived Late
9737,102981,Wrong Item
9738,92348,Size Issue
9739,144270,Arrived Late
9740,9356,Defective
9741,120903,Size Issue
9742,139318,Size Issue
9743,187548,Defective
9744,96371,Defective
9745,22031,Wrong Item
9746,173095,Size Issue
9747,31203,Defective
9748,8202,Changed Mind
9749,8272,Arrived Late
9750,198393,Changed Mind
9751,166849,Size Issue
9752,24779,Wrong Item
9753,190648,Defective
9754,2056,Arrived Late
9755,49916,Size Issue
9756,94007,Arrived Late
9757,79432,Changed Mind
9758,116179,Defective
9759,42119,Defective
9760,45080,Size Issue
9761,52773,Arrived Late
9762,134093,Defective
9763,99627,Arrived Late
9764,76729,Size Issue
9765,199779,Defective
9766,170170,Wrong Item
9767,199526,Defective
9768,164375,Wrong Item
9769,106471,Size Issue
9770,169617,Size Issue
9771,92159,Size Issue
9772,46316,Wrong Item
9773,134867,Wrong Item
9774,146094,Defective
9775,110467,Arrived Late
9776,113938,Changed Mind
9777,164867,Wrong Item
9778,27337,Size Issue
9779,120267,Changed Mind
9780,126655,Defective
9781,13688,Changed Mind
9782,91259,Wrong Item
9783,144378,Arrived Late
9784,163833,Changed Mind
9785,136373,Arrived Late
9786,171830,Defective
9787,174722,Size Issue
9788,110718,Wrong Item
9789,179344,Wrong Item
9790,48917,Wrong Item
9791,67269,Arrived Late
9792,20274,Defective
9793,80973,Wrong Item
9794,62761,Size Issue
9795,164371,Size Issue
9796,39168,Defective
9797,34878,Defective
9798,10706,Defective
9799,71255,Defective
9800,60663,Wrong Item
9801,190143,Size Issue
9802,26692,Wrong Item
9803,95838,Arrived Late
9804,56272,Changed Mind
9805,93729,Defective
9806,9379,Changed Mind
9807,171798,Arrived Late
9808,161991,Size Issue
9809,4042,Size Issue
9810,183072,Arrived Late
9811,185365,Size Issue
9812,183417,Defective
9813,161847,Size Issue
9814,137669,Wrong Item
9815,137558,Wrong Item
9816,154242,Size Issue
9817,437,Wrong Item
9818,26954,Arrived Late
9819,147363,Wrong Item
9820,126989,Wrong Item
9821,102941,Wrong Item
9822,182701,Size Issue
9823,168982,Wrong Item
9824,65345,Wrong Item
9825,66992,Arrived Late
9826,153500,Arrived Late
9827,71707,Arrived Late
9828,192711,Defective
9829,352,Wrong Item
9830,165793,Arrived Late
9831,37328,Arrived Late
9832,110339,Changed Mind
9833,129424,Changed Mind
9834,195618,Size Issue
9835,31618,Arrived Late
9836,148971,Size Issue
9837,80598,Size Issue
9838,99853,Wrong Item
9839,143852,Changed Mind
9840,79389,Defective
9841,134946,Wrong Item
9842,188617,Wrong Item
9843,146947,Wrong Item
9844,117229,Changed Mind
9845,95612,Arrived Late
9846,49422,Arrived Late
9847,123032,Wrong Item
9848,71552,Size Issue
9849,39160,Defective
9850,90031,Defective
9851,107047,Wrong Item
9852,78631,Defective
9853,42393,Changed Mind
9854,176341,Changed Mind
9855,197350,Arrived Late
9856,73358,Changed Mind
9857,167065,Size Issue
9858,48702,Wrong Item
9859,153349,Arrived Late
9860,47706,Changed Mind
9861,185162,Size Issue
9862,35294,Wrong Item
9863,82817,Changed Mind
9864,37937,Defective
9865,101170,Arrived Late
9866,147890,Size Issue
9867,102132,Size Issue
9868,111431,Size Issue
9869,64771,Size Issue
9870,85234,Arrived Late
9871,98858,Changed Mind
9872,54920,Size Issue
9873,87550,Wrong Item
9874,96065,Size Issue
9875,174961,Arrived Late
9876,40975,Changed Mind
9877,52877,Defective
9878,5103,Defective
9879,70192,Defective
9880,92316,Defective
9881,132233,Wrong Item
9882,118267,Size Issue
9883,58946,Changed Mind
9884,17682,Wrong Item
9885,54540,Size Issue
9886,54502,Defective
9887,18830,Size Issue
9888,158201,Changed Mind
9889,150145,Size Issue
9890,32353,Wrong Item
9891,75595,Changed Mind
9892,70853,Arrived Late
9893,146772,Size Issue
9894,113071,Arrived Late
9895,48179,Wrong Item
9896,53478,Arrived Late
9897,142305,Changed Mind
9898,21797,Defective
9899,149426,Defective
9900,11650,Arrived Late
9901,162051,Changed Mind
9902,39712,Defective
9903,88067,Changed Mind
9904,197312,Changed Mind
9905,106340,Defective
9906,93307,Size Issue
9907,125200,Size Issue
9908,20900,Size Issue
9909,147676,Changed Mind
9910,179384,Wrong Item
9911,16450,Defective
9912,170971,Size Issue
9913,181799,Wrong Item
9914,181364,Defective
9915,165911,Arrived Late
9916,140447,Defective
9917,167133,Size Issue
9918,2475,Arrived Late
9919,141226,Wrong Item
9920,152569,Size Issue
9921,128934,Changed Mind
9922,117635,Defective
9923,137166,Defective
9924,41392,Arrived Late
9925,160507,Size Issue
9926,73508,Defective
9927,75236,Arrived Late
9928,180093,Arrived Late
9929,42787,Changed Mind
9930,171962,Changed Mind
9931,52665,Defective
9932,125276,Changed Mind
9933,96642,Size Issue
9934,76853,Changed Mind
9935,128020,Size Issue
9936,195103,Changed Mind
9937,13049,Defective
9938,120091,Defective
9939,63954,Arrived Late
9940,49452,Size Issue
9941,129262,Wrong Item
9942,68437,Changed Mind
9943,37246,Wrong Item
9944,144836,Changed Mind
9945,167690,Wrong Item
9946,85629,Wrong Item
9947,155249,Defective
9948,67299,Defective
9949,180196,Defective
9950,137288,Wrong Item
9951,187522,Wrong Item
9952,176704,Defective
9953,5428,Arrived Late
9954,189479,Size Issue
9955,178926,Size Issue
9956,25876,Arrived Late
9957,149917,Arrived Late
9958,115515,Changed Mind
9959,57746,Changed Mind
9960,2466,Arrived Late
9961,161168,Defective
9962,38644,Defective
9963,162847,Arrived Late
9964,123321,Defective
9965,138590,Changed Mind
9966,175964,Changed Mind
9967,68108,Arrived Late
9968,172819,Defective
9969,186813,Wrong Item
9970,73007,Changed Mind
9971,12454,Defective
9972,97110,Arrived Late
9973,96991,Arrived Late
9974,188411,Defective
9975,144600,Defective
9976,150693,Changed Mind
9977,151742,Defective
9978,183318,Arrived Late
9979,107345,Wrong Item
9980,84844,Changed Mind
9981,142332,Changed Mind
9982,177513,Changed Mind
9983,150522,Arrived Late
9984,86385,Arrived Late
9985,166304,Arrived Late
9986,150884,Defective
9987,186761,Size Issue
9988,65275,Defective
9989,195317,Size Issue
9990,24908,Defective
9991,176479,Changed Mind
9992,91656,Size Issue
9993,10448,Size Issue
9994,167942,Size Issue
9995,105173,Arrived Late
9996,80076,Size Issue
9997,88821,Changed Mind
9998,9866,Arrived Late
9999,98798,Wrong Item
10000,198346,Arrived Late
