state,city,total_revenue,order_count,aov
Bihar,Adoni,4211646.41,72,58495.08902777778
Bihar,Agartala,1618171.22,33,49035.491515151516
Bihar,Agra,1777703.67,54,32920.43833333333
Bihar,Ahmedabad,2473883.81,61,40555.47229508197
Bihar,Ahmednagar,3990337.89,63,63338.69666666667
Bihar,Aizawl,9908521.52,158,62712.16151898734
Bihar,Ajmer,4896830.92,81,60454.70271604938
Bihar,Akola,344289.52999999997,12,28690.794166666663
Bihar,Alappuzha,4298184.22,71,60537.80591549295
Bihar,Aligarh,5843459.65,82,71261.70304878049
Bihar,Allahabad,1931339.09,46,41985.63239130435
Bihar,Alwar,4886048.81,65,75169.98169230769
Bihar,Amaravati,2749227.15,56,49093.34196428571
Bihar,Ambala,3776038.81,73,51726.55904109589
Bihar,Ambarnath,2958984.78,46,64325.75608695652
Bihar,Ambattur,4228147.24,87,48599.39356321839
Bihar,Amravati,2448808.14,59,41505.22271186441
Bihar,Amritsar,6418873.36,129,49758.70821705426
Bihar,Amroha,3595676.34,62,57994.779677419356
Bihar,Anand,2175382.92,50,43507.6584
Bihar,Anantapur,1807369.8699999999,42,43032.61595238095
Bihar,Anantapuram,1647399.06,42,39223.787142857145
Bihar,Arrah,5474380.96,105,52136.96152380952
Bihar,Asansol,3558026.42,59,60305.53254237288
Bihar,Aurangabad,4840568.77,96,50422.59135416666
Bihar,Avadi,4234810.28,49,86424.69959183675
Bihar,Bahraich,5775511.82,125,46204.094560000005
Bihar,Ballia,1685920.41,24,70246.68375
Bihar,Bally,4072336.16,112,36360.14428571429
Bihar,Bangalore,3702943.85,65,56968.36692307692
Bihar,Baranagar,3127166.7199999997,52,60137.82153846153
Bihar,Barasat,3334078.77,40,83351.96925
Bihar,Bardhaman,4454964.78,66,67499.46636363637
Bihar,Bareilly,3616132.6,66,54789.88787878788
Bihar,Bathinda,5326432.97,87,61223.36747126436
Bihar,Begusarai,3607260.5,77,46847.53896103896
Bihar,Belgaum,3668839.57,89,41222.91651685393
Bihar,Bellary,5013783.88,122,41096.589180327865
Bihar,Berhampore,6584574.2,116,56763.57068965517
Bihar,Berhampur,5344577.01,92,58093.228369565215
Bihar,Bettiah,3289605.96,59,55756.033220338984
Bihar,Bhagalpur,3684224.78,81,45484.25654320987
Bihar,Bhalswa Jahangir Pur,968067.54,32,30252.110625
Bihar,Bharatpur,5964452.2,109,54719.744954128444
Bihar,Bhatpara,3023335.27,53,57044.061698113204
Bihar,Bhavnagar,2495847.43,63,39616.62587301587
Bihar,Bhilai,3315874.9899999998,73,45422.94506849315
Bihar,Bhilwara,3549606.82,58,61200.11758620689
Bihar,Bhimavaram,3187643.16,59,54027.850169491525
Bihar,Bhind,1804413.86,36,50122.60722222223
Bihar,Bhiwandi,4468609.83,86,51960.579418604655
Bihar,Bhiwani,1755674.26,62,28317.32677419355
Bihar,Bhopal,1940926.76,55,35289.577454545455
Bihar,Bhubaneswar,7147300.42,90,79414.44911111111
Bihar,Bhusawal,3413148.5300000003,70,48759.26471428572
Bihar,Bidar,2665208.4299999997,52,51254.00826923076
Bihar,Bidhannagar,4119807.3600000003,79,52149.46025316456
Bihar,Bihar Sharif,5371643.8100000005,90,59684.93122222223
Bihar,Bijapur,1935806.92,36,53772.41444444444
Bihar,Bikaner,4297962.7299999995,60,71632.71216666666
Bihar,Bilaspur,2528344.23,51,49575.37705882353
Bihar,Bokaro,2663466.74,63,42277.24984126985
Bihar,Bongaigaon,3955060.04,84,47084.0480952381
Bihar,Bulandshahr,4835814.08,105,46055.37219047619
Bihar,Burhanpur,3264651.62,74,44116.913783783784
Bihar,Buxar,2161136.39,65,33248.25215384616
Bihar,Chandigarh,4114870.82,70,58783.86885714286
Bihar,Chandrapur,1295454.25,42,30844.14880952381
Bihar,Chapra,3473093.19,67,51837.21179104478
Bihar,Chennai,3604300.23,86,41910.46779069767
Bihar,Chinsurah,8348042.16,138,60493.05913043478
Bihar,Chittoor,2698941.93,57,47349.85842105263
Bihar,Coimbatore,4018261.4299999997,54,74412.24870370369
Bihar,Cuttack,6461943.62,104,62134.07326923077
Bihar,Danapur,1771141.98,32,55348.186875
Bihar,Darbhanga,8500850.73,107,79447.20308411216
Bihar,Davanagere,3915455.59,62,63152.50951612903
Bihar,Dehradun,1406255.4700000002,18,78125.3038888889
Bihar,Dehri,4133049.65,66,62621.96439393939
Bihar,Delhi,3772789.92,90,41919.888
Bihar,Deoghar,4594748.36,85,54055.86305882353
Bihar,Dewas,3540431.98,73,48499.06821917808
Bihar,Dhanbad,1631092.05,30,54369.735
Bihar,Dharmavaram,4110518.96,68,60448.80823529412
Bihar,Dhule,6258081.41,94,66575.33414893618
Bihar,Dibrugarh,1492721.15,47,31760.024468085103
Bihar,Dindigul,3708803.51,93,39879.6076344086
Bihar,Durg,6485499.71,108,60050.92324074074
Bihar,Durgapur,3111626.71,55,56575.03109090909
Bihar,Eluru,4179399.6,69,60571.00869565218
Bihar,Erode,3264179.58,52,62772.684230769235
Bihar,Etawah,4307494.75,94,45824.41223404255
Bihar,Faridabad,2137395.11,52,41103.75211538461
Bihar,Farrukhabad,3170548.13,70,45293.544714285716
Bihar,Fatehpur,2851921.0,47,60679.17021276596
Bihar,Firozabad,6014760.5,134,44886.272388059704
Bihar,Gandhidham,1486166.17,48,30961.795208333333
Bihar,Gandhinagar,4451751.11,93,47868.29150537635
Bihar,Gangtok,2453692.89,40,61342.322250000005
Bihar,Gaya,2938745.73,58,50668.02982758621
Bihar,Ghaziabad,11027828.36,209,52764.72899521531
Bihar,Giridih,1661707.29,51,32582.49588235294
Bihar,Gopalpur,1386688.63,34,40784.95970588235
Bihar,Gorakhpur,4150326.58,86,48259.61139534884
Bihar,Gudivada,3698839.0,80,46235.4875
Bihar,Gulbarga,7198136.38,140,51415.25985714285
Bihar,Guna,2609319.07,54,48320.72351851851
Bihar,Guntakal,1527346.98,28,54548.10642857143
Bihar,Guntur,4367636.17,84,51995.66869047619
Bihar,Gurgaon,3401670.48,43,79108.61581395348
Bihar,Guwahati,2235359.97,50,44707.199400000005
Bihar,Gwalior,2280128.64,66,34547.40363636364
Bihar,Hajipur,4972014.67,91,54637.52384615385
Bihar,Haldia,3888889.66,92,42270.5397826087
Bihar,Hapur,5954868.46,111,53647.4636036036
Bihar,Haridwar,2764376.37,64,43193.38078125
Bihar,Hazaribagh,2575326.84,61,42218.47278688524
Bihar,Hindupur,1136671.74,32,35520.991875
Bihar,Hospet,3057295.34,90,33969.94822222222
Bihar,Hosur,3326314.89,53,62760.6583018868
Bihar,Howrah,2247441.32,34,66101.21529411765
Bihar,Hubli–Dharwad,4619427.96,103,44848.815145631066
Bihar,Hyderabad,6040033.79,119,50756.586470588234
Bihar,Ichalkaranji,2539362.8,65,39067.119999999995
Bihar,Imphal,3664057.46,81,45235.277283950614
Bihar,Indore,4095982.09,83,49349.18180722892
Bihar,Jabalpur,3964827.66,94,42179.01765957447
Bihar,Jaipur,1607095.08,36,44641.53
Bihar,Jalandhar,4424994.91,83,53313.19168674699
Bihar,Jalgaon,3161253.31,57,55460.58438596491
Bihar,Jalna,3433180.75,82,41868.05792682927
Bihar,Jamalpur,6461637.17,123,52533.635528455285
Bihar,Jamnagar,2146171.0,61,35183.13114754098
Bihar,Jamshedpur,4583096.83,85,53918.786235294116
Bihar,Jaunpur,5573875.15,111,50215.091441441444
Bihar,Jehanabad,1869046.39,39,47924.26641025641
Bihar,Jhansi,2774223.75,56,49539.70982142857
Bihar,Jodhpur,4311306.5,73,59058.99315068493
Bihar,Jorhat,3266488.73,38,85960.2297368421
Bihar,Junagadh,4800642.59,84,57150.50702380952
Bihar,Kadapa,7609068.39,136,55949.03227941176
Bihar,Kakinada,2781443.85,41,67840.09390243902
Bihar,Kalyan-Dombivli,4617897.07,92,50194.53336956522
Bihar,Kamarhati,4065528.13,78,52122.155512820515
Bihar,Kanpur,398939.62,11,36267.23818181818
Bihar,Karaikudi,5118280.77,78,65618.98423076923
Bihar,Karawal Nagar,2937650.62,61,48158.206885245905
Bihar,Karimnagar,4707971.87,62,75935.03016129033
Bihar,Karnal,1153910.7,47,24551.2914893617
Bihar,Katihar,2120449.98,48,44176.04125
Bihar,Katni,2880480.78,48,60010.01624999999
Bihar,Kavali,3644864.22,91,40053.45296703297
Bihar,Khammam,3600104.16,80,45001.302
Bihar,Khandwa,1447223.25,14,103373.08928571429
Bihar,Kharagpur,2058039.81,42,49000.947857142855
Bihar,Khora ,2955824.55,42,70376.775
Bihar,Kirari Suleman Nagar,5718608.7,86,66495.45
Bihar,Kishanganj,6130461.98,108,56763.53685185186
Bihar,Kochi,4106365.37,74,55491.42391891892
Bihar,Kolhapur,2037297.67,43,47379.015581395346
Bihar,Kolkata,5026467.36,108,46541.36444444445
Bihar,Kollam,1662002.6099999999,34,48882.42970588235
Bihar,Korba,4350769.46,76,57246.966578947366
Bihar,Kota,2675343.55,84,31849.327976190474
Bihar,Kottayam,1381582.1099999999,44,31399.593409090907
Bihar,Kozhikode,3223727.11,61,52847.98540983607
Bihar,Kulti,5085089.13,89,57135.832921348316
Bihar,Kumbakonam,6239213.43,126,49517.5669047619
Bihar,Kurnool,4797039.92,109,44009.54055045872
Bihar,Latur,4322182.68,74,58407.87405405405
Bihar,Loni,3342259.56,80,41778.2445
Bihar,Lucknow,4235842.95,88,48134.57897727273
Bihar,Ludhiana,1436275.83,31,46331.47838709677
Bihar,Machilipatnam,5274859.45,59,89404.39745762713
Bihar,Madanapalle,3734035.63,71,52592.05112676056
Bihar,Madhyamgram,3833518.47,71,53993.217887323946
Bihar,Madurai,2482563.64,58,42802.82137931035
Bihar,Mahbubnagar,2109937.18,29,72756.45448275862
Bihar,Maheshtala,2748628.4699999997,73,37652.44479452055
Bihar,Malda,4676164.74,92,50827.87760869566
Bihar,Malegaon,2127333.56,48,44319.449166666665
Bihar,Mangalore,2939875.83,64,45935.55984375
Bihar,Mango,2269838.39,52,43650.73826923077
Bihar,Mathura,1383467.42,30,46115.58066666666
Bihar,Mau,2332010.39,60,38866.83983333334
Bihar,Medininagar,1143662.79,19,60192.77842105264
Bihar,Meerut,4409765.05,71,62109.36690140845
Bihar,Mehsana,4572689.3,86,53170.805813953484
Bihar,Mira-Bhayandar,5192892.37,114,45551.68745614035
Bihar,Miryalaguda,5966300.87,126,47351.594206349204
Bihar,Mirzapur,2257777.56,50,45155.5512
Bihar,Moradabad,7130640.72,140,50933.148
Bihar,Morbi,2406876.8,49,49119.93469387755
Bihar,Morena,2982669.02,67,44517.44805970149
Bihar,Motihari,4204102.15,91,46198.92472527473
Bihar,Mumbai,2057585.3099999998,19,108293.96368421051
Bihar,Munger,5091128.95,87,58518.723563218395
Bihar,Muzaffarnagar,4138587.8,87,47569.97471264368
Bihar,Muzaffarpur,4737617.87,101,46907.10762376238
Bihar,Mysore,2291219.18,60,38186.986333333334
Bihar,Nadiad,6110538.34,98,62352.432040816326
Bihar,Nagaon,2750708.4899999998,70,39295.835571428564
Bihar,Nagercoil,8164818.05,124,65845.30685483871
Bihar,Nagpur,1899824.72,32,59369.5225
Bihar,Naihati,6666733.71,143,46620.51545454546
Bihar,Nanded,2241631.81,50,44832.6362
Bihar,Nandyal,3183166.92,56,56842.26642857143
Bihar,Nangloi Jat,2349487.11,49,47948.71653061224
Bihar,Narasaraopet,3725663.12,62,60091.34064516129
Bihar,Nashik,4875559.7,62,78638.05967741935
Bihar,Navi Mumbai,4812759.64,79,60921.00810126582
Bihar,Nellore,4418636.42,61,72436.66262295083
Bihar,New Delhi,5766908.4799999995,90,64076.760888888886
Bihar,Nizamabad,7351618.61,127,57886.76070866142
Bihar,Noida,2006677.76,48,41805.78666666667
Bihar,North Dumdum,4043147.89,78,51835.229358974364
Bihar,Ongole,2878833.32,67,42967.661492537314
Bihar,Orai,4289946.04,108,39721.722592592596
Bihar,Ozhukarai,4019209.4899999998,68,59106.0219117647
Bihar,Pali,3702772.45,73,50722.91027397261
Bihar,Pallavaram,3451082.55,83,41579.3078313253
Bihar,Panchkula,5269425.13,116,45426.07870689655
Bihar,Panihati,2587825.66,58,44617.68379310345
Bihar,Panipat,3201600.15,62,51638.712096774194
Bihar,Panvel,2243593.39,44,50990.758863636365
Bihar,Parbhani,2639410.62,61,43269.02655737705
Bihar,Patiala,4083945.41,64,63811.64703125
Bihar,Patna,4497749.86,86,52299.41697674419
Bihar,Phagwara,4873196.47,116,42010.31439655172
Bihar,Phusro,4753449.62,94,50568.6129787234
Bihar,Pimpri-Chinchwad,977198.78,21,46533.27523809524
Bihar,Pondicherry,1051182.28,28,37542.224285714285
Bihar,Proddatur,5818404.62,105,55413.37733333334
Bihar,Pudukkottai,2145014.8,52,41250.28461538461
Bihar,Pune,3739017.59,61,61295.37032786885
Bihar,Purnia,2758050.41,54,51075.00759259259
Bihar,Raebareli,2721465.13,43,63289.88674418604
Bihar,Raichur,3334999.87,38,87763.15447368422
Bihar,Raiganj,2583234.52,53,48740.27396226415
Bihar,Raipur,2768728.11,31,89313.81
Bihar,Rajahmundry,3486018.15,62,56226.09919354838
Bihar,Rajkot,5067190.84,121,41877.61024793388
Bihar,Rajpur Sonarpur,4413654.65,59,74807.70593220339
Bihar,Ramagundam,975728.18,24,40655.340833333335
Bihar,Ramgarh,4555806.76,99,46018.2501010101
Bihar,Rampur,4258122.74,84,50691.93738095238
Bihar,Ranchi,2235688.16,54,41401.63259259259
Bihar,Ratlam,3445073.96,67,51419.01432835821
Bihar,Raurkela Industrial Township,5619777.15,101,55641.357920792085
Bihar,Rewa,1997463.2,43,46452.632558139536
Bihar,Rohtak,4610818.58,87,52997.91471264368
Bihar,Rourkela,2602338.79,47,55368.91042553192
Bihar,Sagar,5575637.46,90,61951.52733333333
Bihar,Saharanpur,4004987.97,64,62577.93703125
Bihar,Saharsa,2144542.82,48,44677.97541666666
Bihar,Salem,1881268.09,20,94063.4045
Bihar,Sambalpur,2954515.79,56,52759.21053571429
Bihar,Sambhal,2635408.68,56,47060.86928571429
Bihar,Sangli-Miraj & Kupwad,4769075.03,101,47218.56465346535
Bihar,Sasaram,6519367.78,84,77611.5211904762
Bihar,Satara,4427286.91,85,52085.72835294118
Bihar,Satna,598838.4,10,59883.840000000004
Bihar,Secunderabad,2998625.85,71,42234.166901408455
Bihar,Serampore,2262392.64,74,30572.873513513514
Bihar,Shahjahanpur,3208090.2,65,49355.233846153846
Bihar,Shimla,3377657.18,63,53613.606031746036
Bihar,Shimoga,2874880.34,60,47914.67233333333
Bihar,Shivpuri,1276106.85,37,34489.37432432433
Bihar,Sikar,2258470.3,40,56461.75749999999
Bihar,Silchar,3432984.96,51,67313.4305882353
Bihar,Siliguri,4412472.7299999995,108,40856.22898148148
Bihar,Singrauli,6978775.05,108,64618.2875
Bihar,Sirsa,3455925.5,62,55740.73387096774
Bihar,Siwan,3907114.88,73,53522.12164383561
Bihar,Solapur,2874574.2800000003,64,44915.223125000004
Bihar,Sonipat,3105788.71,88,35293.05352272727
Bihar,South Dumdum,492437.47000000003,12,41036.45583333333
Bihar,Sri Ganganagar,3886201.2800000003,73,53235.63397260274
Bihar,Srikakulam,2353342.43,53,44402.68735849057
Bihar,Srinagar,2592029.17,55,47127.80309090909
Bihar,Sultan Pur Majra,4322774.04,78,55420.18
Bihar,Surat,2533945.6,44,57589.67272727273
Bihar,Surendranagar Dudhrej,2318101.97,36,64391.721388888895
Bihar,Suryapet,5705560.399999999,122,46766.88852459016
Bihar,Tadepalligudem,1543022.83,39,39564.687948717954
Bihar,Tadipatri,1070006.23,40,26750.155749999998
Bihar,Tenali,3263493.4,67,48708.85671641791
Bihar,Tezpur,5006444.88,96,52150.4675
Bihar,Thane,1891728.41,34,55639.07088235294
Bihar,Thanjavur,1360423.0,34,40012.44117647059
Bihar,Thiruvananthapuram,1908863.82,47,40614.12382978723
Bihar,Thoothukudi,4890266.84,74,66084.68702702703
Bihar,Thrissur,2179413.43,60,36323.55716666667
Bihar,Tinsukia,3149346.97,63,49989.63444444445
Bihar,Tiruchirappalli,2868979.63,69,41579.41492753623
Bihar,Tirunelveli,2567438.38,56,45847.11392857142
Bihar,Tirupati,4889582.16,121,40409.76991735537
Bihar,Tiruppur,3766584.7399999998,77,48916.684935064935
Bihar,Tiruvottiyur,1349152.07,37,36463.56945945946
Bihar,Tumkur,2143011.59,45,47622.47977777777
Bihar,Udaipur,6328092.28,103,61437.789126213596
Bihar,Udupi,520900.08999999997,20,26045.0045
Bihar,Ujjain,4433882.21,82,54071.73426829268
Bihar,Ulhasnagar,2447566.07,52,47068.57826923077
Bihar,Uluberia,1175655.15,43,27340.81744186046
Bihar,Unnao,2779117.17,50,55582.3434
Bihar,Vadodara,2412630.2199999997,52,46396.73499999999
Bihar,Varanasi,5027632.57,92,54648.180108695655
Bihar,Vasai-Virar,2696566.14,45,59923.692
Bihar,Vellore,2856641.02,57,50116.509122807016
Bihar,Vijayanagaram,5319241.6,115,46254.27478260869
Bihar,Vijayawada,2950291.16,64,46098.299375
Bihar,Visakhapatnam,5114349.21,102,50140.678529411765
Bihar,Warangal,4213836.26,73,57723.784383561644
Bihar,Yamunanagar,4423383.8,91,48608.613186813185
Delhi,Adoni,2777194.8,40,69429.87
Delhi,Ahmednagar,1065703.4000000001,19,56089.65263157895
Delhi,Aizawl,1445977.73,18,80332.09611111111
Delhi,Ajmer,1616366.6099999999,14,115454.75785714285
Delhi,Akola,606389.4500000001,9,67376.60555555556
Delhi,Alappuzha,422337.14,15,28155.809333333335
Delhi,Allahabad,1311519.54,30,43717.318
Delhi,Alwar,515618.1,18,28645.449999999997
Delhi,Ambala,1210671.23,27,44839.67518518519
Delhi,Ambarnath,793035.7,11,72094.15454545454
Delhi,Ambattur,250055.19999999998,10,25005.519999999997
Delhi,Amravati,1345794.45,20,67289.7225
Delhi,Amritsar,757063.26,17,44533.132941176475
Delhi,Anand,2182447.53,36,60623.542499999996
Delhi,Anantapuram,1225378.44,13,94259.87999999999
Delhi,Arrah,414833.37,10,41483.337
Delhi,Asansol,1876901.78,19,98784.30421052632
Delhi,Aurangabad,3881816.86,61,63636.34196721311
Delhi,Ballia,837190.58,11,76108.23454545454
Delhi,Bally,1357723.82,11,123429.43818181819
Delhi,Bangalore,227208.81,9,25245.423333333332
Delhi,Barasat,1120812.6600000001,15,74720.84400000001
Delhi,Bardhaman,626844.51,9,69649.39
Delhi,Bathinda,406516.08,10,40651.608
Delhi,Begusarai,288737.17,9,32081.907777777775
Delhi,Belgaum,842343.44,26,32397.824615384612
Delhi,Berhampore,913575.97,22,41526.18045454545
Delhi,Berhampur,1613149.48,24,67214.56166666666
Delhi,Bettiah,328634.12,11,29875.82909090909
Delhi,Bhagalpur,867679.06,11,78879.91454545455
Delhi,Bharatpur,135017.88999999998,9,15001.987777777777
Delhi,Bhimavaram,648485.47,21,30880.260476190473
Delhi,Bhind,1377071.39,37,37218.145675675674
Delhi,Bhiwandi,2570292.84,30,85676.428
Delhi,Bhiwani,607292.18,23,26404.00782608696
Delhi,Bhopal,740825.17,7,105832.16714285714
Delhi,Bhusawal,2851371.32,26,109668.12769230768
Delhi,Bihar Sharif,590241.26,8,73780.1575
Delhi,Bijapur,818541.9,12,68211.825
Delhi,Bikaner,469729.09,13,36133.00692307692
Delhi,Bokaro,898283.33,26,34549.358846153846
Delhi,Bongaigaon,883584.1299999999,12,73632.01083333332
Delhi,Bulandshahr,2356702.49,33,71415.22696969697
Delhi,Buxar,269801.35,10,26980.135
Delhi,Chapra,1790524.43,35,51157.84085714285
Delhi,Chittoor,1161874.14,22,52812.46090909091
Delhi,Cuttack,851397.77,17,50082.221764705886
Delhi,Danapur,886616.01,22,40300.72772727273
Delhi,Davanagere,439681.21,11,39971.019090909096
Delhi,Dehradun,250712.88,12,20892.74
Delhi,Delhi,52358.32,5,10471.664
Delhi,Deoghar,463117.25,15,30874.483333333334
Delhi,Dewas,1311565.6199999999,12,109297.135
Delhi,Dharmavaram,797425.8999999999,11,72493.26363636363
Delhi,Eluru,110950.23,6,18491.704999999998
Delhi,Etawah,1619232.1099999999,18,89957.33944444444
Delhi,Faridabad,914924.55,13,70378.81153846154
Delhi,Firozabad,1587250.45,24,66135.43541666666
Delhi,Gandhidham,925350.02,16,57834.37625
Delhi,Gandhinagar,200492.86,8,25061.6075
Delhi,Gangtok,1881576.58,38,49515.17315789474
Delhi,Giridih,1041644.67,23,45288.89869565218
Delhi,Gopalpur,255411.33000000002,15,17027.422000000002
Delhi,Gorakhpur,1622689.01,21,77270.90523809523
Delhi,Gudivada,225424.88,7,32203.554285714286
Delhi,Guna,477028.32,13,36694.486153846156
Delhi,Guntakal,805133.44,22,36596.97454545454
Delhi,Gurgaon,1243820.81,20,62191.0405
Delhi,Guwahati,1888357.1600000001,25,75534.28640000001
Delhi,Gwalior,1443028.06,14,103073.43285714286
Delhi,Hajipur,922023.04,19,48527.52842105264
Delhi,Hazaribagh,643150.09,10,64315.009
Delhi,Hospet,869934.54,11,79084.95818181819
Delhi,Hosur,459479.96,11,41770.90545454546
Delhi,Howrah,324010.3,8,40501.2875
Delhi,Hubli–Dharwad,1405330.78,24,58555.449166666665
Delhi,Hyderabad,491586.08,10,49158.608
Delhi,Imphal,2891211.93,52,55600.229423076926
Delhi,Indore,480197.06,9,53355.22888888889
Delhi,Jaipur,349265.93,7,49895.13285714285
Delhi,Jalandhar,538685.74,13,41437.36461538461
Delhi,Jalgaon,294181.13,10,29418.113
Delhi,Jalna,582965.31,9,64773.92333333334
Delhi,Jamnagar,289632.96,12,24136.08
Delhi,Jamshedpur,975298.59,12,81274.88249999999
Delhi,Jaunpur,225049.25,11,20459.022727272728
Delhi,Jorhat,503911.95999999996,7,71987.42285714285
Delhi,Junagadh,588207.0,8,73525.875
Delhi,Kakinada,708226.35,7,101175.19285714286
Delhi,Kamarhati,994433.06,7,142061.86571428573
Delhi,Kanpur,1185402.2,31,38238.78064516129
Delhi,Karaikudi,1142262.92,24,47594.28833333333
Delhi,Karawal Nagar,1298208.73,27,48081.804814814815
Delhi,Karimnagar,148412.76,9,16490.306666666667
Delhi,Kavali,874220.36,18,48567.79777777778
Delhi,Khammam,73259.99,10,7325.999000000001
Delhi,Kharagpur,1689554.62,34,49692.782941176476
Delhi,Khora ,674366.1900000001,16,42147.886875000004
Delhi,Kirari Suleman Nagar,969543.1500000001,10,96954.31500000002
Delhi,Kishanganj,1531679.94,13,117821.53384615385
Delhi,Kolkata,1953791.3900000001,26,75145.8226923077
Delhi,Kota,556078.01,7,79439.71571428572
Delhi,Kottayam,506486.08,10,50648.608
Delhi,Kulti,731565.99,11,66505.99909090908
Delhi,Kurnool,453859.04,15,30257.269333333334
Delhi,Latur,966773.04,20,48338.652
Delhi,Ludhiana,333967.76,10,33396.776
Delhi,Machilipatnam,456038.51,9,50670.945555555554
Delhi,Madanapalle,738489.3,8,92311.1625
Delhi,Madurai,2099881.96,33,63632.78666666667
Delhi,Mahbubnagar,948110.97,13,72931.61307692308
Delhi,Maheshtala,433511.2,12,36125.933333333334
Delhi,Malda,884066.57,13,68005.12076923077
Delhi,Mangalore,1571027.84,24,65459.49333333334
Delhi,Mango,367178.45,7,52454.06428571429
Delhi,Mathura,1263706.34,11,114882.39454545455
Delhi,Medininagar,77187.1,4,19296.775
Delhi,Meerut,1856589.17,41,45282.66268292683
Delhi,Mehsana,2270678.12,39,58222.5158974359
Delhi,Miryalaguda,661516.93,11,60137.90272727273
Delhi,Mirzapur,529808.52,9,58867.613333333335
Delhi,Moradabad,1428704.68,27,52914.98814814814
Delhi,Morena,407782.02,7,58254.57428571429
Delhi,Motihari,553458.48,17,32556.381176470586
Delhi,Muzaffarnagar,361795.75,9,40199.52777777778
Delhi,Mysore,574862.84,19,30255.93894736842
Delhi,Nadiad,1540903.6900000002,27,57070.507037037045
Delhi,Naihati,692468.64,17,40733.449411764705
Delhi,Nandyal,809378.14,30,26979.271333333334
Delhi,Nangloi Jat,1631760.07,21,77702.86047619049
Delhi,Navi Mumbai,74372.26,4,18593.065
Delhi,Nellore,334655.19,7,47807.88428571429
Delhi,Nizamabad,1461348.95,9,162372.10555555555
Delhi,North Dumdum,310010.68,7,44287.24
Delhi,Ongole,1914497.72,42,45583.27904761905
Delhi,Orai,1501374.97,15,100091.66466666666
Delhi,Ozhukarai,1292149.53,11,117468.1390909091
Delhi,Pallavaram,253219.53999999998,8,31652.442499999997
Delhi,Panihati,1018406.54,9,113156.28222222223
Delhi,Panvel,102730.88,8,12841.36
Delhi,Parbhani,548442.33,12,45703.5275
Delhi,Patna,1062315.34,23,46187.62347826087
Delhi,Phagwara,875464.98,22,39793.862727272724
Delhi,Proddatur,407583.11,4,101895.7775
Delhi,Pudukkottai,245441.19999999998,10,24544.12
Delhi,Pune,497755.79000000004,11,45250.52636363637
Delhi,Purnia,539848.16,15,35989.87733333334
Delhi,Raichur,1306245.39,16,81640.336875
Delhi,Raipur,869347.74,20,43467.387
Delhi,Ramgarh,425883.69999999995,11,38716.7
Delhi,Ranchi,225730.72,11,20520.974545454545
Delhi,Raurkela Industrial Township,246272.62,9,27363.624444444446
Delhi,Rewa,804956.08,22,36588.91272727273
Delhi,Rourkela,131789.36,9,14643.26222222222
Delhi,Saharanpur,209943.59000000003,10,20994.359000000004
Delhi,Salem,3224496.33,23,140195.49260869567
Delhi,Sangli-Miraj & Kupwad,145194.66,7,20742.094285714287
Delhi,Sasaram,711280.29,15,47418.686
Delhi,Satna,165846.0,9,18427.333333333332
Delhi,Serampore,700706.6799999999,11,63700.60727272727
Delhi,Shahjahanpur,540755.7,19,28460.826315789473
Delhi,Shimla,1145034.47,30,38167.81566666667
Delhi,Shimoga,2838636.18,56,50689.93178571429
Delhi,Shivpuri,793859.72,13,61066.13230769231
Delhi,Sikar,1081686.23,24,45070.25958333333
Delhi,Siliguri,1376102.29,14,98293.02071428571
Delhi,Singrauli,1817484.25,32,56796.3828125
Delhi,Siwan,1659799.0,35,47422.828571428574
Delhi,Solapur,1271972.33,19,66945.91210526317
Delhi,Sonipat,248402.65999999997,7,35486.09428571428
Delhi,South Dumdum,155696.82,10,15569.682
Delhi,Sri Ganganagar,1073861.7999999998,9,119317.97777777776
Delhi,Srikakulam,716695.1,17,42158.535294117646
Delhi,Srinagar,2267541.54,31,73146.50129032259
Delhi,Sultan Pur Majra,1425993.5,24,59416.395833333336
Delhi,Surendranagar Dudhrej,860292.19,20,43014.6095
Delhi,Suryapet,1267632.17,22,57619.64409090909
Delhi,Tadipatri,794972.32,9,88330.25777777778
Delhi,Tenali,2254741.19,38,59335.29447368421
Delhi,Thanjavur,1167373.63,29,40254.26310344827
Delhi,Thrissur,55117.78,4,13779.445
Delhi,Tinsukia,549324.0700000001,13,42255.697692307695
Delhi,Tiruchirappalli,1114331.33,13,85717.79461538463
Delhi,Tirunelveli,209650.54,5,41930.108
Delhi,Tirupati,1104801.51,14,78914.39357142858
Delhi,Tiruppur,680261.33,16,42516.333125
Delhi,Tiruvottiyur,477388.75,8,59673.59375
Delhi,Tumkur,638967.45,11,58087.95
Delhi,Ujjain,2051090.1600000001,41,50026.589268292686
Delhi,Uluberia,1005880.74,16,62867.54625
Delhi,Unnao,621708.13,18,34539.34055555556
Delhi,Vadodara,1670097.41,26,64234.51576923077
Delhi,Vasai-Virar,838581.41,21,39932.4480952381
Delhi,Vellore,189001.45,13,14538.573076923078
Delhi,Vijayanagaram,2136525.85,30,71217.52833333334
Delhi,Vijayawada,163127.58,9,18125.286666666667
Delhi,Visakhapatnam,3358505.02,39,86115.51333333334
Gujarat,Adoni,1185207.3699999999,30,39506.91233333333
Gujarat,Agartala,3425378.83,53,64629.78924528302
Gujarat,Agra,1292808.8800000001,24,53867.036666666674
Gujarat,Ahmedabad,2040494.6199999999,46,44358.57869565217
Gujarat,Ahmednagar,311190.2,15,20746.013333333332
Gujarat,Aizawl,1779416.6099999999,33,53921.715454545454
Gujarat,Ajmer,1775026.82,42,42262.543333333335
Gujarat,Akola,2898239.8,65,44588.304615384615
Gujarat,Alappuzha,1779579.75,39,45630.25
Gujarat,Aligarh,3664057.67,67,54687.42791044776
Gujarat,Allahabad,867405.11,21,41305.00523809524
Gujarat,Alwar,2005115.83,35,57289.023714285715
Gujarat,Amaravati,3113798.87,33,94357.54151515152
Gujarat,Ambala,1293214.14,36,35922.615
Gujarat,Ambarnath,3388893.02,58,58429.19
Gujarat,Ambattur,2377179.21,28,84899.25749999999
Gujarat,Amravati,516133.18,8,64516.6475
Gujarat,Amritsar,4967926.43,67,74148.15567164178
Gujarat,Amroha,4774737.67,80,59684.220875
Gujarat,Anand,1211764.89,32,37867.6528125
Gujarat,Anantapur,169050.58,7,24150.082857142854
Gujarat,Anantapuram,2142884.54,41,52265.476585365854
Gujarat,Arrah,3203771.46,46,69647.20565217391
Gujarat,Asansol,321388.89,7,45912.69857142858
Gujarat,Aurangabad,2784196.88,54,51559.20148148148
Gujarat,Avadi,3910427.31,69,56672.85956521739
Gujarat,Bahraich,3245734.4699999997,35,92735.27057142857
Gujarat,Ballia,2154108.48,37,58219.14810810811
Gujarat,Bally,1255305.72,26,48280.98923076923
Gujarat,Bangalore,1374780.26,27,50917.787407407406
Gujarat,Baranagar,3495275.4699999997,71,49229.23197183098
Gujarat,Barasat,1899634.05,41,46332.53780487805
Gujarat,Bardhaman,1641015.48,42,39071.79714285714
Gujarat,Bareilly,2645400.92,64,41334.389375
Gujarat,Bathinda,1771795.76,34,52111.64
Gujarat,Begusarai,1051921.3900000001,19,55364.28368421053
Gujarat,Belgaum,2287837.69,49,46690.56510204082
Gujarat,Bellary,1347359.94,27,49902.22
Gujarat,Berhampore,1138369.44,24,47432.06
Gujarat,Berhampur,2945074.56,66,44622.34181818182
Gujarat,Bettiah,4171560.66,68,61346.480294117646
Gujarat,Bhagalpur,2994070.35,47,63703.62446808511
Gujarat,Bhalswa Jahangir Pur,3701543.3,53,69840.43962264151
Gujarat,Bharatpur,1304728.18,37,35262.92378378378
Gujarat,Bhatpara,2558893.41,39,65612.65153846155
Gujarat,Bhavnagar,544496.88,18,30249.826666666668
Gujarat,Bhilai,1448118.51,34,42591.72088235294
Gujarat,Bhilwara,743364.31,20,37168.215500000006
Gujarat,Bhimavaram,3450679.76,62,55656.12516129032
Gujarat,Bhind,873006.87,10,87300.687
Gujarat,Bhiwandi,2015361.09,31,65011.64806451613
Gujarat,Bhiwani,5183081.15,78,66449.75833333333
Gujarat,Bhopal,437977.09,12,36498.090833333335
Gujarat,Bhubaneswar,6869642.08,124,55400.33935483871
Gujarat,Bhusawal,1112526.99,29,38362.99965517241
Gujarat,Bidar,3612575.71,69,52356.169710144924
Gujarat,Bidhannagar,3794632.91,60,63243.88183333333
Gujarat,Bihar Sharif,2378659.25,46,51709.983695652176
Gujarat,Bijapur,3060260.58,37,82709.74540540541
Gujarat,Bikaner,299952.2,11,27268.38181818182
Gujarat,Bilaspur,1934576.33,30,64485.87766666667
Gujarat,Bokaro,3701054.35,83,44591.01626506024
Gujarat,Bongaigaon,1412118.02,33,42791.455151515154
Gujarat,Bulandshahr,2684415.5,40,67110.3875
Gujarat,Burhanpur,2171732.04,51,42582.98117647059
Gujarat,Buxar,1127342.45,24,46972.60208333333
Gujarat,Chandigarh,3087924.64,52,59383.166153846156
Gujarat,Chandrapur,1000501.73,18,55583.429444444446
Gujarat,Chapra,551633.32,11,50148.483636363635
Gujarat,Chennai,2828653.05,51,55463.785294117646
Gujarat,Chinsurah,2408410.79,51,47223.740980392155
Gujarat,Chittoor,2309810.67,31,74510.02161290322
Gujarat,Coimbatore,703473.22,22,31976.055454545454
Gujarat,Cuttack,2654773.03,49,54179.04142857142
Gujarat,Danapur,2044310.94,49,41720.631428571425
Gujarat,Darbhanga,3032082.53,68,44589.44897058823
Gujarat,Davanagere,3290268.42,44,74778.82772727273
Gujarat,Dehradun,1834077.76,44,41683.58545454546
Gujarat,Dehri,1420249.17,36,39451.36583333333
Gujarat,Delhi,1149867.71,16,71866.731875
Gujarat,Deoghar,2419582.63,38,63673.227105263155
Gujarat,Dewas,1018454.78,33,30862.26606060606
Gujarat,Dhanbad,590384.71,8,73798.08875
Gujarat,Dharmavaram,2624254.05,59,44478.882203389825
Gujarat,Dhule,1271724.27,39,32608.314615384617
Gujarat,Dibrugarh,2665555.15,48,55532.39895833333
Gujarat,Dindigul,1324963.13,45,29443.62511111111
Gujarat,Durg,2330894.4299999997,45,51797.653999999995
Gujarat,Durgapur,4847637.75,87,55719.974137931036
Gujarat,Eluru,2052152.3599999999,42,48860.770476190475
Gujarat,Erode,2383132.05,55,43329.67363636363
Gujarat,Etawah,1273623.54,36,35378.43166666667
Gujarat,Faridabad,2540397.0700000003,41,61960.90414634147
Gujarat,Farrukhabad,3651993.67,56,65214.17267857143
Gujarat,Fatehpur,1874379.1300000001,39,48061.003333333334
Gujarat,Firozabad,2004602.45,24,83525.10208333333
Gujarat,Gandhidham,1247413.41,43,29009.61418604651
Gujarat,Gandhinagar,1514412.35,29,52221.115517241386
Gujarat,Gangtok,2726650.65,54,50493.53055555555
Gujarat,Gaya,3893943.52,68,57263.87529411765
Gujarat,Ghaziabad,3254811.13,81,40182.85345679012
Gujarat,Giridih,826302.37,20,41315.1185
Gujarat,Gopalpur,2282077.45,35,65202.21285714286
Gujarat,Gorakhpur,2067520.23,30,68917.341
Gujarat,Gudivada,1487782.18,24,61990.924166666664
Gujarat,Gulbarga,867973.62,19,45682.822105263156
Gujarat,Guna,2038628.93,40,50965.723249999995
Gujarat,Guntakal,2304676.69,28,82309.88178571429
Gujarat,Guntur,1911307.79,28,68260.99250000001
Gujarat,Gurgaon,1944790.3800000001,52,37399.815
Gujarat,Guwahati,2371374.09,43,55148.234651162784
Gujarat,Gwalior,2229246.79,48,46442.64145833333
Gujarat,Hajipur,3710507.95,51,72755.05784313726
Gujarat,Haldia,1632309.8900000001,49,33312.44673469388
Gujarat,Hapur,2433881.46,44,55315.487727272724
Gujarat,Haridwar,2904698.58,39,74479.45076923077
Gujarat,Hazaribagh,1921670.24,47,40886.60085106383
Gujarat,Hindupur,3075924.88,44,69907.38363636364
Gujarat,Hospet,1433477.0699999998,21,68260.81285714285
Gujarat,Hosur,3988046.42,77,51792.81064935065
Gujarat,Howrah,1144967.8900000001,32,35780.246562500004
Gujarat,Hubli–Dharwad,1542537.95,38,40593.10394736842
Gujarat,Hyderabad,114918.03,6,19153.005
Gujarat,Ichalkaranji,2044423.48,30,68147.44933333334
Gujarat,Imphal,245863.77,9,27318.196666666667
Gujarat,Indore,2631421.32,50,52628.4264
Gujarat,Jabalpur,1984195.89,29,68420.54793103448
Gujarat,Jaipur,3308447.31,55,60153.58745454546
Gujarat,Jalandhar,2162261.72,37,58439.50594594595
Gujarat,Jalgaon,3258210.9,56,58182.3375
Gujarat,Jalna,2637223.08,58,45469.363448275864
Gujarat,Jamalpur,2895707.97,52,55686.691730769235
Gujarat,Jammu,2727251.73,60,45454.1955
Gujarat,Jamnagar,1003896.49,28,35853.446071428574
Gujarat,Jamshedpur,5106710.7299999995,111,46006.40297297297
Gujarat,Jaunpur,497642.52999999997,13,38280.194615384615
Gujarat,Jehanabad,758088.62,35,21659.674857142858
Gujarat,Jhansi,4033379.45,72,56019.15902777778
Gujarat,Jodhpur,700797.73,15,46719.848666666665
Gujarat,Jorhat,3642137.2,49,74329.3306122449
Gujarat,Junagadh,1528653.03,30,50955.101
Gujarat,Kadapa,2349863.38,36,65273.982777777775
Gujarat,Kakinada,4544268.34,58,78349.45413793102
Gujarat,Kalyan-Dombivli,1509224.69,41,36810.358292682926
Gujarat,Kamarhati,2612457.09,64,40819.64203125
Gujarat,Kanpur,3894357.85,64,60849.34140625
Gujarat,Karaikudi,2193298.11,53,41382.983207547164
Gujarat,Karawal Nagar,1291913.75,31,41674.6370967742
Gujarat,Karimnagar,2974224.45,39,76262.1653846154
Gujarat,Karnal,2860089.88,58,49311.89448275862
Gujarat,Katihar,873789.93,23,37990.86652173913
Gujarat,Katni,1920091.56,44,43638.44454545455
Gujarat,Kavali,1740297.99,44,39552.22704545454
Gujarat,Khammam,3375431.14,73,46238.782739726026
Gujarat,Khandwa,2670268.61,60,44504.476833333334
Gujarat,Kharagpur,1684189.08,36,46783.03
Gujarat,Khora ,2402036.92,54,44482.165185185186
Gujarat,Kirari Suleman Nagar,676440.87,24,28185.03625
Gujarat,Kishanganj,1873436.0,35,53526.74285714285
Gujarat,Kochi,3233429.71,48,67363.11895833333
Gujarat,Kolhapur,4174291.0500000003,79,52839.127215189874
Gujarat,Kolkata,1629634.98,31,52568.870322580646
Gujarat,Kollam,1192091.85,24,49670.49375
Gujarat,Korba,1736202.12,29,59869.03862068966
Gujarat,Kota,3594605.28,54,66566.76444444444
Gujarat,Kottayam,1468075.8800000001,48,30584.91416666667
Gujarat,Kozhikode,1339413.1600000001,28,47836.18428571429
Gujarat,Kulti,1019591.57,27,37762.65074074074
Gujarat,Kumbakonam,1007883.14,25,40315.325600000004
Gujarat,Kurnool,708696.91,22,32213.49590909091
Gujarat,Latur,4073430.39,56,72739.82839285715
Gujarat,Loni,2002469.29,48,41718.11020833333
Gujarat,Ludhiana,3037158.17,40,75928.95425
Gujarat,Machilipatnam,1416937.56,16,88558.5975
Gujarat,Madanapalle,988610.15,23,42983.05
Gujarat,Madhyamgram,4178087.21,71,58846.29873239437
Gujarat,Madurai,2083490.94,31,67209.38516129032
Gujarat,Mahbubnagar,1284897.37,28,45889.19178571429
Gujarat,Maheshtala,3204049.02,58,55242.22448275862
Gujarat,Malda,3456919.5,57,60647.71052631579
Gujarat,Malegaon,3270368.83,52,62891.708269230774
Gujarat,Mangalore,2592696.79,58,44701.66879310345
Gujarat,Mango,1980130.69,47,42130.440212765956
Gujarat,Mathura,4736998.08,78,60730.74461538462
Gujarat,Mau,1475872.62,21,70279.64857142858
Gujarat,Medininagar,5647034.18,82,68866.27048780487
Gujarat,Meerut,2568188.15,37,69410.49054054054
Gujarat,Mehsana,2480444.37,48,51675.924375
Gujarat,Mira-Bhayandar,2091474.77,34,61513.96382352941
Gujarat,Miryalaguda,595843.8300000001,16,37240.239375000005
Gujarat,Mirzapur,2425135.3,33,73488.94848484849
Gujarat,Moradabad,3637085.24,68,53486.547647058826
Gujarat,Morbi,2493049.12,48,51938.52333333334
Gujarat,Morena,3436401.61,47,73114.92787234043
Gujarat,Motihari,418066.16000000003,23,18176.789565217394
Gujarat,Mumbai,1052042.23,19,55370.643684210525
Gujarat,Munger,810265.81,24,33761.07541666667
Gujarat,Muzaffarnagar,2835550.57,34,83398.54617647058
Gujarat,Muzaffarpur,1021032.67,22,46410.57590909091
Gujarat,Mysore,2351559.74,44,53444.53954545455
Gujarat,Nadiad,1254185.29,27,46451.30703703704
Gujarat,Nagaon,721132.38,21,34339.637142857144
Gujarat,Nagercoil,576721.76,7,82388.82285714286
Gujarat,Nagpur,2191443.26,49,44723.33183673469
Gujarat,Naihati,1292019.69,26,49693.064999999995
Gujarat,Nanded,553985.54,15,36932.369333333336
Gujarat,Nandyal,1136971.09,24,47373.79541666667
Gujarat,Nangloi Jat,1756890.41,48,36601.88354166666
Gujarat,Narasaraopet,1357728.06,29,46818.208965517246
Gujarat,Nashik,2071061.42,60,34517.69033333333
Gujarat,Nellore,932275.73,33,28250.779696969697
Gujarat,New Delhi,2109128.09,40,52728.202249999995
Gujarat,Nizamabad,1791591.15,52,34453.67596153846
Gujarat,Noida,2858373.12,41,69716.4175609756
Gujarat,North Dumdum,229529.75,11,20866.340909090908
Gujarat,Ongole,1425606.62,29,49158.848965517245
Gujarat,Orai,2523651.26,50,50473.0252
Gujarat,Ozhukarai,1300177.78,23,56529.46869565218
Gujarat,Pali,3857458.69,67,57574.01029850746
Gujarat,Pallavaram,2122208.29,32,66319.0090625
Gujarat,Panchkula,2401452.46,37,64904.12054054054
Gujarat,Panihati,2624597.21,52,50473.02326923077
Gujarat,Panipat,3193699.48,60,53228.32466666667
Gujarat,Panvel,3594061.17,54,66556.68833333334
Gujarat,Parbhani,2580914.6,44,58657.15
Gujarat,Patiala,3960956.48,101,39217.39089108911
Gujarat,Patna,1109879.67,6,184979.94499999998
Gujarat,Phagwara,1627532.5799999998,29,56121.81310344827
Gujarat,Phusro,1337115.82,34,39326.93588235294
Gujarat,Pimpri-Chinchwad,2550252.31,56,45540.219821428575
Gujarat,Pondicherry,2094676.54,29,72230.22551724139
Gujarat,Proddatur,634151.5,20,31707.575
Gujarat,Pudukkottai,1346096.16,39,34515.28615384615
Gujarat,Pune,862695.48,22,39213.43090909091
Gujarat,Purnia,2423098.73,42,57692.8269047619
Gujarat,Raebareli,3349521.57,58,57750.37189655172
Gujarat,Raichur,1164741.49,42,27731.940238095238
Gujarat,Raiganj,2657059.1,44,60387.70681818182
Gujarat,Raipur,238427.45,13,18340.57307692308
Gujarat,Rajahmundry,2423948.39,40,60598.70975
Gujarat,Rajkot,2761724.75,53,52108.014150943396
Gujarat,Rajpur Sonarpur,2168361.53,40,54209.03825
Gujarat,Ramagundam,2277463.19,44,51760.527045454546
Gujarat,Ramgarh,3686237.65,55,67022.50272727273
Gujarat,Rampur,807550.96,17,47502.99764705882
Gujarat,Ranchi,620435.96,19,32654.524210526313
Gujarat,Ratlam,1779251.83,24,74135.49291666667
Gujarat,Raurkela Industrial Township,3755819.67,57,65891.57315789473
Gujarat,Rewa,2170607.14,45,48235.714222222225
Gujarat,Rohtak,1343932.79,43,31254.25093023256
Gujarat,Rourkela,944899.3,8,118112.4125
Gujarat,Sagar,1299280.72,19,68383.19578947368
Gujarat,Saharanpur,723935.3899999999,11,65812.30818181817
Gujarat,Saharsa,2171806.48,37,58697.472432432434
Gujarat,Salem,3439694.7,44,78174.87954545455
Gujarat,Sambalpur,3828524.64,61,62762.699016393446
Gujarat,Sambhal,2315352.91,55,42097.32563636364
Gujarat,Sangli-Miraj & Kupwad,1516492.8599999999,20,75824.643
Gujarat,Sasaram,1859449.0,60,30990.816666666666
Gujarat,Satara,3115271.3,50,62305.426
Gujarat,Satna,5343634.6,70,76337.63714285714
Gujarat,Secunderabad,2068354.8199999998,50,41367.096399999995
Gujarat,Serampore,754523.27,23,32805.35956521739
Gujarat,Shahjahanpur,1552541.62,32,48516.925625
Gujarat,Shimla,217074.14,9,24119.34888888889
Gujarat,Shimoga,867102.4,23,37700.10434782609
Gujarat,Shivpuri,1406380.33,32,43949.3853125
Gujarat,Sikar,1674521.0699999998,26,64404.65653846153
Gujarat,Silchar,2088249.72,35,59664.277714285716
Gujarat,Siliguri,481443.08999999997,16,30090.193124999998
Gujarat,Singrauli,2164503.4,52,41625.06538461538
Gujarat,Sirsa,4205248.09,65,64696.12446153846
Gujarat,Siwan,2848399.5,58,49110.33620689655
Gujarat,Solapur,2334950.55,55,42453.64636363636
Gujarat,Sonipat,1608000.66,38,42315.80684210526
Gujarat,South Dumdum,3991329.56,57,70023.32561403509
Gujarat,Sri Ganganagar,2393953.2199999997,50,47879.064399999996
Gujarat,Srikakulam,1018651.15,25,40746.046
Gujarat,Srinagar,2123518.78,31,68500.60580645161
Gujarat,Sultan Pur Majra,2768604.62,30,92286.82066666667
Gujarat,Surat,1164951.3,25,46598.052
Gujarat,Surendranagar Dudhrej,4167479.67,75,55566.395599999996
Gujarat,Suryapet,2907717.47,73,39831.74616438356
Gujarat,Tadepalligudem,2811471.79,71,39598.19422535211
Gujarat,Tadipatri,1982834.19,64,30981.78421875
Gujarat,Tezpur,1628527.28,32,50891.4775
Gujarat,Thane,1876299.63,40,46907.49075
Gujarat,Thiruvananthapuram,3898177.9,76,51291.81447368421
Gujarat,Thoothukudi,2540039.0500000003,42,60477.120238095245
Gujarat,Thrissur,2287423.13,59,38769.883559322036
Gujarat,Tinsukia,3636744.37,52,69937.39173076923
Gujarat,Tiruchirappalli,377177.66,12,31431.471666666665
Gujarat,Tirunelveli,1262106.36,42,30050.15142857143
Gujarat,Tirupati,2037523.37,25,81500.9348
Gujarat,Tiruppur,805252.19,21,38345.34238095238
Gujarat,Tiruvottiyur,3370257.95,83,40605.51746987952
Gujarat,Tumkur,2227439.33,51,43675.280980392155
Gujarat,Udaipur,4693392.11,83,56546.89289156627
Gujarat,Udupi,2275720.83,31,73410.3493548387
Gujarat,Ujjain,792468.59,26,30479.561153846153
Gujarat,Ulhasnagar,668125.1,16,41757.81875
Gujarat,Uluberia,3497149.85,65,53802.305384615385
Gujarat,Unnao,1701024.11,57,29842.528245614038
Gujarat,Vadodara,1609312.22,26,61896.623846153845
Gujarat,Varanasi,1868269.4,44,42460.66818181818
Gujarat,Vasai-Virar,981101.75,17,57711.867647058825
Gujarat,Vellore,1631168.1099999999,30,54372.27033333333
Gujarat,Vijayanagaram,1375845.28,34,40466.03764705882
Gujarat,Vijayawada,3842976.46,85,45211.48776470588
Gujarat,Visakhapatnam,447944.4,11,40722.218181818185
Gujarat,Warangal,1869158.95,42,44503.784523809525
Gujarat,Yamunanagar,1029566.22,30,34318.873999999996
Karnataka,Adoni,2816577.69,51,55227.013529411764
Karnataka,Agartala,291022.53,15,19401.502
Karnataka,Agra,1772849.31,31,57188.68741935484
Karnataka,Ahmedabad,5668756.78,105,53988.159809523815
Karnataka,Ahmednagar,3451439.96,47,73434.89276595744
Karnataka,Aizawl,3411174.74,77,44300.97064935065
Karnataka,Ajmer,2393766.2800000003,60,39896.10466666667
Karnataka,Akola,1143164.47,25,45726.578799999996
Karnataka,Alappuzha,1388267.28,21,66107.96571428572
Karnataka,Aligarh,2886715.62,65,44411.00953846154
Karnataka,Allahabad,1330369.05,33,40314.21363636364
Karnataka,Alwar,3089457.63,88,35107.47306818182
Karnataka,Amaravati,2405651.5100000002,43,55945.38395348838
Karnataka,Ambala,1371438.49,42,32653.29738095238
Karnataka,Ambarnath,1552036.29,37,41946.92675675676
Karnataka,Ambattur,1652093.66,28,59003.344999999994
Karnataka,Amravati,841817.3200000001,18,46767.628888888896
Karnataka,Amritsar,1324784.94,27,49066.108888888884
Karnataka,Amroha,1157564.88,30,38585.496
Karnataka,Anand,2543858.35,23,110602.53695652174
Karnataka,Anantapur,109899.86,12,9158.321666666667
Karnataka,Anantapuram,3200250.82,31,103233.89741935483
Karnataka,Arrah,1966649.31,51,38561.75117647059
Karnataka,Asansol,2985290.2,77,38770.0025974026
Karnataka,Aurangabad,4498745.33,94,47858.99287234042
Karnataka,Avadi,1351638.6600000001,44,30719.06045454546
Karnataka,Bahraich,706591.0,23,30721.347826086956
Karnataka,Ballia,1249619.98,25,49984.7992
Karnataka,Bally,1615514.87,24,67313.11958333333
Karnataka,Bangalore,2973668.82,53,56106.95886792453
Karnataka,Baranagar,101027.48,9,11225.275555555556
Karnataka,Barasat,745612.1699999999,17,43859.5394117647
Karnataka,Bardhaman,2053450.53,38,54038.171842105265
Karnataka,Bareilly,775948.11,13,59688.31615384615
Karnataka,Bathinda,2508836.07,44,57019.00159090909
Karnataka,Begusarai,1480447.26,38,38959.13842105263
Karnataka,Belgaum,562933.78,10,56293.378000000004
Karnataka,Bellary,1278938.32,24,53289.09666666667
Karnataka,Berhampore,3655498.79,61,59926.20967213115
Karnataka,Berhampur,2430132.5,51,47649.6568627451
Karnataka,Bettiah,2687352.93,62,43344.402096774196
Karnataka,Bhagalpur,1813578.96,48,37782.895
Karnataka,Bhalswa Jahangir Pur,2616910.56,51,51311.971764705886
Karnataka,Bharatpur,2871102.0100000002,65,44170.800153846154
Karnataka,Bhatpara,3876210.53,67,57853.88850746268
Karnataka,Bhavnagar,604314.27,10,60431.427
Karnataka,Bhilai,1350341.31,23,58710.49173913044
Karnataka,Bhilwara,2836783.18,52,54553.5226923077
Karnataka,Bhimavaram,1550154.44,41,37808.64487804878
Karnataka,Bhind,1956716.79,35,55906.194
Karnataka,Bhiwandi,1163648.2,49,23747.922448979592
Karnataka,Bhiwani,1190621.0,38,31332.13157894737
Karnataka,Bhopal,1240757.11,27,45953.967037037044
Karnataka,Bhubaneswar,2578716.85,42,61398.02023809524
Karnataka,Bhusawal,4315055.6,77,56039.68311688311
Karnataka,Bidar,330097.87,9,36677.54111111111
Karnataka,Bidhannagar,1930573.69,34,56781.57911764706
Karnataka,Bihar Sharif,1700724.3699999999,19,89511.80894736841
Karnataka,Bijapur,3099318.2199999997,53,58477.70226415094
Karnataka,Bikaner,294417.03,7,42059.57571428572
Karnataka,Bilaspur,1815438.01,31,58562.5164516129
Karnataka,Bokaro,3402883.93,53,64205.35716981132
Karnataka,Bongaigaon,2191941.17,19,115365.3247368421
Karnataka,Bulandshahr,1627214.67,30,54240.488999999994
Karnataka,Burhanpur,1745660.55,27,64654.09444444445
Karnataka,Buxar,1714706.86,37,46343.42864864865
Karnataka,Chandigarh,1858270.56,27,68824.83555555556
Karnataka,Chandrapur,2072559.98,32,64767.499375
Karnataka,Chapra,4763347.07,51,93398.96215686275
Karnataka,Chennai,2225931.5100000002,41,54291.012439024395
Karnataka,Chinsurah,1151230.2,26,44278.084615384614
Karnataka,Chittoor,2457538.32,35,70215.38057142857
Karnataka,Coimbatore,1574085.09,32,49190.1590625
Karnataka,Cuttack,2364644.54,37,63909.31189189189
Karnataka,Danapur,2046638.76,41,49918.01853658537
Karnataka,Darbhanga,3082830.1,42,73400.71666666667
Karnataka,Davanagere,2149378.98,40,53734.4745
Karnataka,Dehradun,1678950.17,29,57894.83344827586
Karnataka,Dehri,4666314.65,69,67627.74855072465
Karnataka,Delhi,3139611.26,46,68252.41869565217
Karnataka,Deoghar,1237974.19,28,44213.36392857142
Karnataka,Dewas,2193768.94,29,75647.2048275862
Karnataka,Dhanbad,167543.1,6,27923.850000000002
Karnataka,Dharmavaram,1623421.6400000001,33,49194.595151515154
Karnataka,Dhule,933378.39,23,40581.669130434784
Karnataka,Dibrugarh,248508.71,8,31063.58875
Karnataka,Dindigul,4948157.51,75,65975.43346666667
Karnataka,Durg,29872.34,4,7468.085
Karnataka,Durgapur,1438410.47,37,38875.95864864865
Karnataka,Eluru,2905409.19,55,52825.621636363634
Karnataka,Erode,2666990.57,45,59266.45711111111
Karnataka,Etawah,2479867.66,80,30998.34575
Karnataka,Faridabad,2257308.46,34,66391.42529411765
Karnataka,Farrukhabad,921112.4600000001,27,34115.2762962963
Karnataka,Fatehpur,2217484.02,37,59932.00054054054
Karnataka,Firozabad,2110221.53,50,42204.43059999999
Karnataka,Gandhidham,2217863.2800000003,40,55446.58200000001
Karnataka,Gandhinagar,518256.35,10,51825.634999999995
Karnataka,Gangtok,1866637.18,49,38094.63632653061
Karnataka,Gaya,3434348.81,61,56300.80016393443
Karnataka,Ghaziabad,3492707.32,52,67167.44846153846
Karnataka,Giridih,1294914.07,17,76171.41588235294
Karnataka,Gopalpur,3987495.55,60,66458.25916666667
Karnataka,Gorakhpur,1429876.99,26,54995.26884615385
Karnataka,Gudivada,1488208.42,28,53150.30071428571
Karnataka,Gulbarga,2331619.31,46,50687.376304347825
Karnataka,Guna,1300602.66,37,35151.42324324324
Karnataka,Guntakal,1644250.68,41,40103.675121951215
Karnataka,Guntur,2678780.13,50,53575.6026
Karnataka,Gurgaon,4317923.5,75,57572.31333333333
Karnataka,Guwahati,2382340.76,66,36096.07212121212
Karnataka,Gwalior,1994042.3900000001,27,73853.42185185186
Karnataka,Hajipur,4719964.8,107,44111.82056074766
Karnataka,Haldia,3858647.2,66,58464.35151515152
Karnataka,Hapur,2524599.96,64,39446.874375
Karnataka,Haridwar,3561249.86,77,46249.99818181818
Karnataka,Hazaribagh,2565499.12,58,44232.74344827586
Karnataka,Hindupur,1808833.52,30,60294.450666666664
Karnataka,Hospet,1883995.6500000001,37,50918.80135135136
Karnataka,Hosur,1734795.93,27,64251.701111111106
Karnataka,Howrah,3753039.29,58,64707.573965517244
Karnataka,Hubli–Dharwad,3528188.8400000003,68,51885.130000000005
Karnataka,Hyderabad,1817934.6,33,55088.92727272728
Karnataka,Ichalkaranji,2088782.9000000001,33,63296.45151515152
Karnataka,Imphal,3760836.73,53,70959.18358490567
Karnataka,Indore,1170241.05,29,40353.13965517242
Karnataka,Jabalpur,668817.33,29,23062.666551724138
Karnataka,Jaipur,4683651.43,75,62448.68573333333
Karnataka,Jalandhar,3452695.59,74,46658.04851351351
Karnataka,Jalgaon,1428910.57,18,79383.92055555555
Karnataka,Jamalpur,2522308.56,63,40036.64380952381
Karnataka,Jammu,2663691.88,54,49327.6274074074
Karnataka,Jamnagar,2816617.04,55,51211.21890909091
Karnataka,Jamshedpur,3656643.02,72,50786.70861111111
Karnataka,Jaunpur,1839751.92,20,91987.59599999999
Karnataka,Jehanabad,574853.29,18,31936.29388888889
Karnataka,Jhansi,1148326.4,25,45933.056
Karnataka,Jodhpur,773664.88,16,48354.055
Karnataka,Jorhat,3563038.72,51,69863.5043137255
Karnataka,Junagadh,1896827.76,45,42151.728
Karnataka,Kadapa,942576.79,27,34910.251481481486
Karnataka,Kakinada,3333679.46,56,59529.99035714286
Karnataka,Kalyan-Dombivli,1045357.99,39,26804.051025641027
Karnataka,Kamarhati,1121521.15,30,37384.03833333333
Karnataka,Kanpur,2170142.58,35,62004.07371428572
Karnataka,Karaikudi,1767601.2,42,42085.74285714285
Karnataka,Karawal Nagar,3324872.98,79,42086.99974683544
Karnataka,Karnal,1863399.02,34,54805.85352941177
Karnataka,Katihar,3575419.25,76,47044.99013157895
Karnataka,Katni,845321.03,24,35221.70958333334
Karnataka,Kavali,3318124.41,83,39977.40253012048
Karnataka,Khammam,2955005.71,49,60306.238979591835
Karnataka,Khandwa,5191392.5200000005,82,63309.66487804879
Karnataka,Kharagpur,2143325.7,31,69139.53870967742
Karnataka,Khora ,2078164.77,39,53286.27615384616
Karnataka,Kirari Suleman Nagar,993293.18,20,49664.659
Karnataka,Kishanganj,1044312.87,21,49729.184285714284
Karnataka,Kochi,2884244.11,27,106823.85592592592
Karnataka,Kolhapur,1708363.42,46,37138.3352173913
Karnataka,Kolkata,3376595.93,77,43851.8951948052
Karnataka,Kollam,4568841.26,85,53751.07364705882
Karnataka,Korba,922094.7,27,34151.65555555555
Karnataka,Kota,2862103.87,43,66560.55511627907
Karnataka,Kottayam,1887157.38,31,60876.044516129026
Karnataka,Kozhikode,4168637.04,63,66168.84190476191
Karnataka,Kulti,3899283.93,60,64988.065500000004
Karnataka,Kumbakonam,1172841.23,23,50993.09695652174
Karnataka,Kurnool,5207732.6,63,82662.42222222222
Karnataka,Latur,1225399.44,30,40846.648
Karnataka,Loni,3496503.12,56,62437.555714285714
Karnataka,Lucknow,1537768.04,23,66859.48
Karnataka,Ludhiana,1049250.53,15,69950.03533333333
Karnataka,Machilipatnam,2235658.99,32,69864.3434375
Karnataka,Madanapalle,1451887.78,28,51853.135
Karnataka,Madhyamgram,2134775.57,26,82106.75269230768
Karnataka,Madurai,2069007.6,46,44978.426086956526
Karnataka,Mahbubnagar,2449101.94,76,32225.02552631579
Karnataka,Maheshtala,1018554.6900000001,21,48502.60428571429
Karnataka,Malda,1417899.0,30,47263.3
Karnataka,Malegaon,1990846.99,40,49771.17475
Karnataka,Mangalore,1801722.04,24,75071.75166666666
Karnataka,Mango,2784763.4,48,58015.90416666667
Karnataka,Mathura,1062555.44,21,50597.87809523809
Karnataka,Mau,738652.64,13,56819.43384615385
Karnataka,Medininagar,3568559.2,68,52478.81176470588
Karnataka,Meerut,3077228.6,59,52156.416949152546
Karnataka,Mehsana,2014473.3599999999,30,67149.112
Karnataka,Mira-Bhayandar,3090570.25,72,42924.586805555555
Karnataka,Miryalaguda,46373.35,5,9274.67
Karnataka,Mirzapur,1242906.02,34,36556.059411764705
Karnataka,Moradabad,1980532.1600000001,37,53527.89621621622
Karnataka,Morbi,3688770.06,79,46693.291898734176
Karnataka,Morena,2322747.17,59,39368.596101694915
Karnataka,Motihari,1932086.38,53,36454.46
Karnataka,Mumbai,4295992.26,60,71599.871
Karnataka,Munger,976602.13,33,29594.00393939394
Karnataka,Muzaffarnagar,3206871.58,73,43929.74767123288
Karnataka,Muzaffarpur,744571.6499999999,13,57274.7423076923
Karnataka,Mysore,2899330.75,56,51773.763392857145
Karnataka,Nadiad,865498.88,22,39340.858181818185
Karnataka,Nagaon,2684170.6,57,47090.71228070176
Karnataka,Nagercoil,806749.8099999999,18,44819.43388888889
Karnataka,Nagpur,1701652.85,43,39573.32209302326
Karnataka,Naihati,667908.9400000001,18,37106.05222222223
Karnataka,Nanded,2170736.81,48,45223.683541666665
Karnataka,Nandyal,1038548.93,28,37091.033214285715
Karnataka,Nangloi Jat,4000963.52,71,56351.59887323944
Karnataka,Narasaraopet,2083215.58,35,59520.44514285715
Karnataka,Nashik,3397927.27,53,64111.83528301887
Karnataka,Navi Mumbai,3011559.7399999998,39,77219.4805128205
Karnataka,Nellore,773246.6,24,32218.608333333334
Karnataka,New Delhi,3178307.6,68,46739.81764705882
Karnataka,Nizamabad,3516701.62,47,74823.43872340425
Karnataka,Noida,1194668.02,21,56888.95333333333
Karnataka,North Dumdum,2891029.73,43,67233.24953488373
Karnataka,Ongole,424552.55,12,35379.379166666666
Karnataka,Orai,633920.63,19,33364.24368421052
Karnataka,Pali,1937484.25,37,52364.43918918919
Karnataka,Pallavaram,2485923.7,43,57812.179069767444
Karnataka,Panchkula,853417.6,15,56894.50666666667
Karnataka,Panihati,274169.24,10,27416.924
Karnataka,Panipat,802486.14,32,25077.691875
Karnataka,Panvel,1385852.9,27,51327.88518518518
Karnataka,Parbhani,3221795.7399999998,63,51139.614920634915
Karnataka,Patiala,2583805.6,51,50662.85490196079
Karnataka,Patna,1395470.25,32,43608.4453125
Karnataka,Phagwara,6364561.2,109,58390.46972477064
Karnataka,Phusro,4018483.4,62,64814.24838709677
Karnataka,Pimpri-Chinchwad,3412916.2399999998,57,59875.723508771924
Karnataka,Pondicherry,785953.49,19,41365.97315789474
Karnataka,Proddatur,5225523.41,89,58713.746179775284
Karnataka,Pudukkottai,2426402.43,45,53920.054000000004
Karnataka,Pune,2246149.68,53,42380.18264150944
Karnataka,Purnia,4549345.97,75,60657.946266666666
Karnataka,Raebareli,1622221.66,45,36049.37022222222
Karnataka,Raichur,2971176.95,65,45710.414615384616
Karnataka,Raiganj,7174638.58,109,65822.37229357798
Karnataka,Raipur,2404420.5500000003,45,53431.56777777778
Karnataka,Rajahmundry,1685861.51,51,33056.10803921569
Karnataka,Rajkot,1780402.6400000001,42,42390.53904761905
Karnataka,Rajpur Sonarpur,2422287.13,62,39069.14725806451
Karnataka,Ramagundam,4765571.1,79,60323.68481012658
Karnataka,Ramgarh,322850.0,17,18991.176470588234
Karnataka,Rampur,1343065.38,31,43324.68967741935
Karnataka,Ranchi,422507.12,12,35208.926666666666
Karnataka,Ratlam,1564970.08,28,55891.78857142857
Karnataka,Raurkela Industrial Township,553179.29,24,23049.137083333335
Karnataka,Rewa,3282817.82,39,84174.8158974359
Karnataka,Rohtak,4159461.96,87,47809.90758620689
Karnataka,Rourkela,489404.99000000005,14,34957.499285714286
Karnataka,Sagar,1610951.76,38,42393.46736842105
Karnataka,Saharanpur,854322.78,11,77665.70727272728
Karnataka,Saharsa,3196692.63,67,47711.83029850746
Karnataka,Salem,3296289.54,86,38328.948139534885
Karnataka,Sambalpur,1622577.6700000002,25,64903.10680000001
Karnataka,Sambhal,2434585.84,32,76080.8075
Karnataka,Sangli-Miraj & Kupwad,129584.0,8,16198.0
Karnataka,Sasaram,1558352.53,35,44524.358
Karnataka,Satara,2704184.79,64,42252.88734375
Karnataka,Satna,1809196.85,48,37691.60104166667
Karnataka,Secunderabad,1716263.5599999998,43,39913.106046511624
Karnataka,Serampore,4276439.04,94,45494.03234042553
Karnataka,Shahjahanpur,2475793.14,61,40586.772786885245
Karnataka,Shimla,1646756.88,32,51461.1525
Karnataka,Shimoga,268675.76,10,26867.576
Karnataka,Shivpuri,1943043.8900000001,44,44160.08840909091
Karnataka,Sikar,305292.54000000004,7,43613.22000000001
Karnataka,Silchar,1671368.43,29,57633.394137931034
Karnataka,Siliguri,2339905.08,41,57070.8556097561
Karnataka,Singrauli,1503486.52,31,48499.565161290324
Karnataka,Siwan,1759216.66,38,46295.17526315789
Karnataka,Solapur,851137.2999999999,20,42556.865
Karnataka,Sonipat,126443.59999999999,7,18063.371428571427
Karnataka,South Dumdum,1312323.16,35,37494.947428571424
Karnataka,Sri Ganganagar,231992.18,8,28999.0225
Karnataka,Srikakulam,2426427.43,48,50550.57145833334
Karnataka,Srinagar,1187314.02,35,33923.25771428571
Karnataka,Sultan Pur Majra,3236149.2,69,46900.71304347827
Karnataka,Surat,2875886.8,52,55305.515384615384
Karnataka,Surendranagar Dudhrej,1261255.54,16,78828.47125
Karnataka,Suryapet,1985723.3599999999,33,60173.43515151515
Karnataka,Tadepalligudem,1672905.46,26,64342.517692307694
Karnataka,Tadipatri,1056415.49,38,27800.407631578946
Karnataka,Tenali,1766531.02,43,41082.116744186045
Karnataka,Tezpur,873082.73,14,62363.052142857145
Karnataka,Thane,2107235.85,46,45809.475
Karnataka,Thanjavur,2394482.96,51,46950.6462745098
Karnataka,Thiruvananthapuram,2521786.65,48,52537.221874999996
Karnataka,Thoothukudi,1331688.6,23,57899.50434782609
Karnataka,Thrissur,4217054.12,79,53380.431898734176
Karnataka,Tinsukia,949068.3300000001,17,55827.54882352942
Karnataka,Tiruchirappalli,2534875.03,57,44471.49175438596
Karnataka,Tirunelveli,902492.62,21,42975.83904761905
Karnataka,Tirupati,2114079.93,28,75502.85464285714
Karnataka,Tiruppur,3402456.29,70,48606.51842857143
Karnataka,Tiruvottiyur,1466326.25,34,43127.242647058825
Karnataka,Udaipur,2371676.28,57,41608.35578947368
Karnataka,Udupi,1445658.91,33,43807.84575757576
Karnataka,Ujjain,2411196.5,53,45494.27358490566
Karnataka,Ulhasnagar,2314141.6999999997,51,45375.32745098039
Karnataka,Uluberia,1551227.73,39,39775.07
Karnataka,Unnao,1579873.98,33,47874.96909090909
Karnataka,Vadodara,1273682.94,29,43920.10137931034
Karnataka,Varanasi,2169932.69,57,38068.99456140351
Karnataka,Vasai-Virar,1420685.79,26,54641.76115384616
Karnataka,Vellore,1488796.76,36,41355.46555555556
Karnataka,Vijayanagaram,2789542.29,44,63398.68840909091
Karnataka,Vijayawada,2943941.86,38,77472.1542105263
Karnataka,Visakhapatnam,1703488.53,41,41548.50073170732
Karnataka,Warangal,2298092.0,73,31480.712328767124
Karnataka,Yamunanagar,2626436.02,52,50508.385
Kerala,Adoni,946942.35,17,55702.49117647059
Kerala,Agartala,1919997.26,51,37647.00509803922
Kerala,Ahmedabad,2642048.5300000003,37,71406.71702702703
Kerala,Ahmednagar,1621211.84,22,73691.44727272728
Kerala,Aizawl,1158596.46,5,231719.292
Kerala,Ajmer,1512636.55,22,68756.20681818182
Kerala,Akola,1849292.4,50,36985.848
Kerala,Alappuzha,642207.08,25,25688.283199999998
Kerala,Allahabad,1411405.27,23,61365.44652173913
Kerala,Alwar,1183712.81,26,45527.41576923077
Kerala,Amaravati,1769656.96,33,53625.96848484848
Kerala,Ambala,44049.75,10,4404.975
Kerala,Ambarnath,1491440.3,18,82857.79444444444
Kerala,Ambattur,1071608.81,31,34568.02612903226
Kerala,Amravati,25236.31,6,4206.051666666667
Kerala,Amritsar,1929772.83,33,58477.964545454546
Kerala,Amroha,2696558.35,35,77044.52428571429
Kerala,Anand,2113756.5700000003,33,64053.2293939394
Kerala,Anantapur,754137.03,9,83793.00333333334
Kerala,Asansol,615639.9,16,38477.49375
Kerala,Aurangabad,2445633.13,52,47031.406346153846
Kerala,Avadi,2632634.99,49,53727.244693877554
Kerala,Bahraich,625121.6000000001,11,56829.23636363637
Kerala,Ballia,350572.45,10,35057.245
Kerala,Bally,751384.62,25,30055.3848
Kerala,Baranagar,2330594.55,34,68546.89852941176
Kerala,Barasat,686510.51,12,57209.20916666667
Kerala,Bareilly,1703962.25,32,53248.8203125
Kerala,Bathinda,1087159.69,13,83627.66846153846
Kerala,Belgaum,1494376.33,15,99625.08866666668
Kerala,Bellary,428666.93,15,28577.79533333333
Kerala,Berhampore,988038.41,33,29940.55787878788
Kerala,Berhampur,263884.8,11,23989.52727272727
Kerala,Bettiah,1410732.07,20,70536.6035
Kerala,Bhalswa Jahangir Pur,2279065.55,40,56976.63875
Kerala,Bharatpur,3341513.8,57,58623.04912280702
Kerala,Bhatpara,1854649.1,45,41214.42444444445
Kerala,Bhavnagar,1004791.23,21,47847.201428571425
Kerala,Bhilai,2483218.9499999997,43,57749.277906976735
Kerala,Bhilwara,37282.39,3,12427.463333333333
Kerala,Bhind,381985.08,9,42442.78666666667
Kerala,Bhiwandi,1364153.54,16,85259.59625
Kerala,Bhiwani,2212409.14,31,71368.03677419355
Kerala,Bhopal,455494.85,19,23973.413157894734
Kerala,Bhubaneswar,378151.32,12,31512.61
Kerala,Bhusawal,1032126.26,29,35590.560689655176
Kerala,Bidar,916917.54,16,57307.34625
Kerala,Bidhannagar,1739522.49,24,72480.10375
Kerala,Bihar Sharif,1561446.78,23,67888.99043478261
Kerala,Bijapur,339292.32,12,28274.36
Kerala,Bikaner,1307767.09,26,50298.73423076923
Kerala,Bilaspur,1879183.08,33,56944.94181818182
Kerala,Bokaro,1314285.29,32,41071.4153125
Kerala,Bongaigaon,585366.53,26,22514.097307692307
Kerala,Bulandshahr,1975140.08,24,82297.50333333334
Kerala,Burhanpur,535563.66,16,33472.72875
Kerala,Buxar,687559.38,12,57296.615
Kerala,Chandigarh,374954.53,15,24996.968666666668
Kerala,Chandrapur,600927.2100000001,18,33384.845
Kerala,Chapra,1870893.29,28,66817.61750000001
Kerala,Chennai,1578968.22,31,50934.45870967742
Kerala,Chinsurah,1119520.25,33,33924.856060606064
Kerala,Chittoor,186765.36000000002,9,20751.70666666667
Kerala,Coimbatore,1557569.22,38,40988.66368421053
Kerala,Cuttack,1715252.58,44,38983.01318181818
Kerala,Danapur,1540214.53,26,59239.02038461539
Kerala,Darbhanga,193597.49,10,19359.749
Kerala,Davanagere,1216974.69,10,121697.469
Kerala,Dehradun,391091.3,27,14484.862962962963
Kerala,Dehri,1224350.0,25,48974.0
Kerala,Delhi,2342438.2600000002,39,60062.519487179496
Kerala,Dewas,2765769.87,35,79021.99628571428
Kerala,Dhanbad,1109143.37,15,73942.89133333335
Kerala,Dharmavaram,170212.82,4,42553.205
Kerala,Dhule,1000409.45,26,38477.286538461536
Kerala,Dibrugarh,1796365.03,48,37424.271458333336
Kerala,Durg,1386845.85,19,72991.88684210526
Kerala,Durgapur,2003976.31,23,87129.4047826087
Kerala,Eluru,491882.1,10,49188.21
Kerala,Erode,1300405.99,17,76494.47
Kerala,Etawah,395488.31,16,24718.019375
Kerala,Faridabad,636885.89,12,53073.824166666665
Kerala,Farrukhabad,1356482.95,13,104344.8423076923
Kerala,Fatehpur,654025.39,9,72669.48777777777
Kerala,Gandhidham,3123653.81,67,46621.69865671642
Kerala,Gandhinagar,861035.86,18,47835.32555555555
Kerala,Gaya,2366596.79,42,56347.54261904762
Kerala,Ghaziabad,3265160.09,73,44728.2204109589
Kerala,Giridih,708206.6,13,54477.43076923077
Kerala,Gopalpur,614324.92,23,26709.779130434785
Kerala,Gorakhpur,586614.8,15,39107.653333333335
Kerala,Gudivada,542207.51,10,54220.751000000004
Kerala,Gulbarga,330016.37,11,30001.488181818182
Kerala,Guna,746834.42,9,82981.60222222222
Kerala,Guntakal,1436490.07,45,31922.00155555556
Kerala,Guntur,1167479.07,24,48644.96125
Kerala,Gurgaon,664806.3,12,55400.525
Kerala,Guwahati,1906370.25,38,50167.63815789474
Kerala,Gwalior,813211.6900000001,15,54214.11266666667
Kerala,Haldia,505407.71,14,36100.55071428572
Kerala,Hapur,1343600.98,21,63980.99904761904
Kerala,Haridwar,1464860.19,37,39590.81594594594
Kerala,Hazaribagh,190751.05,8,23843.88125
Kerala,Hindupur,1611814.66,30,53727.15533333333
Kerala,Hospet,387793.51,13,29830.27
Kerala,Hosur,1330652.02,31,42924.25870967742
Kerala,Howrah,43591.729999999996,4,10897.932499999999
Kerala,Hubli–Dharwad,1506475.71,35,43042.16314285714
Kerala,Hyderabad,1278340.09,23,55580.00391304348
Kerala,Ichalkaranji,1070967.04,18,59498.16888888889
Kerala,Imphal,1072216.71,30,35740.557
Kerala,Indore,1602261.98,41,39079.560487804876
Kerala,Jabalpur,1094712.86,27,40544.920740740745
Kerala,Jaipur,1184073.58,20,59203.679000000004
Kerala,Jalandhar,1520626.0799999998,34,44724.29647058823
Kerala,Jalgaon,728613.04,13,56047.156923076924
Kerala,Jalna,3101059.0999999996,31,100034.16451612902
Kerala,Jamalpur,56294.81,4,14073.7025
Kerala,Jammu,606114.14,8,75764.2675
Kerala,Jamnagar,275435.33,8,34429.41625
Kerala,Jamshedpur,297185.17,10,29718.517
Kerala,Jaunpur,101262.53,5,20252.506
Kerala,Jehanabad,459184.75000000006,10,45918.475000000006
Kerala,Jhansi,1441779.94,28,51492.14071428571
Kerala,Jodhpur,712625.54,26,27408.674615384618
Kerala,Jorhat,586233.33,15,39082.221999999994
Kerala,Junagadh,902470.0800000001,20,45123.504
Kerala,Kadapa,2428145.2199999997,41,59223.054146341456
Kerala,Kakinada,2077617.9,40,51940.447499999995
Kerala,Kalyan-Dombivli,331657.61,11,30150.69181818182
Kerala,Kamarhati,3272691.3,41,79821.73902439023
Kerala,Karaikudi,1588067.63,23,69046.41869565217
Kerala,Karawal Nagar,503548.21,5,100709.642
Kerala,Karnal,266965.18,6,44494.19666666666
Kerala,Katihar,2363263.45,55,42968.42636363637
Kerala,Katni,1009958.29,20,50497.9145
Kerala,Kavali,2975481.4,38,78302.14210526315
Kerala,Khammam,651841.05,11,59258.277272727275
Kerala,Khandwa,1674597.6800000002,35,47845.64800000001
Kerala,Kharagpur,2358799.84,39,60482.04717948718
Kerala,Khora ,740162.27,13,56935.559230769235
Kerala,Kirari Suleman Nagar,854232.47,18,47457.359444444446
Kerala,Kishanganj,2349823.5100000002,38,61837.46078947369
Kerala,Kochi,495705.81999999995,7,70815.11714285714
Kerala,Kolhapur,1080857.07,23,46993.785652173916
Kerala,Kolkata,2003812.33,45,44529.16288888889
Kerala,Kollam,1253835.76,22,56992.534545454546
Kerala,Korba,1133621.23,31,36568.42677419355
Kerala,Kota,1088939.95,29,37549.65344827586
Kerala,Kottayam,1170640.05,20,58532.0025
Kerala,Kulti,1444112.93,58,24898.49879310345
Kerala,Kumbakonam,1192016.91,22,54182.586818181815
Kerala,Kurnool,978094.45,31,31551.43387096774
Kerala,Latur,3171816.87,57,55645.91
Kerala,Loni,1773831.59,26,68224.29192307693
Kerala,Lucknow,167261.19999999998,8,20907.649999999998
Kerala,Ludhiana,1104412.0,25,44176.48
Kerala,Machilipatnam,1365621.07,51,26776.8837254902
Kerala,Madanapalle,997440.03,25,39897.601200000005
Kerala,Madhyamgram,891971.48,11,81088.31636363636
Kerala,Madurai,1577306.8599999999,34,46391.37823529411
Kerala,Mahbubnagar,2239331.11,54,41469.094629629624
Kerala,Maheshtala,1574396.4100000001,23,68452.01782608696
Kerala,Malda,1272832.07,43,29600.74581395349
Kerala,Malegaon,1686314.5,18,93684.13888888889
Kerala,Mangalore,1678235.96,26,64547.53692307692
Kerala,Mango,1853436.79,44,42123.56340909091
Kerala,Mathura,1466823.5,27,54326.7962962963
Kerala,Mau,1175106.2,24,48962.75833333333
Kerala,Meerut,577547.74,11,52504.34
Kerala,Mehsana,2016845.9,45,44818.79777777778
Kerala,Mira-Bhayandar,1194910.15,29,41203.798275862064
Kerala,Miryalaguda,1442989.72,27,53444.0637037037
Kerala,Mirzapur,1257088.74,17,73946.39647058824
Kerala,Moradabad,908405.97,25,36336.2388
Kerala,Morbi,278763.05000000005,5,55752.61000000001
Kerala,Morena,1502355.1,30,50078.503333333334
Kerala,Mumbai,2127475.83,22,96703.44681818182
Kerala,Munger,1700673.96,24,70861.415
Kerala,Muzaffarnagar,2515178.38,49,51330.17102040816
Kerala,Mysore,1101728.6199999999,19,57985.716842105256
Kerala,Nadiad,745073.96,9,82785.99555555555
Kerala,Nagercoil,965113.77,24,40213.07375
Kerala,Nagpur,2636079.33,32,82377.4790625
Kerala,Naihati,1435551.56,8,179443.945
Kerala,Nanded,2874422.07,48,59883.793125
Kerala,Nandyal,1905716.82,26,73296.80076923077
Kerala,Nangloi Jat,1876602.71,13,144354.0546153846
Kerala,Narasaraopet,3149439.38,63,49991.10126984127
Kerala,Nashik,289948.69999999995,7,41421.24285714285
Kerala,Nellore,1915171.19,26,73660.43038461538
Kerala,New Delhi,1624254.44,21,77345.44952380953
Kerala,Nizamabad,550950.63,16,34434.414375
Kerala,North Dumdum,1335054.67,34,39266.31382352941
Kerala,Ongole,1618842.76,26,62263.18307692308
Kerala,Ozhukarai,2333341.68,39,59829.273846153854
Kerala,Pali,385674.35000000003,8,48209.293750000004
Kerala,Panchkula,726326.98,15,48421.79866666666
Kerala,Panihati,220269.77,7,31467.109999999997
Kerala,Panipat,2127725.9,39,54557.07435897436
Kerala,Panvel,1610717.08,28,57525.61
Kerala,Parbhani,1573406.91,29,54255.41068965517
Kerala,Patiala,905107.94,14,64650.56714285714
Kerala,Phagwara,2368652.78,33,71777.35696969696
Kerala,Phusro,637074.0,12,53089.5
Kerala,Pimpri-Chinchwad,1143052.6,20,57152.630000000005
Kerala,Pondicherry,2754855.54,53,51978.40641509434
Kerala,Pudukkottai,1034720.2400000001,12,86226.68666666668
Kerala,Pune,238049.90000000002,6,39674.98333333334
Kerala,Purnia,1077079.55,34,31678.810294117648
Kerala,Raichur,1440424.19,19,75811.79947368421
Kerala,Raiganj,1978314.27,47,42091.7929787234
Kerala,Raipur,1664318.64,34,48950.54823529412
Kerala,Rajahmundry,248963.41,12,20746.950833333332
Kerala,Rajkot,1747761.91,31,56379.4164516129
Kerala,Rajpur Sonarpur,1523232.32,26,58585.85846153846
Kerala,Ramgarh,991722.1900000001,19,52195.90473684211
Kerala,Rampur,3580977.22,40,89524.4305
Kerala,Ranchi,333693.52,12,27807.793333333335
Kerala,Ratlam,2043897.93,39,52407.63923076923
Kerala,Raurkela Industrial Township,789937.34,9,87770.81555555556
Kerala,Rewa,1576136.84,36,43781.57888888889
Kerala,Rohtak,1832521.21,30,61084.04033333333
Kerala,Rourkela,912128.64,37,24652.125405405404
Kerala,Sagar,795487.2100000001,15,53032.48066666667
Kerala,Saharanpur,966407.42,16,60400.46375
Kerala,Saharsa,3061296.63,50,61225.9326
Kerala,Sambalpur,1773624.97,29,61159.48172413793
Kerala,Sangli-Miraj & Kupwad,2209612.22,21,105219.62952380953
Kerala,Sasaram,466210.29000000004,7,66601.47
Kerala,Satara,2879175.48,34,84681.63176470587
Kerala,Satna,751647.71,18,41758.20611111111
Kerala,Secunderabad,391515.43,11,35592.31181818182
Kerala,Serampore,379341.25,7,54191.607142857145
Kerala,Shahjahanpur,365912.51,7,52273.21571428572
Kerala,Shimla,2294870.75,25,91794.83
Kerala,Shimoga,936995.37,25,37479.8148
Kerala,Sikar,1242082.19,17,73063.65823529412
Kerala,Silchar,1724563.73,14,123183.12357142857
Kerala,Siliguri,1267510.34,14,90536.45285714287
Kerala,Singrauli,2027161.83,20,101358.09150000001
Kerala,Sirsa,988501.13,21,47071.48238095238
Kerala,Siwan,2690833.5500000003,49,54914.97040816327
Kerala,Solapur,253999.68,6,42333.28
Kerala,Sonipat,1964642.33,42,46777.198333333334
Kerala,South Dumdum,524754.6599999999,7,74964.95142857141
Kerala,Sri Ganganagar,1018807.85,23,44295.99347826087
Kerala,Srikakulam,690587.7200000001,11,62780.70181818183
Kerala,Srinagar,1563896.33,35,44682.75228571429
Kerala,Sultan Pur Majra,894307.64,17,52606.33176470589
Kerala,Surat,624777.99,12,52064.8325
Kerala,Suryapet,1599446.7,29,55153.33448275862
Kerala,Tadipatri,1271579.46,27,47095.53555555555
Kerala,Tenali,368353.65,15,24556.91
Kerala,Tezpur,1586684.03,30,52889.46766666667
Kerala,Thane,393825.31,9,43758.36777777778
Kerala,Thanjavur,1746488.26,36,48513.56277777778
Kerala,Thiruvananthapuram,93251.36,6,15541.893333333333
Kerala,Thoothukudi,1345907.75,14,96136.26785714286
Kerala,Thrissur,281216.55,5,56243.31
Kerala,Tinsukia,863517.6,14,61679.82857142857
Kerala,Tiruchirappalli,678638.59,17,39919.91705882353
Kerala,Tirunelveli,3393768.5,43,78924.8488372093
Kerala,Tirupati,1941416.28,36,53928.23
Kerala,Tiruppur,1951341.68,38,51351.09684210526
Kerala,Tiruvottiyur,2229299.9,50,44585.998
Kerala,Tumkur,1677810.67,34,49347.37264705882
Kerala,Udaipur,626553.6599999999,11,56959.42363636363
Kerala,Udupi,2483096.33,20,124154.8165
Kerala,Ujjain,3217279.02,48,67026.64625
Kerala,Ulhasnagar,1413712.84,20,70685.642
Kerala,Uluberia,2025072.08,33,61365.82060606061
Kerala,Unnao,1051206.4200000002,21,50057.44857142858
Kerala,Vadodara,3194471.02,32,99827.219375
Kerala,Varanasi,1248360.49,29,43046.91344827586
Kerala,Vasai-Virar,910443.64,20,45522.182
Kerala,Vellore,1088446.79,27,40312.84407407408
Kerala,Vijayanagaram,595204.83,16,37200.301875
Kerala,Vijayawada,1534915.51,39,39356.80794871795
Kerala,Visakhapatnam,939405.45,26,36130.97884615384
Kerala,Warangal,2491887.99,35,71196.79971428572
Kerala,Yamunanagar,2303764.5500000003,44,52358.28522727273
Madhya Pradesh,Adoni,2355097.6,64,36798.4
Madhya Pradesh,Agartala,7243262.15,110,65847.83772727274
Madhya Pradesh,Agra,2193516.33,47,46670.56021276596
Madhya Pradesh,Ahmedabad,3652727.93,60,60878.798833333334
Madhya Pradesh,Ahmednagar,412830.23,18,22935.012777777778
Madhya Pradesh,Aizawl,2844322.13,54,52672.63203703704
Madhya Pradesh,Ajmer,2959090.9,70,42272.72714285714
Madhya Pradesh,Akola,1060606.3800000001,25,42424.25520000001
Madhya Pradesh,Alappuzha,4156457.24,70,59377.96057142857
Madhya Pradesh,Aligarh,1414942.17,24,58955.923749999994
Madhya Pradesh,Allahabad,3018933.02,57,52963.73719298246
Madhya Pradesh,Alwar,1108640.85,22,50392.765909090915
Madhya Pradesh,Amaravati,2104983.32,50,42099.666399999995
Madhya Pradesh,Ambala,1125691.7,25,45027.668
Madhya Pradesh,Ambarnath,1791131.27,28,63968.97392857143
Madhya Pradesh,Ambattur,3507731.77,62,56576.31887096774
Madhya Pradesh,Amravati,1127458.92,31,36369.64258064516
Madhya Pradesh,Amritsar,2828465.94,50,56569.3188
Madhya Pradesh,Amroha,1496658.48,24,62360.77
Madhya Pradesh,Anand,563732.22,11,51248.38363636364
Madhya Pradesh,Anantapur,3680347.25,71,51835.876760563384
Madhya Pradesh,Anantapuram,4347609.74,67,64889.697611940304
Madhya Pradesh,Arrah,1580021.53,38,41579.513947368425
Madhya Pradesh,Asansol,1345682.43,50,26913.6486
Madhya Pradesh,Aurangabad,4637995.899999999,99,46848.443434343426
Madhya Pradesh,Avadi,1931788.68,33,58539.0509090909
Madhya Pradesh,Bahraich,1985553.41,49,40521.49816326531
Madhya Pradesh,Ballia,2816681.07,57,49415.45736842105
Madhya Pradesh,Bally,3309257.57,69,47960.25463768116
Madhya Pradesh,Bangalore,2347249.41,38,61769.72131578948
Madhya Pradesh,Baranagar,2954411.03,45,65653.57844444444
Madhya Pradesh,Barasat,2687794.46,46,58430.31434782608
Madhya Pradesh,Bardhaman,3148881.39,52,60555.41134615385
Madhya Pradesh,Bareilly,3019014.2,50,60380.28400000001
Madhya Pradesh,Bathinda,1083717.29,30,36123.90966666667
Madhya Pradesh,Begusarai,2196947.41,30,73231.58033333333
Madhya Pradesh,Belgaum,2312699.14,52,44474.98346153846
Madhya Pradesh,Bellary,3081546.31,51,60422.47666666667
Madhya Pradesh,Berhampore,5703910.12,121,47139.75305785124
Madhya Pradesh,Berhampur,4219262.04,81,52089.654814814814
Madhya Pradesh,Bettiah,4386615.63,82,53495.31256097561
Madhya Pradesh,Bhagalpur,3619860.93,71,50983.956760563386
Madhya Pradesh,Bhalswa Jahangir Pur,1651723.41,27,61174.94111111111
Madhya Pradesh,Bharatpur,2046775.92,38,53862.52421052632
Madhya Pradesh,Bhatpara,4977608.92,69,72139.25971014492
Madhya Pradesh,Bhavnagar,2799675.88,35,79990.73942857143
Madhya Pradesh,Bhilai,1276077.35,37,34488.57702702703
Madhya Pradesh,Bhilwara,2075379.03,36,57649.4175
Madhya Pradesh,Bhimavaram,2368171.62,44,53822.082272727275
Madhya Pradesh,Bhind,6765129.06,94,71969.45808510638
Madhya Pradesh,Bhiwandi,2343186.77,35,66948.19342857142
Madhya Pradesh,Bhiwani,3752651.07,79,47501.91227848101
Madhya Pradesh,Bhopal,2408086.8,60,40134.78
Madhya Pradesh,Bhubaneswar,2220937.99,44,50475.86340909091
Madhya Pradesh,Bhusawal,1549192.49,54,28688.749814814815
Madhya Pradesh,Bidar,5567896.3,72,77331.89305555556
Madhya Pradesh,Bidhannagar,1709916.8,33,51815.66060606061
Madhya Pradesh,Bihar Sharif,2455879.18,37,66375.11297297297
Madhya Pradesh,Bijapur,2344585.35,46,50969.24673913044
Madhya Pradesh,Bikaner,676446.13,18,37580.34055555556
Madhya Pradesh,Bilaspur,5851386.88,82,71358.37658536586
Madhya Pradesh,Bokaro,5970600.1899999995,104,57409.617211538454
Madhya Pradesh,Bongaigaon,1973767.6,39,50609.42564102564
Madhya Pradesh,Bulandshahr,1213550.03,31,39146.77516129032
Madhya Pradesh,Burhanpur,3427230.24,50,68544.6048
Madhya Pradesh,Buxar,330417.64,8,41302.205
Madhya Pradesh,Chandigarh,1417457.8699999999,34,41689.937352941175
Madhya Pradesh,Chandrapur,3422805.08,45,76062.33511111111
Madhya Pradesh,Chapra,3706699.42,70,52952.84885714285
Madhya Pradesh,Chennai,5852500.72,90,65027.785777777775
Madhya Pradesh,Chinsurah,4238621.03,91,46578.25307692308
Madhya Pradesh,Chittoor,2839064.83,46,61718.800652173915
Madhya Pradesh,Coimbatore,5610607.43,98,57251.0962244898
Madhya Pradesh,Cuttack,1338003.48,29,46138.051034482756
Madhya Pradesh,Danapur,1890002.32,39,48461.59794871795
Madhya Pradesh,Darbhanga,2895763.49,33,87750.4087878788
Madhya Pradesh,Davanagere,4962278.82,100,49622.7882
Madhya Pradesh,Dehradun,3116670.73,51,61111.19078431372
Madhya Pradesh,Dehri,3440802.88,53,64920.80905660377
Madhya Pradesh,Delhi,2232546.38,50,44650.927599999995
Madhya Pradesh,Deoghar,2910931.16,55,52926.0210909091
Madhya Pradesh,Dewas,1363685.19,32,42615.1621875
Madhya Pradesh,Dhanbad,2172066.2600000002,53,40982.38226415095
Madhya Pradesh,Dharmavaram,3076823.58,69,44591.64608695652
Madhya Pradesh,Dhule,1951519.33,32,60984.9790625
Madhya Pradesh,Dibrugarh,5096431.56,76,67058.31
Madhya Pradesh,Dindigul,5122223.54,121,42332.42595041322
Madhya Pradesh,Durg,1126333.33,19,59280.70157894737
Madhya Pradesh,Durgapur,1375816.2,48,28662.837499999998
Madhya Pradesh,Eluru,2512709.88,53,47409.620377358486
Madhya Pradesh,Erode,1815893.42,42,43235.55761904762
Madhya Pradesh,Etawah,1551788.6,42,36947.34761904762
Madhya Pradesh,Faridabad,4508268.77,105,42935.89304761904
Madhya Pradesh,Farrukhabad,4285171.48,78,54938.0958974359
Madhya Pradesh,Fatehpur,1616596.42,34,47546.95352941176
Madhya Pradesh,Firozabad,5216129.65,90,57956.99611111112
Madhya Pradesh,Gandhidham,1383146.6199999999,47,29428.6514893617
Madhya Pradesh,Gandhinagar,2344913.24,56,41873.45071428572
Madhya Pradesh,Gangtok,3618414.19,86,42074.58360465116
Madhya Pradesh,Gaya,3741730.81,70,53453.29728571429
Madhya Pradesh,Ghaziabad,8315119.79,147,56565.44074829932
Madhya Pradesh,Giridih,2885913.39,50,57718.2678
Madhya Pradesh,Gopalpur,1352653.22,38,35596.13736842105
Madhya Pradesh,Gorakhpur,4639507.55,61,76057.50081967213
Madhya Pradesh,Gudivada,1874319.22,56,33469.98607142857
Madhya Pradesh,Gulbarga,3169841.7800000003,89,35616.199775280904
Madhya Pradesh,Guna,2554926.8,51,50096.603921568625
Madhya Pradesh,Guntakal,3796261.7199999997,63,60258.12253968253
Madhya Pradesh,Guntur,837037.3300000001,22,38047.15136363637
Madhya Pradesh,Gurgaon,1217895.28,20,60894.764
Madhya Pradesh,Guwahati,3550699.08,80,44383.7385
Madhya Pradesh,Gwalior,915942.9400000001,31,29546.546451612907
Madhya Pradesh,Hajipur,1752815.84,42,41733.71047619048
Madhya Pradesh,Haldia,3371079.8,77,43780.25714285714
Madhya Pradesh,Hapur,3548349.25,77,46082.457792207795
Madhya Pradesh,Haridwar,3337091.36,71,47001.28676056338
Madhya Pradesh,Hazaribagh,1698669.8900000001,37,45909.99702702703
Madhya Pradesh,Hindupur,1910303.26,25,76412.1304
Madhya Pradesh,Hospet,4341977.68,107,40579.2306542056
Madhya Pradesh,Hosur,3636447.9,60,60607.465
Madhya Pradesh,Howrah,1100817.39,15,73387.82599999999
Madhya Pradesh,Hubli–Dharwad,3123596.88,66,47327.225454545456
Madhya Pradesh,Hyderabad,510800.87,8,63850.10875
Madhya Pradesh,Ichalkaranji,1759427.07,26,67670.27192307693
Madhya Pradesh,Imphal,301253.18,14,21518.084285714285
Madhya Pradesh,Indore,1581510.12,33,47924.549090909095
Madhya Pradesh,Jabalpur,4042722.9899999998,88,45940.033977272724
Madhya Pradesh,Jaipur,1662714.24,41,40554.005853658535
Madhya Pradesh,Jalandhar,1780987.75,41,43438.7256097561
Madhya Pradesh,Jalgaon,3247759.7,65,49965.53384615385
Madhya Pradesh,Jalna,3545131.36,74,47907.18054054054
Madhya Pradesh,Jamalpur,2432097.0,70,34744.24285714285
Madhya Pradesh,Jammu,3114414.18,53,58762.53169811321
Madhya Pradesh,Jamnagar,5132300.87,75,68430.67826666667
Madhya Pradesh,Jamshedpur,145788.64,7,20826.948571428573
Madhya Pradesh,Jaunpur,911226.75,32,28475.8359375
Madhya Pradesh,Jehanabad,1133271.43,23,49272.67086956521
Madhya Pradesh,Jhansi,2943325.75,39,75469.89102564103
Madhya Pradesh,Jodhpur,2397715.85,56,42816.354464285716
Madhya Pradesh,Jorhat,2696557.18,62,43492.857741935484
Madhya Pradesh,Junagadh,5307085.65,90,58967.61833333334
Madhya Pradesh,Kadapa,3166966.89,71,44605.167464788734
Madhya Pradesh,Kakinada,4027269.41,84,47943.68345238095
Madhya Pradesh,Kalyan-Dombivli,2318255.54,40,57956.3885
Madhya Pradesh,Kamarhati,1554955.42,24,64789.809166666666
Madhya Pradesh,Kanpur,3450585.1,77,44812.79350649351
Madhya Pradesh,Karaikudi,4826791.0200000005,94,51348.84063829788
Madhya Pradesh,Karawal Nagar,3018759.88,44,68608.17909090909
Madhya Pradesh,Karimnagar,1638970.67,37,44296.50459459459
Madhya Pradesh,Karnal,2063820.36,44,46905.008181818186
Madhya Pradesh,Katihar,4075489.68,78,52249.86769230769
Madhya Pradesh,Katni,2716200.3,62,43809.68225806452
Madhya Pradesh,Kavali,1222684.1400000001,35,34933.832571428575
Madhya Pradesh,Khammam,6195920.32,89,69617.08224719102
Madhya Pradesh,Khandwa,1306785.28,24,54449.386666666665
Madhya Pradesh,Kharagpur,3123495.69,56,55776.70875
Madhya Pradesh,Khora ,724617.8099999999,21,34505.61
Madhya Pradesh,Kirari Suleman Nagar,2582535.93,51,50637.95941176471
Madhya Pradesh,Kishanganj,2140251.37,32,66882.8553125
Madhya Pradesh,Kochi,802973.15,17,47233.714705882354
Madhya Pradesh,Kolhapur,2497371.34,45,55497.14088888888
Madhya Pradesh,Kolkata,2449868.24,59,41523.19050847458
Madhya Pradesh,Kollam,1711932.07,47,36424.08659574468
Madhya Pradesh,Korba,952784.12,17,56046.12470588235
Madhya Pradesh,Kota,1263278.32,36,35091.06444444445
Madhya Pradesh,Kottayam,2224138.44,22,101097.20181818181
Madhya Pradesh,Kozhikode,2649701.34,54,49068.54333333333
Madhya Pradesh,Kulti,4259509.08,81,52586.531851851854
Madhya Pradesh,Kumbakonam,1710128.0999999999,43,39770.420930232554
Madhya Pradesh,Kurnool,2447623.43,71,34473.56943661972
Madhya Pradesh,Latur,913913.24,20,45695.662
Madhya Pradesh,Loni,521311.01,19,27437.421578947367
Madhya Pradesh,Lucknow,834803.77,31,26929.153870967744
Madhya Pradesh,Ludhiana,1891525.3,49,38602.55714285714
Madhya Pradesh,Machilipatnam,1055804.45,31,34058.208064516126
Madhya Pradesh,Madanapalle,2476406.44,45,55031.25422222222
Madhya Pradesh,Madhyamgram,1076859.94,22,48948.179090909085
Madhya Pradesh,Madurai,2352498.16,38,61907.84631578948
Madhya Pradesh,Mahbubnagar,3652417.71,49,74539.13693877551
Madhya Pradesh,Maheshtala,1960240.5699999998,23,85227.85086956521
Madhya Pradesh,Malda,1777405.19,59,30125.511694915254
Madhya Pradesh,Malegaon,1127812.4100000001,22,51264.20045454546
Madhya Pradesh,Mangalore,898086.09,21,42766.00428571428
Madhya Pradesh,Mango,2123504.77,49,43336.83204081633
Madhya Pradesh,Mathura,2482222.64,48,51712.97166666667
Madhya Pradesh,Medininagar,3173979.9699999997,63,50380.63444444444
Madhya Pradesh,Meerut,1670948.16,36,46415.22666666666
Madhya Pradesh,Mehsana,1823765.79,39,46763.22538461538
Madhya Pradesh,Mira-Bhayandar,2239715.6,39,57428.605128205134
Madhya Pradesh,Miryalaguda,915642.11,35,26161.203142857143
Madhya Pradesh,Mirzapur,3584539.55,81,44253.57469135802
Madhya Pradesh,Moradabad,4203817.73,80,52547.721625000006
Madhya Pradesh,Morbi,5359859.96,90,59553.99955555556
Madhya Pradesh,Morena,1543886.06,28,55138.78785714286
Madhya Pradesh,Motihari,1828681.79,43,42527.48348837209
Madhya Pradesh,Mumbai,4121109.3099999996,68,60604.548676470586
Madhya Pradesh,Munger,6508586.72,104,62582.56461538461
Madhya Pradesh,Muzaffarnagar,2401441.5300000003,39,61575.423846153855
Madhya Pradesh,Muzaffarpur,1211080.36,28,43252.87
Madhya Pradesh,Mysore,1970212.09,50,39404.2418
Madhya Pradesh,Nadiad,447737.95999999996,12,37311.496666666666
Madhya Pradesh,Nagaon,3343664.05,61,54814.164754098354
Madhya Pradesh,Nagercoil,1620755.73,23,70467.6404347826
Madhya Pradesh,Nagpur,5423304.05,55,98605.52818181818
Madhya Pradesh,Naihati,1627962.5899999999,39,41742.630512820506
Madhya Pradesh,Nanded,1149074.48,42,27358.91619047619
Madhya Pradesh,Nandyal,1782277.9100000001,43,41448.323488372094
Madhya Pradesh,Nangloi Jat,4027905.59,63,63935.009365079364
Madhya Pradesh,Narasaraopet,972627.34,30,32420.911333333333
Madhya Pradesh,Nashik,2478669.78,55,45066.72327272727
Madhya Pradesh,Navi Mumbai,4665288.88,70,66646.984
Madhya Pradesh,Nellore,1924339.65,43,44752.08488372093
Madhya Pradesh,New Delhi,4938323.46,98,50391.055714285714
Madhya Pradesh,Nizamabad,1467688.39,31,47344.78677419355
Madhya Pradesh,North Dumdum,4472631.99,82,54544.29256097561
Madhya Pradesh,Ongole,2702607.44,47,57502.28595744681
Madhya Pradesh,Orai,3485289.04,59,59072.69559322034
Madhya Pradesh,Ozhukarai,1551073.62,42,36930.32428571429
Madhya Pradesh,Pali,848962.55,9,94329.17222222223
Madhya Pradesh,Pallavaram,1698349.75,31,54785.47580645161
Madhya Pradesh,Panchkula,6279814.22,89,70559.71033707865
Madhya Pradesh,Panihati,2050206.8800000001,37,55410.99675675676
Madhya Pradesh,Panipat,1377619.3800000001,41,33600.47268292683
Madhya Pradesh,Panvel,3754183.91,52,72195.84442307692
Madhya Pradesh,Parbhani,712099.2999999999,10,71209.93
Madhya Pradesh,Patiala,1779191.98,38,46820.841578947366
Madhya Pradesh,Patna,1400465.9100000001,38,36854.36605263158
Madhya Pradesh,Phagwara,1833099.27,48,38189.568125
Madhya Pradesh,Phusro,2545450.0500000003,49,51947.96020408164
Madhya Pradesh,Pimpri-Chinchwad,2488211.69,46,54091.55847826087
Madhya Pradesh,Pondicherry,2282859.83,49,46588.97612244898
Madhya Pradesh,Proddatur,1998068.38,60,33301.13966666666
Madhya Pradesh,Pudukkottai,3581444.48,63,56848.32507936508
Madhya Pradesh,Pune,4512458.74,63,71626.32920634921
Madhya Pradesh,Purnia,408287.56,17,24016.915294117647
Madhya Pradesh,Raebareli,2963187.94,50,59263.758799999996
Madhya Pradesh,Raichur,2594645.91,37,70125.56513513514
Madhya Pradesh,Raiganj,3542250.93,63,56226.20523809524
Madhya Pradesh,Raipur,1361709.82,32,42553.431875
Madhya Pradesh,Rajahmundry,3349645.17,51,65679.31705882352
Madhya Pradesh,Rajkot,2709726.38,59,45927.56576271186
Madhya Pradesh,Rajpur Sonarpur,1827044.98,40,45676.1245
Madhya Pradesh,Ramagundam,2290042.58,52,44039.280384615384
Madhya Pradesh,Ramgarh,1000492.85,29,34499.753448275864
Madhya Pradesh,Rampur,2478497.67,32,77453.0521875
Madhya Pradesh,Ranchi,253668.13,9,28185.347777777777
Madhya Pradesh,Ratlam,3068472.03,81,37882.370740740735
Madhya Pradesh,Raurkela Industrial Township,2688654.02,52,51704.885
Madhya Pradesh,Rewa,575462.96,20,28773.147999999997
Madhya Pradesh,Rohtak,2320818.21,48,48350.379375
Madhya Pradesh,Rourkela,2208564.31,45,49079.20688888889
Madhya Pradesh,Sagar,136938.88,8,17117.36
Madhya Pradesh,Saharanpur,2181884.82,31,70383.38129032258
Madhya Pradesh,Saharsa,1381880.38,17,81287.08117647059
Madhya Pradesh,Salem,3115991.59,67,46507.3371641791
Madhya Pradesh,Sambalpur,2110565.2800000003,52,40587.79384615385
Madhya Pradesh,Sambhal,2347022.5,46,51022.22826086957
Madhya Pradesh,Sangli-Miraj & Kupwad,3679821.73,67,54922.7123880597
Madhya Pradesh,Sasaram,1385690.05,32,43302.8140625
Madhya Pradesh,Satara,2180050.03,43,50698.83790697674
Madhya Pradesh,Satna,1068009.23,26,41077.278076923074
Madhya Pradesh,Secunderabad,672111.85,17,39535.99117647059
Madhya Pradesh,Serampore,1124905.57,30,37496.852333333336
Madhya Pradesh,Shahjahanpur,1360717.58,28,48597.05642857143
Madhya Pradesh,Shimla,1071327.96,32,33478.99875
Madhya Pradesh,Shimoga,1905574.69,47,40544.14234042553
Madhya Pradesh,Shivpuri,1189500.53,19,62605.29105263158
Madhya Pradesh,Sikar,1236782.91,25,49471.316399999996
Madhya Pradesh,Silchar,2597166.34,55,47221.206181818176
Madhya Pradesh,Siliguri,4503566.88,71,63430.51943661972
Madhya Pradesh,Singrauli,2795934.94,58,48205.7748275862
Madhya Pradesh,Sirsa,3113089.82,77,40429.73792207792
Madhya Pradesh,Siwan,3326921.17,53,62772.09754716981
Madhya Pradesh,Solapur,886247.12,26,34086.42769230769
Madhya Pradesh,Sonipat,5346317.58,116,46088.94465517242
Madhya Pradesh,South Dumdum,3422494.75,76,45032.82565789474
Madhya Pradesh,Sri Ganganagar,4333978.3,90,48155.31444444444
Madhya Pradesh,Srikakulam,2445490.37,44,55579.32659090909
Madhya Pradesh,Srinagar,2323193.84,61,38085.14491803278
Madhya Pradesh,Sultan Pur Majra,2168159.47,29,74764.11965517243
Madhya Pradesh,Surat,2298654.54,53,43370.840377358494
Madhya Pradesh,Surendranagar Dudhrej,1371557.4,19,72187.23157894737
Madhya Pradesh,Suryapet,882817.24,23,38383.358260869565
Madhya Pradesh,Tadepalligudem,760709.12,37,20559.705945945945
Madhya Pradesh,Tadipatri,3316545.85,77,43072.024025974024
Madhya Pradesh,Tenali,2058826.3499999999,31,66413.75322580645
Madhya Pradesh,Tezpur,3258442.17,44,74055.50386363636
Madhya Pradesh,Thane,1005109.58,23,43700.41652173913
Madhya Pradesh,Thanjavur,1375193.58,34,40446.87
Madhya Pradesh,Thiruvananthapuram,2404032.49,34,70706.83794117648
Madhya Pradesh,Thoothukudi,1846807.8,28,65957.42142857143
Madhya Pradesh,Thrissur,1678967.2,31,54160.23225806451
Madhya Pradesh,Tinsukia,4276970.15,67,63835.37537313433
Madhya Pradesh,Tiruchirappalli,3894229.02,71,54848.296056338026
Madhya Pradesh,Tirunelveli,2022941.81,41,49340.04414634147
Madhya Pradesh,Tirupati,1266081.38,36,35168.92722222222
Madhya Pradesh,Tiruppur,3622445.92,50,72448.9184
Madhya Pradesh,Tiruvottiyur,2908633.89,71,40966.674507042255
Madhya Pradesh,Tumkur,908839.85,17,53461.16764705882
Madhya Pradesh,Udaipur,3436093.51,55,62474.427454545454
Madhya Pradesh,Udupi,1133798.3800000001,26,43607.630000000005
Madhya Pradesh,Ujjain,1606801.63,32,50212.5509375
Madhya Pradesh,Ulhasnagar,3808020.5,80,47600.25625
Madhya Pradesh,Uluberia,3961409.32,64,61897.020625
Madhya Pradesh,Unnao,2375418.98,33,71982.39333333333
Madhya Pradesh,Vadodara,1028696.0099999999,21,48985.52428571428
Madhya Pradesh,Varanasi,4332646.77,63,68772.17095238094
Madhya Pradesh,Vasai-Virar,2940192.81,58,50692.97948275862
Madhya Pradesh,Vellore,3905816.96,63,61997.094603174606
Madhya Pradesh,Vijayanagaram,2119593.68,34,62340.9905882353
Madhya Pradesh,Vijayawada,2263938.37,30,75464.61233333334
Madhya Pradesh,Visakhapatnam,2557810.25,46,55604.57065217391
Madhya Pradesh,Warangal,4928566.22,84,58673.407380952376
Madhya Pradesh,Yamunanagar,5375062.32,75,71667.4976
Maharashtra,Adoni,4637710.99,68,68201.63220588236
Maharashtra,Agartala,4542071.82,67,67792.11671641792
Maharashtra,Agra,3445864.86,57,60453.76947368421
Maharashtra,Ahmedabad,940533.39,26,36174.361153846156
Maharashtra,Ahmednagar,3566585.94,64,55727.9053125
Maharashtra,Aizawl,3086759.59,66,46769.084696969694
Maharashtra,Ajmer,2235580.03,32,69861.8759375
Maharashtra,Akola,3112196.25,59,52749.088983050846
Maharashtra,Alappuzha,5361932.85,75,71492.438
Maharashtra,Aligarh,4417341.61,93,47498.29688172043
Maharashtra,Allahabad,2783010.33,45,61844.674
Maharashtra,Alwar,4791733.45,106,45205.032547169816
Maharashtra,Amaravati,1149505.45,39,29474.498717948718
Maharashtra,Ambala,5920668.37,121,48931.14355371901
Maharashtra,Ambarnath,1490460.5999999999,47,31711.927659574467
Maharashtra,Ambattur,4115045.67,86,47849.368255813955
Maharashtra,Amravati,3735863.93,88,42452.99920454546
Maharashtra,Amritsar,5139563.48,92,55864.82043478261
Maharashtra,Amroha,1876944.01,45,41709.866888888886
Maharashtra,Anand,3282632.3200000003,60,54710.538666666675
Maharashtra,Anantapur,4581404.99,86,53272.15104651163
Maharashtra,Anantapuram,5185862.9,79,65643.83417721519
Maharashtra,Arrah,2073501.09,58,35750.01879310345
Maharashtra,Asansol,3661677.92,86,42577.65023255814
Maharashtra,Aurangabad,9425337.95,143,65911.4541958042
Maharashtra,Avadi,5665544.74,97,58407.67773195876
Maharashtra,Bahraich,5171451.6,93,55607.0064516129
Maharashtra,Ballia,6198054.47,126,49190.90849206349
Maharashtra,Bally,6169943.97,118,52287.660762711865
Maharashtra,Bangalore,5482528.79,94,58324.774361702126
Maharashtra,Baranagar,3882760.32,68,57099.416470588236
Maharashtra,Barasat,3424855.12,50,68497.1024
Maharashtra,Bardhaman,1791218.3699999999,38,47137.325526315784
Maharashtra,Bareilly,5940177.23,107,55515.675046728975
Maharashtra,Bathinda,7204522.53,105,68614.50028571428
Maharashtra,Begusarai,6516710.13,107,60903.832990654206
Maharashtra,Belgaum,3024072.89,49,61715.773265306125
Maharashtra,Bellary,2669680.58,56,47672.8675
Maharashtra,Berhampore,6305336.14,115,54829.009913043476
Maharashtra,Berhampur,1653937.95,22,75178.99772727273
Maharashtra,Bettiah,2268974.33,45,50421.65177777778
Maharashtra,Bhagalpur,5315980.05,62,85741.61370967742
Maharashtra,Bhalswa Jahangir Pur,4413026.63,66,66864.03984848484
Maharashtra,Bharatpur,6092389.12,106,57475.36905660378
Maharashtra,Bhatpara,3079758.0,70,43996.54285714286
Maharashtra,Bhavnagar,1760046.46,36,48890.179444444446
Maharashtra,Bhilai,3380771.93,55,61468.58054545455
Maharashtra,Bhilwara,2783369.61,69,40338.689999999995
Maharashtra,Bhimavaram,4179577.26,87,48041.11793103448
Maharashtra,Bhind,3780007.92,94,40212.85021276596
Maharashtra,Bhiwandi,3452758.59,65,53119.36292307692
Maharashtra,Bhiwani,1693245.42,45,37627.676
Maharashtra,Bhopal,4478721.97,81,55292.863827160494
Maharashtra,Bhubaneswar,6145580.3,112,54871.25267857143
Maharashtra,Bhusawal,4656178.39,88,52911.118068181815
Maharashtra,Bidar,8129676.9,123,66094.93414634146
Maharashtra,Bidhannagar,3761853.81,63,59711.96523809524
Maharashtra,Bihar Sharif,3991754.67,107,37306.11841121495
Maharashtra,Bijapur,4456902.49,95,46914.763052631584
Maharashtra,Bikaner,2544643.64,73,34858.13205479452
Maharashtra,Bilaspur,2246478.71,55,40845.06745454545
Maharashtra,Bokaro,5836086.54,89,65574.00606741573
Maharashtra,Bongaigaon,5239341.21,106,49427.747264150945
Maharashtra,Bulandshahr,2391921.16,53,45130.58792452831
Maharashtra,Burhanpur,4774381.3,88,54254.332954545454
Maharashtra,Buxar,2578234.71,46,56048.580652173914
Maharashtra,Chandigarh,1680685.8599999999,29,57954.6848275862
Maharashtra,Chandrapur,5071470.78,86,58970.590465116285
Maharashtra,Chapra,3033689.69,55,55157.99436363636
Maharashtra,Chennai,3753753.88,90,41708.376444444446
Maharashtra,Chinsurah,3564225.24,75,47523.00320000001
Maharashtra,Chittoor,3107980.2,73,42575.07123287671
Maharashtra,Coimbatore,2697311.62,45,59940.258222222226
Maharashtra,Cuttack,5712774.83,118,48413.34601694915
Maharashtra,Danapur,3904178.92,75,52055.71893333333
Maharashtra,Darbhanga,2782061.4899999998,55,50582.93618181818
Maharashtra,Davanagere,3617594.51,58,62372.31913793103
Maharashtra,Dehradun,2551779.71,50,51035.5942
Maharashtra,Dehri,5654198.4799999995,90,62824.42755555555
Maharashtra,Delhi,3778726.2399999998,56,67477.25428571428
Maharashtra,Deoghar,2679355.53,46,58246.85934782608
Maharashtra,Dewas,3421947.94,47,72807.4029787234
Maharashtra,Dhanbad,2196492.15,50,43929.843
Maharashtra,Dharmavaram,2556623.7199999997,52,49165.84076923077
Maharashtra,Dhule,5118290.96,83,61666.156144578315
Maharashtra,Dibrugarh,5158561.17,55,93792.02127272727
Maharashtra,Dindigul,3279070.04,51,64295.490980392155
Maharashtra,Durg,4156199.97,90,46179.99966666667
Maharashtra,Durgapur,3691542.47,97,38057.13886597938
Maharashtra,Eluru,423732.35000000003,14,30266.596428571433
Maharashtra,Erode,1429209.45,27,52933.683333333334
Maharashtra,Etawah,5719157.84,111,51523.94450450451
Maharashtra,Faridabad,3925552.19,90,43617.246555555554
Maharashtra,Farrukhabad,2890121.15,72,40140.57152777778
Maharashtra,Fatehpur,5744060.23,86,66791.39802325582
Maharashtra,Firozabad,5812387.18,143,40646.064195804196
Maharashtra,Gandhidham,1726280.07,51,33848.62882352941
Maharashtra,Gandhinagar,2192294.79,39,56212.68692307692
Maharashtra,Gangtok,5955068.8100000005,118,50466.68483050848
Maharashtra,Gaya,2797017.35,59,47407.073728813564
Maharashtra,Ghaziabad,10571653.8,158,66909.20126582279
Maharashtra,Giridih,2545461.14,46,55336.111739130436
Maharashtra,Gopalpur,1716072.93,53,32378.734528301884
Maharashtra,Gorakhpur,3614334.58,92,39286.245434782606
Maharashtra,Gudivada,4308010.08,63,68381.11238095239
Maharashtra,Gulbarga,1752627.78,53,33068.44867924528
Maharashtra,Guna,6272439.72,113,55508.31610619469
Maharashtra,Guntakal,4232059.390000001,67,63165.06552238807
Maharashtra,Guntur,4182573.15,106,39458.23726415094
Maharashtra,Gurgaon,2882015.04,33,87333.7890909091
Maharashtra,Guwahati,3388831.92,83,40829.30024096386
Maharashtra,Gwalior,6490026.5,112,57946.66517857143
Maharashtra,Hajipur,5204501.44,105,49566.680380952384
Maharashtra,Haldia,2592873.89,63,41156.728412698416
Maharashtra,Hapur,4954195.26,108,45872.17833333333
Maharashtra,Haridwar,7301430.5200000005,124,58882.50419354839
Maharashtra,Hazaribagh,2480989.23,77,32220.63935064935
Maharashtra,Hindupur,6154591.89,104,59178.76817307692
Maharashtra,Hospet,6334401.85,109,58113.77844036697
Maharashtra,Hosur,2651900.9,62,42772.59516129032
Maharashtra,Howrah,4982264.29,107,46563.217663551404
Maharashtra,Hubli–Dharwad,8257732.99,122,67686.33598360656
Maharashtra,Hyderabad,3945488.95,79,49942.898101265826
Maharashtra,Ichalkaranji,4719221.42,86,54874.667674418604
Maharashtra,Imphal,6150776.29,126,48815.68484126984
Maharashtra,Indore,5486779.63,95,57755.575052631575
Maharashtra,Jabalpur,5558709.98,102,54497.15666666667
Maharashtra,Jaipur,5357658.22,73,73392.57835616438
Maharashtra,Jalandhar,3221331.56,68,47372.522941176474
Maharashtra,Jalgaon,1189378.4,29,41013.048275862064
Maharashtra,Jalna,3152190.81,76,41476.19486842105
Maharashtra,Jamalpur,3420830.44,66,51830.764242424244
Maharashtra,Jammu,1350130.15,36,37503.615277777775
Maharashtra,Jamnagar,2391695.98,74,32320.215945945947
Maharashtra,Jamshedpur,3224864.65,90,35831.82944444444
Maharashtra,Jaunpur,3393301.24,78,43503.862051282056
Maharashtra,Jehanabad,7030424.16,130,54080.18584615385
Maharashtra,Jhansi,4237873.140000001,92,46063.83847826088
Maharashtra,Jodhpur,1830097.26,46,39784.72304347826
Maharashtra,Jorhat,7587052.49,126,60214.702301587306
Maharashtra,Junagadh,2931513.09,84,34898.96535714286
Maharashtra,Kadapa,4832261.5600000005,73,66195.36383561644
Maharashtra,Kakinada,4347104.64,78,55732.11076923076
Maharashtra,Kalyan-Dombivli,5334999.5,102,52303.916666666664
Maharashtra,Kamarhati,4899445.3,100,48994.453
Maharashtra,Kanpur,742789.11,16,46424.319375
Maharashtra,Karaikudi,1579393.03,40,39484.82575
Maharashtra,Karawal Nagar,3332818.93,83,40154.444939759036
Maharashtra,Karimnagar,3799328.52,52,73064.01
Maharashtra,Karnal,2715370.85,70,38791.012142857144
Maharashtra,Katihar,3745692.9,74,50617.47162162162
Maharashtra,Katni,5884614.09,88,66870.6146590909
Maharashtra,Kavali,6325696.34,120,52714.13616666666
Maharashtra,Khammam,934395.88,10,93439.588
Maharashtra,Khandwa,6760136.06,115,58783.791826086956
Maharashtra,Kharagpur,3651984.1,72,50722.00138888889
Maharashtra,Khora ,1103807.65,14,78843.40357142857
Maharashtra,Kirari Suleman Nagar,2818402.36,39,72266.72717948718
Maharashtra,Kishanganj,5540703.21,90,61563.369
Maharashtra,Kochi,4544354.07,83,54751.25385542169
Maharashtra,Kolhapur,4708411.58,56,84078.77821428572
Maharashtra,Kolkata,2465812.86,61,40423.16163934426
Maharashtra,Kollam,4273857.47,86,49696.017093023256
Maharashtra,Korba,3289185.71,89,36957.14280898876
Maharashtra,Kota,3851244.25,72,53489.50347222222
Maharashtra,Kottayam,2897120.84,55,52674.92436363636
Maharashtra,Kozhikode,1054936.35,26,40574.475000000006
Maharashtra,Kulti,2868103.35,58,49450.05775862069
Maharashtra,Kumbakonam,3981004.05,69,57695.71086956521
Maharashtra,Kurnool,63916.84,7,9130.977142857142
Maharashtra,Latur,1816858.37,45,40374.63044444445
Maharashtra,Loni,4010450.98,103,38936.4172815534
Maharashtra,Lucknow,3916284.52,85,46073.93552941176
Maharashtra,Ludhiana,1979006.84,35,56543.052571428576
Maharashtra,Machilipatnam,5020405.26,76,66057.96394736842
Maharashtra,Madanapalle,3059679.18,50,61193.583600000005
Maharashtra,Madhyamgram,3843624.96,95,40459.210105263155
Maharashtra,Madurai,4282416.78,64,66912.7621875
Maharashtra,Mahbubnagar,3590313.33,42,85483.65071428572
Maharashtra,Maheshtala,5153086.16,90,57256.512888888894
Maharashtra,Malda,3070719.79,50,61414.3958
Maharashtra,Malegaon,3312900.11,70,47327.144428571424
Maharashtra,Mangalore,3176792.21,56,56728.43232142857
Maharashtra,Mango,2841924.85,59,48168.21779661017
Maharashtra,Mathura,4907520.54,77,63734.032987012986
Maharashtra,Mau,5567449.25,83,67077.70180722892
Maharashtra,Medininagar,2250428.82,55,40916.88763636363
Maharashtra,Meerut,3963150.0599999996,67,59151.493432835814
Maharashtra,Mehsana,6597346.84,127,51947.61291338583
Maharashtra,Mira-Bhayandar,3318703.02,93,35684.978709677416
Maharashtra,Miryalaguda,2526252.04,49,51556.164081632654
Maharashtra,Mirzapur,4463486.58,88,50721.43840909091
Maharashtra,Moradabad,5991599.03,107,55996.252616822436
Maharashtra,Morbi,3739784.73,83,45057.647349397594
Maharashtra,Morena,5203900.97,99,52564.65626262626
Maharashtra,Motihari,4143417.27,68,60932.606911764706
Maharashtra,Mumbai,3830699.3800000004,59,64927.108135593226
Maharashtra,Munger,7606503.1,136,55930.16985294117
Maharashtra,Muzaffarnagar,4329186.57,87,49760.7651724138
Maharashtra,Muzaffarpur,4909353.32,76,64596.75421052632
Maharashtra,Mysore,3852770.97,74,52064.47256756757
Maharashtra,Nadiad,4770855.35,73,65354.18287671232
Maharashtra,Nagaon,2213858.76,46,48127.364347826086
Maharashtra,Nagercoil,4697612.14,76,61810.68605263157
Maharashtra,Nagpur,4417081.64,67,65926.59164179103
Maharashtra,Naihati,3882549.65,65,59731.53307692308
Maharashtra,Nanded,1573943.29,32,49185.7278125
Maharashtra,Nandyal,3834346.46,87,44072.94781609195
Maharashtra,Nangloi Jat,7648892.51,127,60227.50007874016
Maharashtra,Narasaraopet,5310041.31,97,54742.69391752577
Maharashtra,Nashik,5441411.5200000005,85,64016.60611764706
Maharashtra,Navi Mumbai,4992600.1,107,46659.814018691584
Maharashtra,Nellore,4246838.88,94,45179.1370212766
Maharashtra,New Delhi,5037403.04,81,62190.16098765432
Maharashtra,Nizamabad,4600136.26,84,54763.5269047619
Maharashtra,Noida,926115.5,28,33075.55357142857
Maharashtra,North Dumdum,3461978.83,51,67881.93784313726
Maharashtra,Ongole,4340470.4,85,51064.35764705883
Maharashtra,Orai,3790984.59,83,45674.51313253012
Maharashtra,Ozhukarai,3101052.53,65,47708.50046153846
Maharashtra,Pali,4891985.82,89,54966.13280898877
Maharashtra,Pallavaram,3429386.2,61,56219.445901639345
Maharashtra,Panchkula,4454212.57,61,73019.87819672131
Maharashtra,Panihati,3115321.91,55,56642.21654545455
Maharashtra,Panipat,2985629.09,62,48155.3079032258
Maharashtra,Panvel,3714587.5700000003,47,79033.77808510639
Maharashtra,Parbhani,3202614.14,59,54281.59559322034
Maharashtra,Patiala,2973534.59,74,40182.89986486486
Maharashtra,Patna,3295748.77,76,43365.115394736844
Maharashtra,Phagwara,6359239.37,83,76617.34180722892
Maharashtra,Phusro,2061273.58,38,54244.04157894737
Maharashtra,Pimpri-Chinchwad,4635365.54,78,59427.763333333336
Maharashtra,Pondicherry,2404812.66,44,54654.83318181818
Maharashtra,Proddatur,3955092.44,79,50064.461265822785
Maharashtra,Pudukkottai,2266549.85,31,73114.51129032258
Maharashtra,Pune,4709255.99,80,58865.699875000006
Maharashtra,Purnia,4215369.12,76,55465.383157894736
Maharashtra,Raebareli,2496901.5,57,43805.28947368421
Maharashtra,Raichur,4465355.53,75,59538.07373333334
Maharashtra,Raiganj,5932608.15,94,63112.85265957447
Maharashtra,Raipur,3640730.73,72,50565.70458333333
Maharashtra,Rajahmundry,4210343.7,93,45272.51290322581
Maharashtra,Rajkot,1613916.8,33,48906.5696969697
Maharashtra,Rajpur Sonarpur,4513828.89,92,49063.3575
Maharashtra,Ramagundam,3276632.33,53,61823.25150943396
Maharashtra,Ramgarh,3241749.68,71,45658.446197183104
Maharashtra,Rampur,3859521.99,97,39788.88649484536
Maharashtra,Ranchi,9711172.07,143,67910.29419580419
Maharashtra,Ratlam,2247500.3,41,54817.08048780487
Maharashtra,Raurkela Industrial Township,3985882.14,85,46892.731058823534
Maharashtra,Rewa,4046256.2600000002,82,49344.58853658537
Maharashtra,Rohtak,4341198.76,106,40954.70528301886
Maharashtra,Rourkela,2988423.11,50,59768.462199999994
Maharashtra,Sagar,3914053.29,61,64164.80803278689
Maharashtra,Saharanpur,2565289.81,41,62568.04414634147
Maharashtra,Saharsa,3142683.89,67,46905.72970149254
Maharashtra,Salem,3631414.34,88,41266.072045454544
Maharashtra,Sambalpur,5719945.34,115,49738.65513043478
Maharashtra,Sambhal,5624008.21,120,46866.73508333333
Maharashtra,Sangli-Miraj & Kupwad,8603532.8,148,58131.978378378386
Maharashtra,Sasaram,7551944.2,114,66245.12456140351
Maharashtra,Satara,9640639.4,147,65582.58095238096
Maharashtra,Satna,4520854.74,92,49139.72543478261
Maharashtra,Secunderabad,3771774.21,63,59869.43190476191
Maharashtra,Serampore,3782058.07,92,41109.32684782609
Maharashtra,Shahjahanpur,3800836.11,47,80868.85340425532
Maharashtra,Shimla,3743803.84,63,59425.457777777774
Maharashtra,Shimoga,5831028.17,75,77747.04226666667
Maharashtra,Shivpuri,2865387.91,70,40934.113000000005
Maharashtra,Sikar,4413736.11,78,56586.360384615386
Maharashtra,Silchar,3592894.1,65,55275.29384615385
Maharashtra,Siliguri,826735.41,37,22344.20027027027
Maharashtra,Singrauli,5756487.28,77,74759.57506493507
Maharashtra,Sirsa,3085120.28,42,73455.24476190476
Maharashtra,Siwan,3947377.94,65,60728.89138461538
Maharashtra,Solapur,5347412.5600000005,76,70360.69157894737
Maharashtra,Sonipat,1469975.49,17,86469.14647058824
Maharashtra,South Dumdum,3616369.63,67,53975.66611940298
Maharashtra,Sri Ganganagar,3697492.7199999997,87,42499.916321839075
Maharashtra,Srikakulam,2015525.47,42,47988.70166666667
Maharashtra,Srinagar,2399826.37,50,47996.5274
Maharashtra,Sultan Pur Majra,4736736.3,86,55078.32906976744
Maharashtra,Surat,2870897.08,59,48659.272542372884
Maharashtra,Surendranagar Dudhrej,6534484.95,152,42990.03256578947
Maharashtra,Suryapet,5791542.600000001,86,67343.51860465117
Maharashtra,Tadepalligudem,4213682.35,89,47344.745505617975
Maharashtra,Tadipatri,4863553.05,77,63163.02662337662
Maharashtra,Tenali,2748373.09,63,43624.96968253968
Maharashtra,Tezpur,4944042.15,87,56828.07068965518
Maharashtra,Thane,6138988.65,134,45813.348134328364
Maharashtra,Thanjavur,1083299.96,30,36109.99866666667
Maharashtra,Thiruvananthapuram,5241050.24,85,61659.4145882353
Maharashtra,Thoothukudi,5138673.78,129,39834.68046511628
Maharashtra,Thrissur,1141188.41,32,35662.1378125
Maharashtra,Tinsukia,1006584.4099999999,23,43764.53956521739
Maharashtra,Tiruchirappalli,8634425.98,127,67987.60614173229
Maharashtra,Tirunelveli,2070186.19,37,55950.97810810811
Maharashtra,Tirupati,5192124.28,99,52445.6997979798
Maharashtra,Tiruppur,2433741.19,49,49668.187551020404
Maharashtra,Tiruvottiyur,1519811.4,39,38969.52307692308
Maharashtra,Tumkur,3510048.65,59,59492.35
Maharashtra,Udaipur,3654915.65,89,41066.46797752809
Maharashtra,Udupi,6238932.03,90,69321.467
Maharashtra,Ujjain,4167826.58,92,45302.46282608696
Maharashtra,Ulhasnagar,2946145.21,71,41495.00295774648
Maharashtra,Uluberia,5137940.18,99,51898.38565656565
Maharashtra,Unnao,3553832.71,69,51504.82188405797
Maharashtra,Vadodara,3981681.14,88,45246.376590909094
Maharashtra,Varanasi,5082532.24,100,50825.322400000005
Maharashtra,Vasai-Virar,525230.72,18,29179.484444444442
Maharashtra,Vellore,3056256.11,89,34339.95629213483
Maharashtra,Vijayanagaram,3667161.52,69,53147.2684057971
Maharashtra,Vijayawada,3016183.89,59,51121.76084745763
Maharashtra,Visakhapatnam,5445168.35,119,45757.71722689075
Maharashtra,Warangal,5220488.1,110,47458.98272727273
Maharashtra,Yamunanagar,3447271.35,39,88391.57307692307
Punjab,Adoni,717740.61,30,23924.686999999998
Punjab,Ahmedabad,440439.14999999997,14,31459.939285714285
Punjab,Ahmednagar,1052162.45,13,80935.57307692307
Punjab,Aizawl,2097469.65,39,53781.27307692308
Punjab,Ajmer,479693.99,13,36899.53769230769
Punjab,Akola,1813928.3800000001,34,53350.83470588236
Punjab,Alappuzha,1532482.44,29,52844.222068965515
Punjab,Aligarh,101885.04,6,16980.84
Punjab,Allahabad,391118.66,7,55874.09428571428
Punjab,Alwar,991301.48,21,47204.83238095238
Punjab,Amaravati,1324652.77,19,69718.56684210527
Punjab,Ambarnath,310706.63,9,34522.95888888889
Punjab,Ambattur,1850921.05,33,56088.51666666667
Punjab,Amravati,175584.59,9,19509.39888888889
Punjab,Amritsar,1373969.54,28,49070.34071428572
Punjab,Amroha,1560180.59,27,57784.4662962963
Punjab,Anand,2584721.72,55,46994.940363636364
Punjab,Anantapur,1204999.46,28,43035.695
Punjab,Anantapuram,1477034.58,28,52751.235
Punjab,Arrah,1677687.22,33,50839.00666666667
Punjab,Asansol,2861580.23,52,55030.38903846154
Punjab,Aurangabad,1662586.5899999999,19,87504.55736842104
Punjab,Avadi,1650162.61,29,56902.15896551724
Punjab,Bahraich,427153.5,17,25126.676470588234
Punjab,Ballia,1950042.13,18,108335.67388888888
Punjab,Bally,290048.59,14,20717.75642857143
Punjab,Baranagar,977511.99,21,46548.19
Punjab,Bardhaman,955798.83,16,59737.426875
Punjab,Bareilly,1459925.8,24,60830.24166666667
Punjab,Bathinda,1113937.96,36,30942.72111111111
Punjab,Begusarai,573454.67,7,81922.09571428572
Punjab,Belgaum,2373825.31,30,79127.51033333334
Punjab,Bellary,2348755.76,38,61809.36210526315
Punjab,Berhampore,2124336.87,26,81705.26423076923
Punjab,Berhampur,527508.16,6,87918.02666666667
Punjab,Bettiah,605241.72,12,50436.81
Punjab,Bhagalpur,1188671.27,17,69921.83941176471
Punjab,Bharatpur,371693.69999999995,10,37169.369999999995
Punjab,Bhatpara,352463.43,8,44057.92875
Punjab,Bhavnagar,4137756.87,42,98518.02071428571
Punjab,Bhilai,3189730.23,50,63794.6046
Punjab,Bhilwara,747777.23,14,53412.65928571428
Punjab,Bhimavaram,2370856.07,30,79028.53566666666
Punjab,Bhind,1469116.46,30,48970.54866666666
Punjab,Bhiwandi,472405.43,16,29525.339375
Punjab,Bhiwani,651679.25,14,46548.517857142855
Punjab,Bhopal,700019.69,19,36843.14157894737
Punjab,Bhusawal,513302.91,9,57033.65666666666
Punjab,Bidar,274880.72,12,22906.726666666666
Punjab,Bidhannagar,2539256.06,33,76947.15333333334
Punjab,Bihar Sharif,1647371.33,27,61013.752962962964
Punjab,Bikaner,269919.24,9,29991.026666666665
Punjab,Bilaspur,2891959.33,53,54565.270377358494
Punjab,Bokaro,1081664.85,30,36055.495
Punjab,Bongaigaon,420525.29,2,210262.645
Punjab,Bulandshahr,3258615.77,20,162930.7885
Punjab,Burhanpur,1175004.46,19,61842.34
Punjab,Buxar,1069934.14,19,56312.32315789473
Punjab,Chandigarh,420302.11,19,22121.163684210525
Punjab,Chapra,1143459.98,14,81675.71285714286
Punjab,Chennai,1324546.3699999999,19,69712.96684210526
Punjab,Chinsurah,2704637.91,34,79548.17382352942
Punjab,Coimbatore,1491963.99,27,55257.92555555556
Punjab,Cuttack,1453611.34,43,33804.91488372093
Punjab,Danapur,580729.71,17,34160.571176470585
Punjab,Darbhanga,1535398.5,24,63974.9375
Punjab,Davanagere,1428289.91,20,71414.49549999999
Punjab,Dehradun,568561.16,7,81223.02285714286
Punjab,Dehri,893232.8099999999,20,44661.640499999994
Punjab,Delhi,1576054.17,41,38440.3456097561
Punjab,Deoghar,1268954.67,13,97611.89769230768
Punjab,Dharmavaram,1110819.18,9,123424.35333333333
Punjab,Dhule,218797.53,5,43759.506
Punjab,Dibrugarh,1059098.78,30,35303.29266666667
Punjab,Durg,698916.5,8,87364.5625
Punjab,Durgapur,1818273.55,44,41324.398863636365
Punjab,Eluru,1349568.0,29,46536.8275862069
Punjab,Erode,814655.61,19,42876.611052631575
Punjab,Etawah,376553.03,14,26896.645
Punjab,Faridabad,911442.62,23,39627.94
Punjab,Fatehpur,218875.66,10,21887.566
Punjab,Firozabad,558368.22,12,46530.685
Punjab,Gandhinagar,46377.810000000005,2,23188.905000000002
Punjab,Gaya,1834982.61,36,50971.739166666666
Punjab,Ghaziabad,3487096.17,46,75806.43847826087
Punjab,Giridih,376657.01999999996,18,20925.39
Punjab,Gorakhpur,1513730.93,27,56064.108518518515
Punjab,Gudivada,256759.07,7,36679.86714285715
Punjab,Gulbarga,1962700.72,44,44606.83454545454
Punjab,Guna,760912.2,9,84545.79999999999
Punjab,Guntakal,899268.49,27,33306.24037037037
Punjab,Guntur,1652743.1300000001,37,44668.733243243245
Punjab,Gurgaon,464976.67,9,51664.07444444444
Punjab,Guwahati,542979.15,10,54297.915
Punjab,Gwalior,1389583.19,26,53445.50730769231
Punjab,Hajipur,778908.44,16,48681.7775
Punjab,Haldia,947247.38,29,32663.70275862069
Punjab,Hapur,281052.65,8,35131.58125
Punjab,Haridwar,1171878.8499999999,21,55803.754761904755
Punjab,Hazaribagh,966212.17,15,64414.14466666667
Punjab,Hindupur,708304.29,25,28332.1716
Punjab,Hospet,253125.91999999998,9,28125.10222222222
Punjab,Hosur,627968.85,12,52330.737499999996
Punjab,Hubli–Dharwad,430862.55,17,25344.855882352942
Punjab,Hyderabad,126393.75,5,25278.75
Punjab,Imphal,1416371.73,29,48840.40448275862
Punjab,Indore,2117530.84,36,58820.301111111105
Punjab,Jabalpur,1258706.47,26,48411.787307692306
Punjab,Jaipur,644174.4400000001,9,71574.93777777778
Punjab,Jalandhar,2147303.61,30,71576.787
Punjab,Jalgaon,128491.44,7,18355.920000000002
Punjab,Jalna,1275006.78,21,60714.60857142857
Punjab,Jamalpur,634660.0,18,35258.88888888889
Punjab,Jammu,632000.29,19,33263.17315789474
Punjab,Jamnagar,788679.17,10,78867.917
Punjab,Jamshedpur,332866.95,11,30260.63181818182
Punjab,Jaunpur,2170330.9,40,54258.2725
Punjab,Jehanabad,644106.79,16,40256.674375
Punjab,Jhansi,1162959.51,18,64608.861666666664
Punjab,Jodhpur,1032670.33,12,86055.86083333332
Punjab,Jorhat,842475.09,16,52654.693125
Punjab,Junagadh,1373960.1099999999,30,45798.67033333333
Punjab,Kadapa,1244372.0,16,77773.25
Punjab,Kamarhati,2207523.22,48,45990.067083333335
Punjab,Kanpur,998438.86,23,43410.385217391304
Punjab,Karaikudi,1163528.61,16,72720.538125
Punjab,Karawal Nagar,771543.77,12,64295.31416666667
Punjab,Karimnagar,247858.29,11,22532.57181818182
Punjab,Karnal,1699199.03,26,65353.80884615385
Punjab,Katihar,1294073.46,21,61622.54571428571
Punjab,Katni,1218448.33,27,45127.71592592593
Punjab,Kavali,199250.01,9,22138.89
Punjab,Khammam,806150.22,15,53743.348
Punjab,Khandwa,1049203.63,21,49962.07761904762
Punjab,Kharagpur,2331884.63,46,50693.14413043478
Punjab,Khora ,1804599.42,39,46271.78
Punjab,Kirari Suleman Nagar,1245553.55,19,65555.45
Punjab,Kishanganj,2593848.38,45,57641.07511111111
Punjab,Kochi,2698384.9499999997,32,84324.52968749999
Punjab,Kolhapur,1152532.85,24,48022.20208333334
Punjab,Kolkata,1142220.04,37,30870.81189189189
Punjab,Kollam,425009.66000000003,9,47223.29555555556
Punjab,Korba,2385742.69,35,68164.07685714285
Punjab,Kota,1793097.52,29,61830.948965517244
Punjab,Kottayam,834661.08,14,59618.648571428566
Punjab,Kozhikode,1152949.13,20,57647.45649999999
Punjab,Kumbakonam,1333943.93,27,49405.33074074074
Punjab,Kurnool,722364.13,13,55566.47153846154
Punjab,Latur,200903.77,10,20090.377
Punjab,Loni,714338.1599999999,7,102048.30857142856
Punjab,Lucknow,1285630.87,34,37812.672647058826
Punjab,Ludhiana,741288.45,21,35299.45
Punjab,Machilipatnam,866016.44,19,45579.81263157894
Punjab,Madhyamgram,1213773.33,20,60688.66650000001
Punjab,Madurai,606472.94,18,33692.94111111111
Punjab,Mahbubnagar,996442.1200000001,21,47449.624761904764
Punjab,Maheshtala,658176.72,10,65817.67199999999
Punjab,Malda,1464534.34,21,69739.73047619048
Punjab,Mangalore,2514013.25,39,64461.8782051282
Punjab,Mango,1725884.98,32,53933.905625
Punjab,Mau,1110257.78,32,34695.555625
Punjab,Medininagar,657699.0900000001,15,43846.60600000001
Punjab,Meerut,1264717.05,21,60224.62142857143
Punjab,Mehsana,956552.8,27,35427.88148148148
Punjab,Mira-Bhayandar,638541.98,15,42569.46533333333
Punjab,Miryalaguda,1350971.29,26,51960.434230769235
Punjab,Mirzapur,414472.81,10,41447.281
Punjab,Moradabad,1080595.1099999999,19,56873.426842105255
Punjab,Morbi,941323.59,12,78443.63249999999
Punjab,Mumbai,947373.7999999999,18,52631.87777777777
Punjab,Munger,2104260.03,32,65758.1259375
Punjab,Muzaffarnagar,91006.73000000001,9,10111.85888888889
Punjab,Muzaffarpur,2959581.04,57,51922.47438596491
Punjab,Mysore,496634.63,22,22574.301363636365
Punjab,Nadiad,567572.16,13,43659.39692307693
Punjab,Nagercoil,564225.79,10,56422.579000000005
Punjab,Nagpur,236302.34,15,15753.489333333333
Punjab,Naihati,1126336.56,36,31287.126666666667
Punjab,Nanded,213373.66000000003,6,35562.27666666667
Punjab,Nandyal,1775769.06,40,44394.226500000004
Punjab,Nangloi Jat,1252964.03,29,43205.65620689655
Punjab,Narasaraopet,678065.61,22,30821.16409090909
Punjab,Navi Mumbai,734197.02,10,73419.702
Punjab,Nellore,642995.88,18,35721.99333333333
Punjab,New Delhi,500524.7,11,45502.24545454545
Punjab,Nizamabad,3362554.21,43,78198.93511627907
Punjab,Ongole,1268890.2,26,48803.46923076923
Punjab,Orai,1696751.23,45,37705.58288888889
Punjab,Pali,995438.89,13,76572.22230769231
Punjab,Pallavaram,765049.63,9,85005.51444444444
Punjab,Panchkula,1440965.95,13,110843.53461538462
Punjab,Panihati,971224.43,25,38848.9772
Punjab,Panipat,2940406.56,56,52507.26
Punjab,Panvel,795115.7,18,44173.09444444444
Punjab,Parbhani,1268830.1099999999,24,52867.92124999999
Punjab,Patiala,2084715.74,21,99272.1780952381
Punjab,Patna,729562.21,10,72956.22099999999
Punjab,Phusro,1158919.82,16,72432.48875
Punjab,Pimpri-Chinchwad,1320399.6199999999,24,55016.650833333326
Punjab,Pondicherry,358347.87,8,44793.48375
Punjab,Pudukkottai,584303.83,13,44946.44846153846
Punjab,Raebareli,485420.63999999996,14,34672.90285714286
Punjab,Raichur,1750886.74,21,83375.55904761904
Punjab,Raiganj,823244.89,16,51452.805625
Punjab,Raipur,492164.74000000005,9,54684.97111111112
Punjab,Rajpur Sonarpur,2089428.87,36,58039.690833333334
Punjab,Ramagundam,1759674.1099999999,39,45119.848974358974
Punjab,Ranchi,1759064.51,30,58635.48366666667
Punjab,Ratlam,758406.21,12,63200.517499999994
Punjab,Raurkela Industrial Township,1275520.74,25,51020.8296
Punjab,Rewa,1414567.88,17,83209.87529411764
Punjab,Rourkela,1803424.85,42,42938.686904761904
Punjab,Sagar,389783.83,14,27841.702142857142
Punjab,Saharanpur,736417.79,10,73641.77900000001
Punjab,Salem,322722.53,10,32272.253000000004
Punjab,Sambalpur,1357770.15,29,46819.660344827586
Punjab,Sambhal,426106.02,8,53263.2525
Punjab,Sangli-Miraj & Kupwad,1874523.15,33,56803.73181818181
Punjab,Sasaram,881852.19,14,62989.44214285714
Punjab,Satara,980418.17,29,33807.52310344828
Punjab,Satna,358409.81,9,39823.31222222222
Punjab,Secunderabad,1248158.47,29,43039.94724137931
Punjab,Serampore,950695.08,27,35210.928888888884
Punjab,Shahjahanpur,1038203.14,32,32443.848125
Punjab,Shimla,1260172.03,28,45006.14392857143
Punjab,Shivpuri,2600691.8600000003,45,57793.15244444445
Punjab,Sikar,1722544.05,25,68901.762
Punjab,Silchar,840712.64,11,76428.42181818181
Punjab,Siliguri,3418332.28,55,62151.496
Punjab,Singrauli,773339.51,21,36825.69095238095
Punjab,Sirsa,383678.71,21,18270.41476190476
Punjab,Siwan,452608.57,11,41146.233636363635
Punjab,Solapur,567592.57,18,31532.920555555553
Punjab,Sonipat,1107145.6,20,55357.280000000006
Punjab,Srikakulam,1418921.44,36,39414.484444444446
Punjab,Srinagar,992440.0499999999,24,41351.66875
Punjab,Sultan Pur Majra,853433.27,10,85343.327
Punjab,Surat,1612939.92,24,67205.83
Punjab,Surendranagar Dudhrej,2532251.66,53,47778.33320754717
Punjab,Suryapet,1858518.74,22,84478.12454545454
Punjab,Tadepalligudem,1216642.29,26,46793.934230769235
Punjab,Tenali,869958.68,16,54372.4175
Punjab,Tezpur,1009837.14,15,67322.476
Punjab,Thane,1411703.1400000001,26,54296.274615384624
Punjab,Thanjavur,2187258.67,38,57559.43868421052
Punjab,Thiruvananthapuram,3715720.0,84,44234.76190476191
Punjab,Thoothukudi,945586.99,20,47279.3495
Punjab,Thrissur,2008081.13,37,54272.46297297297
Punjab,Tinsukia,379895.77,8,47486.97125
Punjab,Tiruchirappalli,2753992.85,38,72473.49605263158
Punjab,Tirunelveli,766859.33,22,34857.24227272727
Punjab,Tirupati,208769.26,6,34794.87666666667
Punjab,Tiruppur,1306962.86,24,54456.785833333335
Punjab,Tumkur,3409421.35,39,87421.06025641026
Punjab,Udaipur,1615698.17,13,124284.4746153846
Punjab,Udupi,875493.79,25,35019.7516
Punjab,Ujjain,927032.65,11,84275.69545454545
Punjab,Ulhasnagar,1479354.1700000002,18,82186.34277777778
Punjab,Uluberia,1193922.8,21,56853.46666666667
Punjab,Unnao,1245201.8,23,54139.208695652174
Punjab,Vadodara,713807.02,23,31035.087826086958
Punjab,Varanasi,285937.01999999996,7,40848.14571428571
Punjab,Vasai-Virar,226976.87,9,25219.652222222223
Punjab,Vellore,317592.03,9,35288.003333333334
Punjab,Vijayanagaram,1981793.28,38,52152.454736842104
Punjab,Visakhapatnam,318874.66000000003,7,45553.52285714286
Punjab,Warangal,633185.3200000001,23,27529.796521739132
Punjab,Yamunanagar,2355324.67,27,87234.24703703703
Rajasthan,Adoni,3355966.1999999997,55,61017.56727272727
Rajasthan,Agartala,3088145.19,64,48252.26859375
Rajasthan,Agra,1233497.75,41,30085.310975609755
Rajasthan,Ahmedabad,2193425.04,38,57721.71157894737
Rajasthan,Ahmednagar,3163369.87,65,48667.22876923077
Rajasthan,Aizawl,4523594.45,85,53218.75823529412
Rajasthan,Ajmer,3870205.13,61,63445.98573770492
Rajasthan,Akola,1733410.9,33,52527.60303030303
Rajasthan,Alappuzha,2182748.33,56,38977.64875
Rajasthan,Aligarh,591761.26,32,18492.539375
Rajasthan,Allahabad,2390231.62,61,39184.12491803279
Rajasthan,Alwar,1018415.9500000001,23,44278.95434782609
Rajasthan,Ambala,2781486.7,63,44150.582539682546
Rajasthan,Ambarnath,2785964.81,51,54626.76098039216
Rajasthan,Ambattur,804930.61,18,44718.36722222222
Rajasthan,Amravati,2257411.92,61,37006.75278688524
Rajasthan,Amritsar,4605129.49,53,86889.23566037737
Rajasthan,Amroha,1000892.4299999999,28,35746.158214285715
Rajasthan,Anand,471563.09,9,52395.89888888889
Rajasthan,Anantapur,2415041.0,45,53667.57777777778
Rajasthan,Anantapuram,2391830.9699999997,40,59795.774249999995
Rajasthan,Arrah,689738.96,20,34486.948
Rajasthan,Asansol,2952351.3200000003,69,42787.70028985508
Rajasthan,Aurangabad,3182320.31,53,60043.77943396226
Rajasthan,Avadi,1501450.75,33,45498.507575757576
Rajasthan,Bahraich,2023516.03,20,101175.8015
Rajasthan,Ballia,4647027.19,84,55321.75226190477
Rajasthan,Bally,4902420.25,91,53872.75
Rajasthan,Bangalore,2947752.12,48,61411.5025
Rajasthan,Baranagar,614358.36,17,36138.727058823526
Rajasthan,Barasat,4646001.149999999,86,54023.269186046506
Rajasthan,Bardhaman,1911340.42,49,39006.947346938774
Rajasthan,Bareilly,3201197.39,60,53353.289833333336
Rajasthan,Bathinda,587505.2000000001,23,25543.70434782609
Rajasthan,Begusarai,1275846.8,37,34482.34594594595
Rajasthan,Bellary,246455.55,7,35207.93571428571
Rajasthan,Berhampore,1783421.5,30,59447.38333333333
Rajasthan,Berhampur,3541664.9,64,55338.5140625
Rajasthan,Bettiah,1533793.8,22,69717.90000000001
Rajasthan,Bhagalpur,3648145.44,64,57002.2725
Rajasthan,Bhalswa Jahangir Pur,4241973.38,71,59746.10394366197
Rajasthan,Bharatpur,2018153.71,48,42044.86895833333
Rajasthan,Bhatpara,3872099.34,59,65628.80237288136
Rajasthan,Bhavnagar,1169919.4000000001,17,68818.78823529412
Rajasthan,Bhilai,4175074.3,74,56419.92297297297
Rajasthan,Bhilwara,4830926.16,75,64412.3488
Rajasthan,Bhimavaram,1765309.03,36,49036.36194444445
Rajasthan,Bhind,1764968.24,38,46446.53263157895
Rajasthan,Bhiwandi,3069180.95,43,71376.3011627907
Rajasthan,Bhiwani,2250533.35,42,53584.127380952385
Rajasthan,Bhopal,1847677.8499999999,23,80333.81956521739
Rajasthan,Bhubaneswar,457221.04,16,28576.315
Rajasthan,Bhusawal,4791810.12,68,70467.79588235295
Rajasthan,Bidar,2331030.15,30,77701.00499999999
Rajasthan,Bidhannagar,2164579.9699999997,50,43291.59939999999
Rajasthan,Bijapur,5427785.07,89,60986.3491011236
Rajasthan,Bikaner,324731.77,10,32473.177000000003
Rajasthan,Bilaspur,1758991.58,36,48860.877222222225
Rajasthan,Bokaro,804083.88,34,23649.52588235294
Rajasthan,Bongaigaon,2370829.89,36,65856.38583333333
Rajasthan,Bulandshahr,2314564.59,47,49246.05510638298
Rajasthan,Burhanpur,1714323.01,51,33614.176666666666
Rajasthan,Buxar,4556139.19,75,60748.52253333334
Rajasthan,Chandigarh,885528.37,20,44276.4185
Rajasthan,Chandrapur,2645489.68,50,52909.793600000005
Rajasthan,Chapra,3398292.9,73,46551.957534246576
Rajasthan,Chennai,3526249.77,61,57807.37327868852
Rajasthan,Chinsurah,1167241.64,28,41687.201428571425
Rajasthan,Chittoor,2495227.39,57,43775.91912280702
Rajasthan,Coimbatore,1163578.53,22,52889.93318181818
Rajasthan,Cuttack,1636929.01,43,38068.11651162791
Rajasthan,Danapur,1457709.3900000001,25,58308.37560000001
Rajasthan,Darbhanga,2669841.12,52,51343.098461538466
Rajasthan,Davanagere,563772.38,13,43367.10615384615
Rajasthan,Dehradun,1953806.71,37,52805.586756756755
Rajasthan,Dehri,1791561.63,47,38118.33255319149
Rajasthan,Delhi,1238517.35,35,35386.21
Rajasthan,Deoghar,3598606.84,50,71972.1368
Rajasthan,Dewas,596311.83,21,28395.801428571427
Rajasthan,Dhanbad,496745.74,26,19105.605384615385
Rajasthan,Dharmavaram,991643.03,27,36727.51962962963
Rajasthan,Dhule,2545632.91,51,49914.37078431373
Rajasthan,Dibrugarh,3126912.17,57,54858.108245614036
Rajasthan,Dindigul,1778628.47,23,77331.67260869565
Rajasthan,Durg,1880810.28,43,43739.77395348837
Rajasthan,Durgapur,2572376.72,55,46770.48581818182
Rajasthan,Eluru,1503499.38,24,62645.807499999995
Rajasthan,Erode,3709817.73,71,52250.953943661974
Rajasthan,Etawah,2995167.4499999997,68,44046.58014705882
Rajasthan,Faridabad,2779455.72,38,73143.57157894738
Rajasthan,Farrukhabad,1452423.7899999998,27,53793.4737037037
Rajasthan,Fatehpur,2017107.9400000002,32,63034.623125000006
Rajasthan,Firozabad,2738890.68,25,109555.6272
Rajasthan,Gandhidham,3484212.71,47,74132.18531914894
Rajasthan,Gandhinagar,1579533.6500000001,27,58501.2462962963
Rajasthan,Gangtok,2291022.99,37,61919.54027027028
Rajasthan,Gaya,2681145.66,43,62352.2246511628
Rajasthan,Ghaziabad,2047549.22,45,45501.09377777778
Rajasthan,Giridih,3310096.12,49,67552.98204081634
Rajasthan,Gopalpur,5157975.87,83,62144.28759036145
Rajasthan,Gorakhpur,2375011.22,39,60897.7235897436
Rajasthan,Gudivada,1788048.53,51,35059.775098039216
Rajasthan,Gulbarga,1357470.87,26,52210.41807692308
Rajasthan,Guna,3400674.15,72,47231.58541666667
Rajasthan,Guntakal,1397842.93,42,33281.97452380952
Rajasthan,Guntur,466129.72000000003,11,42375.42909090909
Rajasthan,Gurgaon,4223769.5600000005,71,59489.71211267606
Rajasthan,Guwahati,1617715.45,44,36766.26022727272
Rajasthan,Gwalior,1798300.8800000001,38,47323.707368421055
Rajasthan,Hajipur,4407408.19,65,67806.27984615385
Rajasthan,Haldia,1417971.43,36,39388.09527777778
Rajasthan,Hapur,1258263.8599999999,34,37007.76058823529
Rajasthan,Haridwar,2800770.43,55,50923.09872727273
Rajasthan,Hazaribagh,1060510.96,33,32136.695757575755
Rajasthan,Hindupur,1301539.9000000001,33,39440.603030303035
Rajasthan,Hospet,1879074.25,39,48181.39102564102
Rajasthan,Hosur,5741860.82,95,60440.64021052632
Rajasthan,Howrah,2519656.38,52,48454.930384615385
Rajasthan,Hubli–Dharwad,2484412.43,47,52859.838936170214
Rajasthan,Hyderabad,3060140.64,66,46365.76727272727
Rajasthan,Ichalkaranji,975056.1799999999,29,33622.62689655172
Rajasthan,Imphal,3248113.5,60,54135.225
Rajasthan,Indore,2244074.8,49,45797.44489795918
Rajasthan,Jabalpur,2103604.72,57,36905.34596491228
Rajasthan,Jaipur,1607617.28,38,42305.717894736845
Rajasthan,Jalandhar,746015.7799999999,6,124335.96333333332
Rajasthan,Jalgaon,1725896.47,28,61639.15964285714
Rajasthan,Jalna,2364499.05,48,49260.396875
Rajasthan,Jamalpur,577259.9,26,22202.303846153845
Rajasthan,Jammu,4152789.8,77,53932.33506493506
Rajasthan,Jamnagar,2053420.45,41,50083.425609756094
Rajasthan,Jamshedpur,1044584.61,30,34819.487
Rajasthan,Jaunpur,2072884.05,42,49354.38214285715
Rajasthan,Jehanabad,3277789.16,65,50427.52553846154
Rajasthan,Jhansi,1726154.81,43,40143.135116279074
Rajasthan,Jodhpur,623139.9900000001,6,103856.66500000002
Rajasthan,Jorhat,2555138.94,41,62320.46195121951
Rajasthan,Junagadh,1494613.3499999999,12,124551.11249999999
Rajasthan,Kadapa,2765347.64,45,61452.16977777778
Rajasthan,Kakinada,3255357.44,69,47179.09333333333
Rajasthan,Kalyan-Dombivli,2087821.78,34,61406.522941176474
Rajasthan,Kamarhati,4213099.91,80,52663.748875000005
Rajasthan,Kanpur,1519462.25,24,63310.927083333336
Rajasthan,Karaikudi,450360.64999999997,14,32168.617857142854
Rajasthan,Karawal Nagar,1560522.7,35,44586.362857142856
Rajasthan,Karimnagar,1997379.2999999998,34,58746.45
Rajasthan,Karnal,2766150.9899999998,54,51225.018333333326
Rajasthan,Katihar,1919384.35,59,32531.938135593224
Rajasthan,Katni,1922347.28,49,39231.577142857146
Rajasthan,Kavali,1309403.55,25,52376.142
Rajasthan,Khammam,827768.52,25,33110.7408
Rajasthan,Khandwa,5133081.66,67,76613.15910447761
Rajasthan,Kharagpur,2207836.77,49,45057.89326530612
Rajasthan,Khora ,2960690.06,42,70492.62047619048
Rajasthan,Kirari Suleman Nagar,4512762.44,80,56409.53050000001
Rajasthan,Kishanganj,1220229.25,55,22185.986363636363
Rajasthan,Kochi,1784707.77,57,31310.662631578947
Rajasthan,Kolhapur,2402616.81,31,77503.76806451613
Rajasthan,Kolkata,1013820.02,33,30721.818787878787
Rajasthan,Kollam,2203649.7199999997,37,59558.10054054053
Rajasthan,Korba,2473489.25,57,43394.54824561404
Rajasthan,Kota,1703433.6800000002,32,53232.302500000005
Rajasthan,Kottayam,3005942.34,61,49277.743278688526
Rajasthan,Kozhikode,1221456.71,27,45239.137407407405
Rajasthan,Kulti,1153002.92,39,29564.177435897433
Rajasthan,Kumbakonam,3049714.84,43,70923.60093023255
Rajasthan,Kurnool,2018104.82,36,56058.46722222222
Rajasthan,Latur,651882.25,9,72431.36111111111
Rajasthan,Loni,3199446.54,60,53324.109000000004
Rajasthan,Lucknow,6114613.37,90,67940.14855555556
Rajasthan,Ludhiana,2402050.23,44,54592.05068181818
Rajasthan,Machilipatnam,1050199.85,33,31824.23787878788
Rajasthan,Madanapalle,2376648.28,57,41695.583859649116
Rajasthan,Madhyamgram,701671.1900000001,35,20047.748285714286
Rajasthan,Madurai,583161.05,10,58316.105
Rajasthan,Mahbubnagar,2095373.17,44,47622.1175
Rajasthan,Maheshtala,2782831.07,46,60496.32760869565
Rajasthan,Malda,2443515.9,45,54300.35333333333
Rajasthan,Mangalore,4721864.109999999,91,51888.61659340659
Rajasthan,Mango,2269953.76,49,46325.58693877551
Rajasthan,Mathura,4567703.8,72,63440.330555555556
Rajasthan,Mau,1577873.96,29,54409.44689655172
Rajasthan,Medininagar,2846760.2800000003,62,45915.488387096775
Rajasthan,Meerut,6369765.49,82,77680.06695121952
Rajasthan,Mehsana,1436050.92,25,57442.036799999994
Rajasthan,Mira-Bhayandar,3078966.04,37,83215.29837837839
Rajasthan,Miryalaguda,3459594.86,58,59648.18724137931
Rajasthan,Mirzapur,2061792.83,50,41235.8566
Rajasthan,Moradabad,3397919.07,78,43563.064999999995
Rajasthan,Morbi,3160837.27,62,50981.24629032258
Rajasthan,Morena,798558.98,13,61427.61384615384
Rajasthan,Motihari,1014372.6799999999,16,63398.292499999996
Rajasthan,Mumbai,2221405.97,37,60037.99918918919
Rajasthan,Munger,3694706.73,59,62622.14796610169
Rajasthan,Muzaffarnagar,1623383.4,24,67640.97499999999
Rajasthan,Muzaffarpur,2263174.56,35,64662.13028571429
Rajasthan,Mysore,2035281.8,63,32306.060317460317
Rajasthan,Nadiad,3049930.81,61,49998.86573770492
Rajasthan,Nagaon,54515.71,7,7787.958571428571
Rajasthan,Nagercoil,1029834.02,28,36779.78642857143
Rajasthan,Nagpur,2051542.6800000002,41,50037.626341463416
Rajasthan,Naihati,1860759.33,35,53164.552285714286
Rajasthan,Nanded,6576328.22,99,66427.55777777778
Rajasthan,Nandyal,499552.72,17,29385.454117647056
Rajasthan,Nangloi Jat,1737170.8800000001,46,37764.58434782609
Rajasthan,Narasaraopet,2115228.37,43,49191.35744186047
Rajasthan,Nashik,1502090.1099999999,32,46940.315937499996
Rajasthan,Navi Mumbai,574015.63,32,17937.9884375
Rajasthan,Nellore,1499477.38,45,33321.71955555555
Rajasthan,New Delhi,3176881.02,62,51240.0164516129
Rajasthan,Nizamabad,2278384.36,56,40685.435
Rajasthan,Noida,1558029.98,46,33870.21695652174
Rajasthan,North Dumdum,3543646.86,67,52890.251641791045
Rajasthan,Ongole,1455996.76,31,46967.63741935484
Rajasthan,Orai,600435.51,15,40029.034
Rajasthan,Ozhukarai,239460.65,17,14085.920588235294
Rajasthan,Pali,2450586.1,56,43760.46607142857
Rajasthan,Pallavaram,1665483.5999999999,36,46263.43333333333
Rajasthan,Panchkula,3406453.9699999997,58,58731.965
Rajasthan,Panihati,5436225.75,80,67952.821875
Rajasthan,Panipat,1662702.57,29,57334.57137931035
Rajasthan,Panvel,525993.58,28,18785.484999999997
Rajasthan,Parbhani,473119.43,8,59139.92875
Rajasthan,Patiala,1686916.03,43,39230.60534883721
Rajasthan,Patna,1750305.86,42,41673.94904761905
Rajasthan,Phagwara,1448073.83,42,34477.948333333334
Rajasthan,Phusro,1070766.55,15,71384.43666666668
Rajasthan,Pimpri-Chinchwad,1787088.29,40,44677.20725
Rajasthan,Pondicherry,3312949.37,44,75294.30386363636
Rajasthan,Proddatur,5142858.52,90,57142.87244444444
Rajasthan,Pudukkottai,2364905.3,52,45478.94807692307
Rajasthan,Pune,1815887.05,40,45397.176250000004
Rajasthan,Purnia,1013354.53,35,28952.986571428573
Rajasthan,Raebareli,2861739.03,66,43359.68227272727
Rajasthan,Raichur,2471185.82,44,56163.31409090909
Rajasthan,Raiganj,1375836.3199999998,13,105833.56307692306
Rajasthan,Raipur,3992446.4499999997,77,51849.95389610389
Rajasthan,Rajahmundry,2878911.43,53,54319.08358490566
Rajasthan,Rajkot,2552542.58,48,53177.97041666667
Rajasthan,Rajpur Sonarpur,1823639.68,37,49287.55891891892
Rajasthan,Ramagundam,1465826.3399999999,36,40717.39833333333
Rajasthan,Ramgarh,4544996.24,89,51067.37348314607
Rajasthan,Rampur,1830691.3099999998,39,46940.802820512814
Rajasthan,Ranchi,1168206.47,35,33377.32771428571
Rajasthan,Ratlam,708840.73,20,35442.0365
Rajasthan,Raurkela Industrial Township,3861777.41,84,45973.5405952381
Rajasthan,Rewa,2131402.68,45,47364.504
Rajasthan,Rohtak,2095791.15,34,61640.916176470586
Rajasthan,Rourkela,2910851.2600000002,42,69305.98238095238
Rajasthan,Sagar,3280398.21,62,52909.64854838709
Rajasthan,Saharanpur,2063380.09,55,37516.00163636364
Rajasthan,Saharsa,3026702.18,61,49618.06852459017
Rajasthan,Salem,1975208.83,53,37268.091132075475
Rajasthan,Sambalpur,806964.99,35,23056.142571428572
Rajasthan,Sambhal,1707665.45,31,55085.98225806451
Rajasthan,Sangli-Miraj & Kupwad,3362041.54,52,64654.645000000004
Rajasthan,Sasaram,2519050.42,54,46649.08185185185
Rajasthan,Satara,2386534.71,40,59663.36775
Rajasthan,Satna,2744254.28,47,58388.38893617021
Rajasthan,Secunderabad,2763961.16,63,43872.39936507937
Rajasthan,Serampore,3396864.9699999997,47,72273.72276595744
Rajasthan,Shahjahanpur,2743009.06,41,66902.66
Rajasthan,Shimla,2399724.31,37,64857.413783783784
Rajasthan,Shimoga,3103655.42,33,94050.16424242425
Rajasthan,Shivpuri,2399246.7,46,52157.53695652174
Rajasthan,Sikar,1745989.15,30,58199.63833333333
Rajasthan,Silchar,905786.38,21,43132.68476190476
Rajasthan,Siliguri,2041920.14,26,78535.39
Rajasthan,Singrauli,2212053.21,47,47064.96191489362
Rajasthan,Sirsa,1108358.61,37,29955.638108108113
Rajasthan,Siwan,4853294.0,98,49523.4081632653
Rajasthan,Solapur,2273548.43,51,44579.38098039216
Rajasthan,Sonipat,2579483.28,68,37933.57764705882
Rajasthan,Sri Ganganagar,2654713.51,38,69860.88184210526
Rajasthan,Srikakulam,2486725.7600000002,48,51806.786666666674
Rajasthan,Srinagar,4098738.88,88,46576.57818181818
Rajasthan,Sultan Pur Majra,1670752.01,27,61879.70407407408
Rajasthan,Surat,5994810.42,96,62445.941875
Rajasthan,Surendranagar Dudhrej,639343.9400000001,16,39958.996250000004
Rajasthan,Suryapet,3593581.38,73,49227.14219178082
Rajasthan,Tadepalligudem,1888209.95,42,44957.37976190476
Rajasthan,Tadipatri,2902872.41,44,65974.37295454546
Rajasthan,Tenali,685811.98,24,28575.499166666665
Rajasthan,Tezpur,3011506.24,46,65467.526956521746
Rajasthan,Thane,2104154.02,37,56869.027567567566
Rajasthan,Thanjavur,4618489.87,78,59211.408589743594
Rajasthan,Thiruvananthapuram,2012390.19,40,50309.75475
Rajasthan,Thoothukudi,2253600.5,31,72696.79032258065
Rajasthan,Thrissur,148773.63999999998,8,18596.704999999998
Rajasthan,Tinsukia,428356.33,7,61193.76142857143
Rajasthan,Tiruchirappalli,2268544.87,43,52756.85744186047
Rajasthan,Tirunelveli,2133356.5,43,49612.941860465115
Rajasthan,Tirupati,1362902.3,29,46996.63103448276
Rajasthan,Tiruppur,1146537.8,20,57326.89
Rajasthan,Tiruvottiyur,2466778.04,46,53625.60956521739
Rajasthan,Tumkur,3251823.45,65,50028.05307692308
Rajasthan,Udaipur,2625639.22,67,39188.64507462687
Rajasthan,Udupi,2869438.41,45,63765.298
Rajasthan,Ujjain,4186538.66,75,55820.51546666667
Rajasthan,Ulhasnagar,1205565.44,23,52415.888695652175
Rajasthan,Uluberia,2499498.22,46,54336.91782608696
Rajasthan,Unnao,801599.61,18,44533.31166666667
Rajasthan,Vadodara,589439.92,13,45341.53230769231
Rajasthan,Varanasi,2274660.78,44,51696.83590909091
Rajasthan,Vasai-Virar,4190095.17,51,82158.72882352941
Rajasthan,Vellore,902753.9099999999,24,37614.74625
Rajasthan,Vijayanagaram,1907563.46,45,42390.29911111111
Rajasthan,Vijayawada,1295360.48,24,53973.35333333333
Rajasthan,Visakhapatnam,301517.16000000003,5,60303.43200000001
Rajasthan,Warangal,2847962.67,41,69462.50414634147
Rajasthan,Yamunanagar,1735852.28,33,52601.584242424244
Tamil Nadu,Adoni,2107741.04,46,45820.45739130435
Tamil Nadu,Agartala,462133.7,9,51348.18888888889
Tamil Nadu,Agra,2616646.27,47,55673.32489361702
Tamil Nadu,Ahmedabad,2678189.05,48,55795.60520833333
Tamil Nadu,Ahmednagar,1679233.38,35,47978.09657142857
Tamil Nadu,Aizawl,4138127.35,55,75238.67909090909
Tamil Nadu,Ajmer,4604629.7,83,55477.46626506024
Tamil Nadu,Alappuzha,5334165.1,93,57356.61397849462
Tamil Nadu,Aligarh,2645269.19,46,57505.851956521736
Tamil Nadu,Allahabad,1624769.4100000001,22,73853.15500000001
Tamil Nadu,Alwar,2333549.79,29,80467.23413793104
Tamil Nadu,Amaravati,2585122.57,47,55002.60787234042
Tamil Nadu,Ambala,4719197.62,86,54874.39093023256
Tamil Nadu,Ambarnath,680136.91,9,75570.76777777779
Tamil Nadu,Ambattur,1689668.01,23,73463.82652173913
Tamil Nadu,Amravati,3745402.78,68,55079.45264705882
Tamil Nadu,Amritsar,2906870.51,64,45419.85171875
Tamil Nadu,Amroha,3382920.05,74,45715.13581081081
Tamil Nadu,Anand,1705893.3900000001,45,37908.742000000006
Tamil Nadu,Anantapur,2056438.47,38,54116.80184210526
Tamil Nadu,Anantapuram,4889606.57,72,67911.20236111112
Tamil Nadu,Arrah,1784076.5,47,37959.074468085106
Tamil Nadu,Asansol,1082292.92,25,43291.716799999995
Tamil Nadu,Aurangabad,3723014.95,93,40032.4188172043
Tamil Nadu,Avadi,2752467.43,51,53969.94960784314
Tamil Nadu,Bahraich,4329174.46,61,70970.0731147541
Tamil Nadu,Ballia,1986329.53,37,53684.581891891896
Tamil Nadu,Bally,3445603.7399999998,75,45941.3832
Tamil Nadu,Bangalore,3368390.9,73,46142.34109589041
Tamil Nadu,Baranagar,3291802.69,45,73151.17088888888
Tamil Nadu,Barasat,2306892.08,28,82389.00285714286
Tamil Nadu,Bardhaman,2542622.41,52,48896.584807692314
Tamil Nadu,Bareilly,2917379.0500000003,60,48622.98416666667
Tamil Nadu,Bathinda,1944755.54,29,67060.53586206897
Tamil Nadu,Begusarai,1961137.18,47,41726.3229787234
Tamil Nadu,Belgaum,2636835.17,50,52736.7034
Tamil Nadu,Bellary,2363070.64,55,42964.92072727273
Tamil Nadu,Berhampore,4003043.2,74,54095.17837837838
Tamil Nadu,Berhampur,3256382.0,42,77532.90476190476
Tamil Nadu,Bettiah,3841288.79,82,46844.98524390244
Tamil Nadu,Bhagalpur,1501693.5,28,53631.91071428572
Tamil Nadu,Bhalswa Jahangir Pur,3546318.05,57,62216.10614035087
Tamil Nadu,Bharatpur,5156236.61,73,70633.37821917809
Tamil Nadu,Bhatpara,2504168.45,39,64209.44743589744
Tamil Nadu,Bhavnagar,2750445.75,50,55008.915
Tamil Nadu,Bhilai,2049800.41,41,49995.13195121951
Tamil Nadu,Bhilwara,425771.78,17,25045.398823529413
Tamil Nadu,Bhimavaram,3637059.63,60,60617.6605
Tamil Nadu,Bhind,2103337.67,31,67849.60225806451
Tamil Nadu,Bhiwandi,1279900.1199999999,28,45710.718571428566
Tamil Nadu,Bhiwani,2561602.45,46,55687.0097826087
Tamil Nadu,Bhopal,816731.17,20,40836.5585
Tamil Nadu,Bhubaneswar,4780668.79,83,57598.41915662651
Tamil Nadu,Bhusawal,2370801.4,47,50442.5829787234
Tamil Nadu,Bidar,1640286.38,34,48243.717058823524
Tamil Nadu,Bidhannagar,1017175.73,20,50858.7865
Tamil Nadu,Bihar Sharif,2903248.85,48,60484.35104166667
Tamil Nadu,Bijapur,3267890.95,43,75997.46395348838
Tamil Nadu,Bikaner,4000372.44,57,70181.97263157894
Tamil Nadu,Bilaspur,2965338.47,58,51126.52534482759
Tamil Nadu,Bokaro,3831373.77,46,83290.73413043478
Tamil Nadu,Bongaigaon,2136686.57,41,52114.30658536585
Tamil Nadu,Bulandshahr,3481414.9099999997,82,42456.2793902439
Tamil Nadu,Burhanpur,1953137.99,40,48828.44975
Tamil Nadu,Buxar,2595103.84,32,81096.995
Tamil Nadu,Chandigarh,781133.66,19,41112.29789473685
Tamil Nadu,Chandrapur,5777510.81,117,49380.43427350427
Tamil Nadu,Chapra,2871937.42,74,38809.965135135135
Tamil Nadu,Chennai,2688732.38,51,52720.24274509804
Tamil Nadu,Chinsurah,1017315.8700000001,25,40692.63480000001
Tamil Nadu,Chittoor,2114835.16,73,28970.34465753425
Tamil Nadu,Coimbatore,2069643.58,39,53067.7841025641
Tamil Nadu,Cuttack,3008572.52,64,47008.945625
Tamil Nadu,Danapur,1699670.75,39,43581.30128205128
Tamil Nadu,Darbhanga,2445516.27,46,53163.39717391304
Tamil Nadu,Davanagere,2302754.38,62,37141.199677419354
Tamil Nadu,Dehradun,3012977.7399999998,52,57941.87961538461
Tamil Nadu,Dehri,2389793.22,46,51952.026521739135
Tamil Nadu,Delhi,929394.23,22,42245.19227272727
Tamil Nadu,Deoghar,1989658.3800000001,49,40605.27306122449
Tamil Nadu,Dewas,1015715.28,31,32765.009032258065
Tamil Nadu,Dhanbad,308078.47,11,28007.133636363633
Tamil Nadu,Dharmavaram,4142613.32,64,64728.333125
Tamil Nadu,Dhule,2406014.56,29,82966.01931034483
Tamil Nadu,Dibrugarh,859902.35,30,28663.411666666667
Tamil Nadu,Dindigul,937458.35,24,39060.76458333333
Tamil Nadu,Durg,1494083.86,45,33201.86355555556
Tamil Nadu,Durgapur,1880343.97,35,53724.11342857143
Tamil Nadu,Eluru,3082849.93,49,62915.30469387755
Tamil Nadu,Erode,2458891.53,44,55883.89840909091
Tamil Nadu,Etawah,2609956.36,49,53264.41551020408
Tamil Nadu,Faridabad,2201754.76,41,53701.33560975609
Tamil Nadu,Farrukhabad,3330284.89,66,50458.86196969697
Tamil Nadu,Fatehpur,2057703.01,33,62354.636666666665
Tamil Nadu,Firozabad,3479754.11,64,54371.15796875
Tamil Nadu,Gandhidham,2775686.27,38,73044.3755263158
Tamil Nadu,Gandhinagar,1180702.64,12,98391.88666666666
Tamil Nadu,Gangtok,3588504.58,83,43234.99493975904
Tamil Nadu,Gaya,1640770.14,33,49720.30727272727
Tamil Nadu,Ghaziabad,8233592.24,163,50512.83582822086
Tamil Nadu,Giridih,3058510.5,54,56639.083333333336
Tamil Nadu,Gopalpur,746347.55,19,39281.450000000004
Tamil Nadu,Gorakhpur,1449697.1199999999,23,63030.30956521739
Tamil Nadu,Gudivada,1603789.09,39,41122.797179487185
Tamil Nadu,Gulbarga,3405797.79,81,42046.886296296296
Tamil Nadu,Guna,5103497.55,89,57342.669101123596
Tamil Nadu,Guntakal,3914066.89,68,57559.80720588235
Tamil Nadu,Guntur,2750872.02,39,70535.18000000001
Tamil Nadu,Gurgaon,6150251.75,95,64739.492105263154
Tamil Nadu,Guwahati,924747.67,11,84067.97
Tamil Nadu,Gwalior,3736050.94,47,79490.4455319149
Tamil Nadu,Hajipur,2557563.31,52,49183.90980769231
Tamil Nadu,Haldia,6372784.25,96,66383.16927083333
Tamil Nadu,Hapur,6944194.26,106,65511.26660377358
Tamil Nadu,Haridwar,1854149.25,43,43119.75
Tamil Nadu,Hazaribagh,2415602.8,52,46453.899999999994
Tamil Nadu,Hindupur,1966792.17,35,56194.062
Tamil Nadu,Hospet,4969244.32,102,48718.08156862745
Tamil Nadu,Hosur,3059594.93,66,46357.49893939394
Tamil Nadu,Howrah,3972542.81,65,61116.04323076923
Tamil Nadu,Hubli–Dharwad,1671386.66,45,37141.925777777775
Tamil Nadu,Hyderabad,3717999.48,78,47666.659999999996
Tamil Nadu,Ichalkaranji,2031095.18,51,39825.39568627451
Tamil Nadu,Imphal,2789678.93,40,69741.97325000001
Tamil Nadu,Indore,2218492.16,60,36974.869333333336
Tamil Nadu,Jabalpur,4304776.9799999995,59,72962.32169491524
Tamil Nadu,Jaipur,2096998.51,32,65531.2034375
Tamil Nadu,Jalandhar,5569160.01,95,58622.736947368416
Tamil Nadu,Jalgaon,3680137.54,65,56617.50061538462
Tamil Nadu,Jalna,1606984.51,35,45913.84314285714
Tamil Nadu,Jamalpur,351159.74,9,39017.74888888889
Tamil Nadu,Jammu,4493150.49,72,62404.86791666667
Tamil Nadu,Jamnagar,148419.83,16,9276.239375
Tamil Nadu,Jamshedpur,3561285.0,42,84792.5
Tamil Nadu,Jaunpur,1811069.3399999999,33,54880.889090909084
Tamil Nadu,Jehanabad,1775279.03,34,52214.08911764706
Tamil Nadu,Jhansi,4808743.7,81,59367.206172839506
Tamil Nadu,Jodhpur,3291883.8,49,67181.30204081633
Tamil Nadu,Jorhat,2838384.88,62,45780.40129032258
Tamil Nadu,Junagadh,1456291.6199999999,37,39359.23297297297
Tamil Nadu,Kadapa,2701356.26,32,84417.383125
Tamil Nadu,Kakinada,809060.75,24,33710.864583333336
Tamil Nadu,Kalyan-Dombivli,2180555.88,42,51917.99714285714
Tamil Nadu,Kamarhati,3375594.93,73,46241.026438356166
Tamil Nadu,Kanpur,2219255.39,38,58401.45763157895
Tamil Nadu,Karaikudi,2110014.23,38,55526.69026315789
Tamil Nadu,Karawal Nagar,4067941.7600000002,75,54239.22346666667
Tamil Nadu,Karimnagar,911439.6000000001,21,43401.885714285716
Tamil Nadu,Karnal,6068400.3,90,67426.67
Tamil Nadu,Katihar,2024667.61,51,39699.364901960784
Tamil Nadu,Katni,3656348.33,63,58037.27507936508
Tamil Nadu,Kavali,3321927.5700000003,65,51106.578
Tamil Nadu,Khammam,2715254.65,62,43794.42983870968
Tamil Nadu,Khandwa,4166345.58,88,47344.836136363636
Tamil Nadu,Kharagpur,2849992.17,66,43181.69954545455
Tamil Nadu,Khora ,1718553.68,28,61376.91714285714
Tamil Nadu,Kirari Suleman Nagar,992116.79,23,43135.51260869565
Tamil Nadu,Kishanganj,1616921.64,22,73496.43818181817
Tamil Nadu,Kochi,2364943.49,43,54998.685813953496
Tamil Nadu,Kolhapur,2764977.94,58,47672.03344827586
Tamil Nadu,Kolkata,2495088.24,51,48923.29882352942
Tamil Nadu,Kollam,2056095.65,33,62305.92878787879
Tamil Nadu,Korba,2508072.08,45,55734.93511111111
Tamil Nadu,Kota,2376841.71,60,39614.0285
Tamil Nadu,Kottayam,1522122.41,28,54361.51464285714
Tamil Nadu,Kozhikode,1534188.06,45,34093.068
Tamil Nadu,Kulti,839881.68,28,29995.774285714288
Tamil Nadu,Kumbakonam,1206088.35,18,67004.90833333334
Tamil Nadu,Kurnool,3031709.41,86,35252.435000000005
Tamil Nadu,Latur,3067465.22,64,47929.1440625
Tamil Nadu,Loni,2250312.26,41,54885.664878048774
Tamil Nadu,Lucknow,3690276.12,60,61504.602
Tamil Nadu,Ludhiana,3644193.16,70,52059.902285714285
Tamil Nadu,Machilipatnam,2200557.08,45,48901.268444444446
Tamil Nadu,Madanapalle,2210981.95,47,47042.16914893618
Tamil Nadu,Madhyamgram,2159775.23,46,46951.635434782605
Tamil Nadu,Madurai,1273117.86,42,30312.33
Tamil Nadu,Mahbubnagar,694775.39,17,40869.14058823529
Tamil Nadu,Maheshtala,4165785.83,74,56294.40310810811
Tamil Nadu,Malda,3542915.85,61,58080.587704918034
Tamil Nadu,Malegaon,3158367.71,57,55409.9598245614
Tamil Nadu,Mangalore,2040987.39,43,47464.82302325581
Tamil Nadu,Mango,1646079.99,42,39192.38071428571
Tamil Nadu,Mathura,2454602.88,50,49092.0576
Tamil Nadu,Mau,1802271.48,42,42911.22571428571
Tamil Nadu,Medininagar,2387807.75,45,53062.39444444444
Tamil Nadu,Meerut,3356901.39,65,51644.63676923077
Tamil Nadu,Mehsana,3723735.5300000003,62,60060.25048387097
Tamil Nadu,Mira-Bhayandar,634817.48,19,33411.44631578947
Tamil Nadu,Miryalaguda,4538332.32,80,56729.154
Tamil Nadu,Mirzapur,3479482.82,63,55229.88603174603
Tamil Nadu,Moradabad,1825668.56,30,60855.61866666667
Tamil Nadu,Morbi,2692188.9699999997,58,46417.05120689655
Tamil Nadu,Morena,3382665.86,73,46337.888493150684
Tamil Nadu,Motihari,2490189.6,49,50820.195918367346
Tamil Nadu,Mumbai,3622576.11,50,72451.52219999999
Tamil Nadu,Munger,1032474.6900000001,35,29499.27685714286
Tamil Nadu,Muzaffarnagar,753204.25,17,44306.132352941175
Tamil Nadu,Muzaffarpur,2673121.59,46,58111.33891304347
Tamil Nadu,Mysore,2577775.16,57,45224.12561403509
Tamil Nadu,Nadiad,2031476.99,19,106919.84157894737
Tamil Nadu,Nagaon,1848588.08,48,38512.25166666667
Tamil Nadu,Nagercoil,3248200.71,88,36911.371704545454
Tamil Nadu,Nagpur,2380453.1,57,41762.3350877193
Tamil Nadu,Naihati,1662685.6099999999,28,59381.62892857142
Tamil Nadu,Nanded,2976223.13,58,51314.191896551725
Tamil Nadu,Nandyal,3184621.2600000002,53,60087.19358490567
Tamil Nadu,Nangloi Jat,952776.42,24,39699.0175
Tamil Nadu,Narasaraopet,4064345.49,69,58903.55782608696
Tamil Nadu,Nashik,3461475.3899999997,45,76921.67533333333
Tamil Nadu,Navi Mumbai,2306150.07,32,72067.1896875
Tamil Nadu,Nellore,1212318.99,32,37884.9684375
Tamil Nadu,Nizamabad,897100.9199999999,36,24919.469999999998
Tamil Nadu,Noida,1658387.69,55,30152.503454545455
Tamil Nadu,North Dumdum,3217194.7600000002,53,60701.787924528304
Tamil Nadu,Ongole,3549328.15,71,49990.53732394366
Tamil Nadu,Orai,1430329.67,23,62188.24652173913
Tamil Nadu,Ozhukarai,1540816.42,42,36686.10523809524
Tamil Nadu,Pali,3210532.3,59,54415.80169491525
Tamil Nadu,Pallavaram,2082519.74,31,67178.05612903225
Tamil Nadu,Panchkula,1900549.72,38,50014.466315789476
Tamil Nadu,Panihati,975079.2699999999,20,48753.9635
Tamil Nadu,Panipat,4409054.78,59,74729.7420338983
Tamil Nadu,Panvel,175201.87,8,21900.23375
Tamil Nadu,Parbhani,1224312.78,39,31392.635384615387
Tamil Nadu,Patiala,1948430.69,25,77937.2276
Tamil Nadu,Patna,2853051.19,54,52834.28129629629
Tamil Nadu,Phagwara,1542981.09,38,40604.765526315794
Tamil Nadu,Phusro,1602773.6199999999,36,44521.48944444444
Tamil Nadu,Pimpri-Chinchwad,2999109.03,49,61206.30673469388
Tamil Nadu,Pondicherry,368526.59,8,46065.82375
Tamil Nadu,Proddatur,737161.4400000001,28,26327.19428571429
Tamil Nadu,Pudukkottai,3278150.0,64,51221.09375
Tamil Nadu,Pune,4218098.85,71,59409.84295774647
Tamil Nadu,Purnia,3097887.61,69,44896.92188405797
Tamil Nadu,Raebareli,2143518.55,37,57932.93378378378
Tamil Nadu,Raichur,4386095.6,81,54149.328395061726
Tamil Nadu,Raiganj,3237143.74,41,78954.72536585366
Tamil Nadu,Raipur,6157554.19,91,67665.43065934067
Tamil Nadu,Rajahmundry,1588144.13,20,79407.2065
Tamil Nadu,Rajkot,3111404.61,39,79779.60538461538
Tamil Nadu,Rajpur Sonarpur,3634678.61,80,45433.482625
Tamil Nadu,Ramagundam,720620.67,35,20589.162
Tamil Nadu,Ramgarh,2501787.1,65,38489.03230769231
Tamil Nadu,Rampur,3227115.67,64,50423.68234375
Tamil Nadu,Ranchi,108406.54000000001,8,13550.817500000001
Tamil Nadu,Ratlam,1424673.41,34,41902.159117647054
Tamil Nadu,Raurkela Industrial Township,2407652.3,44,54719.37045454545
Tamil Nadu,Rewa,3529887.17,63,56029.95507936508
Tamil Nadu,Rohtak,2819288.54,70,40275.550571428575
Tamil Nadu,Rourkela,3436527.34,59,58246.22610169491
Tamil Nadu,Sagar,950377.36,19,50019.861052631575
Tamil Nadu,Saharanpur,3426980.82,74,46310.55162162162
Tamil Nadu,Saharsa,3112846.31,58,53669.76396551724
Tamil Nadu,Salem,4803094.67,92,52207.55076086956
Tamil Nadu,Sambalpur,4003669.4299999997,69,58024.194637681154
Tamil Nadu,Sambhal,1170750.45,25,46830.018
Tamil Nadu,Sangli-Miraj & Kupwad,1172661.9,17,68980.11176470587
Tamil Nadu,Sasaram,977535.12,23,42501.52695652174
Tamil Nadu,Satara,3225647.48,62,52026.572258064516
Tamil Nadu,Satna,3111584.06,56,55564.001071428575
Tamil Nadu,Secunderabad,2496187.9,52,48003.61346153846
Tamil Nadu,Serampore,2525525.32,76,33230.59631578947
Tamil Nadu,Shahjahanpur,2076187.69,44,47186.08386363636
Tamil Nadu,Shimla,2318378.3200000003,40,57959.458000000006
Tamil Nadu,Shimoga,990516.83,38,26066.232368421053
Tamil Nadu,Shivpuri,1426956.24,33,43241.09818181818
Tamil Nadu,Sikar,3267712.5,54,60513.194444444445
Tamil Nadu,Silchar,1769038.41,40,44225.96025
Tamil Nadu,Siliguri,1496049.1300000001,31,48259.649354838715
Tamil Nadu,Singrauli,2569014.59,40,64225.36474999999
Tamil Nadu,Sirsa,367041.67,22,16683.712272727273
Tamil Nadu,Siwan,1419186.24,18,78843.68
Tamil Nadu,Solapur,1868195.2,49,38126.43265306122
Tamil Nadu,Sonipat,3163489.75,79,40044.17405063291
Tamil Nadu,South Dumdum,3991280.35,74,53936.22094594595
Tamil Nadu,Sri Ganganagar,5183356.8,70,74047.95428571428
Tamil Nadu,Srikakulam,1400261.3,30,46675.37666666667
Tamil Nadu,Srinagar,2202046.96,40,55051.174
Tamil Nadu,Sultan Pur Majra,6458487.43,79,81753.00544303797
Tamil Nadu,Surat,3888922.05,48,81019.20937499999
Tamil Nadu,Surendranagar Dudhrej,4321061.94,75,57614.1592
Tamil Nadu,Suryapet,222045.51,7,31720.787142857145
Tamil Nadu,Tadepalligudem,2647498.12,70,37821.40171428572
Tamil Nadu,Tadipatri,2316202.41,40,57905.06025
Tamil Nadu,Tenali,4744152.94,80,59301.91175000001
Tamil Nadu,Tezpur,2279219.16,31,73523.19870967742
Tamil Nadu,Thane,3638538.75,76,47875.50986842105
Tamil Nadu,Thanjavur,1654438.81,35,47269.68028571429
Tamil Nadu,Thiruvananthapuram,1990322.68,44,45234.60636363636
Tamil Nadu,Thoothukudi,556173.72,21,26484.462857142855
Tamil Nadu,Thrissur,1720962.32,22,78225.56
Tamil Nadu,Tinsukia,2893768.89,49,59056.50795918368
Tamil Nadu,Tiruchirappalli,7385481.67,112,65941.800625
Tamil Nadu,Tirunelveli,937564.55,28,33484.448214285716
Tamil Nadu,Tirupati,1177875.69,46,25605.993260869564
Tamil Nadu,Tiruppur,2390490.3,38,62907.639473684205
Tamil Nadu,Tiruvottiyur,4256610.91,42,101347.87880952381
Tamil Nadu,Tumkur,3534877.13,78,45318.93756410256
Tamil Nadu,Udaipur,3576429.07,53,67479.7937735849
Tamil Nadu,Udupi,1240370.29,23,53929.14304347826
Tamil Nadu,Ujjain,1420047.79,23,61741.208260869564
Tamil Nadu,Ulhasnagar,2234250.58,70,31917.86542857143
Tamil Nadu,Uluberia,2728834.33,50,54576.6866
Tamil Nadu,Unnao,2005775.76,36,55715.99333333333
Tamil Nadu,Vadodara,935697.96,26,35988.38307692308
Tamil Nadu,Varanasi,3916001.6,89,44000.01797752809
Tamil Nadu,Vasai-Virar,2308317.2600000002,48,48089.942916666674
Tamil Nadu,Vellore,3008647.87,83,36248.76951807229
Tamil Nadu,Vijayanagaram,798510.73,20,39925.5365
Tamil Nadu,Vijayawada,2175414.44,37,58794.98486486486
Tamil Nadu,Visakhapatnam,5656773.8,93,60825.52473118279
Tamil Nadu,Warangal,2446143.33,46,53177.02891304348
Tamil Nadu,Yamunanagar,679758.18,17,39985.77529411765
Telangana,Adoni,1171497.93,23,50934.69260869565
Telangana,Agartala,298358.06,11,27123.46
Telangana,Agra,1419804.17,26,54607.852692307686
Telangana,Ahmednagar,688903.11,11,62627.55545454545
Telangana,Aizawl,593846.79,19,31255.094210526317
Telangana,Ajmer,1976264.83,29,68147.06310344828
Telangana,Akola,3831804.24,65,58950.83446153846
Telangana,Alappuzha,2118980.12,49,43244.49224489796
Telangana,Aligarh,255264.64,14,18233.18857142857
Telangana,Allahabad,1563582.16,30,52119.40533333333
Telangana,Alwar,1424538.94,32,44516.841875
Telangana,Ambala,194996.38,10,19499.638
Telangana,Ambarnath,2464483.05,36,68457.86249999999
Telangana,Ambattur,991353.73,19,52176.51210526316
Telangana,Amravati,2317537.15,43,53896.212790697675
Telangana,Amritsar,902449.2,18,50136.066666666666
Telangana,Amroha,857530.41,12,71460.86750000001
Telangana,Anand,634900.64,13,48838.51076923077
Telangana,Anantapur,1068412.37,12,89034.36416666668
Telangana,Anantapuram,861721.1900000001,24,35905.04958333333
Telangana,Arrah,3219378.55,54,59618.121296296296
Telangana,Asansol,3209443.94,73,43964.98547945205
Telangana,Aurangabad,3434499.7399999998,71,48373.23577464788
Telangana,Avadi,3389327.22,55,61624.131272727274
Telangana,Bahraich,1023667.93,44,23265.18022727273
Telangana,Ballia,527217.47,16,32951.091875
Telangana,Bally,382411.29,10,38241.129
Telangana,Bangalore,843724.59,10,84372.459
Telangana,Baranagar,174826.51,5,34965.302
Telangana,Bareilly,1828445.11,29,63049.83137931035
Telangana,Bathinda,720147.55,23,31310.763043478262
Telangana,Begusarai,559099.66,18,31061.092222222225
Telangana,Belgaum,1483225.15,38,39032.24078947368
Telangana,Bellary,803321.15,10,80332.115
Telangana,Berhampore,776097.74,18,43116.54111111111
Telangana,Berhampur,2427297.94,56,43344.60607142857
Telangana,Bettiah,2900750.6,40,72518.765
Telangana,Bhagalpur,203568.91,15,13571.260666666667
Telangana,Bhalswa Jahangir Pur,796770.27,16,49798.141875
Telangana,Bharatpur,981327.14,16,61332.94625
Telangana,Bhatpara,1380368.77,22,62744.035
Telangana,Bhilai,1335174.66,29,46040.50551724138
Telangana,Bhilwara,1766095.53,26,67926.75115384615
Telangana,Bhimavaram,2146547.8899999997,24,89439.49541666666
Telangana,Bhind,891129.94,14,63652.138571428564
Telangana,Bhiwandi,1441618.93,28,51486.39035714285
Telangana,Bhiwani,487762.53,12,40646.8775
Telangana,Bhopal,1332903.47,24,55537.644583333335
Telangana,Bhubaneswar,1914035.72,15,127602.38133333334
Telangana,Bhusawal,1155726.73,33,35022.02212121212
Telangana,Bidar,2627800.49,51,51525.49980392157
Telangana,Bidhannagar,1093127.71,28,39040.275357142855
Telangana,Bihar Sharif,1116323.91,15,74421.594
Telangana,Bijapur,2335880.95,39,59894.38333333334
Telangana,Bikaner,907961.96,31,29289.095483870966
Telangana,Bokaro,1553228.23,33,47067.52212121212
Telangana,Bongaigaon,686837.84,9,76315.31555555556
Telangana,Bulandshahr,2104150.7,32,65754.709375
Telangana,Burhanpur,1909083.51,24,79545.14625
Telangana,Chandigarh,2113981.39,38,55631.08921052632
Telangana,Chandrapur,1188913.72,37,32132.80324324324
Telangana,Chapra,985750.63,24,41072.94291666667
Telangana,Chennai,1730706.9600000002,35,49448.770285714294
Telangana,Chittoor,1876415.06,32,58637.970625
Telangana,Coimbatore,152196.9,5,30439.379999999997
Telangana,Cuttack,1455991.67,20,72799.5835
Telangana,Davanagere,1097410.11,24,45725.42125000001
Telangana,Dehradun,349784.59,12,29148.715833333335
Telangana,Dehri,2004017.55,38,52737.303947368426
Telangana,Delhi,1773471.18,25,70938.8472
Telangana,Deoghar,887699.4,30,29589.98
Telangana,Dewas,1499678.24,36,41657.72888888889
Telangana,Dhanbad,923633.25,21,43982.53571428572
Telangana,Dharmavaram,270118.61,8,33764.82625
Telangana,Dibrugarh,1280417.75,29,44152.33620689655
Telangana,Dindigul,901328.13,21,42920.387142857144
Telangana,Durg,416188.18,12,34682.348333333335
Telangana,Eluru,1600607.41,28,57164.550357142856
Telangana,Erode,1071758.86,26,41221.49461538462
Telangana,Etawah,1633751.03,27,60509.29740740741
Telangana,Faridabad,527198.77,11,47927.16090909091
Telangana,Farrukhabad,78623.95,9,8735.994444444445
Telangana,Firozabad,428109.79000000004,12,35675.815833333334
Telangana,Gandhidham,1627358.8800000001,21,77493.28
Telangana,Gandhinagar,436633.88,14,31188.134285714284
Telangana,Gangtok,2402796.98,47,51123.34
Telangana,Ghaziabad,2226722.52,48,46390.0525
Telangana,Giridih,2577825.9,39,66098.09999999999
Telangana,Gopalpur,2395652.4899999998,43,55712.84860465116
Telangana,Gorakhpur,362830.76,17,21342.985882352943
Telangana,Gudivada,242653.03,17,14273.707647058824
Telangana,Gulbarga,587382.5900000001,9,65264.73222222223
Telangana,Guna,1270148.09,36,35281.89138888889
Telangana,Guntakal,975362.13,20,48768.1065
Telangana,Guwahati,315297.94,7,45042.56285714286
Telangana,Gwalior,989443.2100000001,13,76111.01615384615
Telangana,Hajipur,1682799.79,20,84139.9895
Telangana,Haldia,712587.77,15,47505.85133333333
Telangana,Hapur,593143.41,14,42367.38642857143
Telangana,Haridwar,1148383.53,15,76558.902
Telangana,Hazaribagh,2366749.3,36,65743.03611111111
Telangana,Hindupur,2070096.1199999999,63,32858.66857142857
Telangana,Hospet,681697.99,16,42606.124375
Telangana,Hosur,1899925.6800000002,34,55880.167058823536
Telangana,Howrah,1633806.8900000001,39,41892.48435897436
Telangana,Hubli–Dharwad,725040.22,10,72504.022
Telangana,Hyderabad,951191.58,17,55952.44588235294
Telangana,Ichalkaranji,336076.65,10,33607.665
Telangana,Imphal,511495.69,10,51149.569
Telangana,Indore,1420453.22,20,71022.661
Telangana,Jabalpur,762443.38,10,76244.338
Telangana,Jalandhar,213497.40000000002,7,30499.628571428573
Telangana,Jalgaon,490213.38,15,32680.892
Telangana,Jalna,1811472.2799999998,40,45286.80699999999
Telangana,Jamalpur,1702578.6,37,46015.63783783784
Telangana,Jammu,312451.52,12,26037.626666666667
Telangana,Jamnagar,1543755.7,34,45404.5794117647
Telangana,Jamshedpur,1412823.8599999999,33,42812.84424242424
Telangana,Jaunpur,148734.88,12,12394.573333333334
Telangana,Jehanabad,2352449.83,28,84016.06535714286
Telangana,Jhansi,200141.06,4,50035.265
Telangana,Jodhpur,85490.22,5,17098.044
Telangana,Jorhat,243613.14,5,48722.628000000004
Telangana,Junagadh,323729.54,12,26977.461666666666
Telangana,Kadapa,1116689.08,29,38506.520000000004
Telangana,Kakinada,1038957.3400000001,11,94450.66727272728
Telangana,Kalyan-Dombivli,2112715.77,34,62138.69911764706
Telangana,Kamarhati,965129.38,25,38605.1752
Telangana,Kanpur,1017012.27,29,35069.38862068966
Telangana,Karaikudi,818401.97,20,40920.0985
Telangana,Karawal Nagar,2516306.45,30,83876.88166666667
Telangana,Karimnagar,1265465.93,26,48671.76653846154
Telangana,Karnal,1885998.64,51,36980.365490196076
Telangana,Katihar,249508.26,13,19192.94307692308
Telangana,Katni,853794.12,17,50223.18352941176
Telangana,Kavali,3390618.37,52,65204.19942307693
Telangana,Khandwa,1485310.46,26,57127.32538461538
Telangana,Kharagpur,1535211.3099999998,21,73105.30047619047
Telangana,Khora ,2362818.05,47,50272.7244680851
Telangana,Kirari Suleman Nagar,655301.79,9,72811.31
Telangana,Kishanganj,2651227.81,45,58916.17355555556
Telangana,Kochi,392806.52,16,24550.4075
Telangana,Kolkata,1334893.77,50,26697.8754
Telangana,Kollam,388497.3,12,32374.774999999998
Telangana,Korba,637947.53,32,19935.8603125
Telangana,Kozhikode,649530.74,9,72170.08222222222
Telangana,Kulti,1643947.44,46,35737.98782608695
Telangana,Kumbakonam,1804736.1600000001,36,50131.560000000005
Telangana,Kurnool,4237536.59,59,71822.65406779661
Telangana,Latur,351473.47000000003,7,50210.49571428572
Telangana,Loni,2444052.37,45,54312.27488888889
Telangana,Lucknow,414991.85,17,24411.285294117646
Telangana,Ludhiana,907520.64,16,56720.04
Telangana,Machilipatnam,1300299.56,22,59104.52545454546
Telangana,Madanapalle,1973604.8900000001,29,68055.34103448276
Telangana,Madhyamgram,1759691.44,18,97760.63555555555
Telangana,Madurai,1374147.89,25,54965.91559999999
Telangana,Mahbubnagar,1743572.48,34,51281.54352941176
Telangana,Maheshtala,414663.44,10,41466.344
Telangana,Malda,2315198.71,53,43682.99452830189
Telangana,Malegaon,893051.73,27,33075.99
Telangana,Mango,1335144.08,40,33378.602
Telangana,Mau,1067751.47,8,133468.93375
Telangana,Medininagar,805495.8,9,89499.53333333334
Telangana,Meerut,1333206.97,23,57965.52043478261
Telangana,Mehsana,1534806.61,27,56844.68925925926
Telangana,Mira-Bhayandar,3038214.63,47,64642.86446808511
Telangana,Miryalaguda,1395894.62,33,42299.836969696975
Telangana,Mirzapur,735204.3599999999,7,105029.19428571427
Telangana,Moradabad,1057074.98,15,70471.66533333334
Telangana,Morbi,846432.3,23,36801.40434782609
Telangana,Morena,140925.82,10,14092.582
Telangana,Motihari,1930391.47,34,56776.21970588235
Telangana,Munger,2050672.18,51,40209.258431372546
Telangana,Muzaffarnagar,2295063.48,42,54644.36857142857
Telangana,Muzaffarpur,2847829.5,37,76968.36486486487
Telangana,Mysore,685907.88,11,62355.26181818182
Telangana,Nadiad,1359691.46,37,36748.417837837835
Telangana,Nagaon,356190.02,8,44523.7525
Telangana,Nagercoil,233162.59,7,33308.94142857143
Telangana,Nagpur,882080.5900000001,20,44104.029500000004
Telangana,Naihati,1618956.3599999999,35,46255.89599999999
Telangana,Nanded,977466.96,14,69819.06857142856
Telangana,Nandyal,1439794.67,16,89987.166875
Telangana,Nangloi Jat,1839487.67,46,39988.86239130435
Telangana,Narasaraopet,1869934.69,33,56664.687575757576
Telangana,Nashik,580784.2,12,48398.68333333333
Telangana,Navi Mumbai,1552663.2,20,77633.16
Telangana,New Delhi,1932203.61,29,66627.71068965517
Telangana,Nizamabad,137061.13999999998,8,17132.642499999998
Telangana,Noida,1008199.78,30,33606.65933333334
Telangana,North Dumdum,82749.24,8,10343.655
Telangana,Ongole,1247192.3699999999,20,62359.6185
Telangana,Orai,669006.29,12,55750.52416666667
Telangana,Ozhukarai,2144113.8,36,59558.71666666666
Telangana,Pali,445120.44,7,63588.63428571429
Telangana,Pallavaram,705418.66,7,100774.0942857143
Telangana,Panchkula,857412.49,22,38973.295
Telangana,Panihati,999731.03,25,39989.241200000004
Telangana,Panipat,534038.8200000001,17,31414.04823529412
Telangana,Panvel,789493.2999999999,11,71772.11818181818
Telangana,Parbhani,1642222.57,36,45617.29361111111
Telangana,Patiala,2538628.6,30,84620.95333333334
Telangana,Phagwara,1270493.11,17,74734.88882352941
Telangana,Phusro,1951323.79,27,72271.25148148148
Telangana,Pimpri-Chinchwad,3548485.22,54,65712.68925925926
Telangana,Pondicherry,3531451.23,36,98095.8675
Telangana,Proddatur,567069.4,11,51551.76363636364
Telangana,Pudukkottai,748314.19,27,27715.34037037037
Telangana,Pune,822565.46,15,54837.69733333333
Telangana,Purnia,1616497.06,31,52145.0664516129
Telangana,Raebareli,1584508.8399999999,31,51113.18838709677
Telangana,Raichur,1115649.3,16,69728.08125
Telangana,Raiganj,2105941.87,32,65810.6834375
Telangana,Raipur,886835.28,17,52166.78117647059
Telangana,Rajahmundry,2500962.35,44,56840.05340909091
Telangana,Rajkot,2061273.53,45,45806.07844444444
Telangana,Rajpur Sonarpur,812582.0,32,25393.1875
Telangana,Ramagundam,2329768.61,28,83206.02178571429
Telangana,Ramgarh,840570.22,13,64659.24769230769
Telangana,Rampur,502572.91,20,25128.6455
Telangana,Ranchi,1756946.81,17,103349.81235294118
Telangana,Ratlam,1662485.13,32,51952.6603125
Telangana,Raurkela Industrial Township,1018612.8400000001,22,46300.58363636364
Telangana,Rewa,1621631.78,23,70505.72956521739
Telangana,Rohtak,989948.71,29,34136.1624137931
Telangana,Rourkela,1107576.16,22,50344.3709090909
Telangana,Sagar,1060910.47,10,106091.04699999999
Telangana,Saharanpur,1393703.49,21,66366.83285714286
Telangana,Saharsa,849858.88,18,47214.38222222222
Telangana,Salem,954989.1300000001,23,41521.26652173913
Telangana,Sambalpur,1514966.56,43,35231.78046511628
Telangana,Sambhal,1275624.58,17,75036.74
Telangana,Sangli-Miraj & Kupwad,542348.88,12,45195.74
Telangana,Sasaram,1722130.44,33,52185.770909090905
Telangana,Satara,840437.85,23,36540.77608695652
Telangana,Satna,632439.97,19,33286.31421052632
Telangana,Secunderabad,827029.35,40,20675.73375
Telangana,Shahjahanpur,1482918.3699999999,48,30894.13270833333
Telangana,Shimoga,683178.65,12,56931.55416666667
Telangana,Shivpuri,303723.35,10,30372.335
Telangana,Sikar,804211.45,20,40210.572499999995
Telangana,Siliguri,831370.82,17,48904.165882352936
Telangana,Singrauli,1388245.58,30,46274.852666666666
Telangana,Sirsa,1609751.49,37,43506.79702702702
Telangana,Siwan,1483943.78,19,78102.30421052632
Telangana,Sonipat,2424399.6,45,53875.54666666667
Telangana,South Dumdum,1359481.31,34,39984.74441176471
Telangana,Sri Ganganagar,1187450.51,21,56545.26238095238
Telangana,Srikakulam,471927.05,10,47192.705
Telangana,Srinagar,541547.6699999999,18,30085.981666666663
Telangana,Sultan Pur Majra,1503521.34,18,83528.96333333333
Telangana,Surat,765123.64,11,69556.69454545455
Telangana,Surendranagar Dudhrej,2225544.64,33,67440.74666666667
Telangana,Suryapet,1561153.92,38,41082.99789473684
Telangana,Tadepalligudem,595786.49,18,33099.249444444446
Telangana,Tadipatri,1328959.52,26,51113.82769230769
Telangana,Tenali,1128640.54,29,38918.63931034483
Telangana,Thane,1727867.07,25,69114.68280000001
Telangana,Thanjavur,267892.05,9,29765.783333333333
Telangana,Thiruvananthapuram,1105487.42,18,61415.967777777776
Telangana,Thoothukudi,1737183.38,31,56038.173548387094
Telangana,Tinsukia,701732.97,9,77970.33
Telangana,Tiruchirappalli,2411953.19,56,43070.592678571425
Telangana,Tirupati,785320.21,23,34144.35695652174
Telangana,Tiruvottiyur,1686138.53,36,46837.18138888889
Telangana,Tumkur,1110409.17,20,55520.45849999999
Telangana,Udaipur,2946648.4499999997,30,98221.61499999999
Telangana,Udupi,1020863.11,18,56714.61722222222
Telangana,Ujjain,836213.71,24,34842.237916666665
Telangana,Ulhasnagar,1214698.21,41,29626.785609756098
Telangana,Uluberia,1008524.59,19,53080.24157894737
Telangana,Unnao,446696.16000000003,6,74449.36
Telangana,Vadodara,1555240.31,58,26814.488103448275
Telangana,Varanasi,970733.55,26,37335.90576923077
Telangana,Vasai-Virar,1236631.17,12,103052.59749999999
Telangana,Vellore,754231.52,14,53873.68
Telangana,Vijayanagaram,1248098.99,35,35659.97114285714
Telangana,Vijayawada,2357329.98,34,69333.23470588235
Telangana,Visakhapatnam,2092968.79,35,59799.10828571429
Telangana,Warangal,2213284.6,39,56750.88717948718
Telangana,Yamunanagar,3049446.53,66,46203.7353030303
Uttar Pradesh,Adoni,6147724.65,117,52544.65512820513
Uttar Pradesh,Agartala,4600386.08,93,49466.51698924731
Uttar Pradesh,Agra,5665229.54,105,53954.56704761905
Uttar Pradesh,Ahmedabad,5919642.54,106,55845.68433962264
Uttar Pradesh,Ahmednagar,6927061.8,162,42759.64074074074
Uttar Pradesh,Aizawl,3293253.97,80,41165.674625
Uttar Pradesh,Ajmer,5290699.93,89,59446.06662921348
Uttar Pradesh,Akola,5008054.49,120,41733.787416666666
Uttar Pradesh,Alappuzha,7729282.36,152,50850.54184210527
Uttar Pradesh,Aligarh,4959657.9,102,48624.097058823536
Uttar Pradesh,Allahabad,9384615.83,195,48126.23502564103
Uttar Pradesh,Alwar,7083005.8,156,45403.88333333333
Uttar Pradesh,Amaravati,6775171.5600000005,154,43994.62051948052
Uttar Pradesh,Ambala,5981633.89,98,61037.080510204076
Uttar Pradesh,Ambarnath,7274426.55,141,51591.67765957447
Uttar Pradesh,Ambattur,8414246.4,157,53593.92611464969
Uttar Pradesh,Amravati,6024084.49,109,55266.83018348624
Uttar Pradesh,Amritsar,3723278.78,93,40035.25569892473
Uttar Pradesh,Amroha,10506512.29,169,62168.71177514792
Uttar Pradesh,Anand,8064435.77,169,47718.554852071
Uttar Pradesh,Anantapur,1900756.4500000002,62,30657.362096774195
Uttar Pradesh,Anantapuram,11175311.25,176,63496.08664772727
Uttar Pradesh,Arrah,6086560.17,117,52021.88179487179
Uttar Pradesh,Asansol,7272826.36,140,51948.75971428572
Uttar Pradesh,Aurangabad,13967169.83,257,54346.964319066145
Uttar Pradesh,Avadi,5788438.64,90,64315.98488888889
Uttar Pradesh,Bahraich,5039331.85,113,44595.85707964601
Uttar Pradesh,Ballia,12190376.35,195,62514.75051282051
Uttar Pradesh,Bally,7015342.12,140,50109.586571428576
Uttar Pradesh,Bangalore,6116019.83,120,50966.83191666667
Uttar Pradesh,Baranagar,4232468.33,96,44088.21177083333
Uttar Pradesh,Barasat,9871933.09,182,54241.3906043956
Uttar Pradesh,Bardhaman,8570750.29,187,45832.88925133689
Uttar Pradesh,Bareilly,7805505.21,128,60980.509453125
Uttar Pradesh,Bathinda,6370906.13,120,53090.88441666667
Uttar Pradesh,Begusarai,7908940.46,124,63781.777903225804
Uttar Pradesh,Belgaum,6912587.37,140,49375.624071428574
Uttar Pradesh,Bellary,8784305.13,142,61861.30373239437
Uttar Pradesh,Berhampore,4381382.0,90,48682.02222222222
Uttar Pradesh,Berhampur,6077071.3,100,60770.712999999996
Uttar Pradesh,Bettiah,7286640.7,136,53578.24044117647
Uttar Pradesh,Bhagalpur,10740929.06,167,64316.94047904192
Uttar Pradesh,Bhalswa Jahangir Pur,3942437.75,82,48078.509146341465
Uttar Pradesh,Bharatpur,7341125.319999999,140,52436.60942857142
Uttar Pradesh,Bhatpara,7948104.04,132,60212.90939393939
Uttar Pradesh,Bhavnagar,7507470.56,138,54401.96057971014
Uttar Pradesh,Bhilai,8909070.59,156,57109.42685897436
Uttar Pradesh,Bhilwara,7104465.58,120,59203.87983333333
Uttar Pradesh,Bhimavaram,5658926.3,117,48366.891452991455
Uttar Pradesh,Bhind,5819895.71,108,53887.92324074074
Uttar Pradesh,Bhiwandi,4745484.29,125,37963.87432
Uttar Pradesh,Bhiwani,8168236.22,148,55190.785270270266
Uttar Pradesh,Bhopal,3149611.56,53,59426.63320754717
Uttar Pradesh,Bhubaneswar,8117929.12,144,56374.50777777778
Uttar Pradesh,Bhusawal,7848947.87,162,48450.29549382716
Uttar Pradesh,Bidar,5579362.34,86,64876.306279069766
Uttar Pradesh,Bidhannagar,6669730.87,121,55121.74272727273
Uttar Pradesh,Bihar Sharif,4960388.79,94,52770.0935106383
Uttar Pradesh,Bijapur,8950197.73,161,55591.29024844721
Uttar Pradesh,Bikaner,6786955.65,143,47461.228321678325
Uttar Pradesh,Bilaspur,4621434.62,97,47643.65587628866
Uttar Pradesh,Bokaro,7908932.25,161,49123.80279503106
Uttar Pradesh,Bongaigaon,2525181.54,50,50503.6308
Uttar Pradesh,Bulandshahr,9643692.29,149,64722.76704697986
Uttar Pradesh,Burhanpur,6149896.56,103,59707.733592233
Uttar Pradesh,Buxar,4186406.26,98,42718.431224489796
Uttar Pradesh,Chandigarh,7136446.71,108,66078.21027777778
Uttar Pradesh,Chandrapur,4697762.39,92,51062.63467391304
Uttar Pradesh,Chapra,9043713.85,134,67490.40186567164
Uttar Pradesh,Chennai,3812850.67,110,34662.27881818182
Uttar Pradesh,Chinsurah,7430503.55,168,44229.187797619044
Uttar Pradesh,Chittoor,10296700.77,131,78600.76923664122
Uttar Pradesh,Coimbatore,7750452.26,154,50327.61207792208
Uttar Pradesh,Cuttack,6755813.24,148,45647.38675675676
Uttar Pradesh,Danapur,6465241.05,122,52993.779098360654
Uttar Pradesh,Darbhanga,5395645.81,100,53956.458099999996
Uttar Pradesh,Davanagere,4844344.53,101,47963.80722772278
Uttar Pradesh,Dehradun,5623659.11,130,43258.91623076923
Uttar Pradesh,Dehri,7536540.76,155,48622.84361290323
Uttar Pradesh,Delhi,11221628.95,213,52683.703990610324
Uttar Pradesh,Deoghar,8216354.11,136,60414.36845588236
Uttar Pradesh,Dewas,5157052.64,101,51059.927128712865
Uttar Pradesh,Dhanbad,9940838.6,172,57795.57325581395
Uttar Pradesh,Dharmavaram,5987059.98,121,49479.83454545455
Uttar Pradesh,Dhule,3298896.18,77,42842.80753246754
Uttar Pradesh,Dibrugarh,5873110.7299999995,100,58731.107299999996
Uttar Pradesh,Dindigul,7872803.86,153,51456.23437908497
Uttar Pradesh,Durg,4892292.18,94,52045.6614893617
Uttar Pradesh,Durgapur,14242376.790000001,226,63019.366327433636
Uttar Pradesh,Eluru,8950485.7,176,50855.03238636363
Uttar Pradesh,Erode,9307786.23,170,54751.68370588236
Uttar Pradesh,Etawah,4139059.25,68,60868.518382352944
Uttar Pradesh,Faridabad,6245117.7299999995,135,46260.13133333333
Uttar Pradesh,Farrukhabad,4121910.8400000003,82,50267.20536585366
Uttar Pradesh,Fatehpur,7033323.67,152,46271.86625
Uttar Pradesh,Firozabad,6300641.4,164,38418.545121951225
Uttar Pradesh,Gandhidham,7909711.34,116,68187.16672413793
Uttar Pradesh,Gandhinagar,9523227.39,162,58785.354259259264
Uttar Pradesh,Gangtok,7134697.71,143,49892.99097902098
Uttar Pradesh,Gaya,5972511.33,96,62213.6596875
Uttar Pradesh,Ghaziabad,9470425.92,284,33346.57014084507
Uttar Pradesh,Giridih,10044494.67,184,54589.64494565217
Uttar Pradesh,Gopalpur,7302975.26,146,50020.37849315068
Uttar Pradesh,Gorakhpur,8626644.67,153,56383.29849673202
Uttar Pradesh,Gudivada,10339842.78,177,58417.19084745763
Uttar Pradesh,Gulbarga,6746855.84,110,61335.05309090909
Uttar Pradesh,Guna,9762382.1,187,52205.251871657754
Uttar Pradesh,Guntakal,7679149.95,158,48602.214873417724
Uttar Pradesh,Guntur,5230589.08,95,55058.83242105263
Uttar Pradesh,Gurgaon,12685692.45,219,57925.53630136986
Uttar Pradesh,Guwahati,6467797.45,137,47210.20036496351
Uttar Pradesh,Gwalior,5355386.77,125,42843.09415999999
Uttar Pradesh,Hajipur,6644077.13,90,73823.07922222222
Uttar Pradesh,Haldia,6606837.140000001,116,56955.4925862069
Uttar Pradesh,Hapur,9400827.85,190,49478.04131578947
Uttar Pradesh,Haridwar,5110193.41,116,44053.39146551724
Uttar Pradesh,Hazaribagh,9428542.39,201,46908.171094527366
Uttar Pradesh,Hindupur,6016646.05,134,44900.34365671642
Uttar Pradesh,Hospet,5073140.75,141,35979.72163120568
Uttar Pradesh,Hosur,5770913.01,130,44391.638538461535
Uttar Pradesh,Howrah,8558714.51,136,62931.72433823529
Uttar Pradesh,Hubli–Dharwad,5407740.6,104,51997.50576923077
Uttar Pradesh,Hyderabad,9159398.05,143,64051.73461538462
Uttar Pradesh,Ichalkaranji,5841007.84,115,50791.372521739126
Uttar Pradesh,Imphal,5628617.57,95,59248.606
Uttar Pradesh,Indore,6935121.42,156,44455.90653846154
Uttar Pradesh,Jabalpur,5383168.48,138,39008.467246376815
Uttar Pradesh,Jaipur,9587921.19,184,52108.26733695652
Uttar Pradesh,Jalandhar,4254509.39,106,40136.881037735846
Uttar Pradesh,Jalgaon,4836129.13,104,46501.241634615384
Uttar Pradesh,Jalna,9418920.8,192,49056.87916666667
Uttar Pradesh,Jamalpur,6152986.35,76,80960.34671052631
Uttar Pradesh,Jammu,10975129.459999999,172,63808.89220930232
Uttar Pradesh,Jamnagar,6693524.38,128,52293.15921875
Uttar Pradesh,Jamshedpur,3417830.71,79,43263.67987341772
Uttar Pradesh,Jaunpur,2720230.05,60,45337.167499999996
Uttar Pradesh,Jehanabad,5512937.29,123,44820.62837398374
Uttar Pradesh,Jhansi,2370152.55,71,33382.43028169014
Uttar Pradesh,Jodhpur,4397951.44,84,52356.56476190477
Uttar Pradesh,Jorhat,5254086.85,109,48202.63165137614
Uttar Pradesh,Junagadh,5044308.74,115,43863.55426086957
Uttar Pradesh,Kadapa,8328749.55,157,53049.3601910828
Uttar Pradesh,Kakinada,9163834.27,168,54546.63255952381
Uttar Pradesh,Kalyan-Dombivli,11439716.27,196,58365.89933673469
Uttar Pradesh,Kamarhati,7391732.28,170,43480.77811764706
Uttar Pradesh,Kanpur,7177811.54,160,44861.322125
Uttar Pradesh,Karaikudi,5317551.88,106,50165.583773584905
Uttar Pradesh,Karawal Nagar,7305675.59,127,57525.00464566929
Uttar Pradesh,Karimnagar,8241689.7299999995,176,46827.78255681818
Uttar Pradesh,Karnal,4893019.68,103,47505.045436893204
Uttar Pradesh,Katihar,7219182.08,128,56399.86
Uttar Pradesh,Katni,7088830.24,149,47576.041879194636
Uttar Pradesh,Kavali,6061798.26,113,53644.23238938053
Uttar Pradesh,Khammam,10605286.35,173,61302.233236994216
Uttar Pradesh,Khandwa,3487477.02,86,40552.05837209302
Uttar Pradesh,Kharagpur,6410222.68,98,65410.43551020408
Uttar Pradesh,Khora ,7929883.96,148,53580.29702702702
Uttar Pradesh,Kirari Suleman Nagar,8640159.56,141,61277.72737588653
Uttar Pradesh,Kishanganj,3977677.98,82,48508.26804878049
Uttar Pradesh,Kochi,6906727.49,145,47632.60337931035
Uttar Pradesh,Kolhapur,7756972.85,143,54244.56538461538
Uttar Pradesh,Kolkata,8617734.89,166,51914.06560240964
Uttar Pradesh,Kollam,9561090.51,169,56574.500059171594
Uttar Pradesh,Korba,5404604.53,120,45038.37108333334
Uttar Pradesh,Kota,6863131.06,126,54469.294126984125
Uttar Pradesh,Kottayam,7302032.43,120,60850.270249999994
Uttar Pradesh,Kozhikode,3923448.1999999997,79,49663.90126582278
Uttar Pradesh,Kulti,5177995.78,98,52836.69163265306
Uttar Pradesh,Kumbakonam,9931866.04,201,49412.26885572139
Uttar Pradesh,Kurnool,6239181.55,162,38513.46635802469
Uttar Pradesh,Latur,10503970.88,172,61069.598139534886
Uttar Pradesh,Loni,7915815.38,184,43020.73576086957
Uttar Pradesh,Lucknow,5896762.6899999995,106,55629.836698113206
Uttar Pradesh,Ludhiana,5512860.01,100,55128.600099999996
Uttar Pradesh,Machilipatnam,8511669.84,149,57125.30093959731
Uttar Pradesh,Madanapalle,9153597.69,166,55142.154759036144
Uttar Pradesh,Madhyamgram,5123327.4,97,52817.80824742268
Uttar Pradesh,Madurai,4402398.39,68,64741.15279411764
Uttar Pradesh,Mahbubnagar,8289659.76,160,51810.3735
Uttar Pradesh,Maheshtala,5864428.74,114,51442.35736842106
Uttar Pradesh,Malda,7640863.82,137,55772.728613138686
Uttar Pradesh,Malegaon,5140850.35,90,57120.55944444444
Uttar Pradesh,Mangalore,6102539.31,101,60421.18128712871
Uttar Pradesh,Mango,6666931.77,125,53335.454159999994
Uttar Pradesh,Mathura,7608731.09,122,62366.648278688524
Uttar Pradesh,Mau,9434945.7,177,53304.77796610169
Uttar Pradesh,Medininagar,6368703.33,103,61832.07116504855
Uttar Pradesh,Meerut,7369532.0,159,46349.25786163522
Uttar Pradesh,Mehsana,5288161.39,120,44068.01158333333
Uttar Pradesh,Mira-Bhayandar,6789994.47,137,49562.003430656936
Uttar Pradesh,Miryalaguda,5785276.35,114,50748.038157894734
Uttar Pradesh,Mirzapur,6351950.6899999995,145,43806.55648275862
Uttar Pradesh,Moradabad,7552773.24,144,52449.81416666667
Uttar Pradesh,Morbi,6721856.36,119,56486.18789915967
Uttar Pradesh,Morena,8176349.0,159,51423.5786163522
Uttar Pradesh,Motihari,9577673.75,165,58046.507575757576
Uttar Pradesh,Mumbai,8030216.51,150,53534.77673333333
Uttar Pradesh,Munger,7170525.180000001,149,48124.3300671141
Uttar Pradesh,Muzaffarnagar,10801247.77,161,67088.49546583851
Uttar Pradesh,Muzaffarpur,5727708.5600000005,109,52547.784954128445
Uttar Pradesh,Mysore,9571972.83,189,50645.35888888889
Uttar Pradesh,Nadiad,4900204.52,105,46668.61447619047
Uttar Pradesh,Nagaon,3031315.41,66,45929.02136363636
Uttar Pradesh,Nagercoil,6722575.07,141,47677.83737588653
Uttar Pradesh,Nagpur,6990077.99,126,55476.80944444444
Uttar Pradesh,Naihati,8230596.65,153,53794.74934640523
Uttar Pradesh,Nanded,3978920.48,108,36841.8562962963
Uttar Pradesh,Nandyal,9521521.45,165,57706.1906060606
Uttar Pradesh,Nangloi Jat,2649925.18,41,64632.321463414635
Uttar Pradesh,Narasaraopet,5701524.319999999,98,58178.81959183673
Uttar Pradesh,Nashik,8135163.58,165,49304.0216969697
Uttar Pradesh,Navi Mumbai,11321529.28,208,54430.42923076923
Uttar Pradesh,Nellore,11031779.62,191,57758.00848167539
Uttar Pradesh,New Delhi,7848139.54,144,54500.96902777778
Uttar Pradesh,Nizamabad,4920983.46,85,57893.92305882353
Uttar Pradesh,Noida,8594724.44,160,53717.027749999994
Uttar Pradesh,North Dumdum,6789154.15,115,59036.12304347826
Uttar Pradesh,Ongole,9332954.37,187,49908.84689839572
Uttar Pradesh,Orai,6749945.96,125,53999.56768
Uttar Pradesh,Ozhukarai,6067189.5,97,62548.345360824744
Uttar Pradesh,Pali,7636276.78,128,59658.41234375
Uttar Pradesh,Pallavaram,7065455.62,145,48727.28013793103
Uttar Pradesh,Panchkula,6317070.42,106,59595.00396226415
Uttar Pradesh,Panihati,4869588.39,103,47277.557184466015
Uttar Pradesh,Panipat,9087339.9,227,40032.33436123348
Uttar Pradesh,Panvel,6478847.87,131,49456.85396946565
Uttar Pradesh,Parbhani,3444775.88,74,46551.0254054054
Uttar Pradesh,Patiala,5594618.85,144,38851.519791666666
Uttar Pradesh,Patna,6258842.75,143,43768.131118881116
Uttar Pradesh,Phagwara,8123372.22,150,54155.8148
Uttar Pradesh,Phusro,9701955.07,150,64679.70046666667
Uttar Pradesh,Pimpri-Chinchwad,5929804.92,156,38011.57
Uttar Pradesh,Pondicherry,9231825.17,174,53056.466494252876
Uttar Pradesh,Proddatur,3358358.15,54,62191.81759259259
Uttar Pradesh,Pudukkottai,10587738.46,190,55724.9392631579
Uttar Pradesh,Pune,6472986.22,121,53495.75388429752
Uttar Pradesh,Purnia,7549057.31,153,49340.24385620915
Uttar Pradesh,Raebareli,4892683.22,96,50965.45020833333
Uttar Pradesh,Raichur,4487944.7,105,42742.33047619048
Uttar Pradesh,Raiganj,5911063.55,116,50957.44439655172
Uttar Pradesh,Raipur,5394342.06,99,54488.303636363635
Uttar Pradesh,Rajahmundry,8373207.83,146,57350.73856164383
Uttar Pradesh,Rajkot,8556262.16,152,56291.198421052635
Uttar Pradesh,Rajpur Sonarpur,4531055.21,69,65667.4668115942
Uttar Pradesh,Ramagundam,8714281.82,168,51870.72511904762
Uttar Pradesh,Ramgarh,7958048.86,163,48822.38564417178
Uttar Pradesh,Rampur,6253568.7,104,60130.46826923077
Uttar Pradesh,Ranchi,3933831.63,92,42759.039456521736
Uttar Pradesh,Ratlam,7255156.4,124,58509.32580645162
Uttar Pradesh,Raurkela Industrial Township,3192089.1,84,38001.06071428572
Uttar Pradesh,Rewa,5469161.49,101,54150.11376237624
Uttar Pradesh,Rohtak,7875809.38,114,69086.04719298246
Uttar Pradesh,Rourkela,4369543.42,113,38668.52584070797
Uttar Pradesh,Sagar,10092376.31,169,59718.20301775148
Uttar Pradesh,Saharanpur,6212940.44,115,54025.56904347827
Uttar Pradesh,Saharsa,7245123.66,118,61399.35305084746
Uttar Pradesh,Salem,7629389.88,156,48906.345384615386
Uttar Pradesh,Sambalpur,5248877.16,100,52488.7716
Uttar Pradesh,Sambhal,11031276.27,197,55996.32624365482
Uttar Pradesh,Sangli-Miraj & Kupwad,5678256.21,101,56220.35851485148
Uttar Pradesh,Sasaram,8266519.13,132,62625.14492424242
Uttar Pradesh,Satara,4364669.46,91,47963.40065934066
Uttar Pradesh,Satna,11405107.51,205,55634.6707804878
Uttar Pradesh,Secunderabad,6760154.7,134,50448.91567164179
Uttar Pradesh,Serampore,3991493.94,74,53939.1072972973
Uttar Pradesh,Shahjahanpur,6346338.3,140,45330.987857142856
Uttar Pradesh,Shimla,10131413.35,173,58563.08294797688
Uttar Pradesh,Shimoga,9456848.96,143,66131.81090909091
Uttar Pradesh,Shivpuri,6015484.7,139,43276.86834532374
Uttar Pradesh,Sikar,4072399.89,133,30619.548045112784
Uttar Pradesh,Silchar,12981937.84,274,47379.33518248175
Uttar Pradesh,Siliguri,7555208.61,153,49380.44843137255
Uttar Pradesh,Singrauli,7607971.33,146,52109.392671232876
Uttar Pradesh,Sirsa,6029248.88,161,37448.75080745341
Uttar Pradesh,Siwan,5190045.6,122,42541.35737704918
Uttar Pradesh,Solapur,2621542.46,83,31584.84891566265
Uttar Pradesh,Sonipat,4481786.54,91,49250.40153846154
Uttar Pradesh,South Dumdum,7586088.4,150,50573.92266666667
Uttar Pradesh,Sri Ganganagar,3929076.34,53,74133.5158490566
Uttar Pradesh,Srikakulam,5430390.43,126,43098.336746031746
Uttar Pradesh,Srinagar,5449364.4,122,44666.92131147541
Uttar Pradesh,Sultan Pur Majra,5039000.54,133,37887.22210526316
Uttar Pradesh,Surat,3864131.8,79,48913.06075949367
Uttar Pradesh,Surendranagar Dudhrej,5242932.6,131,40022.386259541985
Uttar Pradesh,Suryapet,3215663.53,90,35729.59477777778
Uttar Pradesh,Tadepalligudem,6326045.91,166,38108.71030120482
Uttar Pradesh,Tadipatri,5124206.99,94,54512.84031914894
Uttar Pradesh,Tenali,7790942.33,139,56049.944820143886
Uttar Pradesh,Tezpur,9984351.31,161,62014.60440993789
Uttar Pradesh,Thane,5089340.17,87,58498.16287356322
Uttar Pradesh,Thanjavur,6567284.42,138,47589.017536231884
Uttar Pradesh,Thiruvananthapuram,7112833.91,116,61317.53370689655
Uttar Pradesh,Thoothukudi,8182082.58,130,62939.09676923077
Uttar Pradesh,Thrissur,3351719.8000000003,69,48575.649275362324
Uttar Pradesh,Tinsukia,8629315.81,162,53267.38154320988
Uttar Pradesh,Tiruchirappalli,6954233.88,124,56082.53129032258
Uttar Pradesh,Tirunelveli,6180517.24,113,54694.84283185841
Uttar Pradesh,Tirupati,11317849.790000001,192,58947.134322916674
Uttar Pradesh,Tiruppur,4958154.69,142,34916.582323943665
Uttar Pradesh,Tiruvottiyur,9168808.11,116,79041.44922413792
Uttar Pradesh,Tumkur,6847418.33,138,49618.9734057971
Uttar Pradesh,Udaipur,4629425.15,60,77157.08583333335
Uttar Pradesh,Udupi,4439458.9799999995,92,48254.988913043475
Uttar Pradesh,Ujjain,12295958.790000001,196,62734.483622448985
Uttar Pradesh,Ulhasnagar,4048951.74,103,39310.211067961165
Uttar Pradesh,Uluberia,9310243.14,152,61251.59960526316
Uttar Pradesh,Unnao,8670306.9,159,54530.2320754717
Uttar Pradesh,Vadodara,5110838.91,109,46888.430366972476
Uttar Pradesh,Varanasi,5747612.67,96,59870.9653125
Uttar Pradesh,Vasai-Virar,4838413.52,106,45645.41056603773
Uttar Pradesh,Vellore,10721300.72,182,58908.24571428572
Uttar Pradesh,Vijayanagaram,3747401.81,59,63515.28491525424
Uttar Pradesh,Vijayawada,7370574.0600000005,138,53409.956956521746
Uttar Pradesh,Visakhapatnam,7000171.59,117,59830.52641025641
Uttar Pradesh,Warangal,6847414.35,157,43614.10414012738
Uttar Pradesh,Yamunanagar,5948764.74,131,45410.41786259542
West Bengal,Adoni,1927489.1300000001,40,48187.22825
West Bengal,Agartala,1591852.29,38,41890.84973684211
West Bengal,Agra,1752416.23,49,35763.596530612245
West Bengal,Ahmedabad,4120696.4,85,48478.781176470584
West Bengal,Ahmednagar,2270297.2,45,50451.048888888894
West Bengal,Aizawl,2065398.32,35,59011.38057142857
West Bengal,Ajmer,5623819.06,115,48902.77443478261
West Bengal,Akola,2474634.75,40,61865.86875
West Bengal,Alappuzha,4189866.87,87,48159.38931034483
West Bengal,Aligarh,2401111.33,46,52198.07239130435
West Bengal,Allahabad,3727113.0,69,54016.13043478261
West Bengal,Alwar,1244524.3,41,30354.251219512196
West Bengal,Amaravati,1674520.17,36,46514.449166666665
West Bengal,Ambala,2954391.7399999998,58,50937.78862068965
West Bengal,Ambarnath,3001964.94,50,60039.2988
West Bengal,Ambattur,4939140.54,69,71581.74695652173
West Bengal,Amravati,4309314.11,91,47355.10010989011
West Bengal,Amritsar,2065554.51,22,93888.84136363637
West Bengal,Amroha,3299760.05,57,57890.52719298245
West Bengal,Anand,4231082.74,71,59592.714647887326
West Bengal,Anantapur,4838456.83,91,53169.855274725276
West Bengal,Anantapuram,592154.74,33,17944.08303030303
West Bengal,Arrah,518044.19999999995,13,39849.553846153845
West Bengal,Asansol,695677.28,25,27827.091200000003
West Bengal,Aurangabad,4616445.84,113,40853.503008849555
West Bengal,Avadi,1115454.74,37,30147.425405405404
West Bengal,Bahraich,2613361.53,57,45848.44789473684
West Bengal,Ballia,2544451.7800000003,53,48008.5241509434
West Bengal,Bally,2278950.5,42,54260.72619047619
West Bengal,Bangalore,1597011.08,38,42026.60736842106
West Bengal,Baranagar,2270228.77,56,40539.799464285716
West Bengal,Barasat,5814828.45,102,57008.12205882353
West Bengal,Bardhaman,806751.9600000001,21,38416.76
West Bengal,Bareilly,1313339.09,33,39798.15424242424
West Bengal,Bathinda,7416326.26,115,64489.79356521739
West Bengal,Begusarai,3017491.66,61,49467.07639344263
West Bengal,Belgaum,2204018.75,64,34437.79296875
West Bengal,Bellary,4706913.66,78,60345.04692307692
West Bengal,Berhampore,1311084.43,33,39729.83121212121
West Bengal,Berhampur,4699366.76,92,51080.07347826087
West Bengal,Bettiah,3441242.88,65,52942.198153846155
West Bengal,Bhagalpur,2695690.53,39,69120.26999999999
West Bengal,Bhalswa Jahangir Pur,2307916.38,39,59177.343076923076
West Bengal,Bharatpur,4644612.15,85,54642.495882352945
West Bengal,Bhatpara,2727563.66,52,52453.147307692314
West Bengal,Bhavnagar,2653734.56,40,66343.364
West Bengal,Bhilai,1123775.33,23,48859.79695652174
West Bengal,Bhilwara,3729091.63,86,43361.530581395346
West Bengal,Bhimavaram,5081925.66,86,59092.1588372093
West Bengal,Bhind,1962494.2999999998,36,54513.73055555555
West Bengal,Bhiwandi,4388773.74,68,64540.79029411765
West Bengal,Bhiwani,2449660.84,55,44539.288
West Bengal,Bhopal,7950488.24,142,55989.353802816906
West Bengal,Bhubaneswar,839606.16,31,27084.069677419357
West Bengal,Bhusawal,4060494.95,88,46141.98806818182
West Bengal,Bidar,1005555.0399999999,38,26461.974736842105
West Bengal,Bidhannagar,2178686.42,51,42719.34156862745
West Bengal,Bihar Sharif,6013410.05,101,59538.71336633663
West Bengal,Bijapur,2383388.72,44,54167.92545454546
West Bengal,Bikaner,2036871.5299999998,54,37719.843148148146
West Bengal,Bilaspur,2452925.37,45,54509.45266666667
West Bengal,Bokaro,1255926.6,28,44854.52142857143
West Bengal,Bongaigaon,5643235.91,72,78378.27652777778
West Bengal,Bulandshahr,1568361.85,43,36473.53139534884
West Bengal,Burhanpur,920110.27,23,40004.794347826086
West Bengal,Buxar,1854988.62,24,77291.1925
West Bengal,Chandigarh,498074.57,22,22639.75318181818
West Bengal,Chandrapur,1521761.99,29,52474.551379310346
West Bengal,Chapra,1567047.16,52,30135.522307692307
West Bengal,Chennai,3668436.76,65,56437.48861538461
West Bengal,Chinsurah,1224764.31,41,29872.300243902442
West Bengal,Chittoor,1744098.9300000002,28,62289.247500000005
West Bengal,Coimbatore,1005579.62,42,23942.371904761905
West Bengal,Cuttack,2648261.33,50,52965.2266
West Bengal,Danapur,2951435.13,79,37359.93835443038
West Bengal,Darbhanga,1685943.1500000001,42,40141.50357142858
West Bengal,Davanagere,3397220.31,83,40930.36518072289
West Bengal,Dehradun,3867680.38,67,57726.572835820894
West Bengal,Dehri,3195193.66,56,57057.029642857146
West Bengal,Delhi,1311043.08,43,30489.373953488375
West Bengal,Deoghar,1455696.7,37,39343.15405405405
West Bengal,Dewas,5181628.36,85,60960.333647058826
West Bengal,Dhanbad,2017699.22,38,53097.34789473684
West Bengal,Dharmavaram,1904065.3800000001,30,63468.846000000005
West Bengal,Dhule,5331058.24,106,50293.00226415094
West Bengal,Dibrugarh,4551889.0,61,74621.13114754099
West Bengal,Dindigul,4219594.86,75,56261.264800000004
West Bengal,Durg,1989540.99,44,45216.84068181818
West Bengal,Durgapur,822464.9299999999,19,43287.62789473684
West Bengal,Eluru,3091919.7,72,42943.32916666667
West Bengal,Erode,1866243.92,20,93312.196
West Bengal,Etawah,3663302.25,78,46965.41346153846
West Bengal,Faridabad,4101294.68,77,53263.567272727276
West Bengal,Farrukhabad,1211731.39,31,39088.10935483871
West Bengal,Fatehpur,2019327.75,41,49251.89634146341
West Bengal,Firozabad,4070146.85,79,51520.84620253165
West Bengal,Gandhidham,5181066.99,67,77329.3580597015
West Bengal,Gandhinagar,3390977.5100000002,69,49144.601594202904
West Bengal,Gangtok,1596850.3699999999,46,34714.138478260866
West Bengal,Gaya,5273500.51,109,48380.738623853205
West Bengal,Ghaziabad,8034664.24,137,58647.18423357664
West Bengal,Giridih,2126345.4,48,44298.862499999996
West Bengal,Gopalpur,1253120.37,25,50124.81480000001
West Bengal,Gorakhpur,733520.36,12,61126.69666666666
West Bengal,Gudivada,1828897.24,43,42532.493953488374
West Bengal,Gulbarga,2120406.55,70,30291.52214285714
West Bengal,Guna,942704.04,20,47135.202000000005
West Bengal,Guntakal,1446632.48,23,62897.06434782608
West Bengal,Guntur,2948992.48,50,58979.8496
West Bengal,Gurgaon,3169181.22,66,48017.89727272728
West Bengal,Guwahati,716468.65,22,32566.75681818182
West Bengal,Gwalior,3094961.68,54,57314.10518518519
West Bengal,Hajipur,3021321.3400000003,49,61659.61918367347
West Bengal,Haldia,2503280.71,60,41721.345166666666
West Bengal,Hapur,1223419.42,30,40780.647333333334
West Bengal,Haridwar,3987504.0,94,42420.255319148935
West Bengal,Hazaribagh,1146230.52,31,36975.17806451613
West Bengal,Hindupur,4285528.99,73,58705.87657534247
West Bengal,Hospet,2183298.15,43,50774.37558139535
West Bengal,Hosur,7596072.48,128,59344.31625
West Bengal,Howrah,1723042.15,59,29204.104237288135
West Bengal,Hubli–Dharwad,577843.22,11,52531.20181818181
West Bengal,Hyderabad,4860978.05,79,61531.36772151898
West Bengal,Ichalkaranji,2630883.95,51,51585.95980392157
West Bengal,Imphal,3963644.37,88,45041.41329545455
West Bengal,Indore,1932171.73,40,48304.29325
West Bengal,Jabalpur,1979180.53,39,50748.218717948715
West Bengal,Jaipur,1612166.46,37,43572.06648648649
West Bengal,Jalandhar,6616860.58,116,57041.901551724135
West Bengal,Jalgaon,4452968.9,83,53650.22771084338
West Bengal,Jalna,1890814.33,68,27806.093088235295
West Bengal,Jamalpur,5073103.58,97,52300.0369072165
West Bengal,Jammu,2418856.4,43,56252.47441860465
West Bengal,Jamnagar,2610788.03,44,59336.09159090908
West Bengal,Jamshedpur,7118408.48,107,66527.18205607477
West Bengal,Jaunpur,3082589.35,50,61651.787000000004
West Bengal,Jehanabad,2391917.32,44,54361.75727272727
West Bengal,Jhansi,2712912.63,65,41737.11738461538
West Bengal,Jodhpur,2588952.63,44,58839.8325
West Bengal,Jorhat,2967163.39,54,54947.470185185186
West Bengal,Junagadh,2863080.06,53,54020.378490566036
West Bengal,Kadapa,2529489.7199999997,55,45990.72218181818
West Bengal,Kakinada,2739926.25,59,46439.42796610169
West Bengal,Kalyan-Dombivli,2293464.65,52,44105.08942307692
West Bengal,Kamarhati,5013808.4399999995,98,51161.310612244895
West Bengal,Kanpur,3636147.13,62,58647.53435483871
West Bengal,Karaikudi,2153452.35,56,38454.50625
West Bengal,Karawal Nagar,3436106.3,78,44052.644871794866
West Bengal,Karimnagar,4510501.4,62,72750.02258064516
West Bengal,Karnal,4756045.53,75,63413.94040000001
West Bengal,Katihar,1577646.6,48,32867.637500000004
West Bengal,Katni,4607263.18,67,68765.12208955223
West Bengal,Kavali,3179495.58,44,72261.26318181818
West Bengal,Khammam,2161538.9899999998,58,37267.91362068965
West Bengal,Khandwa,3143148.83,64,49111.70046875
West Bengal,Kharagpur,1777008.54,37,48027.25783783784
West Bengal,Khora ,456108.92,19,24005.732631578947
West Bengal,Kirari Suleman Nagar,4336217.59,100,43362.1759
West Bengal,Kishanganj,1976652.6300000001,23,85941.41869565217
West Bengal,Kochi,6384891.86,87,73389.5616091954
West Bengal,Kolhapur,4927696.61,85,57972.90129411765
West Bengal,Kolkata,1723028.66,22,78319.48454545454
West Bengal,Kollam,2875078.58,77,37338.682857142856
West Bengal,Korba,4074984.13,71,57394.14267605633
West Bengal,Kota,3413537.2600000002,58,58854.090689655175
West Bengal,Kottayam,3849847.35,51,75487.20294117647
West Bengal,Kozhikode,3379650.89,83,40718.68542168675
West Bengal,Kulti,2230058.39,44,50683.14522727273
West Bengal,Kumbakonam,2781725.67,59,47147.892711864406
West Bengal,Kurnool,2875751.93,46,62516.34630434783
West Bengal,Latur,2826590.68,61,46337.552131147546
West Bengal,Loni,4020799.59,66,60921.20590909091
West Bengal,Lucknow,3687874.12,93,39654.56043010753
West Bengal,Ludhiana,2293798.97,51,44976.45039215687
West Bengal,Machilipatnam,4908715.15,76,64588.35723684211
West Bengal,Madanapalle,2941177.37,55,53475.95218181818
West Bengal,Madhyamgram,5135708.51,105,48911.50961904762
West Bengal,Madurai,4822372.65,99,48710.834848484854
West Bengal,Mahbubnagar,5219881.11,123,42438.05780487805
West Bengal,Maheshtala,2940903.13,58,50705.22637931034
West Bengal,Malda,2455732.76,67,36652.72776119403
West Bengal,Malegaon,4801156.87,75,64015.424933333336
West Bengal,Mangalore,2729388.62,57,47884.01087719298
West Bengal,Mango,734814.74,22,33400.67
West Bengal,Mathura,1795081.63,14,128220.11642857142
West Bengal,Mau,3802636.25,78,48751.7467948718
West Bengal,Medininagar,3294067.0,57,57790.649122807015
West Bengal,Meerut,974590.54,26,37484.25153846154
West Bengal,Mehsana,3479213.19,62,56116.34177419355
West Bengal,Mira-Bhayandar,5625639.24,95,59217.25515789474
West Bengal,Miryalaguda,884398.97,28,31585.677499999998
West Bengal,Mirzapur,1689062.96,28,60323.677142857145
West Bengal,Moradabad,3758228.93,90,41758.09922222223
West Bengal,Morbi,2286245.2,42,54434.409523809525
West Bengal,Morena,3132277.6,72,43503.85555555556
West Bengal,Motihari,678266.77,15,45217.78466666667
West Bengal,Mumbai,3880560.86,82,47323.91292682927
West Bengal,Munger,419808.13,13,32292.933076923076
West Bengal,Muzaffarnagar,821024.14,38,21605.898421052632
West Bengal,Muzaffarpur,3403804.2600000002,75,45384.056800000006
West Bengal,Mysore,4192607.82,66,63524.36090909091
West Bengal,Nadiad,5740135.87,126,45556.63388888889
West Bengal,Nagaon,2221264.34,24,92552.68083333333
West Bengal,Nagercoil,2970900.13,60,49515.002166666665
West Bengal,Nagpur,2944138.56,54,54521.084444444445
West Bengal,Naihati,4498317.77,93,48369.00827956989
West Bengal,Nanded,3052844.9,69,44244.12898550725
West Bengal,Nandyal,3807193.79,86,44269.69523255814
West Bengal,Nangloi Jat,4921080.88,73,67412.06684931507
West Bengal,Narasaraopet,3966018.26,81,48963.18839506173
West Bengal,Nashik,7429096.11,117,63496.547948717955
West Bengal,Navi Mumbai,6055548.06,115,52656.93965217391
West Bengal,Nellore,1504136.54,49,30696.664081632654
West Bengal,New Delhi,4143842.98,82,50534.67048780488
West Bengal,Nizamabad,1915679.1500000001,53,36144.88962264151
West Bengal,Noida,4398704.92,69,63749.346666666665
West Bengal,North Dumdum,538894.13,22,24495.18772727273
West Bengal,Ongole,3431726.52,54,63550.491111111114
West Bengal,Orai,3395942.42,68,49940.32970588235
West Bengal,Ozhukarai,3148943.4,60,52482.39
West Bengal,Pali,3191802.77,59,54098.35203389831
West Bengal,Pallavaram,3194964.61,84,38035.292976190474
West Bengal,Panchkula,3611891.79,61,59211.34081967213
West Bengal,Panihati,6045022.2700000005,96,62968.981979166674
West Bengal,Panipat,2990914.02,56,53409.178928571426
West Bengal,Panvel,1265539.04,38,33303.65894736842
West Bengal,Parbhani,5905626.62,110,53687.514727272726
West Bengal,Patiala,3268292.5500000003,56,58362.36696428572
West Bengal,Patna,5219903.7,93,56127.99677419355
West Bengal,Phagwara,6169255.05,87,70910.9775862069
West Bengal,Phusro,4079946.66,79,51644.89443037975
West Bengal,Pimpri-Chinchwad,2606508.82,59,44178.11559322033
West Bengal,Pondicherry,4561340.0,90,50681.555555555555
West Bengal,Proddatur,1166290.02,31,37622.25870967742
West Bengal,Pudukkottai,881924.32,38,23208.534736842103
West Bengal,Pune,3285642.15,65,50548.34076923077
West Bengal,Purnia,1562851.34,49,31894.92530612245
West Bengal,Raebareli,3879676.17,59,65757.22322033899
West Bengal,Raichur,2924942.38,60,48749.039666666664
West Bengal,Raiganj,2639440.41,71,37175.21704225352
West Bengal,Raipur,2994032.11,66,45364.12287878788
West Bengal,Rajahmundry,4693139.16,73,64289.57753424658
West Bengal,Rajkot,3560263.66,72,49448.10638888889
West Bengal,Rajpur Sonarpur,1284003.74,30,42800.12466666666
West Bengal,Ramagundam,2644632.48,44,60105.28363636364
West Bengal,Ramgarh,2210045.64,32,69063.92625
West Bengal,Rampur,907487.41,21,43213.68619047619
West Bengal,Ranchi,2818486.03,51,55264.431960784306
West Bengal,Ratlam,5020035.3,73,68767.60684931507
West Bengal,Raurkela Industrial Township,4267657.76,85,50207.738352941175
West Bengal,Rewa,6049855.7700000005,95,63682.69231578948
West Bengal,Rohtak,4064787.49,73,55682.02041095891
West Bengal,Rourkela,2822059.9899999998,70,40315.142714285714
West Bengal,Sagar,4390296.3,77,57016.83506493506
West Bengal,Saharanpur,2629968.03,41,64145.561707317065
West Bengal,Saharsa,3232840.4,94,34391.91914893617
West Bengal,Salem,5936713.09,97,61203.22773195876
West Bengal,Sambalpur,5726229.34,103,55594.45961165048
West Bengal,Sambhal,4789730.85,62,77253.72338709676
West Bengal,Sangli-Miraj & Kupwad,3316340.98,68,48769.720294117644
West Bengal,Sasaram,1875018.32,37,50676.170810810814
West Bengal,Satara,2211708.7,44,50266.10681818182
West Bengal,Satna,913675.58,28,32631.270714285714
West Bengal,Secunderabad,945341.87,17,55608.345294117644
West Bengal,Serampore,3017313.62,79,38193.843291139245
West Bengal,Shahjahanpur,2798960.79,47,59552.35723404255
West Bengal,Shimla,2908375.97,55,52879.5630909091
West Bengal,Shimoga,2222269.35,46,48310.203260869566
West Bengal,Shivpuri,1982426.79,48,41300.558125
West Bengal,Sikar,3232030.35,52,62154.42980769231
West Bengal,Silchar,2995373.42,68,44049.60911764706
West Bengal,Siliguri,1710043.24,48,35625.90083333333
West Bengal,Singrauli,563522.44,23,24500.97565217391
West Bengal,Sirsa,1424389.5899999999,33,43163.32090909091
West Bengal,Siwan,3037155.43,72,42182.71430555556
West Bengal,Solapur,1331741.98,14,95124.42714285714
West Bengal,Sonipat,1247590.27,34,36693.83147058824
West Bengal,South Dumdum,4324051.28,62,69742.76258064517
West Bengal,Sri Ganganagar,1609421.8699999999,36,44706.16305555555
West Bengal,Srikakulam,2710277.86,52,52120.72807692307
West Bengal,Srinagar,2883263.4,41,70323.49756097561
West Bengal,Sultan Pur Majra,2149605.95,58,37062.17155172414
West Bengal,Surat,2348934.52,64,36702.101875
West Bengal,Surendranagar Dudhrej,1503993.35,27,55703.45740740741
West Bengal,Suryapet,2303590.32,41,56185.12975609756
West Bengal,Tadepalligudem,4640313.98,76,61056.76289473685
West Bengal,Tadipatri,3777526.29,74,51047.652567567566
West Bengal,Tenali,2083578.6300000001,57,36554.011052631584
West Bengal,Tezpur,1414944.1099999999,45,31443.202444444443
West Bengal,Thane,135918.47,7,19416.924285714285
West Bengal,Thanjavur,2159307.3,57,37882.584210526315
West Bengal,Thiruvananthapuram,2434139.55,51,47728.22647058823
West Bengal,Thoothukudi,1424369.67,30,47478.988999999994
West Bengal,Thrissur,3156564.08,79,39956.50734177215
West Bengal,Tinsukia,3198832.34,67,47743.76626865671
West Bengal,Tiruchirappalli,2684106.18,58,46277.692758620695
West Bengal,Tirunelveli,3752925.96,81,46332.41925925926
West Bengal,Tirupati,1611860.68,36,44773.90777777778
West Bengal,Tiruppur,2770769.3,65,42627.219999999994
West Bengal,Tiruvottiyur,2827713.77,35,80791.822
West Bengal,Tumkur,1829912.65,41,44632.01585365854
West Bengal,Udaipur,1872417.65,41,45668.723170731704
West Bengal,Udupi,1477965.39,28,52784.47821428571
West Bengal,Ujjain,2286902.29,51,44841.22137254902
West Bengal,Ulhasnagar,1642639.2,43,38200.91162790698
West Bengal,Uluberia,3769760.19,70,53853.717
West Bengal,Unnao,3812673.23,62,61494.72951612903
West Bengal,Vadodara,2848416.79,84,33909.72369047619
West Bengal,Varanasi,5894151.17,107,55085.52495327103
West Bengal,Vasai-Virar,2894169.94,68,42561.32264705882
West Bengal,Vellore,2424252.51,65,37296.192461538456
West Bengal,Vijayanagaram,718654.89,19,37823.94157894737
West Bengal,Vijayawada,8060495.91,120,67170.79925
West Bengal,Visakhapatnam,111941.06,6,18656.843333333334
West Bengal,Warangal,3975566.3,70,56793.80428571429
West Bengal,Yamunanagar,4380267.28,78,56157.27282051282
