order_id,customer_id,order_date,status,shipping_city,shipping_state,total_amount,first_name,last_name,email,phone,age,gender,city,state,income_level,join_date,is_active,is_outlier
26,4842,2022-06-27,completed,Bhubaneswar,Uttar Pradesh,622060.97,Pihu,Barad,dmaharaj@example.net,5576341625,39,Male,Bhubaneswar,Uttar Pradesh,Premium,2023-10-26,True,True
102,7924,2023-07-11,shipped,Amritsar,Gujarat,392415.98,Raghav,Batra,vardaniyabal@example.org,7877761499,33,Female,Amritsar,Gujarat,Medium,2023-08-12,True,True
188,5327,2023-06-05,processing,Surendranagar Dudhrej,Karnataka,467414.58,Yuvraj ,Bahl,xdoctor@example.org,1878638584,26,Male,Surendranagar Dudhrej,Karnataka,Low,2022-08-04,True,True
196,13020,2024-02-24,pending,Sambalpur,Gujarat,445094.97,Vanya,Dayal,ubutala@example.net,5117020737,53,Female,Sambalpur,Gujarat,Low,2022-08-08,True,True
212,16566,2022-05-15,completed,Barasat,Tamil Nadu,485899.95,Samar,Varkey,ahana-59@example.org,5662278209,45,Male,Barasat,Tamil Nadu,High,2023-08-03,True,True
218,7004,2023-03-29,completed,Madhyamgram,Uttar Pradesh,504347.02,Ahana ,Seshadri,bhattiaaina@example.net,3357051891,24,Female,Madhyamgram,Uttar Pradesh,Low,2024-06-06,True,True
222,4280,2023-01-24,completed,Kishanganj,Maharashtra,492116.76,Tejas,Subramaniam,vanyachawla@example.net,1871694675,23,Female,Kishanganj,Maharashtra,Medium,2024-08-10,True,True
248,16561,2022-12-31,completed,Mango,Uttar Pradesh,462786.6,Yuvaan,Raju,chirag63@example.org,4879593000,18,Female,Mango,Uttar Pradesh,High,2022-02-02,False,True
251,15264,2022-11-13,completed,Warangal,Bihar,773810.6,Madhav,Ghose,kkhosla@example.net,919711090501,18,Female,Warangal,Bihar,Medium,2022-06-27,True,True
302,6941,2024-01-28,completed,Gurgaon,Karnataka,393160.23,Vanya,Bhardwaj,manikyakala@example.com,4927582063,34,Male,Gurgaon,Karnataka,High,2022-05-04,True,True
350,13217,2022-11-11,completed,Chapra,Karnataka,431657.1,Navya,Sundaram,neysamani@example.net,744635348,38,Male,Chapra,Karnataka,Medium,2023-06-10,True,True
429,7320,2024-07-11,completed,Dindigul,Rajasthan,467054.18,Madhav,Lad,siya16@example.org,6151122510,36,Female,Dindigul,Rajasthan,Low,2024-04-30,True,True
443,3297,2023-06-05,delivered,Sasaram,Telangana,468163.61,Mahika,Gupta,jhanvisalvi@example.com,911321566701,43,Male,Sasaram,Telangana,Medium,2023-12-24,True,True
454,11131,2022-01-03,completed,Kavali,Uttar Pradesh,468992.13,Ivana,Roy,deyarmaan@example.org,913794351410,18,Female,Kavali,Uttar Pradesh,Medium,2024-12-16,True,True
494,8571,2022-02-13,processing,Tirunelveli,Bihar,325318.28,Pranay,Vora,ekumar@example.com,8626482000,29,Female,Tirunelveli,Bihar,High,2024-03-25,True,True
498,8759,2024-02-22,processing,Coimbatore,Karnataka,497419.48,Nirvi,Vaidya,jivin63@example.com,7194927775,45,Male,Coimbatore,Karnataka,Medium,2023-06-06,True,True
523,2730,2024-05-06,completed,Etawah,Uttar Pradesh,432971.78,Tanya,Sanghvi,kallakabir@example.net,8156603098,20,Male,Etawah,Uttar Pradesh,Medium,2022-05-11,False,True
546,10190,2022-12-20,completed,Guntur,Uttar Pradesh,351810.33,Anya,Wason,itara@example.org,5673320951,31,Male,Guntur,Uttar Pradesh,Medium,2024-07-18,True,True
554,13175,2023-06-03,completed,Jorhat,Uttar Pradesh,540339.41,Kabir,Sandhu,garamamooty@example.net,910843180105,25,Male,Jorhat,Uttar Pradesh,Medium,2022-06-15,True,True
566,747,2022-11-25,delivered,Dindigul,Karnataka,456442.3,Aarna,Manda,asingh@example.org,652740334,37,Male,Dindigul,Karnataka,Low,2022-02-06,True,True
615,5568,2024-01-29,completed,Gaya,Maharashtra,339707.15,Ojas,Das,dharmajangopal@example.net,2166444507,52,Female,Gaya,Maharashtra,High,2022-04-28,True,True
667,6622,2024-01-10,completed,Anand,Bihar,453531.64,Neelofar,Magar,dbhattacharyya@example.com,3576593962,54,Male,Anand,Bihar,High,2022-12-18,True,True
782,17179,2022-04-10,completed,Bhavnagar,Uttar Pradesh,445572.45,Nishith,Contractor,dhruvtalwar@example.org,914477420906,25,Male,Bhavnagar,Uttar Pradesh,High,2023-07-22,True,True
814,18575,2022-10-19,pending,Silchar,Punjab,451689.38,Reyansh,Das,jbaral@example.org,9287044727,32,Male,Silchar,Punjab,Medium,2024-06-12,True,True
962,9394,2022-02-05,completed,Jalna,Maharashtra,335261.57,Ishita,Bhattacharyya,gokuljayaraman@example.com,4277028228,26,Male,Jalna,Maharashtra,Low,2023-07-04,True,True
973,12055,2024-11-03,completed,Vasai-Virar,Tamil Nadu,627134.3,Eva,Gulati,samardalal@example.com,912437081723,38,Male,Vasai-Virar,Tamil Nadu,Premium,2022-10-04,True,True
1026,7859,2022-04-15,completed,Bhusawal,Madhya Pradesh,389335.57,Shaan,Dayal,somshanaya@example.org,592677291,18,Male,Bhusawal,Madhya Pradesh,Low,2022-12-01,True,True
1032,10852,2023-08-11,delivered,Bulandshahr,Uttar Pradesh,325424.63,Dishani,Dixit,rbaral@example.com,8382993524,31,Male,Bulandshahr,Uttar Pradesh,Medium,2022-08-05,True,True
1042,15100,2022-11-10,completed,Aligarh,Tamil Nadu,333888.88,Mannat,Ahuja,amira71@example.org,4147373232,18,Female,Aligarh,Tamil Nadu,Medium,2024-01-03,True,True
1076,3516,2022-07-24,delivered,Noida,West Bengal,476574.57,Aarna,Shere,misha38@example.org,8313800338,34,Female,Noida,West Bengal,Low,2023-11-05,True,True
1094,6933,2023-02-04,completed,Phagwara,Uttar Pradesh,385174.49,Sara,Yadav,johalyasmin@example.com,913679754053,34,Female,Phagwara,Uttar Pradesh,Low,2023-02-19,True,True
1154,9581,2023-05-05,completed,Baranagar,Maharashtra,544641.18,Charvi,Uppal,rashachandran@example.org,3274941296,31,Male,Baranagar,Maharashtra,Low,2024-01-04,True,True
1196,9456,2024-10-20,processing,Hindupur,West Bengal,654628.76,Piya,Subramanian,clata@example.net,2757527903,31,Male,Hindupur,West Bengal,Medium,2024-12-22,True,True
1209,18759,2022-10-09,completed,Meerut,Delhi,400526.76,Mehul,Rao,psrivastava@example.com,2365655456,18,Female,Meerut,Delhi,Medium,2023-12-03,False,True
1223,19266,2024-06-05,completed,Tenali,Punjab,380279.64,Ryan,Deshpande,sandaldivyansh@example.com,918095353826,32,Female,Tenali,Punjab,Low,2024-10-05,False,True
1303,16389,2023-04-19,completed,Jaunpur,Karnataka,398434.11,Purab,Ratta,bobalhrishita@example.org,3827236016,21,Female,Jaunpur,Karnataka,Low,2022-06-19,True,True
1334,7133,2024-09-23,completed,Tirunelveli,Rajasthan,339074.59,Biju,Chandra,ryanborde@example.net,914658640940,32,Male,Tirunelveli,Rajasthan,Medium,2022-10-17,True,True
1404,12307,2022-03-17,completed,Mahbubnagar,Maharashtra,746102.91,Hridaan,Kaul,chatterjeezeeshan@example.com,8193288191,35,Male,Mahbubnagar,Maharashtra,High,2022-04-03,True,True
1449,16170,2024-01-03,completed,Pimpri-Chinchwad,Madhya Pradesh,372585.54,Nehmat,Bail,ybajaj@example.com,3547866079,42,Female,Pimpri-Chinchwad,Madhya Pradesh,Low,2022-06-10,True,True
1468,1638,2022-05-23,completed,Kozhikode,West Bengal,492569.94,Bhavin,Joshi,piya19@example.net,910616691008,21,Male,Kozhikode,West Bengal,Low,2024-10-28,True,True
1537,14045,2024-07-09,completed,Navi Mumbai,Madhya Pradesh,343245.27,Nehmat,Maharaj,kalasaksham@example.com,332773065,29,Female,Navi Mumbai,Madhya Pradesh,Low,2024-07-07,False,True
1564,15193,2024-09-02,completed,Dhule,Maharashtra,690729.26,Yashvi,Sawhney,ryanahuja@example.org,915663653485,26,Male,Dhule,Maharashtra,Medium,2022-10-29,True,True
1582,10031,2023-10-04,completed,Amravati,Bihar,460776.95,Reyansh,Bakshi,kdalal@example.net,913514997464,40,Male,Amravati,Bihar,Medium,2024-03-24,True,True
1604,5740,2024-05-23,completed,Guwahati,Bihar,411553.71,Divit,Chahal,umang27@example.net,3662548010,43,Male,Guwahati,Bihar,Low,2023-12-11,True,True
1750,13975,2024-09-16,cancelled,Kollam,Karnataka,595022.1,Trisha,Guha,dkrishnan@example.org,5368196339,18,Female,Kollam,Karnataka,High,2024-11-29,True,True
1756,4447,2022-07-30,shipped,Tiruvottiyur,Uttar Pradesh,508484.8,Piya,Dhar,ddave@example.net,9817361885,39,Female,Tiruvottiyur,Uttar Pradesh,Medium,2022-08-20,True,True
1848,3556,2022-04-21,processing,Jalgaon,West Bengal,362160.81,Riaan,Hegde,baijukrish@example.org,958304286,31,Male,Jalgaon,West Bengal,Medium,2023-01-08,True,True
1901,377,2024-05-09,completed,Adoni,Delhi,488152.5,Mishti,Apte,zeeshan82@example.com,6704310385,33,Male,Adoni,Delhi,Medium,2023-06-17,True,True
1909,3537,2024-12-09,completed,Karimnagar,Bihar,505160.85,Biju,Bedi,mandsamaira@example.net,911734996321,32,Female,Karimnagar,Bihar,Medium,2022-12-11,True,True
1922,8666,2024-03-17,completed,Malegaon,Kerala,360590.49,Nishith,Bail,mahikamadan@example.com,3799654799,20,Male,Malegaon,Kerala,Low,2023-10-07,True,True
2056,15848,2024-05-16,completed,Pudukkottai,Rajasthan,496973.49,Arnav,Bhargava,vanyatiwari@example.com,621599390,28,Female,Pudukkottai,Rajasthan,Medium,2022-05-25,True,True
2106,12781,2024-06-01,delivered,Jamalpur,Bihar,463519.24,Arnav,Sangha,khans@example.org,9632239473,46,Male,Jamalpur,Bihar,Low,2024-08-24,False,True
2110,11189,2023-04-03,completed,Mau,Uttar Pradesh,482088.05,Drishya,Dua,shethrohan@example.org,4645220716,52,Female,Mau,Uttar Pradesh,High,2024-04-25,True,True
2176,10672,2022-08-09,completed,Nashik,Karnataka,397263.42,Tejas,Sule,raghavtaneja@example.net,911916021507,27,Female,Nashik,Karnataka,Low,2024-01-02,True,True
2246,17119,2022-01-19,completed,Anantapuram,Uttar Pradesh,384843.07,Dharmajan,Singhal,khushighosh@example.com,919565401388,25,Female,Anantapuram,Uttar Pradesh,Low,2023-11-10,True,True
2259,12424,2022-11-18,shipped,Vijayawada,West Bengal,618860.1,Rania,Kala,sridharjivin@example.net,5741284095,20,Female,Vijayawada,West Bengal,Low,2024-05-24,True,True
2345,13155,2022-08-23,completed,Shimla,Uttar Pradesh,709657.65,Aradhya,Bose,mbanik@example.net,4259544802,37,Male,Shimla,Uttar Pradesh,Medium,2023-05-25,True,True
2369,395,2024-04-07,completed,Dibrugarh,Rajasthan,531309.67,Vanya,Sethi,dishanimane@example.org,919083342801,32,Male,Dibrugarh,Rajasthan,Low,2024-01-08,True,True
2378,979,2024-05-01,pending,Bhalswa Jahangir Pur,Madhya Pradesh,425513.52,Advika,Kant,vihaan20@example.net,2662925081,44,Male,Bhalswa Jahangir Pur,Madhya Pradesh,High,2023-08-21,True,True
2419,6576,2024-04-12,processing,Ramagundam,Karnataka,1009973.75,Dishani,Varughese,indranilrege@example.org,913591661074,33,Male,Ramagundam,Karnataka,Low,2023-01-28,True,True
2426,13694,2023-01-07,processing,Bhopal,West Bengal,582941.75,Prerak,Mall,vaibhav88@example.com,4613694725,47,Male,Bhopal,West Bengal,High,2022-03-11,True,True
2428,7605,2023-02-23,completed,Sambalpur,Tamil Nadu,502251.68,Ojas,Ghosh,hridaanwali@example.com,4190865657,45,Male,Sambalpur,Tamil Nadu,Low,2023-01-17,True,True
2449,7347,2022-10-14,completed,Nizamabad,Bihar,525722.58,Gatik,Gole,parigokhale@example.net,2139625581,36,Male,Nizamabad,Bihar,Medium,2022-05-15,True,True
2492,16900,2024-09-23,delivered,Giridih,Madhya Pradesh,356795.15,Shamik,Sibal,zainjha@example.net,916191267381,29,Female,Giridih,Madhya Pradesh,Medium,2024-02-28,True,True
2561,11781,2022-04-23,completed,Kollam,Karnataka,327702.39,Dhruv,Sarin,bawadhanuk@example.org,910021019759,52,Male,Kollam,Karnataka,Low,2024-07-19,True,True
2566,3612,2024-06-06,completed,Surendranagar Dudhrej,Madhya Pradesh,447627.99,Nishith,Arya,kandaishaan@example.com,6605313978,28,Female,Surendranagar Dudhrej,Madhya Pradesh,High,2023-03-18,True,True
2572,7594,2022-11-27,completed,Vijayawada,Uttar Pradesh,471413.4,Anvi,Dora,lakshay12@example.org,8033483338,38,Female,Vijayawada,Uttar Pradesh,High,2024-02-04,True,True
2617,11891,2022-11-28,completed,Bilaspur,Uttar Pradesh,352725.47,Akarsh,Char,anahi43@example.com,913386302969,56,Male,Bilaspur,Uttar Pradesh,High,2024-03-08,True,True
2635,10991,2024-04-28,completed,Ambala,Maharashtra,452252.57,Kabir,Sarkar,banerjeepranay@example.com,911293231452,35,Female,Ambala,Maharashtra,Low,2024-06-16,True,True
2663,3772,2023-11-18,completed,Hubli–Dharwad,Rajasthan,327582.46,Alia,Keer,kavyabava@example.org,8440147082,54,Male,Hubli–Dharwad,Rajasthan,Low,2024-11-28,True,True
2737,1570,2022-07-07,completed,Tirunelveli,Karnataka,439828.92,Zoya,Chakrabarti,bhattiurvi@example.net,8387890345,18,Female,Tirunelveli,Karnataka,Medium,2024-07-12,True,True
2790,18181,2024-10-05,completed,Gaya,Bihar,355918.82,Ojas,Ahluwalia,dcherian@example.org,913534978899,43,Male,Gaya,Bihar,Medium,2023-03-26,True,True
2920,2768,2022-10-01,completed,Amritsar,Bihar,409736.18,Eshani,Sandal,madanriaan@example.org,919652179005,47,Male,Amritsar,Bihar,High,2022-07-28,True,True
2937,17672,2023-08-25,completed,Nashik,Rajasthan,557337.11,Parinaaz,Manda,nehmatchoudhury@example.com,9150511319,33,Female,Nashik,Rajasthan,High,2023-03-25,True,True
2976,4755,2024-08-12,pending,Mira-Bhayandar,Telangana,543188.53,Madhav,Grover,qsastry@example.net,913742141570,31,Male,Mira-Bhayandar,Telangana,High,2022-07-10,True,True
2989,18586,2022-06-29,completed,Mahbubnagar,Kerala,535059.05,Baiju,Dhar,yakshit51@example.net,1574137217,24,Female,Mahbubnagar,Kerala,Low,2023-08-10,True,True
3011,1834,2024-06-19,completed,Kavali,Karnataka,419260.6,Sara,Rajagopal,bavafarhan@example.org,851846689,38,Male,Kavali,Karnataka,Medium,2022-12-12,True,True
3111,9821,2024-03-09,delivered,Bongaigaon,Madhya Pradesh,492934.33,Urvi,Hayre,anahita18@example.com,3440401097,36,Female,Bongaigaon,Madhya Pradesh,Medium,2022-01-19,True,True
3202,16552,2022-02-16,shipped,Bally,Tamil Nadu,468165.97,Lagan,Madan,nayantara10@example.net,916161656902,36,Female,Bally,Tamil Nadu,Low,2024-07-11,True,True
3237,6776,2024-07-26,delivered,Ichalkaranji,Uttar Pradesh,777433.37,Miraya,Bajwa,onkarkorpal@example.net,7764637722,44,Female,Ichalkaranji,Uttar Pradesh,High,2023-05-11,True,True
3246,17404,2023-11-10,delivered,Ghaziabad,West Bengal,358465.6,Miraan,Saran,kundakiara@example.net,9577836583,42,Female,Ghaziabad,West Bengal,Medium,2024-01-13,True,True
3252,15704,2023-06-18,completed,Avadi,Uttar Pradesh,329334.02,Baiju,Ramachandran,divyansh58@example.net,2045032615,18,Male,Avadi,Uttar Pradesh,High,2022-01-17,True,True
3286,13093,2024-10-18,shipped,Mirzapur,Tamil Nadu,486679.44,Kiaan,Lata,lhegde@example.com,915967277679,51,Female,Mirzapur,Tamil Nadu,Low,2024-09-12,True,True
3351,18618,2023-08-24,completed,Dibrugarh,Uttar Pradesh,394086.28,Mamooty,Keer,rattaelakshi@example.com,910767200612,36,Male,Dibrugarh,Uttar Pradesh,Medium,2024-01-24,True,True
3356,11619,2022-01-28,cancelled,Patiala,Tamil Nadu,393631.78,Shamik,Karan,ftrivedi@example.com,917716554051,27,Female,Patiala,Tamil Nadu,Medium,2024-10-15,True,True
3403,1645,2024-07-17,shipped,Bangalore,Uttar Pradesh,347999.34,Aarna,Sarin,devanshchauhan@example.com,622901138,48,Female,Bangalore,Uttar Pradesh,High,2023-03-11,True,True
3409,7448,2024-02-14,completed,Giridih,Rajasthan,376324.82,Anya,Kari,ramanathanpranay@example.com,4733663572,27,Male,Giridih,Rajasthan,Low,2024-10-10,True,True
3421,12974,2024-05-28,processing,Suryapet,Gujarat,495088.08,Faiyaz,Baral,indrans17@example.org,2147588128,21,Female,Suryapet,Gujarat,Medium,2024-05-28,True,True
3428,985,2023-12-16,shipped,Muzaffarpur,Tamil Nadu,342745.48,Divij,Vyas,lwarrior@example.net,911348629857,36,Male,Muzaffarpur,Tamil Nadu,Low,2023-10-24,True,True
3432,449,2023-03-14,processing,Pali,Uttar Pradesh,383665.39,Hunar,Sarma,pkapoor@example.org,9975634108,50,Female,Pali,Uttar Pradesh,Low,2022-07-15,True,True
3443,16939,2023-08-15,completed,Tezpur,Uttar Pradesh,697996.85,Kimaya,Bir,sibalhridaan@example.com,912129659339,24,Female,Tezpur,Uttar Pradesh,Low,2022-12-05,True,True
3594,14475,2024-01-24,completed,Chapra,Bihar,335887.17,Riaan,Khalsa,thamanriya@example.com,2483908752,39,Female,Chapra,Bihar,Medium,2022-02-02,True,True
3600,8843,2022-09-30,completed,Gurgaon,Bihar,525084.0,Lavanya,Soni,balazeeshan@example.net,3219260360,42,Female,Gurgaon,Bihar,Low,2022-11-13,True,True
3640,2897,2023-01-14,completed,Tumkur,Rajasthan,346308.41,Tanya,Issac,hbhardwaj@example.net,1618277347,30,Female,Tumkur,Rajasthan,Medium,2024-07-02,True,True
3689,17007,2024-01-20,shipped,Panvel,Maharashtra,649622.18,Vidur,Chopra,samairasami@example.org,5138746812,22,Male,Panvel,Maharashtra,Low,2022-01-14,True,True
3693,15939,2022-05-25,completed,Navi Mumbai,Telangana,373484.44,Ira,Bumb,ddevan@example.com,916140065169,19,Female,Navi Mumbai,Telangana,Low,2023-12-08,True,True
3699,14424,2024-06-16,completed,Jorhat,Bihar,524730.0,Vihaan,Trivedi,tarini45@example.org,7300675636,24,Male,Jorhat,Bihar,Medium,2023-07-28,True,True
3712,14638,2023-02-06,completed,Rampur,Maharashtra,383451.39,Seher,Rajagopal,jayan36@example.net,6065131597,46,Female,Rampur,Maharashtra,High,2022-03-15,True,True
3716,16572,2023-10-07,completed,Kirari Suleman Nagar,Bihar,425794.59,Hrishita,Raja,indrajit92@example.org,3428267536,45,Female,Kirari Suleman Nagar,Bihar,High,2024-06-03,True,True
3717,13187,2022-06-17,completed,Vellore,Uttar Pradesh,402778.35,Hunar,Bhagat,yuvraj-26@example.org,913705416508,22,Male,Vellore,Uttar Pradesh,Medium,2024-07-14,True,True
3722,17798,2022-09-13,completed,Rajkot,Uttar Pradesh,376290.87,Yakshit,Dubey,shenoyira@example.net,2620461084,27,Male,Rajkot,Uttar Pradesh,Low,2022-09-26,True,True
3793,7330,2022-06-11,completed,Rewa,Karnataka,701748.7,Chirag,Sandhu,vidurmand@example.net,910603648366,18,Male,Rewa,Karnataka,Low,2022-08-27,True,True
3797,2564,2024-10-28,cancelled,Ambattur,Uttar Pradesh,583661.95,Tarini,Comar,swaminathandivyansh@example.com,3032977444,49,Female,Ambattur,Uttar Pradesh,Low,2022-08-14,True,True
3816,8139,2024-04-22,completed,Nanded,Rajasthan,691177.31,Ivana,Saxena,devansh05@example.com,876745999,41,Female,Nanded,Rajasthan,High,2023-12-21,False,True
3843,182,2024-11-07,completed,Machilipatnam,Karnataka,373295.58,Indranil,Swamy,renee90@example.org,2135680442,26,Male,Machilipatnam,Karnataka,Medium,2023-12-04,True,True
3860,19280,2024-04-02,shipped,Alappuzha,Tamil Nadu,430375.24,Zaina,Ghosh,shanhiran@example.net,912095805671,18,Female,Alappuzha,Tamil Nadu,Low,2024-02-10,True,True
3863,7957,2024-07-20,processing,Vellore,Gujarat,369553.04,Mishti,Kale,tarini35@example.net,9117580274,34,Male,Vellore,Gujarat,Medium,2024-05-01,True,True
3887,89,2022-01-27,completed,Tenali,Maharashtra,395540.24,Riya,Vaidya,dhardharmajan@example.org,7826137506,18,Female,Tenali,Maharashtra,Low,2024-02-19,True,True
3975,5522,2024-04-11,completed,Muzaffarnagar,Uttar Pradesh,537464.9,Parinaaz,Garde,rayamira@example.com,3402197020,36,Male,Muzaffarnagar,Uttar Pradesh,Low,2023-02-20,True,True
4036,15636,2024-01-01,completed,Medininagar,Rajasthan,462447.25,Ivan,Toor,purab42@example.com,917045261278,40,Male,Medininagar,Rajasthan,Low,2022-10-02,True,True
4143,11310,2023-08-08,completed,Panchkula,Madhya Pradesh,661976.04,Amani,Gopal,ladabram@example.org,384776472,32,Female,Panchkula,Madhya Pradesh,Premium,2023-09-12,True,True
4148,7037,2023-01-05,completed,Mysore,West Bengal,488786.86,Khushi,Bera,baiju12@example.com,4104679556,30,Male,Mysore,West Bengal,Medium,2022-11-28,True,True
4177,3724,2024-01-02,completed,Aligarh,Bihar,551283.36,Tushar,Bora,anahita94@example.org,915415068985,30,Female,Aligarh,Bihar,Low,2024-04-23,True,True
4191,16424,2023-07-31,completed,Mathura,Rajasthan,523250.2,Jayan,Sarkar,samiha03@example.org,4468646036,31,Male,Mathura,Rajasthan,High,2024-04-15,True,True
4242,11060,2022-01-23,completed,Kakinada,Gujarat,423791.64,Siya,Gala,aaina87@example.net,3168050156,40,Male,Kakinada,Gujarat,Medium,2024-01-24,True,True
4298,6266,2024-04-17,completed,Vijayanagaram,Uttar Pradesh,430271.28,Aayush,Viswanathan,darshitandra@example.com,911309966229,19,Male,Vijayanagaram,Uttar Pradesh,Medium,2022-12-27,True,True
4306,8190,2023-01-28,completed,Udupi,Rajasthan,912406.02,Ojas,Dube,hkata@example.net,28803345,29,Male,Udupi,Rajasthan,High,2022-06-23,True,True
4355,12509,2022-08-14,completed,Etawah,Delhi,377659.25,Madhav,Taneja,rsarkar@example.org,918661181085,40,Female,Etawah,Delhi,Low,2023-09-25,True,True
4438,129,2024-12-03,shipped,Saharsa,Gujarat,664227.53,Yakshit,Kanda,hrishitachopra@example.org,918439599534,35,Male,Saharsa,Gujarat,Low,2022-12-10,True,True
4472,15088,2024-01-20,delivered,Karimnagar,Gujarat,354030.45,Trisha,Kar,bhaktakaira@example.org,912355199944,32,Female,Karimnagar,Gujarat,Low,2022-01-10,True,True
4483,15865,2023-11-25,completed,Sagar,West Bengal,351169.69,Sahil,Dutt,ivansubramanian@example.org,919905408109,28,Male,Sagar,West Bengal,Low,2023-06-05,True,True
4518,8928,2022-05-27,completed,Raebareli,Gujarat,830837.57,Stuvan,Bedi,ojas85@example.net,2206204772,18,Female,Raebareli,Gujarat,Low,2022-05-20,True,True
4536,6636,2024-02-24,completed,Rohtak,Bihar,468670.63,Shray,Saraf,saniahana@example.net,918604429760,18,Female,Rohtak,Bihar,High,2023-10-18,True,True
4561,2774,2024-12-30,completed,Agartala,Gujarat,618166.9,Nirvaan,Sengupta,vivaan41@example.net,2987025215,37,Female,Agartala,Gujarat,Low,2024-11-19,True,True
4623,1674,2023-03-29,completed,Thiruvananthapuram,Gujarat,340568.49,Lavanya,Kaur,ivan74@example.net,916635796714,27,Male,Thiruvananthapuram,Gujarat,Low,2024-12-28,True,True
4652,1669,2022-11-22,delivered,Kalyan-Dombivli,Uttar Pradesh,334077.27,Ojas,Iyer,travel@example.org,7973418559,41,Female,Kalyan-Dombivli,Uttar Pradesh,Medium,2024-03-15,True,True
4698,2903,2023-06-14,pending,Bahraich,West Bengal,355366.78,Arnav,Karnik,uthkarshgarde@example.org,148760967,26,Female,Bahraich,West Bengal,Low,2022-09-22,True,True
4831,6416,2024-09-24,cancelled,Ghaziabad,West Bengal,399195.48,Aarna,Borah,chadajayesh@example.net,6516166019,18,Female,Ghaziabad,West Bengal,Low,2024-12-18,True,True
4862,11623,2023-12-13,delivered,Aligarh,Gujarat,411573.51,Dharmajan,Wason,onkardhar@example.org,916503966811,18,Male,Aligarh,Gujarat,Low,2023-12-26,True,True
4935,13198,2024-08-13,completed,Hapur,Uttar Pradesh,378557.19,Badal,Konda,romil17@example.org,914853294375,42,Male,Hapur,Uttar Pradesh,Low,2024-01-10,True,True
4936,5770,2023-06-23,completed,Sambhal,Bihar,344456.58,Vidur,Dhingra,divij18@example.com,9817608079,45,Male,Sambhal,Bihar,Medium,2023-10-01,True,True
4938,5178,2023-10-16,completed,Saharsa,Tamil Nadu,337447.85,Onkar,Johal,fsoman@example.com,1498386488,29,Male,Saharsa,Tamil Nadu,Medium,2024-12-06,True,True
4982,19314,2022-06-23,delivered,Cuttack,Gujarat,459416.06,Zain,Kamdar,hrishitaandra@example.com,2397033542,32,Male,Cuttack,Gujarat,High,2023-01-30,True,True
5105,9071,2023-06-10,delivered,Gudivada,Maharashtra,503398.3,Lakshit,Bhatt,anahitaupadhyay@example.org,9334206012,33,Male,Gudivada,Maharashtra,Low,2022-02-11,True,True
5137,4070,2023-09-07,completed,Bilaspur,Gujarat,437481.28,Shalv,Balay,settyvedika@example.com,8336826144,35,Male,Bilaspur,Gujarat,Medium,2023-07-07,True,True
5183,18442,2024-10-12,completed,Agartala,Rajasthan,335125.38,Romil,Rajan,qbadami@example.com,912533261955,50,Male,Agartala,Rajasthan,Medium,2023-08-31,True,True
5187,17479,2023-04-11,completed,Vasai-Virar,West Bengal,396703.48,Dhanuk,Raval,hmann@example.org,916600766023,19,Female,Vasai-Virar,West Bengal,Medium,2023-10-31,True,True
5245,19135,2022-06-23,completed,Bhatpara,Maharashtra,359956.63,Anya,Bhandari,hanshshankar@example.org,4132571097,23,Male,Bhatpara,Maharashtra,High,2024-12-17,True,True
5250,7068,2022-09-11,completed,Thiruvananthapuram,Uttar Pradesh,528667.27,Aarav,Kumer,eva27@example.net,914656412216,27,Male,Thiruvananthapuram,Uttar Pradesh,Medium,2022-12-29,True,True
5282,12752,2022-11-18,completed,Mathura,Uttar Pradesh,496758.89,Jivika,Sankar,gokul83@example.com,7523631566,32,Female,Mathura,Uttar Pradesh,High,2023-06-19,True,True
5343,12796,2022-11-17,completed,Bellary,Bihar,638426.12,Rasha,Gera,jbumb@example.com,6249753522,34,Male,Bellary,Bihar,Medium,2024-08-18,True,True
5375,17044,2024-10-07,pending,Kumbakonam,Bihar,409846.6,Jayant,Dhar,jswaminathan@example.org,5569456352,18,Female,Kumbakonam,Bihar,Medium,2022-10-29,True,True
5391,2454,2024-12-01,completed,Kadapa,Uttar Pradesh,582316.85,Keya,Ganesan,ishitaborde@example.org,913125677250,25,Female,Kadapa,Uttar Pradesh,Medium,2023-06-19,False,True
5409,4267,2024-02-21,completed,Bhilwara,Uttar Pradesh,408280.7,Ehsaan,Joshi,zgill@example.org,915935415723,41,Female,Bhilwara,Uttar Pradesh,Low,2022-10-15,True,True
5415,3379,2024-09-13,completed,Khandwa,Tamil Nadu,371816.62,Kavya,Lalla,bawaaniruddh@example.com,5285443052,45,Female,Khandwa,Tamil Nadu,Medium,2022-06-10,False,True
5441,1281,2024-12-10,processing,Udupi,Kerala,466737.72,Armaan,Subramanian,qramachandran@example.com,5746706751,23,Male,Udupi,Kerala,High,2024-12-08,True,True
5461,2261,2023-07-15,completed,Ratlam,Bihar,439093.34,Amira,Reddy,mannmohanlal@example.net,915657439677,27,Female,Ratlam,Bihar,Low,2023-02-09,True,True
5508,14761,2022-05-14,completed,Morbi,Uttar Pradesh,621191.66,Pranay,Dhar,piyengar@example.org,852214167,39,Male,Morbi,Uttar Pradesh,Medium,2023-08-15,True,True
5550,5961,2022-06-11,completed,Kalyan-Dombivli,Bihar,455950.81,Anahi,Verma,hunarsehgal@example.org,534202634,22,Female,Kalyan-Dombivli,Bihar,Low,2024-01-30,True,True
5565,3621,2022-04-06,completed,Hajipur,Uttar Pradesh,426270.48,Nayantara,Halder,xahuja@example.net,959243981,38,Male,Hajipur,Uttar Pradesh,Premium,2024-08-30,True,True
5686,1731,2023-05-06,completed,Alappuzha,Maharashtra,639085.65,Riya,Vohra,vbhakta@example.net,5571663282,30,Male,Alappuzha,Maharashtra,Low,2023-01-18,True,True
5726,10499,2024-09-03,delivered,Haldia,Punjab,337224.28,Darshit,Dada,amblekismat@example.org,8732885736,34,Male,Haldia,Punjab,High,2024-02-04,True,True
5910,4842,2023-07-29,completed,Bhubaneswar,Uttar Pradesh,372163.63,Pihu,Barad,dmaharaj@example.net,5576341625,39,Male,Bhubaneswar,Uttar Pradesh,Premium,2023-10-26,True,True
5960,10301,2024-11-29,shipped,Ghaziabad,Bihar,348587.47,Faiyaz,Sur,ntripathi@example.com,4660739813,34,Male,Ghaziabad,Bihar,High,2024-11-22,True,True
5969,6876,2024-06-25,cancelled,Nadiad,Tamil Nadu,419525.13,Hunar,Cheema,tanya31@example.com,5945113436,50,Female,Nadiad,Tamil Nadu,High,2022-01-15,True,True
6003,2986,2022-09-11,completed,Guntakal,Maharashtra,482763.61,Shamik,Sridhar,tchauhan@example.com,4385633759,30,Male,Guntakal,Maharashtra,Low,2024-12-12,True,True
6025,3535,2023-08-29,pending,Rohtak,Uttar Pradesh,555166.83,Pari,Mani,alisharajan@example.com,913246518359,44,Female,Rohtak,Uttar Pradesh,Low,2023-11-07,True,True
6067,17585,2022-05-31,processing,Muzaffarnagar,Uttar Pradesh,515028.91,Kanav,Andra,dhanushjain@example.org,996061513,31,Female,Muzaffarnagar,Uttar Pradesh,Medium,2022-09-15,True,True
6223,18781,2024-05-18,completed,Tenali,Uttar Pradesh,446958.95,Manjari,Srinivasan,amani84@example.com,912787648574,39,Male,Tenali,Uttar Pradesh,Low,2024-01-08,True,True
6227,14747,2023-01-15,delivered,Bally,Maharashtra,419629.75,Kaira,Sengupta,neysa90@example.com,9146625087,32,Male,Bally,Maharashtra,High,2024-05-29,True,True
6283,18191,2022-08-22,pending,Tiruchirappalli,Maharashtra,626252.57,Ehsaan,Bhagat,shamik15@example.org,8612180624,30,Male,Tiruchirappalli,Maharashtra,Medium,2022-07-09,True,True
6292,4034,2023-06-20,cancelled,Jammu,Tamil Nadu,386646.86,Hunar,Sen,chararmaan@example.com,913077900121,38,Male,Jammu,Tamil Nadu,Medium,2022-10-08,True,True
6301,17493,2022-08-15,completed,Karawal Nagar,Tamil Nadu,548853.56,Hansh,Hari,guptaadira@example.com,4277713980,19,Female,Karawal Nagar,Tamil Nadu,High,2022-10-15,True,True
6319,19071,2023-11-14,completed,Gwalior,West Bengal,448932.77,Kimaya,Buch,shraydua@example.org,2982974246,47,Female,Gwalior,West Bengal,Low,2024-10-14,False,True
6333,8808,2023-08-01,pending,Ujjain,Kerala,480466.12,Mishti,Vaidya,aayushchoudhary@example.net,9190897682,26,Male,Ujjain,Kerala,Low,2023-12-10,True,True
6359,11876,2023-08-15,completed,Jamshedpur,Rajasthan,369767.37,Manjari,Lalla,ahana-93@example.com,7655177631,26,Male,Jamshedpur,Rajasthan,Medium,2022-08-31,True,True
6438,15413,2022-09-18,completed,Raurkela Industrial Township,Madhya Pradesh,376887.66,Priyansh,Sekhon,tarabasu@example.org,911129974573,39,Male,Raurkela Industrial Township,Madhya Pradesh,Low,2024-11-18,True,True
6465,4034,2022-09-02,completed,Jammu,Tamil Nadu,619953.99,Hunar,Sen,chararmaan@example.com,913077900121,38,Male,Jammu,Tamil Nadu,Medium,2022-10-08,True,True
6491,10653,2023-06-05,completed,Mehsana,Telangana,496647.38,Sara,Barad,heervala@example.org,5786262181,22,Female,Mehsana,Telangana,Medium,2024-04-15,True,True
6512,10464,2023-04-20,completed,Sangli-Miraj & Kupwad,Maharashtra,334785.61,Kabir,Lala,balanishita@example.net,5392298993,22,Female,Sangli-Miraj & Kupwad,Maharashtra,Medium,2024-11-11,True,True
6513,2211,2022-09-13,completed,Vijayawada,Tamil Nadu,467131.33,Azad,Acharya,tara02@example.com,918986832120,40,Male,Vijayawada,Tamil Nadu,Medium,2023-02-15,True,True
6551,1438,2023-02-16,cancelled,Rajpur Sonarpur,Uttar Pradesh,424082.68,Taimur,Ranganathan,battaanika@example.com,1524461440,22,Female,Rajpur Sonarpur,Uttar Pradesh,Low,2023-01-17,True,True
6580,6015,2023-06-07,completed,Raichur,Uttar Pradesh,413625.78,Pari,Dani,parimallick@example.com,5758240834,28,Male,Raichur,Uttar Pradesh,High,2024-03-05,True,True
6597,12884,2024-03-30,completed,Jamshedpur,Bihar,522424.11,Jhanvi,Varty,vasajayesh@example.org,3684485232,37,Male,Jamshedpur,Bihar,Low,2023-07-06,True,True
6613,18611,2022-03-14,completed,Vasai-Virar,Telangana,637888.19,Hansh,Johal,tanyakapur@example.org,916899218150,46,Male,Vasai-Virar,Telangana,Low,2023-06-19,True,True
6672,1722,2024-07-22,cancelled,Rourkela,Gujarat,647380.03,Ishaan,Brar,yashvisidhu@example.net,9667715390,33,Male,Rourkela,Gujarat,Low,2023-11-01,True,True
6739,13160,2024-07-22,delivered,Bihar Sharif,Delhi,472195.57,Tiya,Ganesh,purab17@example.com,2169810513,40,Male,Bihar Sharif,Delhi,High,2023-03-18,True,True
6751,19502,2024-12-01,completed,Morbi,Uttar Pradesh,377939.79,Prerak,Raja,yadavvihaan@example.org,6949533036,20,Male,Morbi,Uttar Pradesh,Low,2022-02-27,True,True
6853,5335,2024-04-05,completed,Serampore,Karnataka,505629.36,Rhea,Goyal,jwason@example.net,2859712157,48,Female,Serampore,Karnataka,Medium,2022-03-20,True,True
6872,18325,2022-04-17,shipped,Bhimavaram,West Bengal,386921.54,Fateh,Swaminathan,hlad@example.com,8733968371,47,Male,Bhimavaram,West Bengal,Medium,2023-11-23,True,True
6887,7606,2024-06-24,completed,Raiganj,Rajasthan,524452.19,Gatik,Manda,kalakimaya@example.org,916143806118,22,Female,Raiganj,Rajasthan,Premium,2022-07-06,True,True
6972,7450,2024-09-01,completed,Durgapur,Bihar,575033.99,Lavanya,Seshadri,nishithrajan@example.org,914905410892,34,Female,Durgapur,Bihar,High,2023-08-28,True,True
6979,9835,2024-08-25,delivered,Bhalswa Jahangir Pur,Rajasthan,365097.79,Nehmat,Goel,bansalvedika@example.org,4880349033,29,Male,Bhalswa Jahangir Pur,Rajasthan,Low,2023-11-29,True,True
6988,13407,2022-12-07,completed,Panipat,Kerala,445436.36,Riaan,De,qsaxena@example.com,2336324410,40,Male,Panipat,Kerala,Medium,2022-08-28,True,True
6990,13518,2022-03-06,completed,Bhilwara,Uttar Pradesh,325372.42,Aaryahi,Banik,samaira98@example.org,911281001773,28,Male,Bhilwara,Uttar Pradesh,Medium,2022-02-07,True,True
7030,9356,2022-05-22,completed,Mira-Bhayandar,West Bengal,522645.13,Aaryahi,Seth,ebajaj@example.com,910125958107,36,Male,Mira-Bhayandar,West Bengal,Medium,2024-03-26,True,True
7086,15791,2023-01-31,completed,Rajahmundry,Madhya Pradesh,495702.53,Ivan,Jaggi,vritikauppal@example.com,910645079320,53,Male,Rajahmundry,Madhya Pradesh,Medium,2024-10-13,True,True
7167,5694,2023-04-03,shipped,Burhanpur,Uttar Pradesh,670954.18,Zaina,Mall,seher47@example.net,918959421145,32,Male,Burhanpur,Uttar Pradesh,Low,2022-07-06,True,True
7216,13985,2024-12-03,completed,Tiruchirappalli,Maharashtra,529840.97,Kanav,Rama,anya40@example.com,6328846218,34,Female,Tiruchirappalli,Maharashtra,Medium,2022-09-01,True,True
7240,16368,2024-04-11,pending,Vijayawada,Madhya Pradesh,776872.93,Bhamini,Sem,hrishitabali@example.org,913002682615,41,Female,Vijayawada,Madhya Pradesh,High,2024-01-17,True,True
7311,785,2023-07-11,delivered,Bharatpur,Tamil Nadu,623246.33,Akarsh,Varughese,ctripathi@example.com,8936289696,57,Male,Bharatpur,Tamil Nadu,Medium,2023-02-14,True,True
7373,12933,2024-12-27,delivered,Bhubaneswar,Tamil Nadu,331090.9,Anaya,Sant,thakkarkashvi@example.net,1251512306,47,Female,Bhubaneswar,Tamil Nadu,Medium,2022-06-28,True,True
7381,7190,2024-05-13,shipped,Tenali,Uttar Pradesh,407408.44,Miraan,Srinivasan,bhattialisha@example.com,5756793770,22,Male,Tenali,Uttar Pradesh,Medium,2023-10-31,True,True
7430,715,2024-05-17,processing,Shivpuri,Rajasthan,452016.63,Pihu,Kuruvilla,kaulzara@example.org,1602529867,19,Female,Shivpuri,Rajasthan,High,2024-10-12,True,True
7507,18022,2024-04-19,completed,Suryapet,Maharashtra,384770.56,Myra,Rajagopal,rhea05@example.net,200119674,49,Female,Suryapet,Maharashtra,Medium,2022-10-02,True,True
7512,6853,2022-08-03,completed,Miryalaguda,Uttar Pradesh,399457.0,Amani,Brahmbhatt,devanshsahni@example.net,911942897826,43,Male,Miryalaguda,Uttar Pradesh,Low,2022-06-26,True,True
7533,17512,2022-09-09,completed,Mumbai,Karnataka,391462.91,Shamik,Seth,riya69@example.org,919815635789,34,Male,Mumbai,Karnataka,High,2023-06-09,True,True
7559,16205,2024-06-12,delivered,Kozhikode,Uttar Pradesh,510743.16,Anika,Krishnamurthy,hdutt@example.com,1419690666,27,Male,Kozhikode,Uttar Pradesh,Medium,2024-06-04,True,True
7588,14872,2024-05-18,cancelled,Shimla,Uttar Pradesh,467095.06,Nirvi,Mander,odey@example.net,910360809824,37,Female,Shimla,Uttar Pradesh,Low,2022-07-15,True,True
7639,18683,2023-12-15,completed,Kakinada,Rajasthan,358327.78,Tara,Karan,kalatiya@example.net,6687584232,20,Female,Kakinada,Rajasthan,Medium,2023-10-21,True,True
7642,9409,2022-10-27,completed,Tinsukia,Telangana,390343.21,Ivan,Balakrishnan,uthkarshdhaliwal@example.net,6247762704,44,Female,Tinsukia,Telangana,High,2024-10-01,False,True
7719,13367,2022-10-23,completed,Kadapa,Punjab,450668.05,Ayesha,Edwin,tejascherian@example.net,8066463442,33,Male,Kadapa,Punjab,Medium,2022-08-27,True,True
7859,19256,2024-06-16,completed,Durgapur,Uttar Pradesh,568314.15,Zara,Grover,ybir@example.net,750530585,30,Male,Durgapur,Uttar Pradesh,Low,2024-09-18,True,True
7929,19809,2023-11-23,completed,Jorhat,Tamil Nadu,396715.21,Yashvi,Bali,shayaksuresh@example.com,3107145751,41,Female,Jorhat,Tamil Nadu,Medium,2024-01-25,True,True
7939,7926,2022-11-20,completed,Bihar Sharif,Uttar Pradesh,396280.05,Arhaan,Sami,desaihimmat@example.com,1200786550,21,Female,Bihar Sharif,Uttar Pradesh,Low,2023-04-08,True,True
7956,15187,2024-02-27,completed,Thane,Maharashtra,618860.1,Jayan,Batra,zbatta@example.org,3480236160,33,Female,Thane,Maharashtra,Low,2022-10-11,False,True
8046,9557,2023-05-16,shipped,Mehsana,Maharashtra,740414.75,Kashvi,Ramaswamy,mehulvala@example.com,916666256053,41,Male,Mehsana,Maharashtra,Medium,2024-12-01,True,True
8067,19427,2022-07-18,completed,Raipur,Kerala,384400.45,Jiya,Sem,tkibe@example.com,8488408416,27,Male,Raipur,Kerala,Medium,2023-09-15,True,True
8077,17876,2023-09-20,processing,Faridabad,Karnataka,499457.95,Darshit,Sanghvi,tara14@example.org,8161865014,39,Female,Faridabad,Karnataka,High,2024-09-09,False,True
8115,3796,2024-02-09,completed,Nandyal,Madhya Pradesh,511159.65,Eva,Bala,bhaktaazad@example.com,844445325,39,Female,Nandyal,Madhya Pradesh,Medium,2022-07-27,True,True
8121,3591,2024-11-17,cancelled,Bareilly,Kerala,457229.99,Charvi,Ratta,fatehgupta@example.org,2786348765,45,Female,Bareilly,Kerala,Low,2022-07-27,True,True
8143,14629,2022-11-19,shipped,Kirari Suleman Nagar,Maharashtra,424476.1,Amani,Lall,mlalla@example.org,8085857538,39,Female,Kirari Suleman Nagar,Maharashtra,Low,2022-09-24,True,True
8156,19132,2022-10-12,completed,Nagercoil,Bihar,557949.39,Fateh,Ram,janne@example.org,5886087177,21,Female,Nagercoil,Bihar,Low,2022-03-04,True,True
8193,4936,2024-06-10,completed,Gandhidham,West Bengal,485068.8,Tanya,Sule,ojasmani@example.net,1561354663,35,Male,Gandhidham,West Bengal,High,2022-10-31,False,True
8200,16580,2023-10-11,processing,South Dumdum,Madhya Pradesh,518975.69,Ishaan,Varughese,jbhatt@example.net,4603458273,36,Female,South Dumdum,Madhya Pradesh,Low,2024-09-20,True,True
8218,7532,2024-10-02,completed,Gandhidham,Telangana,465239.05,Tiya,Venkatesh,rayanika@example.net,2468984147,33,Female,Gandhidham,Telangana,High,2022-10-16,False,True
8288,8484,2023-07-13,completed,Bikaner,Uttar Pradesh,590934.21,Anvi,Sethi,kohliehsaan@example.com,5141406171,18,Female,Bikaner,Uttar Pradesh,High,2024-11-18,True,True
8355,18002,2022-11-10,completed,Jabalpur,Madhya Pradesh,577002.08,Sana,Bera,jiya08@example.com,914454842783,42,Female,Jabalpur,Madhya Pradesh,Medium,2024-06-16,True,True
8379,9902,2023-12-10,shipped,Sultan Pur Majra,Uttar Pradesh,435498.62,Arhaan,Yogi,zoya21@example.com,914049263074,39,Male,Sultan Pur Majra,Uttar Pradesh,Medium,2024-10-02,True,True
8384,11527,2024-09-16,completed,Yamunanagar,Maharashtra,341457.82,Indrajit,Magar,pariiyer@example.org,919019939370,38,Male,Yamunanagar,Maharashtra,Low,2023-06-17,True,True
8428,4365,2022-06-10,shipped,Bharatpur,Uttar Pradesh,354444.92,Azad,Dalal,sahilchadha@example.org,914177921170,25,Male,Bharatpur,Uttar Pradesh,High,2022-09-10,True,True
8443,10853,2022-06-24,cancelled,Jorhat,Tamil Nadu,418364.86,Priyansh,Bansal,mamootyraval@example.net,1434141693,38,Male,Jorhat,Tamil Nadu,Medium,2023-03-09,True,True
8454,448,2023-09-05,completed,Dehri,Bihar,692393.67,Biju,Hegde,sahotanayantara@example.org,846684550,49,Male,Dehri,Bihar,Low,2024-08-06,True,True
8474,17309,2022-06-26,delivered,Ludhiana,Telangana,503461.1,Diya,Basak,dsamra@example.com,2005126532,57,Male,Ludhiana,Telangana,Medium,2022-08-28,False,True
8495,18502,2023-12-24,shipped,New Delhi,Uttar Pradesh,482654.14,Kiara,Divan,mamooty72@example.net,2103721061,51,Female,New Delhi,Uttar Pradesh,Medium,2022-07-05,True,True
8507,1334,2024-03-14,shipped,Bulandshahr,Punjab,644779.06,Priyansh,Kala,lakshitarya@example.com,7306718222,28,Female,Bulandshahr,Punjab,High,2024-01-09,True,True
8511,16644,2023-11-17,completed,Vijayawada,Madhya Pradesh,667148.75,Baiju,Ahuja,iwali@example.net,917907198888,31,Female,Vijayawada,Madhya Pradesh,Low,2023-09-23,True,True
8554,8078,2022-07-10,completed,Bokaro,Maharashtra,401346.35,Misha,Loke,bzacharia@example.com,7920175038,46,Male,Bokaro,Maharashtra,Low,2024-05-09,True,True
8560,8404,2024-06-30,pending,Nangloi Jat,Delhi,447359.96,Shaan,Deep,tejas17@example.org,910115561945,40,Male,Nangloi Jat,Delhi,Medium,2024-03-22,True,True
8634,16719,2024-01-23,completed,Hyderabad,West Bengal,480466.12,Indranil,Sundaram,sonitara@example.org,910044969537,18,Male,Hyderabad,West Bengal,Medium,2022-01-12,True,True
8660,14918,2024-12-10,completed,Medininagar,Uttar Pradesh,450500.88,Jayant,Kala,jayantsubramaniam@example.net,6772621198,34,Female,Medininagar,Uttar Pradesh,Medium,2023-06-11,False,True
8684,12986,2023-02-06,completed,Parbhani,West Bengal,345770.1,Nehmat,Uppal,bgarde@example.com,4895026165,57,Female,Parbhani,West Bengal,Medium,2023-10-10,True,True
8706,7386,2023-10-01,completed,Bhusawal,Tamil Nadu,584412.04,Urvi,Agrawal,schopra@example.org,915364207363,18,Male,Bhusawal,Tamil Nadu,High,2023-10-17,True,True
8720,7993,2023-01-28,delivered,Raichur,Punjab,367870.84,Rati,Chaudhari,keya53@example.com,7965408515,25,Male,Raichur,Punjab,Medium,2023-09-29,True,True
8762,16970,2024-11-06,completed,Surendranagar Dudhrej,Maharashtra,549089.95,Anahi,Andra,anahichadha@example.org,78469211,42,Male,Surendranagar Dudhrej,Maharashtra,High,2023-08-03,True,True
8812,12980,2022-12-27,completed,Haridwar,Maharashtra,376897.32,Arhaan,Mall,vihaan29@example.org,6738663550,32,Male,Haridwar,Maharashtra,High,2024-12-30,True,True
8820,15943,2023-06-20,cancelled,Latur,Bihar,350796.49,Aaina,Kothari,odua@example.net,6886816877,34,Male,Latur,Bihar,Medium,2023-07-29,True,True
8847,13613,2024-04-11,completed,Bhiwandi,Madhya Pradesh,565927.74,Aayush,Tata,diyalad@example.com,2163653462,32,Female,Bhiwandi,Madhya Pradesh,Low,2022-08-15,True,True
8938,3673,2024-01-31,completed,Nashik,Gujarat,346564.6,Nehmat,Chandran,samihaanand@example.org,910565723861,55,Male,Nashik,Gujarat,Low,2022-04-29,True,True
9005,11320,2023-11-22,completed,Bhubaneswar,Karnataka,647447.87,Charvi,Bumb,sabharwalpranay@example.com,3356308239,22,Female,Bhubaneswar,Karnataka,Low,2022-01-19,True,True
9035,14017,2024-07-14,completed,Kavali,Tamil Nadu,470898.08,Jivin,Magar,svaidya@example.com,8400544773,42,Male,Kavali,Tamil Nadu,Premium,2022-10-22,True,True
9084,10445,2022-10-27,completed,Kolhapur,Madhya Pradesh,497904.3,Ela,Mane,vreddy@example.net,5681197516,49,Female,Kolhapur,Madhya Pradesh,Low,2024-07-27,True,True
9099,2770,2024-07-01,completed,Moradabad,Maharashtra,446002.1,Navya,Chada,fkuruvilla@example.org,917837318359,18,Male,Moradabad,Maharashtra,Medium,2022-09-23,True,True
9110,15964,2022-03-30,completed,Moradabad,Madhya Pradesh,419468.01,Ishaan,Badami,faiyaziyengar@example.com,9329800771,24,Male,Moradabad,Madhya Pradesh,Medium,2023-09-08,True,True
9172,14891,2022-08-24,completed,Dehri,Madhya Pradesh,512799.8,Prerak,Bhatt,taraamira@example.net,2002151003,30,Female,Dehri,Madhya Pradesh,High,2022-09-23,True,True
9178,1889,2023-06-07,completed,Satara,Kerala,340158.81,Abram,Bhalla,tsharaf@example.org,7344794592,21,Female,Satara,Kerala,High,2024-11-13,True,True
9187,7279,2023-10-31,completed,Barasat,Rajasthan,878961.71,Madhup,Chana,sram@example.org,722298124,50,Male,Barasat,Rajasthan,Medium,2022-03-07,True,True
9192,1208,2022-01-01,completed,Ghaziabad,Tamil Nadu,438096.04,Mahika,Agrawal,miraan34@example.com,914747648455,43,Male,Ghaziabad,Tamil Nadu,Low,2023-11-10,True,True
9194,11609,2024-09-10,completed,Phusro,Uttar Pradesh,374228.06,Hiran,Magar,ymagar@example.com,3798324283,56,Female,Phusro,Uttar Pradesh,Low,2023-02-06,True,True
9215,6856,2022-08-01,completed,Thane,Uttar Pradesh,502816.62,Seher,Manda,bhagatjiya@example.org,7813716097,35,Female,Thane,Uttar Pradesh,Low,2023-07-29,True,True
9266,8062,2022-03-16,shipped,Kolhapur,Gujarat,359058.74,Tejas,Grover,jvarma@example.com,1589271259,37,Female,Kolhapur,Gujarat,Low,2024-09-01,True,True
9316,16084,2022-06-16,processing,Morena,Gujarat,371000.87,Indranil,Salvi,ranbirkanda@example.com,7233379497,46,Male,Morena,Gujarat,Medium,2023-03-17,True,True
9350,16930,2022-11-04,completed,Bhusawal,Rajasthan,623931.09,Ojas,Barad,dkakar@example.net,919184300960,40,Female,Bhusawal,Rajasthan,High,2024-11-09,True,True
9388,9172,2024-08-01,completed,Belgaum,Uttar Pradesh,556029.83,Samiha,Vig,gbajaj@example.net,6631836474,48,Male,Belgaum,Uttar Pradesh,Medium,2022-07-12,True,True
9392,16215,2024-04-01,completed,Sasaram,Maharashtra,556974.09,Charvi,Dar,devanhunar@example.org,9517033838,18,Female,Sasaram,Maharashtra,Medium,2024-12-24,True,True
9474,1804,2023-11-02,processing,Bellary,Punjab,349549.38,Anahi,Tak,ggopal@example.com,8375681678,18,Female,Bellary,Punjab,Medium,2023-04-22,True,True
9498,15675,2023-09-04,completed,Navi Mumbai,Karnataka,368057.48,Ela,Ratta,taranrastogi@example.org,4053063704,54,Male,Navi Mumbai,Karnataka,Low,2022-09-16,True,True
9520,17786,2024-05-15,completed,Jorhat,Uttar Pradesh,439520.05,Misha,Ramachandran,janizain@example.com,919928134489,43,Male,Jorhat,Uttar Pradesh,High,2024-02-14,True,True
9523,12603,2023-03-16,completed,Durgapur,Uttar Pradesh,500012.2,Yashvi,Khare,trivedimannat@example.com,912321057978,27,Male,Durgapur,Uttar Pradesh,Medium,2024-09-16,True,True
9558,18906,2022-05-17,completed,Madhyamgram,Maharashtra,476442.72,Abram,Vora,tellaemir@example.net,5563818426,24,Male,Madhyamgram,Maharashtra,Low,2022-06-25,True,True
9584,15084,2024-06-06,completed,Surendranagar Dudhrej,Tamil Nadu,373129.81,Nehmat,Bala,msingh@example.org,1810807337,43,Female,Surendranagar Dudhrej,Tamil Nadu,Low,2024-01-07,True,True
9713,3428,2024-07-25,delivered,Jamnagar,Karnataka,458246.3,Aradhya,Johal,eva14@example.net,1967991845,47,Female,Jamnagar,Karnataka,Low,2022-01-05,True,True
9715,17963,2024-08-24,completed,Bihar Sharif,Bihar,357121.93,Ira,Kamdar,shayre@example.com,910811906422,50,Female,Bihar Sharif,Bihar,High,2024-01-05,True,True
9748,8582,2024-05-30,completed,Thane,Rajasthan,443056.15,Pari,Vora,sethojas@example.net,5852186464,20,Female,Thane,Rajasthan,Low,2023-11-02,True,True
9839,11116,2022-06-04,cancelled,Rampur,Uttar Pradesh,503482.03,Siya,Sant,chaudharymohanlal@example.com,919498440853,39,Female,Rampur,Uttar Pradesh,Medium,2024-11-23,True,True
9975,15010,2023-09-18,processing,Raipur,Bihar,682968.29,Faiyaz,Saraf,oshere@example.com,913679612988,28,Female,Raipur,Bihar,High,2024-07-23,True,True
9991,16464,2024-05-10,delivered,Dehradun,Maharashtra,352306.09,Purab,Master,aliabrar@example.com,2765091223,28,Female,Dehradun,Maharashtra,Low,2024-09-28,True,True
10062,6114,2024-02-29,completed,Kalyan-Dombivli,Uttar Pradesh,454497.8,Armaan,Bhatti,keyadass@example.net,5131989484,18,Female,Kalyan-Dombivli,Uttar Pradesh,High,2024-01-01,True,True
10261,8718,2023-07-21,completed,Aurangabad,Punjab,364949.86,Zoya,Bahri,andrasara@example.net,919179841290,18,Male,Aurangabad,Punjab,Medium,2024-11-16,True,True
10267,19084,2023-04-08,delivered,Varanasi,Rajasthan,434839.26,Urvi,Master,samar39@example.org,4967308101,19,Male,Varanasi,Rajasthan,High,2024-05-18,True,True
10331,15869,2024-03-04,completed,Agartala,West Bengal,379209.18,Vaibhav,Ramesh,wkulkarni@example.org,915231744435,29,Male,Agartala,West Bengal,Low,2024-03-22,True,True
10424,9074,2022-07-29,completed,Bidar,Maharashtra,658353.13,Faiyaz,Raj,dharpranay@example.com,6938536062,28,Male,Bidar,Maharashtra,Low,2022-09-19,True,True
10516,13754,2024-02-04,completed,Burhanpur,Punjab,467334.05,Parinaaz,Chand,thakeralia@example.com,214062672,24,Female,Burhanpur,Punjab,Low,2024-01-02,True,True
10669,4645,2023-07-27,completed,Ludhiana,Uttar Pradesh,331188.12,Eshani,Vohra,advik48@example.net,910606708762,42,Female,Ludhiana,Uttar Pradesh,Low,2024-02-29,True,True
10676,3337,2022-08-29,cancelled,Indore,Gujarat,443539.35,Akarsh,Kuruvilla,balanuthkarsh@example.com,910917965105,65,Male,Indore,Gujarat,Medium,2024-04-19,True,True
10678,14909,2024-03-10,delivered,Thiruvananthapuram,Uttar Pradesh,594900.47,Khushi,Chandra,sankaranvritika@example.com,910381356510,18,Female,Thiruvananthapuram,Uttar Pradesh,Low,2022-12-19,True,True
10696,7770,2024-08-26,shipped,Danapur,Bihar,506847.84,Ojas,Sarma,sumermand@example.net,9807123609,44,Male,Danapur,Bihar,Premium,2022-05-23,True,True
10701,9463,2023-12-02,completed,Rampur,Bihar,420786.57,Pihu,Madan,chaudhryshanaya@example.org,1339153175,42,Male,Rampur,Bihar,Low,2022-04-24,True,True
10723,16586,2023-07-02,completed,Bareilly,Rajasthan,788584.36,Mohanlal,Korpal,darshitmandal@example.com,3129128540,39,Female,Bareilly,Rajasthan,Low,2023-11-19,True,True
10725,14962,2024-04-02,completed,Pune,Madhya Pradesh,518182.66,Rhea,Handa,ratighose@example.org,7290314293,35,Male,Pune,Madhya Pradesh,Low,2024-12-16,True,True
10740,12056,2023-02-07,completed,Bongaigaon,Bihar,373120.14,Renee,Ranganathan,kashvikumar@example.org,6932554417,34,Female,Bongaigaon,Bihar,Low,2022-01-09,True,True
10781,17245,2024-12-16,completed,Jammu,Uttar Pradesh,771601.35,Yasmin,Sibal,kalaneelofar@example.net,5956400954,43,Male,Jammu,Uttar Pradesh,Low,2022-08-09,True,True
10817,7711,2022-05-22,completed,Jamshedpur,West Bengal,398413.79,Myra,Chhabra,ggrewal@example.org,8380623946,56,Male,Jamshedpur,West Bengal,Medium,2024-08-23,True,True
10824,14324,2024-05-04,completed,Burhanpur,Gujarat,361553.39,Biju,Savant,hanshkothari@example.com,910095195225,20,Male,Burhanpur,Gujarat,Medium,2023-08-27,True,True
10930,15969,2024-05-05,pending,Fatehpur,Madhya Pradesh,361125.97,Kismat,Deol,evamani@example.com,8083642924,18,Male,Fatehpur,Madhya Pradesh,Low,2024-03-22,True,True
10932,5250,2022-10-04,delivered,Ludhiana,Madhya Pradesh,345623.71,Hridaan,Walia,yasmin46@example.com,916166945948,41,Female,Ludhiana,Madhya Pradesh,Medium,2024-01-11,True,True
10946,19744,2022-04-19,completed,Morena,Maharashtra,561569.08,Neelofar,Devi,ladrania@example.com,917968985807,31,Male,Morena,Maharashtra,Medium,2024-04-11,True,True
10954,11026,2022-12-29,completed,Guna,Tamil Nadu,361847.08,Kismat,Dube,tboase@example.org,911379207169,21,Female,Guna,Tamil Nadu,Medium,2023-09-07,True,True
10992,10344,2022-02-10,completed,Ongole,Madhya Pradesh,355610.14,Pranay,Deol,wtata@example.org,917139372595,18,Male,Ongole,Madhya Pradesh,Medium,2024-02-10,True,True
11012,7483,2023-06-26,completed,Bhusawal,Gujarat,383849.29,Advika,Lala,mishakurian@example.net,914488375185,32,Male,Bhusawal,Gujarat,Medium,2024-01-04,True,True
11126,17080,2022-01-14,cancelled,Rajpur Sonarpur,Kerala,601116.87,Anahita,Korpal,saira08@example.com,918764327572,18,Male,Rajpur Sonarpur,Kerala,Low,2022-09-11,True,True
11166,4206,2022-12-11,shipped,Junagadh,Uttar Pradesh,352411.15,Jiya,Chowdhury,veerraman@example.com,6431029120,27,Female,Junagadh,Uttar Pradesh,Medium,2024-10-11,True,True
11172,5722,2023-07-08,delivered,Bangalore,Tamil Nadu,388999.0,Kavya,Sachdeva,ukothari@example.com,6164804210,28,Female,Bangalore,Tamil Nadu,High,2023-10-28,True,True
11179,6394,2022-05-11,pending,Amritsar,Punjab,324172.52,Kashvi,Dada,hegdeela@example.org,913255170915,29,Female,Amritsar,Punjab,Premium,2023-08-27,True,True
11403,18957,2022-07-30,shipped,Chennai,Madhya Pradesh,382524.16,Kimaya,Kanda,jhaveriakarsh@example.com,1232536973,46,Female,Chennai,Madhya Pradesh,Low,2022-04-09,True,True
11430,10207,2022-11-01,completed,Haldia,Karnataka,636573.86,Adah,Devi,sumer97@example.net,2835197620,23,Male,Haldia,Karnataka,Low,2023-12-30,True,True
11440,7393,2022-02-02,completed,Jamshedpur,Karnataka,549243.4,Mannat,Gulati,reyansh64@example.org,5778392049,31,Male,Jamshedpur,Karnataka,High,2023-01-25,True,True
11541,14992,2023-07-14,processing,Satara,Telangana,354444.92,Kashvi,Mahal,manjarimander@example.org,918605540619,29,Female,Satara,Telangana,Low,2024-10-10,True,True
11618,7855,2024-04-21,delivered,Hapur,Maharashtra,426143.98,Sara,Ganesh,armaanvala@example.org,6177668584,42,Male,Hapur,Maharashtra,Low,2023-07-28,True,True
11663,3997,2024-11-17,completed,Silchar,Gujarat,388746.53,Aniruddh,Sidhu,fdas@example.org,7218508226,29,Male,Silchar,Gujarat,Low,2023-01-21,True,True
11678,8302,2023-12-21,shipped,Malegaon,Maharashtra,392238.65,Lavanya,Walla,zoya14@example.com,1804187840,27,Female,Malegaon,Maharashtra,Medium,2024-10-21,True,True
11746,7781,2024-07-05,completed,Yamunanagar,Punjab,511331.91,Biju,Anne,shalv16@example.com,912733346880,52,Female,Yamunanagar,Punjab,High,2024-08-16,True,True
11756,19292,2023-01-03,completed,Davanagere,Madhya Pradesh,418905.1,Damini,Sengupta,eshanibawa@example.net,917786103614,51,Female,Davanagere,Madhya Pradesh,Medium,2023-09-21,True,True
11775,11772,2022-06-21,completed,Junagadh,Rajasthan,702410.61,Manjari,Baria,elakshisubramanian@example.com,6741095095,33,Female,Junagadh,Rajasthan,Low,2022-08-04,True,True
11821,7730,2024-02-01,shipped,New Delhi,Gujarat,339262.04,Anika,Sandal,anaya96@example.com,913880882831,33,Female,New Delhi,Gujarat,Medium,2023-09-30,True,True
11873,11474,2024-08-23,delivered,Ulhasnagar,Uttar Pradesh,347237.35,Mehul,Ratti,miraan76@example.org,8674097431,39,Female,Ulhasnagar,Uttar Pradesh,High,2024-09-22,True,True
11885,18126,2023-11-15,completed,Muzaffarpur,Bihar,652986.02,Kavya,Thakur,samairasen@example.com,3611797457,29,Female,Muzaffarpur,Bihar,Low,2023-02-12,True,True
11893,7006,2022-03-12,completed,Gorakhpur,Madhya Pradesh,423701.99,Sana,Mahal,prisha90@example.net,3320237863,27,Female,Gorakhpur,Madhya Pradesh,Low,2023-03-29,False,True
11939,4908,2022-03-28,processing,Tiruchirappalli,Tamil Nadu,904579.51,Taimur,Shere,iborah@example.org,914428845,22,Female,Tiruchirappalli,Tamil Nadu,High,2024-11-29,True,True
11960,18673,2022-01-15,completed,Hazaribagh,Karnataka,424912.31,Oorja,Mangat,staneja@example.com,911931453082,18,Female,Hazaribagh,Karnataka,Medium,2024-09-25,True,True
12007,19912,2023-07-03,completed,Kochi,Karnataka,518710.85,Saksham,Kaul,yashvi64@example.net,8874733792,39,Male,Kochi,Karnataka,Low,2024-10-02,True,True
12039,5914,2022-08-29,completed,Yamunanagar,Madhya Pradesh,331310.64,Kiaan,Behl,ikrishnamurthy@example.net,1399017855,37,Female,Yamunanagar,Madhya Pradesh,Medium,2023-05-30,True,True
12092,9628,2023-03-15,completed,Saharanpur,Uttar Pradesh,417608.72,Azad,Bhattacharyya,khatrirhea@example.com,1806594954,39,Female,Saharanpur,Uttar Pradesh,High,2024-09-09,True,True
12099,256,2022-11-06,completed,Pune,Rajasthan,511106.46,Yashvi,Manne,mishasahni@example.net,2579913662,27,Male,Pune,Rajasthan,Low,2022-11-11,True,True
12118,10588,2023-12-05,completed,Bhind,Karnataka,666921.3,Jivika,Swamy,chahaldivyansh@example.com,6424870408,20,Male,Bhind,Karnataka,Medium,2024-02-24,True,True
12151,13967,2023-09-07,completed,Mango,Rajasthan,340653.06,Vidur,Borra,madhavsehgal@example.net,3179603445,31,Female,Mango,Rajasthan,Premium,2023-11-04,True,True
12164,16152,2022-05-15,completed,Kottayam,Uttar Pradesh,404892.85,Yashvi,Sundaram,gbhandari@example.org,919088724927,38,Male,Kottayam,Uttar Pradesh,Medium,2024-11-26,True,True
12180,10924,2024-11-25,completed,Raiganj,Maharashtra,607131.37,Baiju,Upadhyay,anayabhandari@example.org,6849787588,29,Male,Raiganj,Maharashtra,Low,2022-10-23,True,True
12218,5569,2024-12-02,completed,Anantapuram,Tamil Nadu,327218.55,Anvi,Kuruvilla,ulad@example.org,910575257583,37,Male,Anantapuram,Tamil Nadu,Medium,2024-07-29,True,True
12251,17892,2022-12-03,shipped,Guntakal,West Bengal,745989.15,Charvi,Malhotra,urege@example.net,914529650915,19,Male,Guntakal,West Bengal,Medium,2023-11-15,True,True
12265,9057,2023-01-28,completed,Chandigarh,Uttar Pradesh,710140.07,Vihaan,Wadhwa,talwarriaan@example.org,267081406,29,Male,Chandigarh,Uttar Pradesh,Medium,2022-08-17,True,True
12311,11322,2022-02-18,shipped,Berhampore,Bihar,422419.97,Rohan,Edwin,etripathi@example.org,7136171392,43,Female,Berhampore,Bihar,Medium,2023-04-19,True,True
12349,2915,2022-08-29,completed,Machilipatnam,West Bengal,513831.25,Vanya,Thaker,miraankar@example.org,6456048511,68,Male,Machilipatnam,West Bengal,Medium,2023-05-13,True,True
12356,627,2024-05-12,shipped,Avadi,Kerala,451504.69,Arnav,Mann,manjari16@example.com,5410727284,19,Male,Avadi,Kerala,Low,2024-01-27,True,True
12396,8514,2023-06-08,completed,Kollam,Uttar Pradesh,414451.43,Mishti,Wali,riaan69@example.org,2096640877,26,Female,Kollam,Uttar Pradesh,High,2023-05-25,True,True
12516,10494,2022-05-11,delivered,Nagercoil,West Bengal,402685.61,Arnav,Srivastava,deepindrajit@example.net,9975580753,33,Female,Nagercoil,West Bengal,Low,2024-09-01,True,True
12527,14061,2024-03-25,completed,Mehsana,Delhi,382267.12,Aarav,Balakrishnan,kanavchopra@example.net,1134667192,34,Female,Mehsana,Delhi,Low,2024-05-16,True,True
12609,9057,2023-10-16,cancelled,Chandigarh,Uttar Pradesh,401420.33,Vihaan,Wadhwa,talwarriaan@example.org,267081406,29,Male,Chandigarh,Uttar Pradesh,Medium,2022-08-17,True,True
12649,6550,2023-05-15,shipped,Bhubaneswar,Bihar,426968.2,Jhanvi,Sidhu,romilmander@example.org,8747474926,34,Female,Bhubaneswar,Bihar,High,2024-09-23,False,True
12693,14493,2023-02-25,completed,Sambhal,Uttar Pradesh,379799.97,Seher,Sane,kabir00@example.com,3425254029,36,Female,Sambhal,Uttar Pradesh,Medium,2024-11-03,True,True
12718,10680,2023-06-26,delivered,Ranchi,Maharashtra,382796.86,Anvi,Maharaj,rohantoor@example.org,2261404184,24,Female,Ranchi,Maharashtra,Medium,2024-06-01,True,True
12720,14223,2023-11-13,completed,Guntur,Tamil Nadu,605633.62,Shalv,Varghese,gdeshpande@example.net,2951535731,34,Male,Guntur,Tamil Nadu,Medium,2022-01-31,True,True
12739,17565,2023-09-08,completed,Bongaigaon,West Bengal,603407.26,Vardaniya,Hari,eahluwalia@example.net,916048559074,31,Female,Bongaigaon,West Bengal,Medium,2022-11-26,True,True
12752,4747,2023-11-25,completed,Gwalior,Bihar,381540.72,Anahi,Goel,dashaniruddh@example.org,910730816348,24,Male,Gwalior,Bihar,Low,2022-02-02,False,True
12792,1658,2024-11-06,completed,Chapra,Tamil Nadu,390299.95,Shray,Das,vihaanbahri@example.net,7462720536,19,Male,Chapra,Tamil Nadu,High,2022-04-08,True,True
12805,13032,2024-10-23,completed,Delhi,Maharashtra,501635.1,Siya,Sastry,toormehul@example.net,3276633428,25,Female,Delhi,Maharashtra,Low,2024-12-30,True,True
12813,1962,2024-12-30,completed,Nizamabad,Rajasthan,349281.49,Nayantara,Raj,kmane@example.net,916660485312,35,Male,Nizamabad,Rajasthan,High,2024-10-12,True,True
12817,6143,2023-10-30,completed,Varanasi,Uttar Pradesh,406171.52,Yuvraj ,Devan,madangatik@example.com,913092707868,42,Female,Varanasi,Uttar Pradesh,Low,2024-11-27,True,True
12825,18313,2023-07-09,completed,Sambhal,Karnataka,496647.11,Himmat,Kulkarni,nmallick@example.net,3466343992,36,Female,Sambhal,Karnataka,Low,2024-04-17,True,True
12857,19005,2024-09-06,delivered,Nanded,Rajasthan,529531.14,Divit,Lal,khoslajayesh@example.com,911223094949,36,Male,Nanded,Rajasthan,Medium,2024-10-15,True,True
12879,14560,2024-11-09,completed,Srikakulam,Madhya Pradesh,326261.66,Eshani,Rastogi,priyansh82@example.org,4491847888,21,Male,Srikakulam,Madhya Pradesh,Low,2022-04-03,True,True
12924,9912,2023-09-04,completed,Thiruvananthapuram,Telangana,354784.79,Shray,Sahota,gokulgole@example.net,5131332260,46,Female,Thiruvananthapuram,Telangana,Medium,2024-10-15,True,True
12940,4213,2023-03-07,shipped,Ichalkaranji,Gujarat,325552.38,Tejas,Singhal,ydalia@example.com,919768252381,26,Female,Ichalkaranji,Gujarat,Medium,2024-01-06,True,True
13023,11086,2022-04-14,completed,Amroha,Madhya Pradesh,344551.22,Kabir,Deep,sharafhunar@example.com,7003301324,27,Male,Amroha,Madhya Pradesh,Low,2022-01-12,True,True
13067,9662,2022-01-17,cancelled,Arrah,Gujarat,480841.66,Vidur,Hayre,jayeshkota@example.org,918288738772,18,Male,Arrah,Gujarat,High,2024-08-04,True,True
13076,6624,2023-01-25,delivered,Thiruvananthapuram,Uttar Pradesh,538511.46,Jayant,Dave,anahi64@example.net,912920679385,46,Female,Thiruvananthapuram,Uttar Pradesh,Medium,2023-07-14,True,True
13106,16213,2022-09-11,completed,Mehsana,Karnataka,402145.29,Myra,Seth,lbhat@example.org,7651842858,24,Male,Mehsana,Karnataka,Premium,2022-07-17,True,True
13109,2755,2022-11-30,completed,Kishanganj,Bihar,571238.26,Piya,Borah,shalvgera@example.net,6808469001,31,Female,Kishanganj,Bihar,Low,2022-06-22,True,True
13150,3923,2022-03-15,completed,Bhiwani,Kerala,410280.04,Trisha,Kumar,urvi84@example.org,914954928767,34,Female,Bhiwani,Kerala,Low,2023-12-02,True,True
13205,2635,2022-07-26,completed,Kurnool,Telangana,476958.86,Mishti,Ranganathan,kalasaira@example.net,4735642729,35,Male,Kurnool,Telangana,Low,2023-10-04,True,True
13269,17057,2024-06-15,shipped,Berhampur,Rajasthan,395056.82,Ojas,Thakkar,prisha01@example.net,7840877564,30,Female,Berhampur,Rajasthan,Premium,2023-08-30,True,True
13272,14818,2023-03-06,shipped,Akola,Telangana,385218.22,Advik,Trivedi,dubegokul@example.net,917779567212,19,Female,Akola,Telangana,Low,2024-05-17,True,True
13334,5319,2024-08-17,shipped,Anantapuram,Uttar Pradesh,488455.29,Ritvik,Sarkar,kismat74@example.net,914518736515,22,Female,Anantapuram,Uttar Pradesh,Low,2023-01-06,True,True
13340,17091,2024-02-19,completed,Burhanpur,Telangana,372884.2,Indrans,Sangha,rajuriaan@example.net,9031330798,59,Male,Burhanpur,Telangana,Low,2022-08-23,True,True
13364,7063,2022-05-31,completed,Bhiwani,Tamil Nadu,963522.12,Inaaya ,Lal,cvarughese@example.com,916102982177,39,Male,Bhiwani,Tamil Nadu,Low,2024-08-05,True,True
13418,5737,2022-05-24,completed,Rajpur Sonarpur,Maharashtra,511268.52,Jivika,Sandal,mannatapte@example.net,5438128582,34,Male,Rajpur Sonarpur,Maharashtra,Medium,2024-04-17,True,True
13479,14406,2024-04-13,shipped,Korba,West Bengal,347999.67,Rhea,Wason,khushi50@example.com,915181319201,28,Female,Korba,West Bengal,Medium,2022-03-16,False,True
13513,17264,2023-06-17,completed,Gwalior,Karnataka,744360.83,Armaan,Barad,tarangola@example.org,913909268106,41,Female,Gwalior,Karnataka,Low,2022-07-25,True,True
13520,13678,2024-02-22,completed,Surendranagar Dudhrej,Bihar,358221.42,Mahika,Ganesan,krishnamurthysaanvi@example.com,918689572993,38,Male,Surendranagar Dudhrej,Bihar,Medium,2024-10-09,True,True
13543,15091,2022-11-22,completed,Kolhapur,Rajasthan,460215.44,Piya,Tiwari,sandalfaiyaz@example.com,7085180483,25,Male,Kolhapur,Rajasthan,Premium,2024-05-25,True,True
13554,12670,2022-03-03,pending,Jamnagar,Uttar Pradesh,400177.32,Arnav,Shah,azad39@example.org,857771840,27,Female,Jamnagar,Uttar Pradesh,High,2022-09-16,True,True
13641,18490,2022-12-29,completed,Junagadh,West Bengal,370514.45,Samaira,Sami,badalkata@example.com,161249692,40,Female,Junagadh,West Bengal,Low,2022-03-30,True,True
13686,3463,2024-03-12,completed,Amaravati,Gujarat,444995.68,Keya,Kota,uppalazad@example.org,443305098,29,Male,Amaravati,Gujarat,High,2024-07-01,True,True
13737,7168,2022-01-12,completed,Rajkot,Gujarat,330694.82,Samaira,Vora,byohannan@example.com,914909004779,57,Male,Rajkot,Gujarat,High,2023-09-05,True,True
13762,8822,2022-04-10,completed,Hosur,Karnataka,471073.95,Anaya,Bala,sanikanav@example.net,8551169512,49,Male,Hosur,Karnataka,Medium,2023-10-08,True,True
13843,13854,2023-02-05,delivered,Suryapet,Maharashtra,373017.7,Aaryahi,Magar,handra@example.com,9837563365,51,Female,Suryapet,Maharashtra,Medium,2022-11-14,True,True
13865,4751,2022-09-18,completed,Varanasi,Maharashtra,358043.28,Vihaan,Kurian,zsaraf@example.net,918806357298,49,Male,Varanasi,Maharashtra,Low,2023-06-21,True,True
13877,624,2024-03-20,completed,Nagercoil,Uttar Pradesh,402305.84,Damini,Chacko,urvibatta@example.org,5775847457,24,Female,Nagercoil,Uttar Pradesh,Low,2023-04-13,True,True
13964,17626,2022-02-03,delivered,Ghaziabad,West Bengal,356825.84,Nitya,Dora,xjha@example.com,8363752369,43,Female,Ghaziabad,West Bengal,High,2024-08-07,True,True
14021,6841,2022-09-22,completed,Satara,Bihar,453350.58,Eva,Gola,tejas12@example.net,7724830375,30,Female,Satara,Bihar,Medium,2023-06-22,True,True
14045,12304,2022-07-04,completed,Uluberia,Rajasthan,349950.76,Hunar,Ben,xsant@example.org,918678200699,18,Male,Uluberia,Rajasthan,Low,2023-07-09,True,True
14107,8904,2024-04-13,pending,Shimoga,Uttar Pradesh,388098.09,Nayantara,Banerjee,drishyasampath@example.org,914270980774,18,Male,Shimoga,Uttar Pradesh,Low,2022-05-11,True,True
14127,3281,2023-10-06,completed,Narasaraopet,Bihar,502511.13,Tushar,Jain,onkarsharma@example.com,1088534883,46,Male,Narasaraopet,Bihar,Medium,2022-10-17,True,True
14134,14420,2024-08-30,pending,Phagwara,Uttar Pradesh,388356.97,Ritvik,Das,sana29@example.com,916669746982,33,Male,Phagwara,Uttar Pradesh,Medium,2022-02-21,True,True
14175,6789,2023-04-16,completed,Bathinda,Maharashtra,385718.57,Nehmat,Sandal,vtara@example.net,6141944664,43,Female,Bathinda,Maharashtra,Premium,2022-11-02,True,True
14184,2774,2023-07-15,completed,Agartala,Gujarat,553891.56,Nirvaan,Sengupta,vivaan41@example.net,2987025215,37,Female,Agartala,Gujarat,Low,2024-11-19,True,True
14203,19124,2023-07-31,delivered,Nellore,Bihar,445075.64,Madhav,Varghese,saxenamisha@example.net,2444617089,47,Male,Nellore,Bihar,Low,2022-01-28,True,True
14220,10708,2023-01-27,completed,Jaipur,Bihar,350102.38,Shaan,Ramakrishnan,hsagar@example.com,8500949060,18,Male,Jaipur,Bihar,High,2022-01-24,True,True
14222,12329,2023-06-18,delivered,Warangal,Uttar Pradesh,334184.45,Riya,Sachdev,nehmatbhatt@example.com,915336341505,42,Female,Warangal,Uttar Pradesh,Medium,2024-11-09,True,True
14237,14626,2023-08-05,shipped,Navi Mumbai,Uttar Pradesh,399682.42,Saira,Maharaj,bawahazel@example.net,4600554181,18,Female,Navi Mumbai,Uttar Pradesh,Medium,2022-09-17,True,True
14279,12713,2024-04-19,completed,Kolhapur,Gujarat,597653.51,Charvi,Buch,mdugar@example.com,914657010090,18,Male,Kolhapur,Gujarat,Medium,2022-03-22,True,True
14294,18965,2022-05-28,completed,Nangloi Jat,Uttar Pradesh,358275.51,Kiaan,Kapadia,mehul94@example.com,911848290444,29,Female,Nangloi Jat,Uttar Pradesh,Low,2022-09-16,True,True
14381,12350,2023-06-12,completed,Shimla,Bihar,580599.51,Aarav,Bhakta,sidhudrishya@example.net,4416545970,19,Male,Shimla,Bihar,Low,2024-12-10,True,True
14388,14991,2022-06-17,completed,Munger,Madhya Pradesh,571014.03,Aaina,Gala,choudhryira@example.com,9858702775,53,Female,Munger,Madhya Pradesh,High,2022-04-07,True,True
14535,19607,2022-06-26,completed,Gopalpur,Uttar Pradesh,370874.2,Nitya,Chaudhari,chokshikanav@example.net,1437868084,36,Male,Gopalpur,Uttar Pradesh,High,2024-08-05,True,True
14539,967,2024-03-28,cancelled,Dehri,Maharashtra,707885.63,Emir,Kibe,wkala@example.net,2938440134,42,Female,Dehri,Maharashtra,Low,2023-11-27,True,True
14574,17087,2024-05-14,completed,Kakinada,Maharashtra,533789.15,Priyansh,Lanka,venkataramanjhanvi@example.com,2687195137,18,Female,Kakinada,Maharashtra,Medium,2023-12-23,True,True
14575,16722,2024-07-16,completed,Jabalpur,Maharashtra,464568.83,Amani,Dugar,lakshaylata@example.com,910935513835,46,Female,Jabalpur,Maharashtra,Low,2023-04-01,True,True
14615,1508,2022-07-15,delivered,Bhiwandi,Rajasthan,377659.25,Romil,Kamdar,aarush22@example.org,7780457972,28,Male,Bhiwandi,Rajasthan,High,2024-03-18,True,True
14656,18981,2024-10-14,completed,Alappuzha,Madhya Pradesh,351373.47,Armaan,Keer,rasha65@example.com,919711345967,38,Female,Alappuzha,Madhya Pradesh,Low,2024-12-08,True,True
14668,6186,2022-10-28,completed,Mango,Uttar Pradesh,477114.16,Tarini,Jhaveri,vivaansrivastava@example.com,5962560810,50,Male,Mango,Uttar Pradesh,Medium,2024-05-10,True,True
14685,4355,2024-05-27,cancelled,Munger,Maharashtra,376673.49,Tanya,Kumar,nmanda@example.net,88148489,32,Female,Munger,Maharashtra,Low,2024-12-02,True,True
14704,13488,2024-07-23,completed,Darbhanga,Karnataka,428924.34,Rania,Subramaniam,lankazain@example.com,5664286094,40,Female,Darbhanga,Karnataka,Medium,2022-02-22,True,True
14905,17670,2024-09-24,completed,Bhimavaram,Rajasthan,354798.46,Gatik,Dhingra,balakrishnansana@example.net,283030404,19,Female,Bhimavaram,Rajasthan,High,2022-07-26,True,True
14918,1423,2024-09-10,processing,Munger,Madhya Pradesh,472964.77,Ayesha,Aggarwal,thari@example.net,911079237298,48,Male,Munger,Madhya Pradesh,Low,2024-05-09,True,True
14925,3131,2023-09-28,completed,Tiruchirappalli,Tamil Nadu,513704.85,Arhaan,Shenoy,ishita00@example.org,5895381575,35,Female,Tiruchirappalli,Tamil Nadu,Low,2023-05-03,True,True
15078,664,2022-06-22,completed,Latur,Rajasthan,513973.49,Damini,Mani,uluthra@example.org,978875439,38,Female,Latur,Rajasthan,Medium,2023-05-26,True,True
15126,2464,2024-09-03,completed,Pondicherry,Telangana,473409.89,Biju,Sampath,kashvi46@example.org,5540770053,25,Female,Pondicherry,Telangana,Low,2024-10-06,True,True
15147,1105,2022-07-03,completed,Berhampore,Tamil Nadu,489510.21,Priyansh,Saran,saanviwalia@example.org,3944953006,58,Female,Berhampore,Tamil Nadu,Medium,2023-08-09,True,True
15162,3637,2024-04-02,completed,Nandyal,Tamil Nadu,562782.23,Piya,Bhagat,arnav06@example.net,6528530045,27,Male,Nandyal,Tamil Nadu,Medium,2024-12-15,True,True
15176,11309,2022-04-15,delivered,Cuttack,Delhi,516509.59,Misha,Varughese,cjain@example.com,910962158570,31,Male,Cuttack,Delhi,Medium,2023-05-05,True,True
15213,15821,2022-06-28,completed,Tezpur,Maharashtra,474069.33,Oorja,Mane,hunar66@example.com,915216906758,38,Male,Tezpur,Maharashtra,Low,2024-08-30,True,True
15233,19763,2023-02-14,shipped,Vellore,Madhya Pradesh,447059.31,Bhavin,Salvi,sampathjivika@example.org,3048224002,31,Female,Vellore,Madhya Pradesh,Low,2022-09-01,True,True
15248,8391,2023-05-15,completed,Bijapur,Gujarat,553878.78,Devansh,Banerjee,lavanya81@example.net,1915535339,25,Female,Bijapur,Gujarat,Premium,2023-04-05,True,True
15251,2322,2024-11-28,completed,Ramgarh,Rajasthan,340770.28,Mohanlal,Bedi,asem@example.com,2270254316,54,Male,Ramgarh,Rajasthan,Low,2022-04-14,True,True
15300,9051,2023-12-30,processing,Nizamabad,West Bengal,485081.77,Madhup,Krishnan,heerkarpe@example.com,911436748658,28,Male,Nizamabad,West Bengal,High,2024-05-17,False,True
15308,3216,2022-05-02,pending,Naihati,Kerala,356312.7,Aaryahi,Dugar,ahayer@example.com,915711120701,42,Male,Naihati,Kerala,Low,2024-08-30,True,True
15339,1463,2023-01-19,cancelled,Ghaziabad,Kerala,352825.13,Zain,Sarna,ssekhon@example.net,1967068335,50,Male,Ghaziabad,Kerala,Medium,2022-06-22,True,True
15363,13486,2022-05-26,completed,Hindupur,Tamil Nadu,353644.4,Priyansh,Garg,vsehgal@example.net,5285704515,18,Female,Hindupur,Tamil Nadu,Low,2024-01-03,True,True
15364,9360,2024-01-23,delivered,Bhusawal,Madhya Pradesh,413787.75,Vritika,Garg,vidur73@example.org,910561178529,53,Female,Bhusawal,Madhya Pradesh,Medium,2023-01-30,True,True
15391,187,2023-10-21,completed,Muzaffarnagar,Uttar Pradesh,556974.09,Jivin,Arya,kimaya30@example.com,917859321334,30,Female,Muzaffarnagar,Uttar Pradesh,Low,2024-06-13,True,True
15395,6086,2024-08-07,cancelled,Akola,Uttar Pradesh,366638.7,Biju,Shan,karaivan@example.net,1218785427,40,Male,Akola,Uttar Pradesh,Medium,2022-02-03,True,True
15487,18769,2023-12-28,completed,Meerut,Gujarat,382210.81,Kiara,Hans,mehul47@example.org,911762335481,34,Male,Meerut,Gujarat,High,2022-02-20,True,True
15538,5346,2023-09-28,completed,Srinagar,Gujarat,499811.16,Alia,Behl,balakrishnanindranil@example.com,2965738733,20,Female,Srinagar,Gujarat,Low,2023-11-29,True,True
15565,13973,2023-09-19,completed,Kottayam,West Bengal,385151.22,Nitya,Doshi,khannavedika@example.org,912231594302,56,Male,Kottayam,West Bengal,Low,2023-01-19,True,True
15574,14580,2024-04-06,completed,Tenali,Delhi,639230.56,Pihu,Mand,ychhabra@example.net,916721442,30,Male,Tenali,Delhi,Medium,2022-06-03,True,True
15582,9537,2022-05-17,delivered,Khandwa,Rajasthan,701310.95,Hridaan,Sheth,ahluwaliapurab@example.net,913564707135,18,Female,Khandwa,Rajasthan,High,2022-12-30,True,True
15588,7770,2022-08-25,completed,Danapur,Bihar,330486.58,Ojas,Sarma,sumermand@example.net,9807123609,44,Male,Danapur,Bihar,Premium,2022-05-23,True,True
15792,13938,2023-12-06,processing,Ulhasnagar,Bihar,561048.76,Jivin,Deshmukh,korpalyasmin@example.com,6331294628,31,Male,Ulhasnagar,Bihar,Medium,2022-01-20,True,True
15803,13640,2022-01-10,completed,Hyderabad,Bihar,375013.8,Vidur,Sule,magaranaya@example.net,299180303,19,Male,Hyderabad,Bihar,Medium,2023-11-23,True,True
15804,12824,2023-04-23,shipped,Darbhanga,Bihar,712985.75,Oorja,Bedi,kanavlata@example.com,9167231038,40,Male,Darbhanga,Bihar,Medium,2022-11-20,True,True
15843,3760,2022-08-20,delivered,Kavali,Tamil Nadu,411184.94,Dhanush,Ganesh,kiaradevi@example.com,916014612058,23,Male,Kavali,Tamil Nadu,High,2024-05-16,True,True
15866,7040,2024-12-27,completed,Kochi,Karnataka,1021998.64,Lavanya,Sabharwal,magarvidur@example.org,4313872167,35,Male,Kochi,Karnataka,Low,2023-05-19,True,True
15918,15394,2022-09-15,completed,Moradabad,Uttar Pradesh,533697.9,Indrajit,Walla,piyakrishnamurthy@example.net,4898288294,39,Female,Moradabad,Uttar Pradesh,High,2022-07-31,True,True
15975,11459,2022-08-24,completed,Singrauli,Bihar,541296.9,Jivin,Master,diya32@example.org,1525761540,34,Male,Singrauli,Bihar,High,2023-06-08,True,True
16027,11690,2023-10-29,shipped,Kottayam,Karnataka,391232.28,Eshani,Borde,fatehwarrior@example.net,917749903193,45,Female,Kottayam,Karnataka,Low,2024-07-21,False,True
16067,15654,2024-02-21,completed,Visakhapatnam,Delhi,529328.24,Eshani,Dube,nirvi62@example.net,3591782959,56,Male,Visakhapatnam,Delhi,Medium,2024-01-25,True,True
16072,939,2022-08-21,completed,Malegaon,Karnataka,379521.69,Dhruv,Krishnamurthy,kashvidewan@example.org,5578201904,46,Female,Malegaon,Karnataka,Low,2022-09-01,True,True
16139,19730,2024-03-03,completed,Nagpur,Kerala,424610.48,Tara,Kumar,daveonkar@example.net,917397964053,23,Female,Nagpur,Kerala,Low,2023-01-17,False,True
16148,8619,2023-12-20,shipped,Kadapa,Tamil Nadu,713813.62,Kabir,Vohra,sanasolanki@example.net,7183489816,28,Male,Kadapa,Tamil Nadu,Medium,2022-09-12,True,True
16158,1254,2022-01-29,completed,Motihari,Uttar Pradesh,456316.72,Chirag,Chacko,shanayaseth@example.com,2055033000,44,Female,Motihari,Uttar Pradesh,High,2024-03-17,True,True
16203,19311,2024-07-18,delivered,Davanagere,Gujarat,488046.82,Manjari,Chawla,deshlok@example.net,7079548196,28,Male,Davanagere,Gujarat,Medium,2023-08-10,True,True
16244,17438,2023-01-17,completed,Eluru,Rajasthan,618860.1,Pari,Kakar,nehmat51@example.net,4035224162,32,Male,Eluru,Rajasthan,Low,2023-08-05,True,True
16255,19079,2023-08-19,cancelled,Nizamabad,Uttar Pradesh,933743.82,Dishani,Devan,vmajumdar@example.org,7026302185,51,Female,Nizamabad,Uttar Pradesh,Low,2024-09-26,False,True
16275,9807,2023-10-08,completed,Moradabad,Maharashtra,331550.49,Akarsh,Subramanian,odhingra@example.net,910852643562,64,Female,Moradabad,Maharashtra,Low,2023-12-18,True,True
16280,5430,2023-10-05,completed,Tiruchirappalli,Maharashtra,549441.49,Dharmajan,Kunda,surmohanlal@example.org,6206661020,18,Female,Tiruchirappalli,Maharashtra,High,2024-12-24,True,True
16304,4337,2022-06-06,completed,Sambalpur,Maharashtra,553153.1,Vedika,Sunder,horamiraan@example.net,7845736253,37,Male,Sambalpur,Maharashtra,Medium,2023-02-20,True,True
16320,2865,2024-04-06,completed,Shimoga,Rajasthan,470455.54,Tiya,Chaudhry,tankraghav@example.org,916057432111,38,Male,Shimoga,Rajasthan,Low,2024-06-11,True,True
16397,11005,2023-04-19,completed,Chennai,Madhya Pradesh,570553.52,Trisha,Yohannan,psandhu@example.org,4810783784,21,Male,Chennai,Madhya Pradesh,High,2024-10-23,True,True
16407,15691,2022-12-03,completed,Bhagalpur,Uttar Pradesh,870925.7,Khushi,Gopal,shanaya56@example.com,9863939173,39,Female,Bhagalpur,Uttar Pradesh,Premium,2022-05-06,True,True
16429,7794,2023-02-14,completed,Danapur,Maharashtra,699189.17,Arhaan,Dhar,wiyer@example.com,915356325251,25,Female,Danapur,Maharashtra,Low,2023-12-07,True,True
16563,8733,2023-04-26,delivered,Muzaffarnagar,Maharashtra,383451.39,Shayak,Kibe,chandravaibhav@example.com,3386759120,24,Male,Muzaffarnagar,Maharashtra,High,2023-04-08,True,True
16584,9765,2024-12-30,completed,Jammu,Karnataka,449500.7,Hridaan,Kothari,dugarstuvan@example.com,4929380534,34,Male,Jammu,Karnataka,High,2023-06-20,True,True
16631,13378,2023-07-31,completed,Ajmer,Kerala,395219.11,Shray,Ramanathan,aryazain@example.net,6934905711,25,Male,Ajmer,Kerala,Medium,2023-05-18,True,True
16634,19672,2024-07-06,completed,Kulti,Karnataka,348478.58,Jayesh,Hora,nirvi98@example.com,4675205650,25,Male,Kulti,Karnataka,Medium,2023-12-24,True,True
16647,3981,2023-04-12,completed,Moradabad,Rajasthan,452331.77,Purab,Sahota,ryan34@example.org,918855991087,21,Female,Moradabad,Rajasthan,High,2024-01-29,True,True
16678,2531,2023-11-27,delivered,Nizamabad,Punjab,384774.95,Ishaan,Gera,mamooty20@example.com,2851550135,28,Male,Nizamabad,Punjab,Low,2023-12-29,True,True
16703,9223,2023-08-15,shipped,Salem,Bihar,325814.16,Veer,Lal,ahana-10@example.net,919025820148,49,Female,Salem,Bihar,Premium,2023-12-06,True,True
16721,13247,2022-05-25,completed,Nadiad,Delhi,537201.91,Badal,Manda,aayushbuch@example.net,176485199,48,Male,Nadiad,Delhi,Medium,2024-09-03,True,True
16739,522,2024-10-27,completed,Kottayam,Delhi,334184.45,Zara,Bedi,karirasha@example.com,2091843579,36,Female,Kottayam,Delhi,Low,2023-10-04,True,True
16833,8221,2022-09-27,completed,Sri Ganganagar,Bihar,488851.6,Raghav,Agate,akarsh87@example.net,4814913593,34,Male,Sri Ganganagar,Bihar,Low,2023-08-23,True,True
16862,676,2024-05-05,completed,Mangalore,Gujarat,438762.96,Indrajit,Kibe,sanakothari@example.com,913183061789,18,Female,Mangalore,Gujarat,Low,2022-03-02,True,True
16901,3469,2024-08-25,completed,Raurkela Industrial Township,Madhya Pradesh,334347.04,Sana,Kaur,mohanlaldixit@example.com,6306585827,44,Male,Raurkela Industrial Township,Madhya Pradesh,Medium,2023-04-12,True,True
16963,16267,2023-07-27,completed,Sangli-Miraj & Kupwad,Uttar Pradesh,711547.25,Shalv,Edwin,gdugar@example.com,9767393765,35,Female,Sangli-Miraj & Kupwad,Uttar Pradesh,Medium,2024-04-20,True,True
16977,16435,2023-10-27,shipped,Bidhannagar,West Bengal,382566.29,Arhaan,Ramachandran,chandvedika@example.net,2331478548,21,Female,Bidhannagar,West Bengal,High,2024-07-10,True,True
16992,2958,2024-12-30,completed,Pune,Maharashtra,401998.87,Pihu,Khurana,lagandhar@example.net,3071821821,18,Male,Pune,Maharashtra,Low,2023-11-05,True,True
17041,14264,2023-12-31,pending,Siliguri,Kerala,334312.65,Madhav,Kakar,elaiyer@example.com,7152311645,18,Male,Siliguri,Kerala,High,2022-04-07,True,True
17049,6967,2022-06-03,completed,Malda,Bihar,356440.06,Nitara,Khurana,golladishani@example.org,1127710709,27,Male,Malda,Bihar,Medium,2022-06-08,True,True
17214,827,2022-09-06,cancelled,Uluberia,West Bengal,423225.82,Tarini,Yogi,vahuja@example.net,915959194575,36,Female,Uluberia,West Bengal,Low,2024-02-16,True,True
17218,46,2024-05-02,processing,Bahraich,Maharashtra,490099.91,Piya,Dada,vedika93@example.com,918324210249,48,Male,Bahraich,Maharashtra,Low,2022-07-13,True,True
17332,7107,2024-08-24,shipped,Uluberia,Uttar Pradesh,497191.88,Misha,Balan,ayesha44@example.org,914915608725,31,Male,Uluberia,Uttar Pradesh,Medium,2023-07-12,True,True
17404,3276,2023-08-28,completed,Bhiwandi,Bihar,456408.26,Armaan,Loke,vidurbutala@example.net,7756999060,30,Male,Bhiwandi,Bihar,Medium,2024-02-25,True,True
17469,11458,2024-08-29,completed,Ambattur,Bihar,417009.8,Samiha,Wali,bsachar@example.org,3420219119,18,Male,Ambattur,Bihar,Low,2023-02-01,True,True
17483,17765,2023-03-15,completed,Ajmer,Delhi,543683.44,Anaya,Saxena,hunardeshpande@example.org,913580739701,48,Female,Ajmer,Delhi,High,2024-05-07,True,True
17561,1091,2022-11-26,completed,Ambattur,Karnataka,444729.35,Arhaan,Kashyap,tailoradah@example.net,74189485,37,Female,Ambattur,Karnataka,Low,2024-09-30,True,True
17695,19280,2023-08-29,completed,Alappuzha,Tamil Nadu,376261.18,Zaina,Ghosh,shanhiran@example.net,912095805671,18,Female,Alappuzha,Tamil Nadu,Low,2024-02-10,True,True
17749,4149,2022-09-01,completed,Anantapuram,Karnataka,863193.43,Raghav,Bhat,vaibhavkurian@example.net,918988093207,30,Female,Anantapuram,Karnataka,High,2023-03-31,True,True
17774,1875,2024-03-25,shipped,Ludhiana,Maharashtra,350197.17,Samar,Lal,srinivasanay@example.net,1408633234,18,Female,Ludhiana,Maharashtra,Low,2023-09-24,True,True
17804,2544,2024-09-02,delivered,Bhusawal,Rajasthan,326287.48,Pihu,Lala,voraindranil@example.com,425284658,29,Female,Bhusawal,Rajasthan,Low,2024-04-28,True,True
17833,18743,2024-08-21,shipped,Jamalpur,Uttar Pradesh,499628.11,Rasha,Ranganathan,eva70@example.net,5302663643,26,Male,Jamalpur,Uttar Pradesh,High,2022-04-11,True,True
17858,599,2023-09-21,completed,Begusarai,Uttar Pradesh,363495.94,Aaryahi,Bhatt,lseth@example.com,8263128196,51,Male,Begusarai,Uttar Pradesh,Premium,2022-09-05,False,True
17863,659,2023-11-14,delivered,Ambattur,Maharashtra,456227.96,Ivana,Chopra,lbalakrishnan@example.org,9851724447,18,Male,Ambattur,Maharashtra,Medium,2024-09-06,True,True
17903,5188,2022-07-01,processing,Anantapuram,Gujarat,390683.8,Chirag,Swamy,inaaya-45@example.com,8035676115,18,Male,Anantapuram,Gujarat,Medium,2022-03-28,False,True
17925,9746,2024-12-25,completed,Kochi,Bihar,618860.1,Taran,Ranganathan,advikachaudhry@example.com,6208726844,54,Male,Kochi,Bihar,Low,2022-10-06,True,True
17961,3303,2022-10-19,completed,Bally,Delhi,676668.06,Adira,Rana,zuppal@example.net,7781341452,52,Male,Bally,Delhi,Medium,2024-04-30,True,True
17987,13307,2024-09-18,delivered,Khora ,Telangana,426958.32,Ranbir,Salvi,daliarohan@example.net,1053682435,26,Female,Khora ,Telangana,Medium,2023-03-08,True,True
17988,2223,2024-06-30,completed,Thoothukudi,Uttar Pradesh,503280.42,Gokul,Dhaliwal,zeeshanmanda@example.net,7538513976,46,Female,Thoothukudi,Uttar Pradesh,Low,2022-09-08,False,True
18000,3678,2024-08-15,completed,Shimoga,Uttar Pradesh,498989.42,Kashvi,Kadakia,satheshamik@example.com,913309479768,39,Female,Shimoga,Uttar Pradesh,Medium,2022-11-03,True,True
18039,2925,2023-10-19,completed,Pali,Karnataka,769815.91,Misha,Chawla,vihaansengupta@example.org,2445227594,27,Female,Pali,Karnataka,Medium,2024-01-29,True,True
18042,12283,2023-12-13,completed,Kozhikode,Karnataka,566268.14,Dhanuk,Khalsa,dattaanahi@example.org,393128001,25,Female,Kozhikode,Karnataka,Low,2023-06-17,True,True
18058,5113,2023-06-17,delivered,Katihar,Uttar Pradesh,597905.41,Dhanuk,Kalla,miraanroy@example.net,918298118624,18,Female,Katihar,Uttar Pradesh,Low,2022-02-03,True,True
18069,2027,2024-05-24,completed,Malda,Gujarat,384106.0,Aaina,Singh,ojaskaran@example.com,5267203670,27,Male,Malda,Gujarat,Low,2023-05-03,True,True
18073,4761,2022-08-31,completed,Anand,Uttar Pradesh,362180.06,Indrans,Dash,ramanathansamaira@example.net,2967828661,63,Female,Anand,Uttar Pradesh,High,2023-05-24,True,True
18100,16373,2023-10-17,shipped,Purnia,Gujarat,325933.68,Gokul,Anand,advikalad@example.com,9013844845,27,Male,Purnia,Gujarat,Medium,2024-07-23,True,True
18187,17246,2022-06-03,shipped,Rampur,Karnataka,474918.29,Mohanlal,Wali,adah91@example.com,1990610801,24,Female,Rampur,Karnataka,Medium,2024-08-14,True,True
18245,11772,2024-08-03,delivered,Junagadh,Rajasthan,478495.04,Manjari,Baria,elakshisubramanian@example.com,6741095095,33,Female,Junagadh,Rajasthan,Low,2022-08-04,True,True
18267,11474,2022-08-11,completed,Ulhasnagar,Uttar Pradesh,324523.51,Mehul,Ratti,miraan76@example.org,8674097431,39,Female,Ulhasnagar,Uttar Pradesh,High,2024-09-22,True,True
18343,9392,2022-01-12,completed,Mangalore,Kerala,350146.85,Inaaya ,Srinivas,rattamanikya@example.com,5839461556,31,Male,Mangalore,Kerala,Low,2022-09-13,True,True
18350,12549,2024-10-03,completed,Berhampore,Madhya Pradesh,348719.74,Kanav,Som,kavyachoudhry@example.com,4363160400,27,Female,Berhampore,Madhya Pradesh,High,2023-12-28,True,True
18389,12066,2023-06-09,completed,Bally,Uttar Pradesh,688120.68,Zeeshan,Bassi,kundaprisha@example.org,9959897443,22,Male,Bally,Uttar Pradesh,Low,2023-02-22,True,True
18412,9220,2023-11-15,delivered,Adoni,Maharashtra,329395.67,Zara,Shankar,qkothari@example.org,6693135509,48,Female,Adoni,Maharashtra,Medium,2024-02-04,True,True
18538,19343,2022-12-18,completed,Tiruvottiyur,Rajasthan,534549.41,Romil,Kar,shankarehsaan@example.org,9770567081,57,Female,Tiruvottiyur,Rajasthan,Low,2023-02-06,True,True
18544,18304,2024-12-07,completed,Bhilwara,Madhya Pradesh,541134.85,Pranay,Sabharwal,zswamy@example.com,1858611571,49,Female,Bhilwara,Madhya Pradesh,Medium,2024-06-24,False,True
18592,11997,2023-02-01,pending,Bharatpur,Tamil Nadu,468449.67,Aarna,Sethi,kkapadia@example.com,914686635535,51,Female,Bharatpur,Tamil Nadu,Low,2024-09-11,True,True
18660,10914,2024-05-24,completed,Coimbatore,Madhya Pradesh,717017.21,Advik,Kala,hanshkari@example.com,2346883269,28,Male,Coimbatore,Madhya Pradesh,Premium,2022-09-25,True,True
18688,13945,2022-11-14,completed,Deoghar,Madhya Pradesh,498499.1,Abram,Konda,jhanvighosh@example.com,4822940378,30,Male,Deoghar,Madhya Pradesh,Low,2022-11-27,True,True
18784,12453,2022-12-05,completed,Kalyan-Dombivli,Telangana,375302.16,Anahita,Edwin,raghavkhanna@example.net,8621297706,45,Female,Kalyan-Dombivli,Telangana,Premium,2024-07-12,True,True
18805,3521,2022-08-08,completed,Pimpri-Chinchwad,Rajasthan,463692.95,Hiran,Deol,divij78@example.com,4770239283,18,Male,Pimpri-Chinchwad,Rajasthan,Medium,2024-07-25,True,True
18828,8053,2024-11-01,completed,Thiruvananthapuram,Punjab,354815.97,Abram,Mani,wsunder@example.com,912230394607,39,Male,Thiruvananthapuram,Punjab,Medium,2023-02-14,True,True
18877,6056,2023-10-24,completed,Bongaigaon,Maharashtra,569363.51,Ela,Sodhi,paritripathi@example.org,914711462772,32,Female,Bongaigaon,Maharashtra,High,2024-11-12,True,True
18911,4856,2024-12-07,completed,Bokaro,Kerala,404579.26,Neysa,Subramanian,onkar73@example.net,9301612792,30,Female,Bokaro,Kerala,Medium,2023-08-11,True,True
18938,8297,2023-01-20,delivered,Rajpur Sonarpur,Madhya Pradesh,465867.21,Romil,Bassi,gkant@example.com,1080368215,24,Male,Rajpur Sonarpur,Madhya Pradesh,Low,2022-11-11,True,True
18991,14661,2024-03-13,delivered,Katihar,Uttar Pradesh,377641.39,Nakul,Dayal,xbains@example.com,6126586048,42,Male,Katihar,Uttar Pradesh,Medium,2023-10-15,True,True
18992,10023,2023-02-21,completed,Ghaziabad,Punjab,371316.06,Piya,Sama,kiarayogi@example.org,911624979524,46,Male,Ghaziabad,Punjab,Medium,2023-03-05,True,True
19050,16451,2023-09-20,completed,Uluberia,Madhya Pradesh,505374.54,Rasha,Dixit,stuvan28@example.com,9914576433,33,Female,Uluberia,Madhya Pradesh,Low,2023-04-23,True,True
19163,9041,2022-10-25,completed,Hubli–Dharwad,Madhya Pradesh,335137.03,Kartik,Vig,balikabir@example.org,9704297453,23,Male,Hubli–Dharwad,Madhya Pradesh,Low,2023-11-09,True,True
19186,3714,2023-09-23,completed,Khandwa,Maharashtra,434302.16,Dharmajan,Amble,soodumang@example.org,911815958812,39,Female,Khandwa,Maharashtra,Low,2024-05-21,True,True
19227,19209,2023-03-12,completed,Korba,Rajasthan,357579.47,Dhruv,Venkatesh,parisodhi@example.org,9065670930,38,Female,Korba,Rajasthan,Low,2024-08-04,True,True
19270,15544,2024-11-10,completed,Adoni,Bihar,518710.85,Anika,Contractor,dsuresh@example.org,912147046999,49,Male,Adoni,Bihar,Low,2024-04-25,True,True
19374,142,2022-06-13,completed,Raurkela Industrial Township,Rajasthan,475011.74,Shanaya,Ghose,bawaadira@example.org,915999650477,31,Female,Raurkela Industrial Township,Rajasthan,Low,2024-05-09,True,True
19390,14714,2024-08-24,completed,Pali,Telangana,389844.94,Anaya,Koshy,sarmachirag@example.net,910351400634,42,Male,Pali,Telangana,Premium,2023-05-02,True,True
19465,5670,2022-10-19,completed,Chandigarh,Gujarat,337896.18,Priyansh,Bala,divyanshcontractor@example.net,918377428428,18,Male,Chandigarh,Gujarat,Low,2023-11-13,True,True
19587,1701,2023-11-23,completed,Mysore,Gujarat,473975.84,Uthkarsh,Mandal,rhea30@example.com,5235786529,44,Female,Mysore,Gujarat,Low,2022-08-01,True,True
19627,9227,2024-07-30,completed,Alappuzha,Karnataka,388004.47,Pari,Ben,ychaudhry@example.org,4582844288,18,Male,Alappuzha,Karnataka,Medium,2023-01-19,True,True
19634,2330,2023-04-28,delivered,Amritsar,Maharashtra,334869.36,Keya,Chaudhry,hvyas@example.com,5312734458,41,Male,Amritsar,Maharashtra,Low,2024-08-27,True,True
19649,12949,2022-08-16,completed,Ballia,Delhi,469203.0,Anahita,Chawla,saanvi66@example.org,910011073812,26,Female,Ballia,Delhi,Medium,2023-04-23,False,True
19718,13614,2023-12-26,completed,Hajipur,Rajasthan,611064.5,Aaryahi,Badal,datemishti@example.org,917006720646,20,Male,Hajipur,Rajasthan,Low,2022-08-31,True,True
19736,16987,2023-04-15,completed,Rajahmundry,Bihar,371316.06,Renee,Borra,abramvohra@example.com,911977020580,39,Male,Rajahmundry,Bihar,Medium,2024-05-03,True,True
19744,15016,2024-05-14,shipped,Bellary,Telangana,541507.66,Nitara,Sodhi,eshani94@example.org,8902736024,41,Male,Bellary,Telangana,Low,2023-11-01,True,True
19796,19101,2022-09-07,completed,Srikakulam,Uttar Pradesh,503130.27,Shray,Sood,tganesan@example.net,6672816383,36,Male,Srikakulam,Uttar Pradesh,Premium,2024-10-27,True,True
19916,14495,2022-12-18,completed,Gurgaon,Karnataka,368849.33,Yuvraj ,Khanna,tarayogi@example.net,917312476495,43,Female,Gurgaon,Karnataka,High,2023-01-18,True,True
20065,8463,2022-01-21,completed,Purnia,Maharashtra,394053.84,Rasha,Dasgupta,tdevan@example.com,2499952380,32,Male,Purnia,Maharashtra,Medium,2024-02-05,True,True
20071,3728,2022-03-03,completed,Sagar,Rajasthan,400333.54,Mishti,Bora,sanadeshmukh@example.net,912387893038,32,Male,Sagar,Rajasthan,Low,2023-12-24,True,True
20102,12262,2024-01-15,completed,Jhansi,West Bengal,397144.78,Nitara,Desai,bhamini75@example.com,7401624759,31,Female,Jhansi,West Bengal,Low,2023-03-30,True,True
20157,11616,2024-06-26,completed,Barasat,Bihar,1149714.5,Ehsaan,Cherian,vivaanmammen@example.net,915445817306,34,Male,Barasat,Bihar,Premium,2024-05-18,True,True
20169,9170,2022-10-01,completed,Siwan,Bihar,410828.26,Saanvi,Saraf,kanavsubramanian@example.org,1328949436,24,Female,Siwan,Bihar,Medium,2023-06-25,True,True
20220,16898,2023-02-18,shipped,Tadipatri,Uttar Pradesh,401519.89,Amani,Sengupta,rattisiya@example.com,9079965533,21,Female,Tadipatri,Uttar Pradesh,Medium,2024-03-15,True,True
20235,5238,2023-11-25,completed,Nizamabad,Punjab,385969.29,Advika,Wadhwa,alia53@example.org,4537074713,25,Male,Nizamabad,Punjab,Medium,2022-12-04,True,True
20249,11176,2024-04-24,processing,Miryalaguda,Uttar Pradesh,545428.98,Yuvraj ,Shah,yashvi00@example.com,3710318688,28,Female,Miryalaguda,Uttar Pradesh,Medium,2024-11-26,True,True
20267,5538,2022-03-09,completed,Raipur,Tamil Nadu,344384.81,Charvi,Lala,khushiarya@example.net,919071702902,44,Male,Raipur,Tamil Nadu,High,2022-12-14,True,True
20301,4520,2023-11-20,pending,Visakhapatnam,Uttar Pradesh,406358.16,Jayesh,Choudhary,tbarad@example.com,919413822581,39,Female,Visakhapatnam,Uttar Pradesh,High,2022-05-12,True,True
20320,785,2022-10-15,shipped,Bharatpur,Tamil Nadu,371316.06,Akarsh,Varughese,ctripathi@example.com,8936289696,57,Male,Bharatpur,Tamil Nadu,Medium,2023-02-14,True,True
20373,4607,2022-02-25,completed,Latur,Uttar Pradesh,571392.55,Trisha,Rout,achandra@example.net,919772518833,54,Female,Latur,Uttar Pradesh,Low,2023-04-14,True,True
20385,11942,2024-08-19,completed,Nashik,Uttar Pradesh,386667.34,Trisha,Datta,tmander@example.net,914285808144,58,Male,Nashik,Uttar Pradesh,High,2022-12-31,True,True
20395,5626,2024-06-29,completed,Farrukhabad,Tamil Nadu,483112.11,Aniruddh,Shan,saratalwar@example.org,9140964664,56,Female,Farrukhabad,Tamil Nadu,High,2024-05-24,True,True
20400,9683,2023-03-07,shipped,Kulti,Karnataka,510837.8,Dhanush,Venkatesh,indranilsavant@example.com,5180731715,28,Male,Kulti,Karnataka,Medium,2022-04-02,True,True
20424,11663,2024-01-11,completed,Satna,Uttar Pradesh,456563.16,Tanya,Goel,priyanshchaudry@example.net,4971365314,18,Male,Satna,Uttar Pradesh,Low,2024-03-12,True,True
20485,8116,2023-07-18,completed,Hosur,West Bengal,495709.82,Zeeshan,Kakar,nirvaanbajwa@example.net,193338180,41,Female,Hosur,West Bengal,Medium,2022-07-22,True,True
20531,18730,2024-08-24,completed,Amritsar,Gujarat,963899.42,Vidur,Ghose,shrayrajan@example.net,5567530370,21,Male,Amritsar,Gujarat,Medium,2024-09-02,True,True
20533,12481,2024-09-07,cancelled,Agra,Uttar Pradesh,678161.91,Zaina,Bobal,kumerchirag@example.org,919718893193,60,Female,Agra,Uttar Pradesh,Low,2024-01-14,True,True
20541,3080,2023-11-20,pending,Morbi,Uttar Pradesh,438439.04,Himmat,Ramaswamy,ykade@example.com,2067039336,40,Male,Morbi,Uttar Pradesh,Medium,2023-12-07,True,True
20573,5981,2023-05-14,delivered,Machilipatnam,Bihar,431901.88,Mannat,Sha,yuvaan19@example.com,2178940266,18,Female,Machilipatnam,Bihar,Low,2023-05-02,True,True
20577,15761,2024-09-18,completed,Khandwa,Gujarat,427925.52,Mohanlal,Karan,suhanamammen@example.net,6656779825,43,Female,Khandwa,Gujarat,High,2023-04-02,True,True
20600,8159,2022-10-08,completed,Jamalpur,Gujarat,390522.0,Tushar,Dugar,nitarakarpe@example.org,1195691595,30,Male,Jamalpur,Gujarat,Medium,2023-02-25,True,True
20641,13700,2023-07-24,processing,Haridwar,Maharashtra,475502.06,Bhavin,Loke,beravritika@example.com,8396183344,46,Male,Haridwar,Maharashtra,High,2024-03-21,True,True
20690,6988,2023-09-03,processing,Bijapur,Telangana,394267.47,Anaya,Gera,parinaazvasa@example.org,7160877686,37,Male,Bijapur,Telangana,Low,2024-02-24,True,True
20717,3201,2023-07-03,shipped,Ghaziabad,Karnataka,531412.69,Dishani,Ben,ayeshaamble@example.net,7410376226,18,Female,Ghaziabad,Karnataka,Medium,2023-02-20,False,True
20720,15954,2024-01-25,completed,Thanjavur,Rajasthan,333242.88,Ela,Varma,jayantjohal@example.com,415216888,32,Male,Thanjavur,Rajasthan,Medium,2023-03-27,True,True
20735,11699,2024-03-28,completed,Bhimavaram,Uttar Pradesh,437220.3,Ehsaan,Sani,wallagokul@example.com,5671558479,27,Male,Bhimavaram,Uttar Pradesh,Medium,2022-10-04,True,True
20754,10156,2023-01-31,completed,Bhind,Uttar Pradesh,554263.51,Nirvi,Dugar,purabsalvi@example.com,5288923050,67,Female,Bhind,Uttar Pradesh,Medium,2023-01-10,True,True
20767,6006,2022-09-08,cancelled,Pali,Maharashtra,472900.28,Navya,Bala,shankarjayesh@example.com,916695343295,34,Female,Pali,Maharashtra,Medium,2024-10-19,True,True
20801,1846,2023-03-13,completed,Bhimavaram,Gujarat,368916.44,Rhea,Thaman,dhanush80@example.org,8825212886,27,Male,Bhimavaram,Gujarat,Medium,2022-03-06,True,True
20819,2761,2022-06-11,completed,Meerut,Rajasthan,495342.61,Taran,Arora,ysingh@example.com,7826487130,27,Female,Meerut,Rajasthan,High,2022-10-01,True,True
20868,3301,2022-01-03,delivered,Meerut,Karnataka,577780.08,Dhruv,Ghosh,mjain@example.org,3633864865,39,Female,Meerut,Karnataka,Premium,2023-11-25,True,True
20876,12192,2024-01-27,delivered,Sikar,Punjab,419371.79,Jayant,Ramachandran,samihatrivedi@example.org,9412339344,18,Female,Sikar,Punjab,Medium,2023-01-10,True,True
20883,9012,2023-11-22,pending,Maheshtala,West Bengal,443056.15,Aarav,Sabharwal,lagankata@example.org,915996775343,57,Male,Maheshtala,West Bengal,Low,2024-05-31,True,True
20906,8778,2023-06-17,completed,Panipat,Maharashtra,422423.25,Sana,Maharaj,aggarwalmamooty@example.org,917421800908,41,Male,Panipat,Maharashtra,Premium,2022-11-02,True,True
20947,6126,2024-04-05,completed,Alappuzha,Uttar Pradesh,620059.31,Rasha,Kaur,vtata@example.net,741688113,34,Male,Alappuzha,Uttar Pradesh,Low,2024-05-25,True,True
21032,14988,2024-07-30,delivered,Raiganj,Tamil Nadu,501797.26,Zaina,Sheth,qjayaraman@example.org,7012801074,18,Male,Raiganj,Tamil Nadu,High,2024-06-08,True,True
21047,16123,2023-07-12,completed,Mangalore,Karnataka,549828.01,Pihu,Gola,chandranarmaan@example.net,918724997304,34,Male,Mangalore,Karnataka,Premium,2024-10-10,True,True
21048,7058,2023-03-05,completed,Barasat,Gujarat,558719.31,Indranil,Bumb,arhaantak@example.net,3604144920,33,Female,Barasat,Gujarat,Low,2022-12-23,False,True
21087,10435,2024-10-27,processing,Unnao,Karnataka,379124.75,Aradhya,Wagle,sakshamshanker@example.net,3782266094,35,Female,Unnao,Karnataka,Medium,2022-11-24,True,True
21139,9638,2022-03-10,completed,Shimoga,Maharashtra,465067.8,Zara,Wason,aarush10@example.net,915150727200,33,Female,Shimoga,Maharashtra,Low,2023-08-01,True,True
21151,8161,2023-12-31,shipped,Nashik,Tamil Nadu,407358.18,Amani,Ganesan,dishanisagar@example.net,486627177,48,Male,Nashik,Tamil Nadu,Low,2023-01-09,True,True
21184,10720,2024-10-24,completed,Panchkula,Punjab,501291.47,Arnav,Chakraborty,akarsh07@example.com,7692902592,18,Male,Panchkula,Punjab,High,2023-06-06,True,True
21223,14421,2023-12-19,completed,Chittoor,Rajasthan,407097.03,Sana,Sarkar,qkata@example.com,7448131103,50,Male,Chittoor,Rajasthan,Medium,2022-10-25,False,True
21229,19294,2024-02-25,shipped,Gudivada,Uttar Pradesh,342404.41,Yasmin,Bhargava,agrawalbiju@example.net,6044197171,35,Female,Gudivada,Uttar Pradesh,Low,2022-08-12,True,True
21278,13148,2024-02-04,completed,Motihari,Karnataka,502710.75,Pranay,Chand,sara28@example.org,9782630035,18,Female,Motihari,Karnataka,Low,2023-07-11,True,True
21286,18017,2022-06-04,completed,Bijapur,Bihar,383451.39,Vaibhav,Sule,agarwalritvik@example.net,9361834253,18,Male,Bijapur,Bihar,Medium,2024-02-11,True,True
21361,644,2024-03-01,completed,Jehanabad,Uttar Pradesh,356457.96,Samiha,Seth,nchandran@example.net,8559821766,36,Female,Jehanabad,Uttar Pradesh,Low,2022-05-02,True,True
21401,9870,2023-11-12,completed,Tiruchirappalli,Karnataka,407375.59,Drishya,Kohli,raunakhora@example.org,2406783584,38,Female,Tiruchirappalli,Karnataka,High,2024-03-28,True,True
21427,14511,2022-08-21,completed,Bulandshahr,Maharashtra,356150.88,Hunar,Sandal,ehsaan49@example.org,917397286916,40,Female,Bulandshahr,Maharashtra,Medium,2023-03-20,True,True
21476,10954,2022-06-05,completed,Etawah,Rajasthan,499140.08,Eshani,Srinivas,navya83@example.com,7290643923,27,Male,Etawah,Rajasthan,Low,2023-01-09,True,True
21516,8741,2024-11-20,completed,Ambarnath,Kerala,482152.65,Oorja,Vora,sana15@example.com,1662999915,52,Male,Ambarnath,Kerala,Medium,2024-06-17,True,True
21582,18345,2023-09-18,completed,Dehri,Uttar Pradesh,491107.6,Uthkarsh,Karan,priyansh09@example.net,6808122916,18,Female,Dehri,Uttar Pradesh,Low,2022-04-19,True,True
21614,17053,2022-05-05,completed,Dehri,Kerala,491232.46,Khushi,Verma,amiracherian@example.org,9585230064,36,Female,Dehri,Kerala,Low,2022-06-08,True,True
21633,12214,2024-08-14,shipped,Ongole,Maharashtra,353746.96,Samiha,Kapur,shaankata@example.com,918469879236,34,Female,Ongole,Maharashtra,Medium,2023-02-12,True,True
21676,8058,2024-02-29,completed,Bathinda,West Bengal,358497.58,Adah,Biswas,jhanvi40@example.net,2340333242,45,Female,Bathinda,West Bengal,Low,2023-03-12,False,True
21734,7566,2022-06-01,shipped,Delhi,Uttar Pradesh,450850.53,Indrajit,Ganesan,goswamilagan@example.org,4247256926,24,Female,Delhi,Uttar Pradesh,Low,2022-05-19,True,True
21750,953,2024-02-26,completed,Tirunelveli,West Bengal,526088.4,Anika,Krish,elachatterjee@example.com,3816432126,20,Male,Tirunelveli,West Bengal,Low,2024-03-21,True,True
21827,10334,2022-08-25,processing,Tiruppur,Madhya Pradesh,764242.2,Indranil,Vala,mahajanmyra@example.org,5362199880,40,Female,Tiruppur,Madhya Pradesh,Low,2023-11-08,True,True
21944,9320,2024-01-20,shipped,Durgapur,Gujarat,529814.3,Vivaan,Deshpande,aarushdewan@example.net,7298942200,52,Male,Durgapur,Gujarat,Medium,2023-07-24,False,True
21968,15560,2024-05-01,completed,Gopalpur,Rajasthan,394102.27,Ivan,Dara,sakshambhandari@example.com,914225216898,26,Female,Gopalpur,Rajasthan,Low,2024-01-14,True,True
22022,16530,2024-12-05,completed,Hazaribagh,Karnataka,452587.25,Sara,Dhawan,tiwarineysa@example.com,913032913497,18,Male,Hazaribagh,Karnataka,Medium,2023-11-17,True,True
22026,6009,2024-04-06,completed,Anantapuram,Maharashtra,549946.25,Chirag,Kapoor,dhartaimur@example.org,914149109053,24,Female,Anantapuram,Maharashtra,Low,2022-03-07,True,True
22113,2003,2023-07-22,completed,Sikar,Maharashtra,750648.12,Khushi,Choudhry,aniruddh27@example.com,4906412272,29,Female,Sikar,Maharashtra,Low,2023-07-14,True,True
22127,1512,2024-08-02,processing,Raebareli,West Bengal,333027.36,Pari,Mani,yapte@example.net,918967136054,66,Male,Raebareli,West Bengal,Medium,2024-07-20,True,True
22131,6393,2024-12-15,completed,Sultan Pur Majra,Gujarat,337307.62,Stuvan,Hora,hdugar@example.net,247232388,21,Female,Sultan Pur Majra,Gujarat,Low,2023-10-19,False,True
22193,13749,2023-08-12,shipped,Singrauli,Kerala,324218.88,Rasha,Gera,bijuchakraborty@example.org,919758079109,43,Female,Singrauli,Kerala,Low,2024-05-17,True,True
22259,3527,2023-02-06,completed,Bathinda,Bihar,323703.63,Dishani,Doctor,nirvi17@example.net,914204730878,52,Female,Bathinda,Bihar,Low,2022-07-17,True,True
22419,12302,2024-04-14,completed,Hapur,Maharashtra,664184.32,Zara,Kashyap,neysachandran@example.com,912289822593,21,Male,Hapur,Maharashtra,Low,2023-11-30,True,True
22421,6659,2023-01-27,completed,Bulandshahr,Maharashtra,337449.78,Saanvi,Basu,hridaanchanda@example.com,8594166121,46,Female,Bulandshahr,Maharashtra,Medium,2024-07-01,True,True
22431,19931,2024-11-13,processing,Durg,Bihar,347297.86,Shlok,Karnik,aaina13@example.net,914102571115,30,Male,Durg,Bihar,Low,2024-10-30,True,True
22459,17642,2023-08-22,completed,Tiruvottiyur,Kerala,441163.05,Bhavin,Agarwal,bjain@example.net,3496589754,35,Male,Tiruvottiyur,Kerala,Low,2022-04-29,True,True
22469,5109,2023-02-05,completed,Kadapa,Uttar Pradesh,336329.35,Riya,Grewal,avaidya@example.org,8929214762,32,Female,Kadapa,Uttar Pradesh,Medium,2024-08-23,True,True
22493,3089,2022-05-08,completed,Avadi,Punjab,455747.88,Zain,Korpal,hborra@example.net,915456143153,26,Female,Avadi,Punjab,Low,2024-05-17,True,True
22668,19538,2022-10-14,completed,Ambarnath,Uttar Pradesh,446352.37,Saksham,Chaudhari,esamra@example.net,6940343668,26,Male,Ambarnath,Uttar Pradesh,Medium,2024-08-07,True,True
22688,6020,2022-08-11,delivered,Panvel,Madhya Pradesh,455447.36,Shlok,Bhat,ranganathanbhavin@example.net,915937563885,31,Female,Panvel,Madhya Pradesh,Medium,2023-06-29,True,True
22695,9753,2024-01-30,pending,Gorakhpur,West Bengal,402230.7,Nirvi,Desai,lchauhan@example.org,8754095896,31,Male,Gorakhpur,West Bengal,Low,2024-11-20,True,True
22698,3515,2023-05-05,completed,Bulandshahr,Kerala,516079.83,Priyansh,Saxena,sahotaishita@example.com,917491139282,42,Female,Bulandshahr,Kerala,Low,2024-06-19,True,True
22709,10488,2024-09-02,completed,Karnal,West Bengal,406946.64,Onkar,Bansal,nityamall@example.com,916452550365,34,Male,Karnal,West Bengal,High,2023-10-29,True,True
22723,14928,2022-07-16,completed,Raichur,Madhya Pradesh,323585.1,Samarth,Ratti,ahana-cherian@example.net,4127519864,29,Male,Raichur,Madhya Pradesh,High,2022-08-20,True,True
22729,3607,2022-10-09,delivered,Pallavaram,Maharashtra,450708.7,Zoya,Kuruvilla,miraanbobal@example.com,3969647732,28,Female,Pallavaram,Maharashtra,Low,2022-09-01,True,True
22744,19782,2024-01-01,completed,Bikaner,Tamil Nadu,675063.01,Zara,Sundaram,badal77@example.net,915868771747,39,Male,Bikaner,Tamil Nadu,High,2023-07-19,True,True
22754,14733,2023-07-02,completed,Gopalpur,Rajasthan,476591.46,Diya,Solanki,anikarout@example.com,4088906993,32,Male,Gopalpur,Rajasthan,Low,2024-05-28,True,True
22788,11442,2023-05-28,completed,Patiala,Karnataka,383069.73,Aaina,Bala,diya22@example.net,3836010419,36,Male,Patiala,Karnataka,High,2022-12-01,True,True
22808,3281,2022-01-21,delivered,Narasaraopet,Bihar,527485.21,Tushar,Jain,onkarsharma@example.com,1088534883,46,Male,Narasaraopet,Bihar,Medium,2022-10-17,True,True
22859,5215,2022-11-07,cancelled,Eluru,West Bengal,521873.86,Abram,Roy,baiju63@example.org,914767300916,18,Male,Eluru,West Bengal,Low,2022-04-26,True,True
22878,16496,2024-07-11,completed,Proddatur,Delhi,332859.04,Priyansh,Magar,tchander@example.net,8172080774,36,Female,Proddatur,Delhi,Medium,2024-11-20,True,True
22888,2436,2023-09-13,completed,Gulbarga,Bihar,334184.45,Taran,Chand,faiyaz30@example.org,2867106656,30,Female,Gulbarga,Bihar,Low,2023-04-04,True,True
22968,9015,2024-05-04,completed,Thanjavur,Uttar Pradesh,421141.42,Akarsh,Wadhwa,kundahridaan@example.org,919461632174,28,Female,Thanjavur,Uttar Pradesh,Low,2024-12-04,True,True
23044,13131,2022-02-21,completed,Hospet,West Bengal,333806.73,Mahika,Brar,iravel@example.org,1986276059,35,Male,Hospet,West Bengal,High,2022-06-09,True,True
23054,17457,2022-08-10,completed,Davanagere,Maharashtra,387457.35,Kimaya,Badal,oloke@example.com,912431025332,20,Male,Davanagere,Maharashtra,Medium,2024-09-11,True,True
23140,3962,2024-04-08,completed,Bidar,Rajasthan,367492.15,Miraya,Sharaf,goeljivin@example.org,3475091783,32,Female,Bidar,Rajasthan,High,2022-10-25,True,True
23280,8029,2023-04-23,completed,Indore,Bihar,391722.33,Neysa,Manne,jayanmagar@example.org,9499729490,18,Female,Indore,Bihar,Medium,2024-03-11,True,True
23312,1010,2022-10-09,shipped,Anantapur,Tamil Nadu,495080.5,Nitya,Kari,vedikachana@example.com,7545847262,25,Female,Anantapur,Tamil Nadu,Low,2022-08-10,True,True
23337,3144,2022-08-24,completed,Ongole,Uttar Pradesh,428043.49,Aarna,Wason,aarush91@example.org,1781090719,18,Female,Ongole,Uttar Pradesh,Low,2024-09-24,True,True
23341,5503,2024-11-29,processing,Ludhiana,Tamil Nadu,392361.0,Manikya,Varkey,bhamini57@example.com,5825742377,27,Male,Ludhiana,Tamil Nadu,Medium,2023-02-09,True,True
23356,13486,2024-03-25,completed,Hindupur,Tamil Nadu,369828.75,Priyansh,Garg,vsehgal@example.net,5285704515,18,Female,Hindupur,Tamil Nadu,Low,2024-01-03,True,True
23389,7400,2022-08-16,completed,Bareilly,Uttar Pradesh,545587.97,Drishya,Mane,mahalayesha@example.com,911613456031,44,Male,Bareilly,Uttar Pradesh,High,2022-12-18,True,True
23411,16907,2023-12-02,completed,Sri Ganganagar,West Bengal,326389.56,Badal,Arora,myravenkatesh@example.org,4351231418,24,Male,Sri Ganganagar,West Bengal,Medium,2022-04-09,True,True
23429,17396,2023-02-05,delivered,Ambala,Uttar Pradesh,384332.6,Neelofar,Varghese,sankaranrenee@example.net,918149814155,28,Male,Ambala,Uttar Pradesh,Medium,2023-10-26,True,True
23460,19725,2024-02-14,pending,Salem,Delhi,702549.13,Mannat,Chaudhry,srao@example.com,462715086,36,Female,Salem,Delhi,Medium,2024-04-26,True,True
23511,14449,2023-04-29,pending,Mahbubnagar,Madhya Pradesh,452520.27,Armaan,Kothari,sandalrania@example.com,3287815687,52,Male,Mahbubnagar,Madhya Pradesh,Low,2024-06-08,True,True
23524,1992,2023-03-11,cancelled,Bokaro,Uttar Pradesh,533972.03,Madhup,Anne,nirvaangola@example.com,4030799154,36,Male,Bokaro,Uttar Pradesh,Low,2024-11-26,True,True
23587,17515,2024-02-29,completed,Eluru,Bihar,451441.81,Elakshi,Raj,gsibal@example.com,8988841816,57,Male,Eluru,Bihar,Medium,2024-03-21,True,True
23658,9675,2024-02-29,completed,Ghaziabad,Punjab,471223.4,Hridaan,Lad,mallyuvaan@example.com,916525323858,32,Male,Ghaziabad,Punjab,High,2022-01-16,False,True
23876,13512,2023-05-20,completed,Etawah,West Bengal,597013.01,Trisha,Samra,tsangha@example.com,917785077239,18,Female,Etawah,West Bengal,Medium,2022-08-22,True,True
23963,2917,2023-10-25,completed,Madurai,Telangana,449582.68,Riya,Chada,ychakraborty@example.net,916942229253,31,Female,Madurai,Telangana,High,2024-05-07,True,True
24005,16428,2023-03-07,completed,Maheshtala,Gujarat,373479.46,Zoya,Bora,barmannitara@example.com,914218333718,37,Female,Maheshtala,Gujarat,Low,2022-01-19,True,True
24020,13256,2024-01-10,delivered,Karawal Nagar,Uttar Pradesh,401137.5,Umang,Ganguly,aliakothari@example.com,919824559581,39,Female,Karawal Nagar,Uttar Pradesh,Medium,2024-06-27,True,True
24031,3277,2022-10-05,shipped,Satara,Tamil Nadu,409678.65,Adira,Randhawa,nahluwalia@example.com,6118289210,23,Male,Satara,Tamil Nadu,Premium,2024-02-20,True,True
24035,949,2024-06-25,delivered,Hubli–Dharwad,Maharashtra,530262.02,Vedika,Bail,vaibhav70@example.net,7009004365,48,Male,Hubli–Dharwad,Maharashtra,Medium,2023-07-16,True,True
24061,9433,2022-07-04,completed,Morena,Kerala,343867.5,Lavanya,Shukla,gardevritika@example.org,5759300955,23,Male,Morena,Kerala,High,2023-02-15,True,True
24077,15024,2024-03-23,delivered,Khora ,Uttar Pradesh,381496.66,Ahana ,Viswanathan,kanavbarad@example.org,356903436,42,Female,Khora ,Uttar Pradesh,Medium,2023-04-27,True,True
24186,6776,2023-08-06,completed,Ichalkaranji,Uttar Pradesh,425794.59,Miraya,Bajwa,onkarkorpal@example.net,7764637722,44,Female,Ichalkaranji,Uttar Pradesh,High,2023-05-11,True,True
24191,6674,2022-02-01,completed,Sasaram,Uttar Pradesh,383400.9,Yuvaan,Kibe,doctorabram@example.com,7188668926,42,Female,Sasaram,Uttar Pradesh,High,2024-07-23,True,True
24215,3536,2022-11-28,completed,Bidar,Telangana,414592.08,Farhan,Rau,azadbhandari@example.net,798340077,56,Male,Bidar,Telangana,Medium,2024-09-07,True,True
24226,4311,2024-04-24,completed,Junagadh,Madhya Pradesh,544631.92,Bhamini,Kapadia,damini18@example.net,910163684263,42,Female,Junagadh,Madhya Pradesh,Low,2022-05-08,True,True
24281,4432,2022-03-29,completed,Warangal,Madhya Pradesh,656824.94,Arhaan,Doctor,dhillonriya@example.com,7374805217,25,Male,Warangal,Madhya Pradesh,Low,2022-03-14,True,True
24296,14233,2022-10-18,completed,Jaipur,Uttar Pradesh,388734.17,Saksham,Bhatti,ishaanmagar@example.org,7636330041,44,Male,Jaipur,Uttar Pradesh,High,2024-04-25,True,True
24368,18192,2024-08-03,completed,Unnao,Uttar Pradesh,417956.84,Samar,Vyas,divitkurian@example.net,5405353246,25,Female,Unnao,Uttar Pradesh,Medium,2023-12-11,False,True
24384,5282,2022-10-13,cancelled,Satna,Uttar Pradesh,447957.62,Parinaaz,Goda,dharmajan98@example.net,912098993659,37,Male,Satna,Uttar Pradesh,Low,2022-09-19,False,True
24437,13947,2022-08-07,processing,Belgaum,Punjab,506766.76,Pihu,Vohra,kimaya24@example.org,5089265062,39,Male,Belgaum,Punjab,High,2024-09-17,True,True
24450,11458,2023-05-14,completed,Ambattur,Bihar,359541.65,Samiha,Wali,bsachar@example.org,3420219119,18,Male,Ambattur,Bihar,Low,2023-02-01,True,True
24461,1911,2024-10-13,completed,Hindupur,West Bengal,355405.34,Ivana,Chhabra,choudhrylavanya@example.com,9783315032,41,Male,Hindupur,West Bengal,Low,2024-03-02,True,True
24496,13737,2023-12-23,shipped,Nagaon,Bihar,329072.22,Jayan,Som,iranganathan@example.com,919699982843,29,Female,Nagaon,Bihar,Low,2024-03-13,True,True
24518,16337,2023-01-08,completed,Yamunanagar,West Bengal,523387.67,Navya,Som,divijwadhwa@example.net,4907723866,23,Female,Yamunanagar,West Bengal,Premium,2024-03-07,True,True
24535,2605,2024-11-05,shipped,Rajahmundry,Gujarat,436057.78,Miraan,Dass,divitshankar@example.org,5796562807,28,Female,Rajahmundry,Gujarat,Low,2023-08-04,True,True
24547,17327,2022-08-29,completed,Karimnagar,Uttar Pradesh,626331.98,Anvi,Wason,advikkrishna@example.net,916102086046,48,Male,Karimnagar,Uttar Pradesh,Medium,2024-07-05,True,True
24551,7622,2022-07-10,completed,Pudukkottai,Tamil Nadu,382687.39,Nishith,Koshy,rsarraf@example.com,4121238997,42,Male,Pudukkottai,Tamil Nadu,High,2024-04-24,True,True
24579,11503,2024-10-27,completed,Tinsukia,Karnataka,471755.57,Shray,Das,aarnaboase@example.net,6887446915,34,Female,Tinsukia,Karnataka,Low,2024-11-23,True,True
24619,17457,2022-07-20,completed,Davanagere,Maharashtra,576960.32,Kimaya,Badal,oloke@example.com,912431025332,20,Male,Davanagere,Maharashtra,Medium,2024-09-11,True,True
24660,17294,2023-07-12,completed,Phagwara,Karnataka,371507.47,Ela,Varma,jchaudhry@example.net,910016356140,40,Female,Phagwara,Karnataka,Medium,2024-09-12,True,True
24671,9196,2022-09-13,delivered,Raebareli,Uttar Pradesh,670019.79,Renee,Thakur,kgrover@example.com,4427806358,36,Male,Raebareli,Uttar Pradesh,Premium,2022-07-09,True,True
24761,17217,2024-12-10,delivered,Gulbarga,Uttar Pradesh,424862.23,Onkar,Kalita,kiara88@example.org,9207289958,54,Male,Gulbarga,Uttar Pradesh,Low,2022-01-03,True,True
24765,8446,2024-02-25,processing,Warangal,Kerala,359877.03,Hazel,Iyengar,hayertarini@example.com,4508116275,52,Female,Warangal,Kerala,High,2024-03-13,False,True
24814,17425,2024-05-13,completed,Thoothukudi,Uttar Pradesh,473182.4,Purab,Shere,ddeo@example.com,912576293914,43,Male,Thoothukudi,Uttar Pradesh,Low,2022-02-22,True,True
24842,17793,2023-07-04,completed,Eluru,Uttar Pradesh,403060.76,Jivin,Garde,obains@example.com,4080786822,22,Female,Eluru,Uttar Pradesh,Low,2022-10-20,True,True
24846,16136,2022-08-29,completed,Shahjahanpur,Maharashtra,724996.64,Ranbir,Dhar,madhuptata@example.com,5842999684,27,Male,Shahjahanpur,Maharashtra,Low,2022-09-20,True,True
24877,14602,2023-06-02,completed,Dhanbad,Uttar Pradesh,446836.18,Ranbir,Ratti,miraya26@example.net,3132289468,40,Female,Dhanbad,Uttar Pradesh,Medium,2023-05-18,True,True
24896,6346,2024-06-01,completed,Begusarai,Madhya Pradesh,428797.94,Mannat,Tailor,anay36@example.net,8346916273,39,Female,Begusarai,Madhya Pradesh,Low,2022-11-10,True,True
24908,10459,2023-12-09,completed,Unnao,Uttar Pradesh,334077.27,Gatik,Ray,yuvraj-25@example.org,4234718574,55,Female,Unnao,Uttar Pradesh,Low,2023-07-28,True,True
24920,14690,2023-12-29,completed,Kadapa,Bihar,595888.43,Kabir,Golla,marora@example.org,5989915908,49,Female,Kadapa,Bihar,Low,2023-05-26,True,True
24924,18418,2024-01-11,delivered,Gandhidham,Uttar Pradesh,618571.5,Ishita,Swaminathan,nayantaradada@example.org,1987842928,37,Male,Gandhidham,Uttar Pradesh,Low,2024-03-23,True,True
24985,14536,2023-08-15,completed,Adoni,West Bengal,340094.56,Ryan,Bera,eladivan@example.net,2777008219,41,Male,Adoni,West Bengal,Low,2024-06-10,True,True
25036,16823,2022-12-18,completed,Panvel,Madhya Pradesh,419368.04,Mohanlal,Yogi,vaibhavkarpe@example.org,8759302601,43,Female,Panvel,Madhya Pradesh,Medium,2023-03-29,True,True
25080,13021,2023-04-28,completed,Kolhapur,Rajasthan,377325.28,Raunak,Wason,raghav92@example.com,9080785539,24,Female,Kolhapur,Rajasthan,High,2024-08-10,True,True
25127,12123,2023-01-30,completed,Rajkot,Uttar Pradesh,358646.63,Anya,Subramanian,dbalasubramanian@example.net,8990088683,37,Male,Rajkot,Uttar Pradesh,Medium,2024-04-15,True,True
25170,12653,2024-11-01,shipped,Nadiad,Maharashtra,393226.57,Renee,Sanghvi,mehulrao@example.net,6976104920,30,Female,Nadiad,Maharashtra,Low,2022-11-06,True,True
25207,17878,2022-01-07,completed,Amritsar,Telangana,500033.61,Vidur,Mane,dewantara@example.net,916296169359,42,Male,Amritsar,Telangana,Low,2024-10-27,True,True
25286,18143,2024-11-29,completed,Khammam,Uttar Pradesh,444665.47,Seher,Kurian,ayeshashanker@example.com,6182102659,30,Male,Khammam,Uttar Pradesh,Low,2023-11-01,True,True
25343,2473,2023-11-05,cancelled,Karawal Nagar,Delhi,463592.75,Renee,Kapoor,tellasamiha@example.com,4205405155,37,Male,Karawal Nagar,Delhi,Low,2023-03-12,True,True
25356,3400,2024-11-09,completed,Jodhpur,West Bengal,495088.08,Fateh,Ramachandran,cbaria@example.net,1863213375,18,Female,Jodhpur,West Bengal,Low,2023-02-08,True,True
25370,15985,2023-10-18,processing,Aurangabad,Uttar Pradesh,338752.33,Anaya,Karnik,kartik23@example.net,233592724,27,Male,Aurangabad,Uttar Pradesh,Medium,2024-07-18,True,True
25405,15642,2023-01-12,shipped,Ajmer,Telangana,429864.76,Devansh,Gaba,kulkarnishray@example.com,919453808498,34,Female,Ajmer,Telangana,Low,2023-10-23,True,True
25428,16069,2023-01-06,completed,Maheshtala,Madhya Pradesh,355083.55,Kaira,Jaggi,tushar58@example.com,919414676954,57,Female,Maheshtala,Madhya Pradesh,Low,2023-01-06,True,True
25435,243,2022-11-19,completed,Bihar Sharif,Tamil Nadu,633353.97,Emir,Dhillon,mahika14@example.com,6072832684,24,Male,Bihar Sharif,Tamil Nadu,Low,2024-11-18,True,True
25479,14563,2023-04-02,completed,Alwar,Uttar Pradesh,405079.55,Badal,Doctor,anayagopal@example.net,912377253645,66,Female,Alwar,Uttar Pradesh,Low,2024-01-18,True,True
25516,17829,2024-03-09,completed,Phusro,Bihar,438469.1,Jayant,Bajaj,yuvaan30@example.org,9146881694,45,Male,Phusro,Bihar,High,2024-06-20,True,True
25543,13189,2024-03-27,completed,Fatehpur,Maharashtra,435165.71,Yashvi,Samra,ibhardwaj@example.net,915501813809,29,Female,Fatehpur,Maharashtra,Low,2024-03-30,False,True
25655,14732,2023-04-29,completed,Singrauli,Bihar,358126.4,Diya,Wable,kairachand@example.org,913449907218,39,Female,Singrauli,Bihar,High,2024-08-23,True,True
25735,12307,2024-03-29,completed,Mahbubnagar,Maharashtra,352502.85,Hridaan,Kaul,chatterjeezeeshan@example.com,8193288191,35,Male,Mahbubnagar,Maharashtra,High,2022-04-03,True,True
25788,13736,2023-03-11,pending,Singrauli,Uttar Pradesh,598321.27,Keya,Agrawal,divyanshshah@example.net,4651426036,26,Female,Singrauli,Uttar Pradesh,Low,2022-02-09,True,True
25942,3835,2022-03-21,cancelled,Deoghar,Rajasthan,661083.86,Stuvan,Lad,sumer22@example.net,944360488,56,Female,Deoghar,Rajasthan,Medium,2024-10-18,True,True
25987,14464,2024-04-16,shipped,Mahbubnagar,Uttar Pradesh,501520.67,Hazel,Mann,dharmajan52@example.net,1109625636,41,Male,Mahbubnagar,Uttar Pradesh,Low,2023-06-21,True,True
26042,16123,2023-04-04,completed,Mangalore,Karnataka,388293.34,Pihu,Gola,chandranarmaan@example.net,918724997304,34,Male,Mangalore,Karnataka,Premium,2024-10-10,True,True
26056,13135,2024-06-29,processing,Thiruvananthapuram,Uttar Pradesh,397408.28,Uthkarsh,Wagle,charvi88@example.org,7406606860,27,Male,Thiruvananthapuram,Uttar Pradesh,Medium,2022-04-07,True,True
26079,753,2023-01-28,shipped,Phagwara,West Bengal,471223.4,Yasmin,Gade,kdhaliwal@example.com,1191818281,30,Male,Phagwara,West Bengal,Low,2024-10-07,True,True
26087,6048,2022-03-18,completed,Vadodara,Kerala,508036.75,Keya,Rao,kataindranil@example.com,908525946,42,Male,Vadodara,Kerala,High,2024-04-02,True,True
26101,15072,2024-12-17,completed,Kurnool,Tamil Nadu,399029.83,Indrans,Rama,dhruv05@example.org,4207106344,34,Male,Kurnool,Tamil Nadu,Low,2024-06-13,True,True
26117,1531,2024-08-19,completed,Lucknow,Rajasthan,503662.39,Kismat,Chander,dharkaira@example.com,9146386643,36,Male,Lucknow,Rajasthan,Low,2022-11-19,True,True
26131,6789,2024-03-14,completed,Bathinda,Maharashtra,382330.29,Nehmat,Sandal,vtara@example.net,6141944664,43,Female,Bathinda,Maharashtra,Premium,2022-11-02,True,True
26258,17497,2024-05-12,delivered,Tirupati,Gujarat,754797.37,Tejas,Arya,hcontractor@example.net,938824034,48,Male,Tirupati,Gujarat,Low,2023-06-22,True,True
26331,1059,2022-05-05,delivered,Imphal,West Bengal,325245.88,Badal,Gade,kdeep@example.org,5657758097,53,Male,Imphal,West Bengal,Medium,2022-12-09,True,True
26337,15959,2023-06-10,completed,Bharatpur,West Bengal,383451.39,Adah,Batta,alia19@example.org,914943437938,55,Male,Bharatpur,West Bengal,High,2024-04-04,True,True
26352,5113,2023-10-29,completed,Katihar,Uttar Pradesh,378394.2,Dhanuk,Kalla,miraanroy@example.net,918298118624,18,Female,Katihar,Uttar Pradesh,Low,2022-02-03,True,True
26357,17775,2023-02-05,completed,Haldia,Uttar Pradesh,532402.64,Jivin,Taneja,hunar98@example.org,3736878219,19,Female,Haldia,Uttar Pradesh,Medium,2023-05-08,True,True
26441,12016,2022-11-14,pending,Eluru,Punjab,355887.06,Mannat,Gandhi,devansh91@example.com,4631534194,43,Female,Eluru,Punjab,Medium,2024-02-02,False,True
26519,5146,2022-04-14,completed,Bokaro,Uttar Pradesh,361878.16,Trisha,Taneja,mahalriya@example.com,5448634871,18,Male,Bokaro,Uttar Pradesh,Low,2024-07-10,True,True
26555,10722,2024-11-11,cancelled,Ghaziabad,Bihar,474609.33,Indrans,Chad,chanavanya@example.com,911398852000,44,Male,Ghaziabad,Bihar,High,2024-06-27,True,True
26562,11358,2022-01-07,shipped,Karaikudi,Kerala,337410.05,Rasha,Maharaj,babukabir@example.org,4016638888,38,Male,Karaikudi,Kerala,Medium,2024-08-31,True,True
26585,10802,2024-07-10,completed,Nadiad,Bihar,360546.36,Jayesh,Chopra,bmann@example.org,4925389674,37,Female,Nadiad,Bihar,Medium,2022-12-15,True,True
26612,7159,2024-06-12,completed,Bidar,Maharashtra,356879.75,Uthkarsh,Ranganathan,zmanne@example.com,4912604432,38,Male,Bidar,Maharashtra,High,2024-06-07,True,True
26656,11372,2024-03-26,completed,Deoghar,Uttar Pradesh,392437.31,Rania,Lall,yuvraj-62@example.com,670294004,34,Female,Deoghar,Uttar Pradesh,Low,2023-06-22,True,True
26695,687,2024-11-10,completed,Allahabad,Uttar Pradesh,330945.97,Hridaan,Tailor,battajhanvi@example.org,917931269789,32,Female,Allahabad,Uttar Pradesh,Medium,2024-02-06,True,True
26701,13394,2024-09-14,shipped,Latur,Uttar Pradesh,447746.17,Manikya,Sem,saanvirattan@example.com,914021657787,31,Female,Latur,Uttar Pradesh,Low,2023-05-21,True,True
26871,7252,2024-11-01,completed,Saharsa,Maharashtra,685962.76,Indranil,Kaul,piyatoor@example.net,918809680759,64,Male,Saharsa,Maharashtra,Premium,2022-12-30,False,True
26879,2975,2024-09-16,pending,Akola,Karnataka,484544.42,Hridaan,Singh,agandhi@example.net,2092252123,46,Female,Akola,Karnataka,Premium,2024-06-21,True,True
26976,2401,2023-07-11,completed,Kolhapur,Maharashtra,409976.53,Mahika,Subramanian,misha35@example.com,5803638364,23,Female,Kolhapur,Maharashtra,Medium,2022-09-13,True,True
27039,13088,2023-10-05,completed,Guna,Rajasthan,352750.26,Kashvi,Reddy,xkapur@example.net,8416056040,45,Male,Guna,Rajasthan,Medium,2022-01-11,True,True
27043,352,2024-09-15,completed,Nizamabad,Bihar,336856.82,Arhaan,Arora,balakrishnankimaya@example.net,919111926921,29,Female,Nizamabad,Bihar,Medium,2023-04-03,True,True
27136,11313,2024-07-17,completed,Tiruvottiyur,Tamil Nadu,667954.55,Gatik,Savant,choudharyayesha@example.com,6700470384,55,Male,Tiruvottiyur,Tamil Nadu,Medium,2024-04-08,True,True
27151,4873,2022-06-16,delivered,Agartala,Uttar Pradesh,355458.04,Biju,Sem,pihu22@example.net,1247130520,55,Female,Agartala,Uttar Pradesh,Low,2022-02-10,True,True
27199,17608,2022-08-16,completed,Sultan Pur Majra,Delhi,396320.1,Bhavin,Bains,anneindranil@example.com,918535072868,18,Female,Sultan Pur Majra,Delhi,Low,2023-12-02,True,True
27256,11230,2022-10-31,shipped,Jalna,Madhya Pradesh,463758.51,Abram,Chawla,raniagola@example.com,917880479821,18,Male,Jalna,Madhya Pradesh,Medium,2022-08-17,False,True
27271,16389,2023-10-22,completed,Jaunpur,Karnataka,354206.72,Purab,Ratta,bobalhrishita@example.org,3827236016,21,Female,Jaunpur,Karnataka,Low,2022-06-19,True,True
27361,19333,2023-06-23,completed,Bettiah,West Bengal,763341.73,Riaan,Gopal,ghoserhea@example.net,8536468523,45,Female,Bettiah,West Bengal,High,2023-01-25,False,True
27374,3959,2022-09-25,completed,Anantapuram,Punjab,333422.91,Vanya,Singhal,biju82@example.com,390973807,32,Female,Anantapuram,Punjab,Low,2024-07-29,True,True
27470,1028,2024-10-16,completed,Machilipatnam,Karnataka,658610.89,Hansh,Bhatnagar,eva15@example.com,2034030109,18,Male,Machilipatnam,Karnataka,Medium,2024-02-11,True,True
27514,16787,2022-07-14,cancelled,Anantapuram,Rajasthan,336722.67,Ela,Sachdev,hhanda@example.org,911969912589,59,Male,Anantapuram,Rajasthan,Low,2023-05-02,True,True
27546,16732,2023-05-25,completed,Tirupati,Uttar Pradesh,501645.65,Eshani,Raj,vidurdugar@example.org,914823984967,25,Male,Tirupati,Uttar Pradesh,Medium,2024-06-17,True,True
27661,19838,2024-07-30,delivered,Tirupati,Kerala,355709.64,Eva,Lad,lakshittrivedi@example.net,917411125427,30,Female,Tirupati,Kerala,Low,2022-11-22,True,True
27677,840,2023-01-04,processing,Tiruvottiyur,Gujarat,384624.97,Samaira,Sekhon,charvibalay@example.org,912182315551,27,Female,Tiruvottiyur,Gujarat,Medium,2022-04-19,True,True
27684,12084,2022-10-16,delivered,Sambhal,Uttar Pradesh,335767.75,Veer,Deo,kashvi56@example.com,7520388475,35,Female,Sambhal,Uttar Pradesh,Medium,2022-12-22,True,True
27692,18140,2022-02-07,processing,Thrissur,Bihar,368031.64,Riya,Chada,ahluwaliaivana@example.net,7167674171,40,Male,Thrissur,Bihar,Premium,2023-06-18,True,True
27718,13380,2023-08-23,completed,Karnal,Punjab,454639.89,Prisha,Sekhon,sanghazoya@example.net,1034599624,19,Female,Karnal,Punjab,Medium,2023-05-11,True,True
27726,12900,2023-08-14,processing,Kamarhati,Punjab,366114.38,Arhaan,Sha,sachdevaarav@example.com,3845706308,32,Female,Kamarhati,Punjab,Low,2022-03-01,True,True
27792,17707,2023-04-13,completed,Bharatpur,Gujarat,599107.46,Kiaan,Salvi,kadelavanya@example.org,4862555286,22,Male,Bharatpur,Gujarat,Medium,2022-08-12,True,True
27812,7051,2022-08-10,completed,Hajipur,Maharashtra,455614.42,Damini,Srinivasan,iyengarcharvi@example.org,3518044874,57,Female,Hajipur,Maharashtra,Medium,2023-11-11,True,True
27848,13991,2022-10-15,completed,Vijayawada,West Bengal,738288.72,Vihaan,Sandal,onkarbhattacharyya@example.net,658917526,50,Female,Vijayawada,West Bengal,Medium,2022-10-23,False,True
27876,11188,2024-01-04,completed,Etawah,Maharashtra,371316.06,Keya,Kale,aarush64@example.net,59383634,18,Female,Etawah,Maharashtra,Low,2024-07-25,True,True
27894,18469,2024-09-12,completed,Saharanpur,Telangana,504144.99,Jayant,Dora,dalalzoya@example.com,3221088158,46,Female,Saharanpur,Telangana,Low,2024-07-04,True,True
27917,19249,2022-07-13,completed,Barasat,Rajasthan,352286.94,Hazel,Krishna,warriorvidur@example.com,914412867615,38,Female,Barasat,Rajasthan,Medium,2024-12-10,True,True
27958,6195,2022-09-18,completed,Patna,Bihar,618860.1,Lavanya,Bassi,neelofar74@example.org,3602420119,25,Female,Patna,Bihar,Low,2022-07-29,True,True
27991,10140,2022-05-04,completed,Vijayanagaram,Uttar Pradesh,415805.41,Saksham,Joshi,laladrishya@example.net,912944526038,39,Male,Vijayanagaram,Uttar Pradesh,Medium,2022-05-13,True,True
28019,15846,2024-07-18,completed,Ujjain,Uttar Pradesh,326930.44,Vedika,Desai,zbedi@example.com,5419588629,25,Female,Ujjain,Uttar Pradesh,Low,2022-11-04,True,True
28038,3837,2024-06-21,completed,Bhusawal,Rajasthan,401965.24,Kismat,Sarkar,raviarmaan@example.net,7303659077,36,Female,Bhusawal,Rajasthan,Medium,2023-11-11,True,True
28069,13219,2022-04-21,completed,Kurnool,Karnataka,440796.76,Tiya,Tak,karanvi@example.net,915878524440,18,Female,Kurnool,Karnataka,Medium,2024-07-17,True,True
28139,13977,2024-08-18,shipped,Amritsar,Rajasthan,337561.04,Nakul,Sarna,balasubramaniansahil@example.net,799913927,42,Female,Amritsar,Rajasthan,Low,2023-11-01,True,True
28160,10617,2022-07-19,completed,Phusro,West Bengal,354596.45,Vanya,Venkataraman,gokul57@example.net,9758903254,33,Female,Phusro,West Bengal,High,2024-10-30,True,True
28175,2881,2023-03-19,completed,Tiruvottiyur,West Bengal,893834.29,Divyansh,Din,ryandhaliwal@example.com,912807490538,23,Male,Tiruvottiyur,West Bengal,Low,2024-08-11,True,True
28176,8245,2024-03-17,completed,Korba,Punjab,383900.38,Ayesha,Hayer,sastryalia@example.org,685286577,50,Female,Korba,Punjab,Low,2024-04-17,True,True
28236,19857,2022-02-17,processing,Guntur,Uttar Pradesh,378314.29,Amani,Kanda,chatterjeeyuvaan@example.org,1706718594,31,Female,Guntur,Uttar Pradesh,Medium,2023-12-27,True,True
28247,5200,2022-10-18,pending,Pondicherry,Uttar Pradesh,392352.54,Aarna,Wadhwa,sanghavihaan@example.net,8799286308,38,Male,Pondicherry,Uttar Pradesh,Medium,2022-12-11,True,True
28328,14662,2023-09-13,cancelled,Chinsurah,Bihar,360853.47,Kaira,Sidhu,rashaverma@example.com,1485047259,42,Female,Chinsurah,Bihar,Premium,2022-11-16,True,True
28358,13267,2022-11-19,delivered,Kota,Karnataka,490181.56,Prisha,Jayaraman,lavanya60@example.com,9372245179,51,Female,Kota,Karnataka,Low,2022-11-24,False,True
28379,18549,2022-03-08,completed,Rewa,West Bengal,790714.11,Elakshi,Subramaniam,diyagade@example.com,1405249660,18,Male,Rewa,West Bengal,High,2022-04-25,True,True
28427,19381,2023-03-16,processing,Mirzapur,Rajasthan,350734.84,Sara,Raju,khushi77@example.org,910836377365,38,Female,Mirzapur,Rajasthan,High,2022-02-04,True,True
28443,10171,2022-07-29,processing,Bhiwandi,Bihar,648347.94,Rohan,Gala,jhanvi19@example.com,1835062581,44,Female,Bhiwandi,Bihar,Low,2024-10-07,True,True
28459,18262,2023-04-07,completed,Jabalpur,Bihar,399418.22,Suhana,Wason,amira48@example.org,9361162378,31,Female,Jabalpur,Bihar,Medium,2024-02-22,True,True
28564,5114,2024-04-13,completed,Mau,Rajasthan,329482.74,Rasha,Yogi,batrariya@example.net,913865030666,26,Male,Mau,Rajasthan,Premium,2024-02-11,True,True
28603,17859,2023-01-04,delivered,Siwan,Maharashtra,871606.82,Kabir,Bava,rhea67@example.net,1393556282,54,Male,Siwan,Maharashtra,Medium,2022-12-11,True,True
28621,10673,2023-10-23,completed,Bally,Uttar Pradesh,363042.79,Pihu,Seshadri,badamizara@example.net,3802052909,48,Male,Bally,Uttar Pradesh,Medium,2024-05-08,True,True
28661,518,2023-11-03,completed,Hospet,Uttar Pradesh,329482.09,Divit,Banerjee,alala@example.net,6225223728,20,Female,Hospet,Uttar Pradesh,High,2024-05-30,True,True
28697,10947,2022-12-07,completed,Bhimavaram,Maharashtra,356209.85,Gokul,Gandhi,umahajan@example.com,5602853766,32,Female,Bhimavaram,Maharashtra,Medium,2022-05-21,True,True
28719,6774,2022-11-26,completed,Durgapur,Uttar Pradesh,385714.38,Ira,Ray,cmallick@example.org,8848014080,22,Female,Durgapur,Uttar Pradesh,Low,2024-11-09,True,True
28760,8692,2023-11-15,completed,Srikakulam,Kerala,425794.59,Vivaan,Dua,dhanushrajagopal@example.org,1413583657,27,Male,Srikakulam,Kerala,Medium,2024-12-22,True,True
28762,9107,2023-02-23,completed,Siwan,Bihar,334077.27,Raghav,Chatterjee,nehmatravel@example.net,919684027386,20,Male,Siwan,Bihar,High,2022-04-24,True,True
28769,3656,2024-09-30,completed,Bhilai,Rajasthan,515315.48,Armaan,Srivastava,zeeshanbuch@example.org,918308320914,40,Female,Bhilai,Rajasthan,Low,2024-06-15,True,True
28799,16734,2024-10-02,pending,Vellore,Uttar Pradesh,356801.68,Ivan,Choudhury,ishaan66@example.net,8026131732,31,Male,Vellore,Uttar Pradesh,Low,2022-05-13,False,True
28810,11144,2023-08-26,completed,Khora ,Tamil Nadu,336948.29,Dhanuk,Ghose,chirag01@example.net,2924946417,31,Female,Khora ,Tamil Nadu,Low,2022-06-15,True,True
28836,4829,2024-02-15,completed,Kumbakonam,Bihar,353016.76,Aayush,Bakshi,keya52@example.com,35188934,42,Female,Kumbakonam,Bihar,Medium,2023-08-21,True,True
28847,10269,2024-08-23,completed,Ratlam,Kerala,384232.67,Alisha,Hegde,abram26@example.org,8692032196,30,Female,Ratlam,Kerala,High,2024-06-05,True,True
28863,10384,2024-03-09,cancelled,Orai,Punjab,341856.22,Dhanuk,Chaudhari,divyanshdin@example.net,2628383719,52,Female,Orai,Punjab,Low,2022-09-18,True,True
28887,3249,2024-09-13,completed,Latur,Gujarat,443340.96,Hunar,Uppal,zdhillon@example.net,8899872444,18,Male,Latur,Gujarat,Premium,2022-05-08,True,True
29064,6815,2023-02-24,processing,Ambattur,Uttar Pradesh,349612.12,Lagan,Borah,shraychhabra@example.com,7551420338,41,Male,Ambattur,Uttar Pradesh,High,2024-01-22,True,True
29078,12791,2023-06-17,completed,Nashik,West Bengal,354441.14,Urvi,Gole,gokhalejayesh@example.net,491215781,45,Male,Nashik,West Bengal,Medium,2024-02-12,True,True
29101,17485,2023-09-18,completed,Saharanpur,Punjab,514662.8,Bhamini,Hans,vtella@example.net,4102470833,67,Male,Saharanpur,Punjab,Medium,2023-01-02,True,True
29127,5944,2022-11-20,completed,Salem,Maharashtra,472130.84,Yasmin,Aurora,shanrohan@example.org,915250300646,42,Female,Salem,Maharashtra,Premium,2024-02-13,True,True
29187,16829,2024-06-30,delivered,Ajmer,Maharashtra,591125.35,Krish,Iyer,qsethi@example.net,6286404946,43,Female,Ajmer,Maharashtra,Medium,2024-02-15,True,True
29207,12497,2023-01-11,completed,Surat,Telangana,359457.08,Zara,Ramakrishnan,nirvaan91@example.com,7868569659,46,Female,Surat,Telangana,Medium,2024-10-10,True,True
29284,7872,2022-10-31,completed,Chinsurah,Punjab,497127.5,Indrajit,Choudhury,chawlakabir@example.net,8639278152,30,Female,Chinsurah,Punjab,High,2023-11-21,True,True
29326,5671,2022-12-10,completed,Noida,Uttar Pradesh,628146.1,Mishti,Kota,aaryahi56@example.com,8469181654,51,Male,Noida,Uttar Pradesh,Low,2023-08-09,True,True
29332,2006,2024-03-28,pending,Kozhikode,Bihar,391063.61,Zaina,Sharaf,auroradamini@example.com,431715578,30,Male,Kozhikode,Bihar,Low,2022-05-26,True,True
29364,12406,2024-08-07,completed,Aizawl,Bihar,520195.53,Taimur,Shetty,bhargavamanikya@example.org,7348491894,30,Male,Aizawl,Bihar,Low,2022-01-12,True,True
29515,17368,2024-04-02,completed,Kota,Karnataka,533831.66,Ela,Kanda,manntaran@example.com,2748084777,22,Female,Kota,Karnataka,Low,2023-12-14,True,True
29531,2216,2024-08-03,cancelled,Tadipatri,Rajasthan,326997.49,Samiha,Samra,duttaarush@example.com,919035602858,50,Female,Tadipatri,Rajasthan,Low,2024-09-09,True,True
29666,14761,2023-08-26,completed,Morbi,Uttar Pradesh,403461.71,Pranay,Dhar,piyengar@example.org,852214167,39,Male,Morbi,Uttar Pradesh,Medium,2023-08-15,True,True
29780,9056,2023-08-25,completed,Gurgaon,Maharashtra,617846.06,Ela,Samra,vihaangola@example.org,3263387523,33,Male,Gurgaon,Maharashtra,Low,2023-09-23,True,True
29838,1683,2022-02-11,completed,Rewa,Kerala,502456.55,Inaaya ,Lala,dmand@example.net,1869303264,37,Male,Rewa,Kerala,High,2023-02-03,True,True
29864,8392,2024-10-05,completed,Raiganj,Karnataka,330546.72,Nitara,Dey,kiara62@example.net,914717034390,23,Male,Raiganj,Karnataka,Low,2024-03-05,True,True
29891,17159,2022-10-30,cancelled,Sagar,Bihar,580407.8,Veer,Kaur,jivika48@example.org,919736076222,42,Female,Sagar,Bihar,Premium,2023-08-31,True,True
29894,9603,2024-01-13,completed,Noida,Uttar Pradesh,334184.45,Nayantara,Kar,riyahans@example.org,6204076947,40,Male,Noida,Uttar Pradesh,Premium,2022-08-26,True,True
29913,14607,2024-02-20,completed,Ghaziabad,Gujarat,350695.9,Azad,Gill,ikale@example.org,1693876049,32,Female,Ghaziabad,Gujarat,High,2024-09-26,True,True
29943,2375,2023-12-05,completed,Panchkula,Maharashtra,836262.3,Suhana,Arya,hrishita10@example.com,108867974,30,Female,Panchkula,Maharashtra,High,2023-11-08,True,True
29944,17967,2023-06-17,completed,Nandyal,Kerala,583757.65,Nirvaan,Sastry,acharyahansh@example.com,912247217801,40,Female,Nandyal,Kerala,Medium,2023-11-01,True,True
30054,11128,2023-05-07,processing,Bulandshahr,Karnataka,371316.06,Sumer,Borra,daminitaneja@example.com,914534937454,18,Male,Bulandshahr,Karnataka,Medium,2022-12-01,True,True
30057,19814,2023-05-06,completed,Pune,Uttar Pradesh,636885.72,Pari,Rattan,yasmin88@example.com,3028090695,48,Female,Pune,Uttar Pradesh,Medium,2022-04-07,True,True
30103,19014,2023-08-15,completed,Ichalkaranji,West Bengal,511268.52,Ayesha,Wali,tiyathaman@example.org,916952282860,37,Male,Ichalkaranji,West Bengal,Low,2022-04-30,True,True
30170,5221,2022-11-20,completed,Kalyan-Dombivli,Uttar Pradesh,491011.36,Jivin,Khatri,ishitadave@example.net,7610059482,41,Female,Kalyan-Dombivli,Uttar Pradesh,Low,2023-10-12,True,True
30221,6149,2023-10-03,shipped,Asansol,Bihar,444762.29,Tanya,Bora,tanyaupadhyay@example.net,912778401688,18,Male,Asansol,Bihar,High,2024-12-01,True,True
30238,12714,2024-05-03,completed,Morena,West Bengal,391759.07,Reyansh,Chandran,divijsoni@example.org,3076657161,18,Female,Morena,West Bengal,Low,2022-10-22,True,True
30346,9133,2022-09-13,completed,Pondicherry,Telangana,335186.8,Amira,Kumer,ghoshishita@example.org,6929904360,31,Male,Pondicherry,Telangana,Low,2023-05-31,True,True
30368,3012,2022-10-08,shipped,Bongaigaon,Tamil Nadu,371316.06,Arhaan,Andra,veervasa@example.com,5743973847,22,Male,Bongaigaon,Tamil Nadu,Low,2023-02-23,True,True
30370,11994,2022-05-06,completed,Saharanpur,Uttar Pradesh,390746.75,Yuvaan,Sheth,neysachadha@example.net,917292847139,32,Male,Saharanpur,Uttar Pradesh,Low,2022-02-25,True,True
30466,6387,2022-02-25,completed,Ahmednagar,Karnataka,354675.21,Samarth,Samra,asheth@example.org,3563483795,49,Female,Ahmednagar,Karnataka,Medium,2022-10-27,True,True
30547,14152,2024-10-11,completed,Kakinada,West Bengal,430757.11,Saanvi,Thaman,advikasami@example.net,9576112646,36,Female,Kakinada,West Bengal,High,2023-08-04,True,True
30574,5875,2023-10-02,delivered,Rohtak,Kerala,503836.01,Vivaan,Chatterjee,waliadira@example.org,9864053767,37,Male,Rohtak,Kerala,Low,2022-05-09,True,True
30599,6607,2023-07-09,shipped,Mathura,Maharashtra,442858.94,Baiju,Mani,fghosh@example.org,1794245092,23,Female,Mathura,Maharashtra,High,2022-04-06,True,True
30613,14300,2024-05-08,cancelled,Ludhiana,Uttar Pradesh,391682.24,Mannat,Vora,rohan57@example.com,912915759416,25,Female,Ludhiana,Uttar Pradesh,Low,2022-11-16,True,True
30619,15223,2023-06-17,shipped,Vijayanagaram,Delhi,603523.07,Chirag,Bhakta,mahika61@example.net,1951948912,27,Male,Vijayanagaram,Delhi,Medium,2024-12-06,True,True
30624,18304,2022-12-17,completed,Bhilwara,Madhya Pradesh,381100.12,Pranay,Sabharwal,zswamy@example.com,1858611571,49,Female,Bhilwara,Madhya Pradesh,Medium,2024-06-24,False,True
30730,15556,2022-08-16,completed,Bokaro,Punjab,556344.55,Nehmat,Sachdev,aaryahi55@example.net,8102305100,30,Male,Bokaro,Punjab,Medium,2023-05-24,True,True
30743,1652,2024-05-30,completed,Haldia,Uttar Pradesh,383451.39,Shray,Sani,kismat28@example.net,7487411486,41,Female,Haldia,Uttar Pradesh,Low,2023-11-21,True,True
30806,12304,2023-06-03,completed,Uluberia,Rajasthan,371641.25,Hunar,Ben,xsant@example.org,918678200699,18,Male,Uluberia,Rajasthan,Low,2023-07-09,True,True
30889,8620,2023-12-13,completed,Adoni,Bihar,391479.72,Manikya,Din,aarnabhasin@example.com,3868102901,44,Female,Adoni,Bihar,Medium,2024-10-11,True,True
30947,6074,2024-06-16,shipped,Mau,West Bengal,649714.57,Neysa,Reddy,tanya80@example.com,6919563938,47,Male,Mau,West Bengal,Medium,2022-06-16,True,True
30991,14670,2024-12-19,delivered,Surendranagar Dudhrej,Tamil Nadu,348625.59,Darshit,Srinivas,dsachar@example.com,9261368840,37,Female,Surendranagar Dudhrej,Tamil Nadu,High,2024-07-09,True,True
31033,4065,2023-07-27,completed,Giridih,Uttar Pradesh,378290.19,Kanav,Deo,sachdevamanikya@example.net,5176737272,42,Male,Giridih,Uttar Pradesh,Medium,2022-02-14,True,True
31182,15203,2023-05-19,shipped,Parbhani,West Bengal,341028.59,Dishani,Shetty,tejas02@example.com,792189545,41,Female,Parbhani,West Bengal,Medium,2022-08-13,True,True
31194,17428,2022-10-25,completed,Machilipatnam,Gujarat,594637.39,Pari,Kumar,nirvaan23@example.org,9676449002,29,Female,Machilipatnam,Gujarat,High,2023-07-02,True,True
31200,4991,2024-01-27,shipped,Tadipatri,Tamil Nadu,411630.62,Dhruv,Issac,hegderenee@example.org,4035195730,51,Male,Tadipatri,Tamil Nadu,Medium,2024-01-06,True,True
31255,3883,2023-09-19,pending,Phagwara,Uttar Pradesh,482970.12,Aarna,Khare,rsom@example.org,3450358165,18,Female,Phagwara,Uttar Pradesh,Low,2024-04-19,True,True
31309,5084,2024-08-24,delivered,Udaipur,Telangana,641703.75,Nitya,Ramaswamy,farhan46@example.com,7023756190,50,Male,Udaipur,Telangana,High,2023-03-08,True,True
31315,5427,2024-02-07,pending,Amravati,Delhi,374301.23,Pranay,Deshmukh,aarav72@example.org,911259667956,25,Male,Amravati,Delhi,High,2022-11-25,True,True
31371,16054,2022-03-05,delivered,Ghaziabad,Bihar,519351.25,Raghav,Bhasin,rdass@example.com,7760418091,61,Male,Ghaziabad,Bihar,Low,2024-01-04,True,True
31423,15524,2023-02-14,completed,Solapur,Maharashtra,381944.68,Vaibhav,Sangha,zacharianeelofar@example.com,9584271618,25,Female,Solapur,Maharashtra,High,2022-07-01,True,True
31430,11203,2024-02-25,cancelled,Orai,Gujarat,450833.38,Zoya,Bains,nirvaanvala@example.com,919995521298,39,Female,Orai,Gujarat,Low,2022-12-20,True,True
31441,7243,2022-11-26,completed,Hospet,Tamil Nadu,451487.65,Arnav,Sharma,datedivij@example.net,9652369630,23,Female,Hospet,Tamil Nadu,Medium,2023-08-30,True,True
31488,19026,2024-07-06,completed,Jalna,Bihar,618398.03,Ahana ,Chaudhuri,sarmatara@example.net,910870924986,43,Female,Jalna,Bihar,Medium,2022-09-27,True,True
31513,11310,2023-03-13,completed,Panchkula,Madhya Pradesh,403186.04,Amani,Gopal,ladabram@example.org,384776472,32,Female,Panchkula,Madhya Pradesh,Premium,2023-09-12,True,True
31570,211,2023-06-29,cancelled,Rajahmundry,Madhya Pradesh,374790.34,Rohan,Uppal,nirvivora@example.net,914172482513,38,Female,Rajahmundry,Madhya Pradesh,Premium,2023-04-23,True,True
31608,6199,2022-06-19,completed,Nagpur,Uttar Pradesh,324092.67,Shaan,Sehgal,arhaan56@example.org,3067873841,53,Male,Nagpur,Uttar Pradesh,Low,2024-09-10,True,True
31632,7341,2024-08-23,completed,Siwan,Gujarat,383451.39,Madhav,Joshi,aaryahi76@example.com,6005946893,56,Female,Siwan,Gujarat,Low,2023-04-14,True,True
31634,10802,2024-10-18,completed,Nadiad,Bihar,368788.58,Jayesh,Chopra,bmann@example.org,4925389674,37,Female,Nadiad,Bihar,Medium,2022-12-15,True,True
31669,19157,2024-02-15,completed,Kota,Punjab,433923.13,Fateh,Ratti,deoloorja@example.org,6726379428,32,Male,Kota,Punjab,Low,2024-09-19,True,True
31730,2974,2023-11-18,completed,Kota,Uttar Pradesh,408395.99,Azad,Vala,srivastavaurvi@example.com,6606382850,29,Male,Kota,Uttar Pradesh,Low,2023-10-11,False,True
31742,10103,2022-10-29,completed,Mumbai,Gujarat,505322.22,Samar,Venkataraman,kantkrish@example.org,4320594567,34,Male,Mumbai,Gujarat,Medium,2024-09-21,True,True
31757,2233,2024-10-12,completed,Dindigul,Maharashtra,626546.4,Jiya,Gade,wchad@example.org,235893771,45,Male,Dindigul,Maharashtra,Medium,2024-04-28,True,True
31768,5998,2024-10-06,processing,Ajmer,Rajasthan,327016.21,Nakul,Khatri,xbutala@example.org,9291469685,31,Male,Ajmer,Rajasthan,Medium,2023-09-18,True,True
31801,6769,2022-02-05,shipped,Darbhanga,Bihar,641312.68,Yuvraj ,Kant,anneanika@example.net,1177580218,38,Female,Darbhanga,Bihar,Low,2022-10-01,True,True
31826,2252,2024-06-12,processing,Ballia,Maharashtra,393210.58,Ayesha,Gole,shrayravel@example.net,911324527567,55,Female,Ballia,Maharashtra,High,2024-09-07,True,True
31895,1587,2024-04-06,completed,Latur,Delhi,425794.59,Yuvraj ,Subramanian,zeeshan58@example.net,918981061735,24,Female,Latur,Delhi,Low,2022-05-28,True,True
31897,1108,2024-10-11,cancelled,Muzaffarnagar,Telangana,571643.82,Azad,Gokhale,aarushray@example.net,6843021166,28,Female,Muzaffarnagar,Telangana,Premium,2022-07-31,True,True
31902,7345,2024-11-28,completed,Ulhasnagar,Uttar Pradesh,542206.76,Gatik,Sharaf,anvirattan@example.com,4430052029,34,Male,Ulhasnagar,Uttar Pradesh,Low,2023-11-09,True,True
31938,8358,2024-01-03,processing,Bhilwara,Uttar Pradesh,449923.78,Hiran,Chandra,anay82@example.com,918864521972,39,Male,Bhilwara,Uttar Pradesh,High,2022-11-11,True,True
32005,2372,2024-01-05,completed,Raurkela Industrial Township,Kerala,385013.79,Rania,Gour,hansh85@example.net,630228293,30,Male,Raurkela Industrial Township,Kerala,Medium,2022-08-12,True,True
32035,8843,2024-12-30,completed,Gurgaon,Bihar,342772.08,Lavanya,Soni,balazeeshan@example.net,3219260360,42,Female,Gurgaon,Bihar,Low,2022-11-13,True,True
32071,8031,2024-02-17,completed,Ahmedabad,Madhya Pradesh,529932.98,Tejas,Chaudry,trisha87@example.org,6048686016,64,Female,Ahmedabad,Madhya Pradesh,Low,2022-11-28,True,True
32083,12452,2023-01-29,delivered,Ambattur,Gujarat,681337.04,Chirag,Bahri,bhavinchandra@example.net,5833808065,42,Female,Ambattur,Gujarat,Medium,2022-05-25,False,True
32125,539,2022-06-03,completed,Jamalpur,Telangana,501570.37,Azad,Dani,chandrahridaan@example.com,912983954296,28,Female,Jamalpur,Telangana,Medium,2023-02-01,True,True
32177,10816,2023-06-05,delivered,Nandyal,Uttar Pradesh,482961.77,Nitya,Dhaliwal,dkrishnan@example.com,915064757357,49,Male,Nandyal,Uttar Pradesh,Low,2024-09-15,False,True
32272,2523,2024-04-30,completed,Ratlam,Madhya Pradesh,423701.99,Armaan,Sule,vargheseyuvaan@example.net,910637035595,31,Female,Ratlam,Madhya Pradesh,Medium,2022-07-11,True,True
32305,75,2024-05-18,delivered,Bhubaneswar,Gujarat,473464.74,Indranil,Shroff,sandaldhanush@example.com,6797643815,35,Female,Bhubaneswar,Gujarat,Medium,2023-03-17,True,True
32311,15995,2023-06-07,shipped,Sangli-Miraj & Kupwad,Bihar,422775.19,Onkar,Behl,mahikagoswami@example.net,910660945434,18,Female,Sangli-Miraj & Kupwad,Bihar,Low,2022-08-11,True,True
32626,14521,2023-04-18,cancelled,Bettiah,Telangana,524255.9,Armaan,Sharma,jbandi@example.com,9282551613,36,Male,Bettiah,Telangana,High,2024-04-12,True,True
32722,10602,2022-06-27,completed,Danapur,Karnataka,356084.81,Bhamini,Gill,zeeshan17@example.org,910281661775,28,Female,Danapur,Karnataka,Medium,2023-12-15,True,True
32734,15598,2022-11-05,delivered,Sasaram,West Bengal,371316.06,Neelofar,Magar,divij29@example.net,6052225424,47,Male,Sasaram,West Bengal,Medium,2023-06-25,True,True
32764,2289,2023-02-27,completed,Mumbai,Maharashtra,477540.13,Eshani,Devan,samar41@example.com,918579622951,48,Female,Mumbai,Maharashtra,Medium,2024-03-05,True,True
32768,12263,2023-05-25,completed,Patiala,Madhya Pradesh,484260.07,Reyansh,Kulkarni,talwarzoya@example.net,111315202,27,Female,Patiala,Madhya Pradesh,Low,2022-02-27,True,True
32855,10283,2022-11-09,completed,Nagpur,Gujarat,353856.61,Mahika,Ahuja,xandra@example.com,889158593,54,Male,Nagpur,Gujarat,Medium,2022-12-18,True,True
32895,13475,2022-01-13,completed,Sri Ganganagar,Tamil Nadu,755114.55,Rohan,Badal,anya61@example.org,9800228615,24,Female,Sri Ganganagar,Tamil Nadu,Low,2023-03-13,True,True
32918,2838,2023-07-22,delivered,Amroha,Bihar,577147.96,Hunar,Wagle,anay74@example.org,2039500786,30,Female,Amroha,Bihar,Low,2023-06-02,True,True
32947,3632,2024-02-12,pending,Hapur,Uttar Pradesh,408413.0,Ritvik,Varughese,ibhagat@example.org,7534096199,44,Male,Hapur,Uttar Pradesh,Low,2022-06-26,True,True
33023,549,2022-03-25,completed,Salem,Rajasthan,498800.84,Anahi,Walla,wbalakrishnan@example.org,7545105265,48,Female,Salem,Rajasthan,Low,2023-11-01,True,True
33119,3195,2022-08-23,completed,Vellore,Madhya Pradesh,378313.21,Amira,Ramachandran,advikamajumdar@example.com,7823608422,51,Female,Vellore,Madhya Pradesh,High,2023-05-27,True,True
33120,10615,2023-04-08,completed,Mau,Rajasthan,425875.97,Faiyaz,Ramanathan,braranay@example.com,5207158781,45,Female,Mau,Rajasthan,Low,2023-01-01,True,True
33126,11764,2023-09-01,completed,Munger,Uttar Pradesh,460964.2,Nayantara,Bhardwaj,trishaedwin@example.com,918460047593,23,Male,Munger,Uttar Pradesh,High,2023-01-13,True,True
33165,4817,2024-02-23,completed,Tirupati,Karnataka,438309.43,Biju,Dora,ksom@example.org,267822490,18,Male,Tirupati,Karnataka,Low,2022-07-24,True,True
33167,1753,2024-12-10,completed,Bijapur,Uttar Pradesh,625641.8,Yuvraj ,Mammen,riaanbalay@example.org,914141318118,33,Male,Bijapur,Uttar Pradesh,High,2022-01-16,True,True
33208,1544,2024-04-20,completed,Tenali,Madhya Pradesh,551639.36,Samar,Aurora,savantriaan@example.org,1657893912,36,Female,Tenali,Madhya Pradesh,Medium,2023-06-30,True,True
33297,18657,2022-05-23,shipped,Ahmedabad,Uttar Pradesh,493553.09,Nirvi,Basak,krishamira@example.net,4178388083,23,Female,Ahmedabad,Uttar Pradesh,Medium,2022-03-02,True,True
33357,16590,2022-11-25,completed,Dewas,Karnataka,346816.84,Akarsh,Gara,gatik83@example.org,9125536245,54,Female,Dewas,Karnataka,Low,2022-05-21,True,True
33388,998,2024-11-30,completed,Gorakhpur,Uttar Pradesh,442367.01,Veer,Varghese,advik95@example.com,4430349189,39,Female,Gorakhpur,Uttar Pradesh,Low,2024-01-18,True,True
33411,5006,2024-02-11,completed,Hajipur,Gujarat,623585.36,Anya,Venkataraman,onkarkhurana@example.org,2462599979,31,Female,Hajipur,Gujarat,Low,2023-10-15,True,True
33495,9035,2022-11-14,pending,Panchkula,Bihar,497628.67,Shalv,Sankaran,mlal@example.com,938352230,28,Female,Panchkula,Bihar,Medium,2022-05-29,True,True
33516,14111,2023-02-27,completed,Satara,Maharashtra,448517.31,Trisha,Sharma,chahalmiraya@example.org,2342461402,64,Female,Satara,Maharashtra,Low,2023-02-10,True,True
33543,9118,2023-08-31,completed,Avadi,Telangana,387692.36,Tushar,Bava,goswamiabram@example.com,5913096292,43,Female,Avadi,Telangana,Medium,2024-08-20,True,True
33594,15779,2022-10-21,delivered,Howrah,Uttar Pradesh,453462.54,Akarsh,Bala,psundaram@example.org,254476574,30,Female,Howrah,Uttar Pradesh,Low,2023-12-26,True,True
33604,17046,2022-12-16,completed,Hubli–Dharwad,Karnataka,535202.79,Faiyaz,Sundaram,jwarrior@example.net,3065809314,39,Male,Hubli–Dharwad,Karnataka,High,2024-07-20,True,True
33617,18775,2024-04-02,completed,Danapur,Uttar Pradesh,498371.21,Chirag,Lall,adahsrinivasan@example.net,3366484947,29,Male,Danapur,Uttar Pradesh,Medium,2024-02-29,True,True
33676,10369,2022-11-23,completed,Gurgaon,Maharashtra,334151.68,Dishani,Zachariah,dewanhiran@example.org,4084747226,42,Male,Gurgaon,Maharashtra,Low,2023-11-08,True,True
33732,15751,2022-07-21,completed,Tenali,Bihar,692687.72,Bhamini,Rajan,ubath@example.net,914736364316,19,Male,Tenali,Bihar,High,2024-11-17,True,True
33792,11077,2022-12-11,delivered,Bhubaneswar,Uttar Pradesh,582391.29,Lavanya,Dey,hunar31@example.org,3559088112,22,Male,Bhubaneswar,Uttar Pradesh,Medium,2023-01-28,True,True
33834,10332,2024-02-05,shipped,Medininagar,Tamil Nadu,347023.26,Sara,Virk,nmahal@example.net,9277731778,43,Male,Medininagar,Tamil Nadu,Medium,2023-12-25,True,True
33875,15202,2024-10-18,processing,Nellore,Uttar Pradesh,326876.76,Tanya,Sura,osolanki@example.org,5003545112,48,Female,Nellore,Uttar Pradesh,High,2024-01-26,True,True
33890,1246,2023-08-19,completed,Meerut,Uttar Pradesh,615330.91,Saksham,Virk,shanaya61@example.com,919281707443,29,Male,Meerut,Uttar Pradesh,Low,2022-08-13,True,True
33929,17044,2022-05-21,completed,Kumbakonam,Bihar,402649.85,Jayant,Dhar,jswaminathan@example.org,5569456352,18,Female,Kumbakonam,Bihar,Medium,2022-10-29,True,True
33933,6751,2024-07-02,delivered,Tumkur,Uttar Pradesh,336202.5,Elakshi,Ghose,chanderfaiyaz@example.com,305445940,18,Female,Tumkur,Uttar Pradesh,Medium,2023-08-05,True,True
33948,18447,2023-11-13,pending,Shimoga,Uttar Pradesh,575081.05,Indrans,Dhillon,raunak27@example.net,911801663866,59,Female,Shimoga,Uttar Pradesh,Low,2024-05-15,True,True
34064,11003,2022-11-26,completed,Raichur,West Bengal,659746.88,Arnav,Lata,dugararhaan@example.com,910809157106,38,Female,Raichur,West Bengal,Medium,2023-09-04,True,True
34065,12300,2023-03-07,completed,Bhind,Uttar Pradesh,403447.55,Miraya,Soni,shanayasavant@example.com,9390992476,57,Female,Bhind,Uttar Pradesh,High,2023-04-13,True,True
34081,19505,2023-01-22,completed,Pudukkottai,Uttar Pradesh,369591.14,Raunak,Krishnan,yasminsarin@example.org,1365420508,28,Female,Pudukkottai,Uttar Pradesh,Medium,2024-04-21,True,True
34115,13297,2022-01-24,completed,Dibrugarh,Maharashtra,569634.14,Farhan,Kant,guptavihaan@example.com,2293178273,38,Female,Dibrugarh,Maharashtra,High,2023-09-27,False,True
34152,12722,2022-01-09,completed,Jaipur,West Bengal,379203.35,Aayush,Savant,zaramann@example.com,1057349755,18,Male,Jaipur,West Bengal,Medium,2024-06-06,True,True
34223,17017,2023-09-05,delivered,Bellary,West Bengal,749095.19,Lagan,Kibe,hbansal@example.com,1615094754,34,Female,Bellary,West Bengal,High,2023-04-19,True,True
34253,17079,2023-11-23,completed,Deoghar,Uttar Pradesh,378648.12,Nirvaan,Aurora,ojas57@example.org,7404356634,40,Male,Deoghar,Uttar Pradesh,Medium,2024-01-16,True,True
34262,16371,2023-08-05,completed,Vijayawada,Karnataka,460204.45,Divyansh,Dara,sara97@example.com,162988909,24,Male,Vijayawada,Karnataka,Low,2024-07-25,True,True
34268,18636,2023-09-08,completed,Tiruvottiyur,Uttar Pradesh,491801.25,Renee,Bir,badal20@example.net,3133199715,33,Male,Tiruvottiyur,Uttar Pradesh,Low,2023-05-07,True,True
34274,16211,2022-08-29,shipped,New Delhi,Telangana,438739.0,Nirvaan,Tank,shaan85@example.org,9708190982,32,Female,New Delhi,Telangana,Low,2024-10-10,True,True
34278,6625,2024-10-15,completed,Kishanganj,Karnataka,390301.52,Suhana,Ramachandran,arhaan53@example.net,6555106116,27,Male,Kishanganj,Karnataka,Medium,2024-06-08,True,True
34331,4513,2024-11-11,completed,Munger,Telangana,402467.22,Faiyaz,Chaudhari,himmatborra@example.com,392191658,42,Male,Munger,Telangana,Low,2023-02-05,True,True
34359,9906,2024-08-02,completed,Firozabad,Delhi,405544.85,Riya,Sundaram,dharneysa@example.com,914413374130,27,Male,Firozabad,Delhi,High,2023-05-03,True,True
34426,14802,2024-02-22,completed,Ahmednagar,Karnataka,491212.84,Amani,Buch,bassimanikya@example.com,6046168094,40,Female,Ahmednagar,Karnataka,Low,2022-11-10,True,True
34428,5054,2022-11-25,completed,Rajahmundry,Tamil Nadu,369301.33,Pranay,Jani,sairamanda@example.com,3701247101,33,Male,Rajahmundry,Tamil Nadu,Low,2024-03-02,True,True
34429,12802,2024-10-03,cancelled,Asansol,Uttar Pradesh,363097.6,Neelofar,De,alia35@example.org,9845719227,35,Female,Asansol,Uttar Pradesh,Low,2023-12-16,True,True
34515,2529,2024-01-09,completed,Pallavaram,Telangana,532833.72,Ayesha,Sagar,buchamani@example.com,5130050198,38,Female,Pallavaram,Telangana,Low,2023-05-26,True,True
34539,5239,2024-04-13,completed,Gandhidham,Kerala,384522.35,Kavya,Jha,zainbasak@example.net,2827930750,20,Female,Gandhidham,Kerala,Medium,2023-06-03,False,True
34554,10232,2024-01-01,shipped,Mysore,Maharashtra,514917.42,Ahana ,Dugar,borahnakul@example.org,4734933585,47,Female,Mysore,Maharashtra,Medium,2024-11-28,True,True
34583,11984,2024-03-21,delivered,Varanasi,West Bengal,350743.18,Yuvraj ,Khosla,khuranadhanuk@example.org,6743786838,36,Male,Varanasi,West Bengal,Low,2023-05-14,True,True
34637,16976,2022-09-21,completed,Mathura,Gujarat,444126.05,Hiran,Rana,emirsha@example.org,653466434,23,Female,Mathura,Gujarat,Low,2023-11-11,True,True
34692,15072,2023-03-03,completed,Kurnool,Tamil Nadu,448839.87,Indrans,Rama,dhruv05@example.org,4207106344,34,Male,Kurnool,Tamil Nadu,Low,2024-06-13,True,True
34720,388,2024-11-11,completed,Ujjain,Tamil Nadu,506720.64,Pranay,Ratti,hsaran@example.com,9042902572,18,Male,Ujjain,Tamil Nadu,Low,2022-03-24,True,True
34722,8352,2023-11-07,completed,Ramagundam,Gujarat,395591.18,Jayesh,Balakrishnan,karnikeshani@example.net,917038765202,30,Male,Ramagundam,Gujarat,Medium,2024-02-11,True,True
34737,14308,2022-11-21,completed,Farrukhabad,Gujarat,354444.92,Nehmat,Sabharwal,indranilagarwal@example.net,912465368865,62,Male,Farrukhabad,Gujarat,Low,2023-04-15,True,True
34782,880,2023-02-19,completed,Tiruppur,Maharashtra,828519.45,Ryan,Kalla,nkapoor@example.org,911677269608,45,Male,Tiruppur,Maharashtra,Low,2024-11-11,True,True
34886,16150,2024-01-13,completed,Dehri,West Bengal,454114.02,Faiyaz,Khosla,vihaan60@example.com,5713505649,18,Female,Dehri,West Bengal,Low,2022-06-04,True,True
34889,188,2023-10-20,pending,Akola,Delhi,489698.84,Yasmin,Hari,jayant23@example.net,5905992937,37,Female,Akola,Delhi,Medium,2024-02-01,True,True
34957,15629,2023-05-07,shipped,Amaravati,Uttar Pradesh,424334.31,Heer,Dube,mangalumang@example.com,3368940107,55,Male,Amaravati,Uttar Pradesh,Low,2023-10-31,True,True
34971,4298,2024-07-07,completed,Noida,West Bengal,606376.47,Uthkarsh,Gupta,elakuruvilla@example.net,918227069777,32,Female,Noida,West Bengal,Low,2022-02-21,True,True
34988,6020,2024-10-02,cancelled,Panvel,Madhya Pradesh,335547.14,Shlok,Bhat,ranganathanbhavin@example.net,915937563885,31,Female,Panvel,Madhya Pradesh,Medium,2023-06-29,True,True
35002,8951,2023-04-09,completed,Ahmedabad,Uttar Pradesh,372767.11,Urvi,Rao,bathnishith@example.com,916313620828,22,Male,Ahmedabad,Uttar Pradesh,High,2023-06-10,False,True
35064,12998,2023-08-31,completed,Gudivada,Maharashtra,381456.96,Jivika,Handa,sanabhatia@example.org,9732883509,45,Male,Gudivada,Maharashtra,Medium,2024-03-07,True,True
35079,9049,2023-03-15,completed,Udaipur,Telangana,351059.15,Himmat,Sharaf,grewalkavya@example.com,1922053301,28,Female,Udaipur,Telangana,Low,2024-04-19,False,True
35101,822,2022-04-22,completed,Pimpri-Chinchwad,Rajasthan,515056.93,Chirag,Bose,vanyabassi@example.org,910591297519,32,Male,Pimpri-Chinchwad,Rajasthan,High,2024-12-29,True,True
35121,14748,2022-12-04,shipped,Siliguri,Madhya Pradesh,420786.57,Emir,Mander,darabaiju@example.org,918472280379,35,Male,Siliguri,Madhya Pradesh,Low,2023-01-30,True,True
35148,13384,2024-11-11,processing,Gulbarga,Bihar,595290.9,Kavya,Goel,borradarshit@example.com,9176004913,50,Male,Gulbarga,Bihar,Medium,2023-07-31,True,True
35179,19310,2022-06-08,delivered,North Dumdum,Uttar Pradesh,409803.4,Mahika,Konda,vbahri@example.net,8406745248,42,Male,North Dumdum,Uttar Pradesh,Medium,2024-09-27,True,True
35196,728,2022-03-03,completed,Gurgaon,Uttar Pradesh,348910.42,Bhamini,Shukla,cdhar@example.org,916408572169,20,Male,Gurgaon,Uttar Pradesh,High,2023-09-30,True,True
35246,4727,2022-04-29,completed,Lucknow,Rajasthan,386382.28,Vivaan,Sahota,azad29@example.net,916878332621,46,Male,Lucknow,Rajasthan,Medium,2022-12-16,True,True
35307,9999,2024-03-24,completed,Tinsukia,Bihar,327058.71,Mahika,Bhatia,rheasanghvi@example.com,914478945378,28,Female,Tinsukia,Bihar,High,2023-12-01,True,True
35312,16364,2022-10-25,pending,Malda,Bihar,716292.28,Tanya,Mangal,fmahal@example.org,1123745663,31,Female,Malda,Bihar,Premium,2023-11-12,True,True
35338,19682,2022-07-16,completed,Alappuzha,Telangana,499963.33,Aarav,Dasgupta,elatrivedi@example.org,286241063,45,Female,Alappuzha,Telangana,Low,2023-06-16,True,True
35558,2820,2022-06-22,shipped,Dibrugarh,Kerala,374166.28,Pranay,Cherian,zbali@example.org,299907619,41,Male,Dibrugarh,Kerala,Low,2022-06-20,True,True
35585,14734,2022-06-12,delivered,Thane,Maharashtra,473721.19,Urvi,Sabharwal,mkumer@example.net,916234178057,27,Male,Thane,Maharashtra,Premium,2023-07-24,True,True
35611,17223,2022-10-12,shipped,Malda,Bihar,359817.46,Kismat,Kalita,samairadalal@example.net,919878354244,43,Female,Malda,Bihar,Premium,2022-03-02,True,True
35614,5895,2024-03-30,shipped,Parbhani,Karnataka,656142.89,Saanvi,Dhawan,skalla@example.net,74491422,23,Female,Parbhani,Karnataka,Low,2023-12-19,True,True
35646,11094,2023-03-13,completed,Raichur,Tamil Nadu,364723.85,Vritika,Dara,mannaradhya@example.org,4910668718,29,Female,Raichur,Tamil Nadu,Low,2024-03-25,True,True
35660,16262,2023-05-05,completed,Bettiah,Uttar Pradesh,519665.14,Zoya,Kapur,vanyaswaminathan@example.net,3969783366,33,Male,Bettiah,Uttar Pradesh,Low,2024-01-18,True,True
35683,17610,2024-08-16,completed,Patiala,Punjab,343006.83,Anaya,Srinivasan,tdeo@example.com,916848080001,34,Female,Patiala,Punjab,Low,2022-10-03,True,True
35697,8969,2023-12-31,completed,Panihati,Madhya Pradesh,503499.25,Lavanya,Suri,indrans99@example.org,9449951649,18,Female,Panihati,Madhya Pradesh,Low,2023-08-03,True,True
35716,18739,2023-06-07,completed,Karaikudi,Bihar,568782.5,Ehsaan,Din,hayeraniruddh@example.org,3445660044,31,Male,Karaikudi,Bihar,Low,2024-05-24,True,True
35719,17811,2024-06-25,completed,Unnao,Uttar Pradesh,618947.62,Zara,Dewan,nishith72@example.org,705491291,27,Male,Unnao,Uttar Pradesh,Medium,2022-07-23,False,True
35728,15444,2023-06-19,completed,Shahjahanpur,Rajasthan,491555.38,Hiran,Deshpande,duttaryan@example.org,7695721930,38,Male,Shahjahanpur,Rajasthan,Low,2024-07-07,True,True
35800,2945,2023-02-16,shipped,Tadipatri,Madhya Pradesh,330323.77,Vihaan,Chaudhari,usandhu@example.org,918552882313,24,Female,Tadipatri,Madhya Pradesh,Medium,2024-08-20,True,True
35819,18231,2024-05-22,completed,Katni,Bihar,441603.32,Ira,Sarin,divij47@example.org,911394645163,28,Female,Katni,Bihar,Medium,2024-01-07,False,True
35935,8894,2024-12-17,completed,Nagercoil,Bihar,560726.73,Vedika,Raja,dharmajanbora@example.net,1598811965,45,Male,Nagercoil,Bihar,Low,2023-08-20,True,True
35985,3442,2023-01-14,completed,Panvel,Maharashtra,570851.9,Renee,Gopal,dharmajan15@example.com,2770156266,44,Female,Panvel,Maharashtra,Medium,2022-03-30,True,True
36055,13351,2023-09-11,completed,Sangli-Miraj & Kupwad,Rajasthan,496677.29,Shaan,Choudhary,jiyasoni@example.net,7570241057,30,Male,Sangli-Miraj & Kupwad,Rajasthan,Medium,2022-01-09,True,True
36086,7774,2023-09-20,completed,Chittoor,Delhi,535307.22,Zeeshan,Keer,gadeakarsh@example.net,912143107539,22,Male,Chittoor,Delhi,Low,2024-09-04,True,True
36106,257,2023-08-03,completed,Madanapalle,West Bengal,346561.66,Elakshi,Vasa,jthaker@example.net,912799088117,27,Male,Madanapalle,West Bengal,Medium,2024-04-17,True,True
36111,10265,2022-11-12,completed,Barasat,Rajasthan,462582.85,Baiju,Kala,jhanvi07@example.com,914890013469,45,Male,Barasat,Rajasthan,Medium,2022-01-24,True,True
36130,10381,2024-12-17,completed,Baranagar,Tamil Nadu,605710.99,Divyansh,Chaudry,ghoshkiara@example.net,7248927583,54,Female,Baranagar,Tamil Nadu,Low,2023-07-10,True,True
36181,10073,2023-09-17,completed,New Delhi,Telangana,411930.02,Lakshit,Cheema,pbhasin@example.net,529476483,45,Male,New Delhi,Telangana,High,2022-01-11,True,True
36231,2836,2022-07-25,processing,Bally,Rajasthan,394035.83,Kismat,Sur,ranganathanarnav@example.com,8786015083,40,Male,Bally,Rajasthan,High,2023-05-11,True,True
36255,3213,2023-08-22,completed,Jabalpur,Gujarat,431234.69,Yuvraj ,Varkey,nehmatjaggi@example.org,919160494172,22,Male,Jabalpur,Gujarat,Medium,2024-08-27,True,True
36356,4302,2022-10-09,completed,Jamalpur,Bihar,930167.76,Lakshit,Batra,mohanlal21@example.net,8096124920,33,Female,Jamalpur,Bihar,Medium,2023-04-08,True,True
36454,14299,2024-09-06,completed,Buxar,Rajasthan,411458.56,Aarush,Contractor,hazel37@example.net,5291310669,31,Female,Buxar,Rajasthan,Medium,2024-06-14,True,True
36509,15402,2023-09-02,processing,Maheshtala,Maharashtra,599415.62,Tanya,Bava,twali@example.com,911370853940,33,Female,Maheshtala,Maharashtra,Medium,2023-03-03,False,True
36569,167,2023-10-07,cancelled,Phagwara,Kerala,356277.09,Manikya,Handa,settyzara@example.org,915542622189,18,Male,Phagwara,Kerala,Low,2024-10-06,True,True
36575,3211,2022-01-30,completed,Deoghar,Rajasthan,680829.68,Sana,Desai,ydugal@example.net,2098728481,29,Male,Deoghar,Rajasthan,Low,2023-08-28,True,True
36630,846,2022-05-26,completed,Bokaro,Maharashtra,723722.79,Sara,Shenoy,prisha39@example.com,7039438040,18,Female,Bokaro,Maharashtra,High,2023-06-03,True,True
36643,5099,2024-09-05,shipped,Baranagar,Bihar,433225.22,Tushar,Chopra,bvarty@example.net,2409194122,22,Male,Baranagar,Bihar,High,2023-12-06,True,True
36651,9244,2024-02-14,completed,Guna,Gujarat,508893.52,Amira,Karpe,shray45@example.org,914142336021,30,Male,Guna,Gujarat,Medium,2022-04-13,True,True
36655,16590,2022-04-03,completed,Dewas,Karnataka,426472.8,Akarsh,Gara,gatik83@example.org,9125536245,54,Female,Dewas,Karnataka,Low,2022-05-21,True,True
36720,7705,2022-05-21,completed,Shimla,Punjab,360693.28,Lakshay,Subramaniam,csawhney@example.com,2639736582,42,Male,Shimla,Punjab,Medium,2024-09-10,True,True
36736,9996,2022-08-09,delivered,Khammam,Karnataka,632331.46,Zara,Yadav,mganguly@example.org,4071742842,28,Male,Khammam,Karnataka,High,2023-03-09,True,True
36743,5885,2024-11-30,completed,Sirsa,Bihar,359877.03,Seher,Sandhu,samiha64@example.com,916251048280,19,Male,Sirsa,Bihar,Medium,2023-03-22,True,True
36823,5533,2022-11-24,completed,Bulandshahr,West Bengal,324281.1,Ojas,Lala,kalekiaan@example.net,4680234070,50,Female,Bulandshahr,West Bengal,Premium,2024-10-01,True,True
36863,15375,2024-06-11,completed,Gaya,Gujarat,434578.24,Ivana,Bhavsar,talwarahana@example.org,3223348053,18,Female,Gaya,Gujarat,Low,2022-10-06,True,True
36902,5932,2024-02-09,pending,Jalgaon,Tamil Nadu,531485.93,Zara,Bobal,mehul37@example.net,530816957,23,Female,Jalgaon,Tamil Nadu,Low,2022-11-23,True,True
36905,10194,2023-08-20,completed,Durgapur,Uttar Pradesh,348940.0,Abram,Thakur,kashvi94@example.org,915123880961,28,Male,Durgapur,Uttar Pradesh,High,2022-09-27,True,True
36944,14634,2024-09-04,completed,Pudukkottai,Madhya Pradesh,500021.01,Mehul,Yadav,chhabradivij@example.net,8325054124,51,Female,Pudukkottai,Madhya Pradesh,Low,2023-04-12,True,True
37037,19128,2023-03-02,completed,Firozabad,Rajasthan,651217.4,Ehsaan,Chana,tiyatank@example.com,913310024530,18,Female,Firozabad,Rajasthan,High,2022-02-02,True,True
37078,19959,2023-08-26,cancelled,Vasai-Virar,Rajasthan,1044869.05,Chirag,Kar,kavya53@example.net,7802880592,40,Female,Vasai-Virar,Rajasthan,Low,2023-06-09,True,True
37097,4027,2023-08-06,completed,Amravati,Uttar Pradesh,394137.66,Raghav,Sura,kartikwarrior@example.org,6657760612,33,Female,Amravati,Uttar Pradesh,High,2024-01-25,True,True
37168,17032,2024-05-19,pending,Gulbarga,Tamil Nadu,409922.6,Mishti,Loyal,kavya08@example.org,5893123148,39,Female,Gulbarga,Tamil Nadu,High,2023-08-13,True,True
37194,3513,2022-12-20,shipped,Chittoor,Uttar Pradesh,440321.98,Nayantara,Luthra,tmanda@example.net,917012335793,50,Male,Chittoor,Uttar Pradesh,Medium,2023-06-24,True,True
37216,4556,2022-12-16,delivered,Varanasi,Uttar Pradesh,527986.75,Akarsh,D’Alia,nirvi70@example.org,2637464622,26,Female,Varanasi,Uttar Pradesh,Low,2024-09-23,True,True
37310,8026,2023-09-29,cancelled,Jalandhar,West Bengal,473024.74,Mamooty,Bose,wbhargava@example.org,566656008,18,Male,Jalandhar,West Bengal,Low,2022-02-17,True,True
37311,12002,2024-08-13,processing,Pondicherry,Gujarat,524535.4,Aaina,Bala,bhayre@example.com,911648805144,44,Male,Pondicherry,Gujarat,Medium,2022-08-27,True,True
37417,18097,2024-01-13,shipped,Jaipur,Karnataka,334077.27,Tushar,Sen,drishya90@example.net,913945836724,40,Male,Jaipur,Karnataka,High,2022-01-15,True,True
37433,8008,2023-05-22,completed,Firozabad,Bihar,385176.16,Anya,Iyengar,hegdesumer@example.net,9542011660,30,Female,Firozabad,Bihar,High,2022-11-27,True,True
37443,8683,2023-07-30,completed,Udupi,Maharashtra,403102.9,Priyansh,Acharya,anay95@example.com,1065350796,49,Male,Udupi,Maharashtra,High,2023-01-07,True,True
37497,2216,2024-06-19,completed,Tadipatri,Rajasthan,418725.24,Samiha,Samra,duttaarush@example.com,919035602858,50,Female,Tadipatri,Rajasthan,Low,2024-09-09,True,True
37656,4004,2024-07-28,processing,Tirunelveli,West Bengal,420786.57,Purab,Sampath,tankamani@example.org,919818192424,18,Female,Tirunelveli,West Bengal,High,2024-07-20,True,True
37681,7866,2022-06-04,cancelled,Sasaram,Maharashtra,454009.78,Aradhya,Ramanathan,rania52@example.com,912182820036,32,Female,Sasaram,Maharashtra,High,2024-04-09,True,True
37785,9366,2024-12-09,completed,Visakhapatnam,Bihar,367922.36,Shayak,Mall,chaudrysuhana@example.org,7503832646,31,Male,Visakhapatnam,Bihar,Medium,2023-03-27,True,True
37821,7589,2023-10-17,completed,Barasat,Madhya Pradesh,372393.92,Ahana ,Gera,rajunishith@example.com,2694088125,27,Female,Barasat,Madhya Pradesh,Medium,2022-12-30,True,True
37839,10655,2023-04-03,completed,Delhi,Kerala,692449.03,Vidur,Contractor,sanaganesh@example.com,8659448675,30,Male,Delhi,Kerala,Low,2022-04-26,True,True
37916,4819,2022-12-02,processing,Kolhapur,Maharashtra,365882.78,Navya,Dixit,seherkonda@example.org,9520430160,33,Male,Kolhapur,Maharashtra,Medium,2023-10-06,True,True
37946,11862,2022-03-30,delivered,Amroha,West Bengal,387688.18,Rohan,Magar,ckeer@example.net,914661385753,35,Female,Amroha,West Bengal,Premium,2023-11-08,True,True
37948,16277,2024-06-30,completed,Sangli-Miraj & Kupwad,Rajasthan,358776.29,Mishti,Khalsa,jvaidya@example.net,7541043851,40,Male,Sangli-Miraj & Kupwad,Rajasthan,Premium,2024-08-30,True,True
37951,4935,2023-05-05,completed,Muzaffarnagar,Telangana,337325.38,Tushar,Sandhu,banerjeenehmat@example.org,910105899114,36,Male,Muzaffarnagar,Telangana,Low,2023-04-10,True,True
38011,612,2022-02-05,delivered,Rajahmundry,Rajasthan,504491.19,Suhana,Ghose,jbaral@example.com,9064771591,24,Female,Rajahmundry,Rajasthan,Medium,2022-03-16,True,True
38037,8830,2023-04-24,shipped,Jalgaon,Tamil Nadu,400259.32,Manikya,Bali,darshit40@example.com,4992875933,40,Male,Jalgaon,Tamil Nadu,Medium,2022-01-16,True,True
38042,10649,2023-04-16,delivered,Kadapa,Uttar Pradesh,490201.71,Nirvaan,Walia,samaira18@example.com,912785006447,22,Male,Kadapa,Uttar Pradesh,Low,2024-05-28,True,True
38068,4860,2024-10-13,completed,Bhagalpur,Madhya Pradesh,476424.08,Priyansh,Baria,kumarzaina@example.com,919796764263,27,Male,Bhagalpur,Madhya Pradesh,Medium,2022-07-10,True,True
38092,16855,2022-03-19,shipped,Satara,Maharashtra,647706.27,Yuvraj ,Brahmbhatt,boramamooty@example.com,9930933098,33,Female,Satara,Maharashtra,Low,2023-04-16,True,True
38096,9611,2022-04-08,completed,Motihari,Uttar Pradesh,567537.43,Taimur,Suresh,kyogi@example.com,9806176326,33,Male,Motihari,Uttar Pradesh,High,2024-09-30,True,True
38149,16693,2023-06-25,processing,Khandwa,Rajasthan,376887.66,Siya,Din,dkari@example.org,8715539175,36,Male,Khandwa,Rajasthan,Low,2024-02-18,True,True
38311,8880,2024-09-06,processing,Bijapur,Rajasthan,388179.29,Tanya,Shenoy,ymander@example.org,2644608988,25,Female,Bijapur,Rajasthan,Medium,2023-12-31,True,True
38317,7866,2024-03-05,shipped,Sasaram,Maharashtra,372678.81,Aradhya,Ramanathan,rania52@example.com,912182820036,32,Female,Sasaram,Maharashtra,High,2024-04-09,True,True
38342,7609,2022-06-06,completed,Yamunanagar,Kerala,364967.46,Ira,Hegde,riaan71@example.com,919952649331,39,Female,Yamunanagar,Kerala,Medium,2022-04-16,True,True
38354,10331,2024-03-19,completed,Berhampore,Bihar,410570.86,Akarsh,Randhawa,lokemamooty@example.net,8712099676,38,Male,Berhampore,Bihar,High,2023-04-19,True,True
38379,13692,2024-03-10,shipped,Tirupati,Uttar Pradesh,557221.41,Advika,Babu,tarachacko@example.com,4771679185,48,Female,Tirupati,Uttar Pradesh,Medium,2022-06-16,True,True
38399,13629,2024-02-13,completed,Guntur,West Bengal,438762.96,Kiaan,Khosla,uthkarsh01@example.org,910469526297,20,Female,Guntur,West Bengal,Medium,2022-01-03,True,True
38423,17292,2022-02-15,completed,Sonipat,Kerala,728199.18,Misha,Tailor,ckhare@example.net,9879686294,38,Female,Sonipat,Kerala,Low,2024-04-14,True,True
38516,14496,2023-01-12,delivered,Agra,Maharashtra,487450.74,Purab,Sathe,damini05@example.org,911572743309,31,Female,Agra,Maharashtra,Low,2023-04-04,True,True
38524,48,2022-05-16,shipped,Nandyal,Telangana,489110.49,Kashvi,Raj,singhalpari@example.com,278742967,34,Female,Nandyal,Telangana,Medium,2023-06-25,True,True
38528,13949,2022-04-02,completed,Vadodara,Bihar,453234.13,Divij,Sethi,jhaamira@example.com,9406428101,18,Female,Vadodara,Bihar,Low,2022-11-03,True,True
38531,14222,2023-11-29,completed,Varanasi,Madhya Pradesh,446692.65,Aniruddh,Sehgal,bavarhea@example.com,915840591170,38,Female,Varanasi,Madhya Pradesh,Medium,2024-06-26,True,True
38542,5170,2022-05-10,completed,North Dumdum,Madhya Pradesh,464039.07,Madhav,Mani,reneesankar@example.org,7708395406,39,Female,North Dumdum,Madhya Pradesh,Low,2022-06-01,True,True
38544,9652,2022-07-23,completed,Siwan,Tamil Nadu,411608.97,Eshani,Barad,rheagoswami@example.org,7251982490,19,Male,Siwan,Tamil Nadu,Premium,2022-05-02,True,True
38560,4072,2024-09-21,completed,Bangalore,Rajasthan,337057.49,Kimaya,Balay,umanggill@example.org,1653979447,54,Female,Bangalore,Rajasthan,Low,2022-04-13,True,True
38635,1325,2022-12-31,completed,Alwar,Bihar,425610.25,Amira,Chakraborty,qkeer@example.com,5760634942,36,Female,Alwar,Bihar,Low,2023-10-28,True,True
38640,2169,2024-09-09,completed,Tezpur,Madhya Pradesh,505893.08,Jhanvi,Bora,anandmiraya@example.org,2439229501,36,Female,Tezpur,Madhya Pradesh,Medium,2023-09-05,False,True
38641,4885,2022-01-16,completed,Jhansi,Karnataka,394362.7,Navya,Sidhu,armaan64@example.com,918870449160,30,Male,Jhansi,Karnataka,Low,2022-01-28,True,True
38681,7163,2024-12-12,completed,Bangalore,Maharashtra,345283.02,Lagan,Sachdev,vedika27@example.org,4334725560,55,Female,Bangalore,Maharashtra,High,2022-07-17,True,True
38682,11459,2024-07-01,completed,Singrauli,Bihar,809792.01,Jivin,Master,diya32@example.org,1525761540,34,Male,Singrauli,Bihar,High,2023-06-08,True,True
38776,13100,2023-05-19,completed,Chandigarh,Karnataka,389463.69,Ryan,Ranganathan,reneechauhan@example.com,6645365562,23,Male,Chandigarh,Karnataka,High,2023-06-02,True,True
38788,8974,2024-09-04,delivered,Etawah,Uttar Pradesh,390595.2,Indrajit,Varughese,goyalneysa@example.com,916555539064,47,Female,Etawah,Uttar Pradesh,Medium,2024-06-06,True,True
38928,14889,2023-07-09,completed,Udaipur,Uttar Pradesh,485349.08,Gatik,Sura,jivikasubramanian@example.com,4687566449,18,Male,Udaipur,Uttar Pradesh,Low,2024-01-04,True,True
38942,16422,2024-12-31,processing,Ratlam,West Bengal,553381.84,Madhup,Rama,itripathi@example.net,1213157058,34,Female,Ratlam,West Bengal,Low,2022-12-03,True,True
38948,11695,2022-09-22,completed,Ballia,Uttar Pradesh,520229.75,Veer,Chaudry,dlalla@example.org,913922887836,25,Female,Ballia,Uttar Pradesh,Medium,2022-06-10,True,True
38963,13107,2022-08-02,pending,Jorhat,Maharashtra,410278.83,Aayush,Varghese,manikya05@example.net,5837787564,18,Female,Jorhat,Maharashtra,Premium,2024-12-07,True,True
38977,18188,2023-02-09,shipped,Thoothukudi,Uttar Pradesh,529844.77,Myra,Raman,yshenoy@example.org,5735369939,47,Female,Thoothukudi,Uttar Pradesh,Low,2022-11-02,True,True
38986,4198,2022-10-15,completed,Mira-Bhayandar,Gujarat,358043.28,Yuvaan,Gola,vigmamooty@example.net,726745339,40,Female,Mira-Bhayandar,Gujarat,Low,2023-05-08,True,True
39000,9699,2024-07-28,delivered,Berhampur,West Bengal,515084.15,Hrishita,Shroff,stuvankorpal@example.net,631536030,45,Female,Berhampur,West Bengal,High,2022-10-22,True,True
39029,6803,2023-12-05,completed,Amravati,Rajasthan,554805.43,Lavanya,Kapur,rameshrati@example.org,913389280798,30,Female,Amravati,Rajasthan,Low,2024-08-28,True,True
39043,10001,2024-09-11,completed,Kadapa,Maharashtra,381650.06,Samarth,Mangat,vkulkarni@example.com,1320116231,37,Female,Kadapa,Maharashtra,Medium,2024-03-30,True,True
39079,7250,2023-08-08,completed,Solapur,Gujarat,344042.01,Neelofar,Wali,oravi@example.net,911543853041,47,Male,Solapur,Gujarat,Low,2022-07-07,True,True
39106,5279,2023-09-30,completed,Amritsar,Tamil Nadu,371316.06,Aradhya,Ratti,darshitapte@example.net,917089053779,34,Male,Amritsar,Tamil Nadu,Medium,2024-08-06,True,True
39109,12893,2024-10-27,shipped,Aurangabad,Karnataka,891152.48,Rasha,Warrior,romil90@example.com,7503375586,18,Male,Aurangabad,Karnataka,Low,2024-06-17,True,True
39154,798,2024-09-16,completed,Avadi,Kerala,388505.11,Ryan,Kothari,trisha08@example.org,911499825080,43,Male,Avadi,Kerala,Low,2023-08-21,True,True
39175,7762,2022-07-20,completed,Ambala,West Bengal,434161.73,Madhup,Dutt,bariaira@example.net,916050535736,42,Male,Ambala,West Bengal,Low,2023-11-19,True,True
39176,5880,2022-06-25,completed,Malda,Madhya Pradesh,388519.86,Bhavin,Sethi,neelofarsen@example.net,914863557754,18,Female,Malda,Madhya Pradesh,High,2022-10-06,True,True
39193,859,2023-04-14,completed,Fatehpur,Maharashtra,401624.43,Charvi,Dutta,aniruddh47@example.com,1699570607,40,Female,Fatehpur,Maharashtra,Low,2023-01-27,False,True
39213,6795,2023-06-28,completed,Belgaum,Kerala,377094.79,Advika,Gera,dharyashvi@example.com,8475142202,18,Female,Belgaum,Kerala,Medium,2024-10-18,True,True
39216,2291,2022-02-26,completed,Imphal,Maharashtra,452265.19,Manjari,Sahni,krish89@example.org,6244106678,22,Female,Imphal,Maharashtra,Medium,2024-01-02,True,True
39224,3136,2024-11-26,completed,Dindigul,Madhya Pradesh,549413.58,Mannat,Roy,lallneelofar@example.com,914628836358,27,Female,Dindigul,Madhya Pradesh,Low,2022-11-17,True,True
39228,19931,2023-04-16,completed,Durg,Bihar,441509.33,Shlok,Karnik,aaina13@example.net,914102571115,30,Male,Durg,Bihar,Low,2024-10-30,True,True
39237,7096,2023-05-01,completed,Darbhanga,Bihar,425911.78,Zeeshan,Bhavsar,obhatnagar@example.net,6296558174,66,Female,Darbhanga,Bihar,Low,2023-02-09,True,True
39274,395,2024-11-27,shipped,Dibrugarh,Rajasthan,511268.52,Vanya,Sethi,dishanimane@example.org,919083342801,32,Male,Dibrugarh,Rajasthan,Low,2024-01-08,True,True
39287,7408,2023-11-05,shipped,Secunderabad,Uttar Pradesh,420824.87,Kimaya,Gara,divit85@example.com,7816471061,23,Male,Secunderabad,Uttar Pradesh,Medium,2022-10-16,True,True
39373,1124,2022-05-31,completed,Firozabad,Bihar,386798.68,Parinaaz,Kurian,lokesara@example.com,9196234199,29,Male,Firozabad,Bihar,Medium,2022-12-09,True,True
39380,6828,2023-12-06,completed,Ongole,Madhya Pradesh,443056.15,Chirag,Bali,darshit33@example.net,3983437845,37,Male,Ongole,Madhya Pradesh,High,2023-04-09,True,True
39479,7574,2023-11-15,completed,Kakinada,Karnataka,389846.52,Aarush,Deep,chaudhuriadvika@example.com,4423211432,53,Male,Kakinada,Karnataka,Medium,2022-01-25,True,True
39548,15404,2023-12-20,processing,Gurgaon,Tamil Nadu,440736.53,Manikya,Balakrishnan,vedika46@example.org,22584330,18,Female,Gurgaon,Tamil Nadu,High,2023-04-24,True,True
39572,14633,2023-05-30,delivered,Gurgaon,Uttar Pradesh,472900.28,Lakshay,Ram,anahita76@example.net,7831980139,21,Female,Gurgaon,Uttar Pradesh,Low,2024-03-22,True,True
39590,9611,2022-10-03,cancelled,Motihari,Uttar Pradesh,572760.11,Taimur,Suresh,kyogi@example.com,9806176326,33,Male,Motihari,Uttar Pradesh,High,2024-09-30,True,True
39616,7177,2022-08-26,completed,Kulti,Madhya Pradesh,356732.41,Baiju,Gokhale,yuvraj-84@example.net,2962835555,18,Female,Kulti,Madhya Pradesh,High,2023-08-03,True,True
39650,5702,2024-04-06,delivered,Karawal Nagar,Tamil Nadu,369968.84,Samarth,Mahal,bhamini13@example.com,8643681281,45,Male,Karawal Nagar,Tamil Nadu,Low,2022-12-04,True,True
39651,11967,2024-04-07,pending,Durg,Gujarat,657662.11,Anika,Thaker,manjari60@example.com,915868182915,39,Female,Durg,Gujarat,Medium,2024-01-03,True,True
39675,610,2022-03-12,pending,Anantapuram,Maharashtra,324929.27,Kiaan,Bakshi,ckrish@example.com,1172959639,54,Female,Anantapuram,Maharashtra,Medium,2022-01-28,True,True
39764,7071,2024-08-07,completed,Bhopal,Punjab,452880.18,Vivaan,Shere,nityaghose@example.net,1209733217,36,Female,Bhopal,Punjab,Premium,2023-10-01,True,True
39770,18822,2022-04-15,shipped,Rourkela,Madhya Pradesh,606620.7,Amani,Brahmbhatt,aptemiraya@example.org,3346257848,28,Male,Rourkela,Madhya Pradesh,Low,2024-10-24,True,True
39847,8604,2022-11-17,completed,Patiala,Telangana,613858.65,Umang,Ramesh,bijuloyal@example.com,913461196953,18,Female,Patiala,Telangana,Low,2023-02-28,True,True
39856,1889,2024-05-08,completed,Satara,Kerala,415941.57,Abram,Bhalla,tsharaf@example.org,7344794592,21,Female,Satara,Kerala,High,2024-11-13,True,True
39935,16495,2024-03-21,shipped,Bhilwara,Maharashtra,433646.76,Chirag,Bail,taravala@example.net,9559251449,48,Female,Bhilwara,Maharashtra,Medium,2023-04-01,True,True
39945,18076,2024-08-10,cancelled,Bathinda,Bihar,393351.96,Kimaya,Sen,bkothari@example.com,3285939784,34,Female,Bathinda,Bihar,Low,2024-10-15,True,True
40004,7607,2024-11-24,completed,Bareilly,Rajasthan,375287.75,Akarsh,Khanna,vaidyataran@example.com,2303743275,45,Female,Bareilly,Rajasthan,High,2023-12-24,True,True
40086,1215,2024-11-18,completed,Rajkot,Uttar Pradesh,372019.5,Drishya,Khalsa,zoyamallick@example.org,2787304862,23,Female,Rajkot,Uttar Pradesh,Medium,2023-05-02,True,True
40110,927,2022-10-04,processing,Kulti,Uttar Pradesh,577509.83,Gatik,Sastry,pdatta@example.net,169342929,33,Female,Kulti,Uttar Pradesh,Low,2022-07-25,True,True
40133,4564,2023-11-14,completed,Etawah,Maharashtra,721179.81,Riaan,Sura,ranbirsalvi@example.org,911218288291,18,Male,Etawah,Maharashtra,Medium,2023-04-28,True,True
40142,3515,2024-01-12,completed,Bulandshahr,Kerala,576399.67,Priyansh,Saxena,sahotaishita@example.com,917491139282,42,Female,Bulandshahr,Kerala,Low,2024-06-19,True,True
40157,16265,2022-05-14,shipped,Nadiad,Kerala,470326.48,Trisha,Anand,rrao@example.com,2305743924,25,Male,Nadiad,Kerala,Medium,2022-06-23,True,True
40209,9630,2024-07-12,delivered,Sambalpur,Bihar,443890.26,Vaibhav,Kannan,gopalkiaan@example.net,1855743882,51,Male,Sambalpur,Bihar,High,2023-04-07,True,True
40298,4232,2024-02-28,completed,Nizamabad,Karnataka,475883.54,Yuvraj ,Samra,aliamaharaj@example.com,912045977674,23,Male,Nizamabad,Karnataka,Medium,2024-08-20,True,True
40303,5928,2022-06-04,completed,Aurangabad,Telangana,386085.81,Zain,Dara,dvarughese@example.net,3395956422,39,Female,Aurangabad,Telangana,Low,2023-04-14,True,True
40313,9933,2024-01-06,shipped,Tinsukia,Gujarat,386888.5,Jayesh,Mand,hunar25@example.com,2250086435,18,Male,Tinsukia,Gujarat,Low,2022-10-12,True,True
40315,14236,2022-05-05,completed,Bikaner,Maharashtra,384746.75,Miraya,Balasubramanian,zoyabalasubramanian@example.org,1594472499,33,Female,Bikaner,Maharashtra,Medium,2023-10-01,True,True
40320,16815,2022-04-17,completed,Shimoga,Maharashtra,450314.6,Ira,Ramaswamy,qbhasin@example.net,5684690156,43,Male,Shimoga,Maharashtra,Low,2024-07-20,True,True
40341,16809,2024-06-21,shipped,Saharanpur,Tamil Nadu,407554.8,Dhruv,Warrior,riya98@example.org,1675910720,51,Male,Saharanpur,Tamil Nadu,Low,2023-04-06,True,True
40362,19451,2022-04-17,completed,Kolhapur,Bihar,360729.7,Kimaya,Shanker,misha87@example.com,8325607972,18,Female,Kolhapur,Bihar,Medium,2023-08-06,True,True
40405,16004,2024-04-28,pending,Mangalore,Rajasthan,446799.66,Armaan,Sankaran,fchhabra@example.org,918835057467,35,Female,Mangalore,Rajasthan,Medium,2024-05-01,True,True
40408,14435,2023-06-14,completed,Jamshedpur,West Bengal,427993.01,Himmat,Dugar,gbail@example.org,9440454026,18,Male,Jamshedpur,West Bengal,Low,2022-12-29,True,True
40449,1921,2024-03-17,completed,Raiganj,Karnataka,372224.67,Kaira,Aurora,vidur65@example.org,3784771988,20,Female,Raiganj,Karnataka,Low,2023-03-01,True,True
40493,16593,2023-10-18,completed,Raipur,Karnataka,383451.39,Aayush,Agarwal,lchaudhary@example.net,2606068509,36,Female,Raipur,Karnataka,Low,2023-02-26,True,True
40503,9025,2022-04-27,completed,Muzaffarnagar,Rajasthan,627442.25,Emir,Sagar,zvohra@example.com,5528272566,42,Male,Muzaffarnagar,Rajasthan,Medium,2024-06-18,True,True
40524,13963,2022-12-10,completed,Aurangabad,Rajasthan,334077.27,Tanya,Sankaran,balakrishnandevansh@example.org,4611811876,18,Female,Aurangabad,Rajasthan,Medium,2022-01-06,True,True
40616,577,2024-03-16,delivered,Tenali,Uttar Pradesh,569228.18,Siya,Lalla,anaya65@example.com,412009282,25,Female,Tenali,Uttar Pradesh,Low,2023-10-21,True,True
40627,11078,2024-01-21,completed,Gudivada,Gujarat,360684.16,Gokul,Mall,bumbvardaniya@example.org,4387286423,37,Male,Gudivada,Gujarat,Medium,2022-06-14,True,True
40707,4099,2024-10-13,delivered,Pune,Uttar Pradesh,441313.4,Alisha,Dua,grewaleshani@example.com,9524087415,29,Male,Pune,Uttar Pradesh,High,2023-12-07,True,True
40719,2433,2022-02-09,shipped,Jhansi,Tamil Nadu,611272.95,Piya,Mander,dhanukhari@example.net,2663316140,27,Female,Jhansi,Tamil Nadu,Low,2022-06-13,True,True
40737,1423,2023-10-07,completed,Munger,Madhya Pradesh,371574.26,Ayesha,Aggarwal,thari@example.net,911079237298,48,Male,Munger,Madhya Pradesh,Low,2024-05-09,True,True
40740,12433,2023-04-18,completed,Tiruchirappalli,West Bengal,366903.17,Umang,Kohli,rdugal@example.org,918357950445,52,Female,Tiruchirappalli,West Bengal,Medium,2023-07-03,True,True
40776,1320,2022-02-17,shipped,Dhanbad,West Bengal,440758.33,Yuvraj ,Iyengar,deepshlok@example.org,5632174003,49,Male,Dhanbad,West Bengal,Low,2022-05-12,False,True
40788,19833,2022-10-29,completed,Panipat,Punjab,510342.49,Vedika,Dora,mtiwari@example.org,912497863788,18,Female,Panipat,Punjab,High,2024-10-04,True,True
40912,1781,2024-12-30,completed,Ahmedabad,West Bengal,512418.39,Ayesha,Varkey,tarini51@example.net,2474111736,26,Male,Ahmedabad,West Bengal,Low,2022-12-06,True,True
40966,14381,2024-12-04,delivered,Gwalior,Gujarat,369702.43,Krish,Balasubramanian,kiara69@example.com,917077143206,31,Male,Gwalior,Gujarat,Low,2024-07-01,True,True
41015,10654,2022-06-14,shipped,Madhyamgram,Telangana,460705.42,Kaira,Tailor,yashvi90@example.com,913132822200,18,Male,Madhyamgram,Telangana,Medium,2024-11-21,True,True
41111,10345,2024-09-29,completed,Naihati,Uttar Pradesh,445460.01,Kiaan,Tak,venkataramanishita@example.net,912280666500,22,Male,Naihati,Uttar Pradesh,Medium,2024-06-26,True,True
41112,16690,2024-09-29,completed,Thanjavur,Rajasthan,750035.45,Mohanlal,Ramesh,tariniramanathan@example.org,7297020738,34,Male,Thanjavur,Rajasthan,High,2022-10-28,True,True
41122,14082,2023-01-21,delivered,Khammam,Uttar Pradesh,558316.62,Rati,Chakraborty,barmannehmat@example.net,911933268692,33,Male,Khammam,Uttar Pradesh,Medium,2024-04-09,True,True
41153,3088,2022-05-30,cancelled,Tezpur,Uttar Pradesh,447590.12,Vedika,Raval,tanyasekhon@example.net,453868761,31,Male,Tezpur,Uttar Pradesh,Medium,2023-11-28,True,True
41167,2476,2022-07-03,completed,Tirunelveli,Uttar Pradesh,328235.94,Ritvik,Bahl,dhingrariya@example.com,5497683487,30,Female,Tirunelveli,Uttar Pradesh,Low,2023-07-16,False,True
41175,9341,2024-05-23,completed,Malda,Maharashtra,428594.44,Neelofar,Ray,ysubramaniam@example.com,1678044634,20,Male,Malda,Maharashtra,Medium,2022-05-13,True,True
41218,8514,2022-10-23,completed,Kollam,Uttar Pradesh,329398.47,Mishti,Wali,riaan69@example.org,2096640877,26,Female,Kollam,Uttar Pradesh,High,2023-05-25,True,True
41247,2953,2022-12-25,shipped,Ratlam,Uttar Pradesh,487815.37,Zara,Jani,gollasamaira@example.org,1170829220,41,Female,Ratlam,Uttar Pradesh,Medium,2022-05-17,True,True
41268,6217,2022-08-22,shipped,Salem,Gujarat,719809.68,Armaan,Chaudry,nishithmandal@example.com,9058861565,37,Male,Salem,Gujarat,High,2022-08-02,True,True
41300,4277,2024-08-20,shipped,Ambala,West Bengal,376887.66,Vaibhav,Kunda,devansh64@example.net,916400584451,36,Male,Ambala,West Bengal,Medium,2022-09-24,True,True
41322,12507,2023-01-07,completed,Ambala,Karnataka,336722.67,Aaryahi,Lad,bijubasu@example.net,915378334423,31,Female,Ambala,Karnataka,Medium,2023-04-02,True,True
41388,59,2022-07-29,delivered,Berhampur,Tamil Nadu,518349.36,Anya,Bera,vaibhavmangal@example.com,4406409097,26,Male,Berhampur,Tamil Nadu,Medium,2024-08-01,True,True
41458,8651,2024-12-17,cancelled,Amravati,Uttar Pradesh,355251.48,Tara,Goyal,shahsaanvi@example.org,6033157482,43,Female,Amravati,Uttar Pradesh,Medium,2024-09-25,True,True
41496,6619,2022-10-31,completed,Kishanganj,Maharashtra,385448.59,Aaina,Gokhale,lakshaysaraf@example.com,910627778928,44,Male,Kishanganj,Maharashtra,High,2024-04-20,True,True
41522,5419,2022-06-05,completed,Munger,Bihar,526814.84,Mishti,Varty,ramanathantara@example.com,912852204330,27,Female,Munger,Bihar,High,2022-09-27,True,True
41554,11605,2024-07-11,completed,Kolhapur,Bihar,389442.85,Arnav,Jani,taran27@example.com,9057500879,19,Male,Kolhapur,Bihar,Medium,2024-01-12,True,True
41555,4907,2023-09-08,shipped,Saharanpur,Tamil Nadu,426738.42,Hazel,Sandal,mirayabajwa@example.com,573266305,38,Male,Saharanpur,Tamil Nadu,Medium,2024-11-29,False,True
41591,18805,2024-04-13,completed,Bathinda,Karnataka,390023.59,Ivana,Anne,ojhaveri@example.org,726513442,40,Female,Bathinda,Karnataka,Low,2022-05-12,True,True
41650,15798,2024-12-05,completed,Sonipat,Telangana,443085.41,Biju,Salvi,divij16@example.com,2531474370,18,Male,Sonipat,Telangana,Low,2023-12-06,True,True
41662,11730,2022-02-16,pending,Raipur,Tamil Nadu,569283.18,Farhan,Kohli,xvala@example.org,8622204585,25,Female,Raipur,Tamil Nadu,Low,2024-06-08,True,True
41677,9516,2022-03-02,completed,Gwalior,Delhi,367168.2,Anya,Chandran,ela23@example.com,9549356818,28,Female,Gwalior,Delhi,High,2024-08-20,True,True
41749,5724,2024-06-14,completed,Bardhaman,Rajasthan,409795.22,Biju,Dora,jiya52@example.com,6457026914,33,Female,Bardhaman,Rajasthan,Low,2022-03-09,True,True
41761,12218,2023-12-20,completed,Baranagar,Tamil Nadu,518710.85,Yashvi,Chanda,lmadan@example.com,918088111788,26,Male,Baranagar,Tamil Nadu,High,2024-11-05,True,True
41766,3348,2024-04-25,completed,Panihati,Tamil Nadu,383127.47,Zeeshan,Garg,dishani13@example.org,1354270182,42,Female,Panihati,Tamil Nadu,Low,2024-09-30,True,True
41776,4868,2024-12-15,pending,Barasat,Maharashtra,495080.5,Myra,Raja,nbal@example.net,3947585989,47,Male,Barasat,Maharashtra,Low,2023-02-09,True,True
41779,5515,2022-07-23,completed,Navi Mumbai,Uttar Pradesh,412447.87,Taimur,Chaudhary,kohlisaira@example.org,2995521572,44,Male,Navi Mumbai,Uttar Pradesh,High,2023-02-06,True,True
41793,4707,2023-03-30,shipped,Alappuzha,Uttar Pradesh,612894.54,Aarav,Rao,ranbircontractor@example.com,8869148030,28,Male,Alappuzha,Uttar Pradesh,Medium,2023-08-02,True,True
41966,19184,2023-08-14,completed,Hazaribagh,Punjab,402398.4,Suhana,Sarna,ivan50@example.net,1245964803,18,Female,Hazaribagh,Punjab,Low,2022-02-04,True,True
42045,5931,2022-02-11,delivered,Hapur,Bihar,462987.72,Himmat,Borde,srinivasaaryahi@example.net,3360660275,47,Female,Hapur,Bihar,Low,2023-02-16,True,True
42052,1758,2022-05-27,completed,Indore,Uttar Pradesh,508075.2,Advik,Choudhury,aaryahisibal@example.com,3180576310,50,Male,Indore,Uttar Pradesh,Low,2024-04-09,True,True
42066,7738,2023-12-24,completed,Raiganj,Maharashtra,443601.23,Kartik,Raval,shloktak@example.com,8180937697,19,Female,Raiganj,Maharashtra,Medium,2024-03-06,True,True
42080,17056,2022-09-17,completed,Bongaigaon,Rajasthan,585007.13,Charvi,Varghese,riya35@example.com,5320722817,18,Female,Bongaigaon,Rajasthan,Medium,2023-07-06,True,True
42094,7161,2024-02-07,processing,Avadi,Tamil Nadu,514548.88,Hazel,Bhalla,anahitarama@example.com,848019858,43,Male,Avadi,Tamil Nadu,Premium,2024-08-06,True,True
42161,12460,2024-02-17,processing,Kanpur,Uttar Pradesh,333421.51,Shray,Subramaniam,qbhalla@example.com,5529372310,18,Male,Kanpur,Uttar Pradesh,Medium,2024-09-21,True,True
42166,1729,2023-10-29,completed,Serampore,Tamil Nadu,385365.85,Shaan,Loke,zbala@example.net,422456411,21,Male,Serampore,Tamil Nadu,Medium,2023-08-02,True,True
42174,3908,2022-04-09,completed,Muzaffarpur,Tamil Nadu,566173.42,Raunak,Deol,vanya54@example.org,3588742109,23,Male,Muzaffarpur,Tamil Nadu,Medium,2024-04-24,True,True
42182,15320,2023-12-09,completed,Bongaigaon,Karnataka,431007.54,Aarav,Saini,zeeshan99@example.com,914873856765,35,Male,Bongaigaon,Karnataka,Low,2024-05-02,True,True
42188,16804,2024-03-26,processing,Phagwara,Uttar Pradesh,381818.6,Kiara,Iyer,zeeshansekhon@example.com,917179516161,26,Female,Phagwara,Uttar Pradesh,Low,2024-01-22,True,True
42265,7344,2024-10-11,completed,Mysore,Kerala,463181.95,Navya,Luthra,divijagate@example.org,910881485898,28,Male,Mysore,Kerala,Low,2023-11-29,True,True
42315,9503,2023-04-24,completed,Bhopal,Rajasthan,639085.65,Hiran,Rajagopal,rajanriaan@example.com,910599504353,53,Female,Bhopal,Rajasthan,Low,2024-05-06,True,True
42316,10343,2023-11-24,shipped,Sagar,Bihar,636790.55,Arhaan,Kala,khushiwable@example.com,3937958813,29,Female,Sagar,Bihar,Low,2024-02-23,True,True
42321,15320,2024-06-11,pending,Bongaigaon,Karnataka,449494.96,Aarav,Saini,zeeshan99@example.com,914873856765,35,Male,Bongaigaon,Karnataka,Low,2024-05-02,True,True
42358,11869,2022-01-21,delivered,Munger,Maharashtra,384601.78,Saksham,Ben,pranaydesai@example.com,3072401269,51,Male,Munger,Maharashtra,Medium,2023-11-01,True,True
42364,6229,2024-12-09,completed,Bathinda,Kerala,741411.81,Kanav,Master,ivangera@example.com,911185287763,24,Male,Bathinda,Kerala,High,2022-11-10,True,True
42375,7998,2022-04-11,pending,Raiganj,Bihar,427508.65,Shamik,Bala,darhazel@example.org,919068624592,52,Female,Raiganj,Bihar,Medium,2023-01-02,True,True
42411,17812,2022-04-05,pending,Jalna,Uttar Pradesh,401401.18,Yuvaan,Khalsa,drishyadara@example.net,8708636429,18,Male,Jalna,Uttar Pradesh,Low,2023-06-29,True,True
42548,4889,2022-03-01,completed,Kolhapur,Uttar Pradesh,384703.12,Eshani,Gola,inaaya-18@example.net,916490941254,31,Male,Kolhapur,Uttar Pradesh,Low,2023-04-09,True,True
42551,11180,2022-10-06,cancelled,Gopalpur,Karnataka,359263.89,Renee,Garg,raghavbora@example.net,918972691981,48,Female,Gopalpur,Karnataka,Medium,2024-08-13,True,True
42560,16266,2024-05-20,shipped,Rajpur Sonarpur,Punjab,476137.88,Advika,Handa,saksham92@example.com,912588165203,36,Male,Rajpur Sonarpur,Punjab,Medium,2024-06-07,True,True
42584,1171,2022-02-21,completed,Bilaspur,Maharashtra,445562.82,Advika,Talwar,qthakur@example.net,7177546199,39,Male,Bilaspur,Maharashtra,Medium,2022-03-19,True,True
42600,15990,2023-09-30,completed,Purnia,Uttar Pradesh,388324.5,Jivika,Sampath,ukara@example.org,918651417404,27,Female,Purnia,Uttar Pradesh,High,2024-04-21,True,True
42617,8719,2024-10-11,delivered,Darbhanga,Rajasthan,595452.28,Tushar,Sachdev,nagrawal@example.com,824236382,23,Female,Darbhanga,Rajasthan,Medium,2024-10-15,True,True
42625,11241,2023-03-10,cancelled,Jalna,Rajasthan,558403.57,Urvi,Ganguly,bavaishaan@example.net,8077692740,46,Male,Jalna,Rajasthan,Premium,2024-04-13,True,True
42700,17205,2023-10-10,completed,Erode,Tamil Nadu,360882.24,Dhruv,Sheth,hiranjohal@example.org,915068698055,47,Male,Erode,Tamil Nadu,Medium,2022-02-16,True,True
42793,17828,2022-01-02,processing,Sambalpur,Uttar Pradesh,364535.32,Miraan,Tak,yasminjaggi@example.org,7488719520,18,Female,Sambalpur,Uttar Pradesh,High,2022-05-06,True,True
42800,9592,2024-09-06,shipped,North Dumdum,Rajasthan,420772.86,Drishya,Sandhu,samiha94@example.net,6931709884,38,Male,North Dumdum,Rajasthan,Medium,2022-11-10,False,True
42821,7044,2023-08-01,completed,Guntur,Bihar,442618.67,Ishaan,Loke,lverma@example.com,3293990598,22,Female,Guntur,Bihar,Low,2022-04-21,True,True
42831,19229,2022-02-23,completed,Ballia,Bihar,612350.37,Trisha,Gole,krish13@example.com,9832136393,26,Male,Ballia,Bihar,Medium,2022-03-23,True,True
42870,2914,2024-07-20,delivered,Pondicherry,Gujarat,411893.36,Khushi,Shere,shuklayashvi@example.com,917702967050,19,Female,Pondicherry,Gujarat,Low,2023-10-05,True,True
43033,15536,2022-01-20,completed,Parbhani,West Bengal,461815.75,Madhav,Golla,nitarakothari@example.org,5525366289,32,Female,Parbhani,West Bengal,Medium,2024-06-24,True,True
43064,2910,2022-10-02,completed,Thanjavur,Uttar Pradesh,495080.5,Chirag,Swaminathan,arhaansachdeva@example.com,919238352237,29,Female,Thanjavur,Uttar Pradesh,Low,2022-03-10,True,True
43119,7172,2024-10-24,completed,Kishanganj,Madhya Pradesh,466158.7,Divyansh,Sodhi,cchopra@example.net,5846528651,45,Female,Kishanganj,Madhya Pradesh,High,2023-03-22,True,True
43127,19551,2024-01-10,completed,Ujjain,Bihar,446285.2,Kaira,Bhatt,dhawanmadhup@example.net,916365076338,39,Male,Ujjain,Bihar,Medium,2024-11-16,False,True
43158,10206,2023-08-29,completed,Kharagpur,Gujarat,544112.32,Nehmat,Ramachandran,jayan42@example.org,8733185908,24,Male,Kharagpur,Gujarat,Low,2022-12-08,True,True
43232,811,2024-11-08,completed,Aizawl,Madhya Pradesh,421728.26,Shaan,Salvi,ubhavsar@example.net,913339395786,29,Male,Aizawl,Madhya Pradesh,Low,2022-11-28,True,True
43245,12208,2024-05-12,completed,Rajpur Sonarpur,West Bengal,367173.04,Ryan,Roy,wasonpari@example.com,1476300566,34,Male,Rajpur Sonarpur,West Bengal,Medium,2022-11-23,True,True
43247,321,2024-09-17,processing,Arrah,Gujarat,330928.77,Zeeshan,Chakraborty,paridhar@example.net,9982795014,35,Female,Arrah,Gujarat,Premium,2023-08-12,True,True
43252,12868,2024-01-12,completed,Bhalswa Jahangir Pur,Gujarat,517690.35,Taimur,Sibal,jainanahi@example.net,919409004203,18,Female,Bhalswa Jahangir Pur,Gujarat,High,2024-06-05,True,True
43292,12196,2023-08-30,delivered,Guntakal,Telangana,380368.64,Charvi,Chand,nirvaan56@example.net,914595929192,30,Male,Guntakal,Telangana,Low,2024-12-30,True,True
43340,19804,2024-10-19,completed,Alwar,Gujarat,386765.45,Vaibhav,Wason,thakurfaiyaz@example.org,5535279404,33,Male,Alwar,Gujarat,Medium,2023-09-10,False,True
43362,3221,2023-03-08,delivered,Katni,Maharashtra,439842.33,Sumer,Kar,rbahl@example.net,959027990,44,Male,Katni,Maharashtra,Premium,2022-10-27,True,True
43370,7849,2024-07-11,completed,Gurgaon,Uttar Pradesh,382596.55,Indranil,Atwal,renee26@example.net,9267913099,40,Female,Gurgaon,Uttar Pradesh,Low,2023-04-16,False,True
43444,15571,2023-10-31,cancelled,Muzaffarnagar,Maharashtra,496580.26,Neysa,Lall,rasha19@example.net,912349480778,33,Male,Muzaffarnagar,Maharashtra,Low,2023-05-27,True,True
43450,14671,2022-01-07,completed,Gopalpur,Gujarat,475151.39,Khushi,Kant,golaindrajit@example.org,7683300339,27,Male,Gopalpur,Gujarat,High,2024-07-03,True,True
43482,4348,2023-09-22,completed,Tiruchirappalli,Punjab,639953.28,Madhup,Krishna,chandnirvi@example.net,2120041648,43,Female,Tiruchirappalli,Punjab,Medium,2023-07-26,True,True
43564,19953,2023-05-09,completed,Thrissur,Uttar Pradesh,551884.64,Zoya,Wadhwa,nirvaanganesan@example.net,919312153492,45,Male,Thrissur,Uttar Pradesh,High,2023-01-04,True,True
43574,16781,2023-04-02,completed,Alwar,Maharashtra,372994.35,Rasha,Andra,ryangour@example.org,1006532318,30,Male,Alwar,Maharashtra,Medium,2024-05-08,True,True
43646,6217,2023-05-20,completed,Salem,Gujarat,505520.37,Armaan,Chaudry,nishithmandal@example.com,9058861565,37,Male,Salem,Gujarat,High,2022-08-02,True,True
43667,13843,2024-03-03,delivered,Korba,Uttar Pradesh,329189.93,Suhana,Bajaj,sampathmanikya@example.com,4351028116,50,Female,Korba,Uttar Pradesh,Low,2022-06-16,True,True
43742,16649,2023-07-23,pending,Guna,Maharashtra,384467.65,Hansh,Doctor,devansh23@example.org,8314455159,18,Female,Guna,Maharashtra,Low,2023-01-30,True,True
43792,19369,2022-01-06,completed,Secunderabad,Gujarat,601746.16,Kiaan,Sidhu,yakshit41@example.org,911710104897,23,Male,Secunderabad,Gujarat,Premium,2022-05-17,True,True
43804,19966,2022-02-14,completed,Kolhapur,Uttar Pradesh,324814.83,Sahil,Dyal,zkurian@example.org,914925754703,39,Male,Kolhapur,Uttar Pradesh,High,2023-05-16,True,True
43818,12863,2023-08-18,completed,Kirari Suleman Nagar,Maharashtra,643623.37,Yakshit,Randhawa,uthkarsh94@example.org,2452850921,45,Female,Kirari Suleman Nagar,Maharashtra,Low,2022-11-12,True,True
43837,7005,2024-11-09,completed,Dewas,Kerala,428006.64,Ivan,Dara,sharafkavya@example.org,2907058100,53,Male,Dewas,Kerala,Medium,2022-04-30,True,True
43838,14528,2023-02-15,completed,Hosur,Madhya Pradesh,517887.44,Keya,Mangat,esandal@example.org,914268296847,54,Female,Hosur,Madhya Pradesh,Medium,2022-04-30,True,True
43888,2554,2022-12-20,completed,Panihati,Rajasthan,376597.73,Anay,Bawa,urvi41@example.org,2738688339,53,Male,Panihati,Rajasthan,Premium,2024-04-13,True,True
43902,8984,2022-12-29,completed,Bhalswa Jahangir Pur,Maharashtra,546193.36,Sana,Singh,klall@example.com,911120150538,43,Female,Bhalswa Jahangir Pur,Maharashtra,Medium,2023-02-13,True,True
43928,3282,2023-10-07,completed,Kharagpur,Maharashtra,349003.51,Advika,Seshadri,alishauppal@example.com,3407932818,39,Female,Kharagpur,Maharashtra,Low,2024-10-25,True,True
43946,9021,2022-11-13,completed,Kalyan-Dombivli,Uttar Pradesh,517181.5,Yuvaan,Bhatti,hrishita31@example.org,7470026552,41,Male,Kalyan-Dombivli,Uttar Pradesh,High,2024-05-28,False,True
43964,18681,2022-08-08,delivered,Karimnagar,Gujarat,890079.53,Gokul,Srivastava,abhavsar@example.com,2327893319,58,Male,Karimnagar,Gujarat,Low,2022-12-11,True,True
43981,11451,2023-01-04,completed,Berhampur,West Bengal,356307.3,Yuvraj ,Keer,romil18@example.net,7545680423,34,Male,Berhampur,West Bengal,Medium,2024-03-23,True,True
44022,8685,2022-04-02,completed,Howrah,Bihar,478358.21,Tejas,Lalla,jhaarnav@example.com,9352344778,62,Female,Howrah,Bihar,Medium,2022-11-23,True,True
44026,2285,2022-05-28,shipped,Bhagalpur,Madhya Pradesh,511040.01,Kartik,Borah,biju86@example.org,6856434760,35,Male,Bhagalpur,Madhya Pradesh,Low,2022-02-01,True,True
44041,6290,2022-07-10,shipped,Siwan,Madhya Pradesh,383677.09,Miraya,Goyal,neelofar44@example.com,915655519717,41,Male,Siwan,Madhya Pradesh,Low,2022-08-02,True,True
44152,6018,2022-10-26,pending,Jammu,Rajasthan,326824.18,Sana,Taneja,indrans95@example.org,9672696191,49,Male,Jammu,Rajasthan,Medium,2024-04-26,True,True
44174,8602,2024-08-04,pending,Mau,Tamil Nadu,367492.85,Zain,Devi,hkaran@example.net,3602567486,46,Female,Mau,Tamil Nadu,Low,2024-08-18,True,True
44246,5056,2024-08-03,completed,Bidar,Madhya Pradesh,360936.89,Jivin,Sagar,indrajit82@example.org,6637883130,49,Male,Bidar,Madhya Pradesh,Low,2024-01-22,False,True
44342,17798,2023-12-21,completed,Rajkot,Uttar Pradesh,485033.32,Yakshit,Dubey,shenoyira@example.net,2620461084,27,Male,Rajkot,Uttar Pradesh,Low,2022-09-26,True,True
44382,11060,2024-08-09,completed,Kakinada,Gujarat,452957.56,Siya,Gala,aaina87@example.net,3168050156,40,Male,Kakinada,Gujarat,Medium,2024-01-24,True,True
44385,13909,2024-12-11,delivered,Tirupati,Karnataka,435864.05,Ayesha,Bhavsar,thora@example.org,1959085594,18,Male,Tirupati,Karnataka,Low,2022-07-04,True,True
44386,10579,2024-11-02,cancelled,Jaipur,Maharashtra,380289.01,Tejas,Vyas,ramaswamyfaiyaz@example.com,914849904730,34,Female,Jaipur,Maharashtra,Low,2024-01-25,True,True
44537,693,2024-10-19,completed,Rohtak,West Bengal,382257.3,Misha,Kaur,darshitgill@example.net,3503446945,41,Male,Rohtak,West Bengal,Medium,2024-05-21,True,True
44578,9461,2023-09-29,processing,Tumkur,Punjab,425610.25,Amira,Rajagopal,eva68@example.com,565993809,34,Male,Tumkur,Punjab,Medium,2023-11-27,True,True
44580,7183,2023-08-27,completed,Bally,West Bengal,403956.25,Eva,Varughese,kramaswamy@example.net,6145359055,27,Male,Bally,West Bengal,Low,2022-08-17,True,True
44602,1021,2023-07-11,completed,Sambhal,Uttar Pradesh,577389.7,Myra,Borra,farhanchawla@example.org,917672019111,23,Male,Sambhal,Uttar Pradesh,Low,2022-06-12,True,True
44681,7398,2023-01-15,pending,Yamunanagar,Uttar Pradesh,325134.71,Neysa,Karan,kavya75@example.org,6348678032,31,Female,Yamunanagar,Uttar Pradesh,Medium,2024-01-27,True,True
44718,8687,2023-10-07,completed,Bhubaneswar,Bihar,434517.52,Ryan,Dutta,sridharanaya@example.com,9024484345,36,Male,Bhubaneswar,Bihar,Low,2023-09-11,True,True
44805,11827,2024-11-22,delivered,Bhilai,Uttar Pradesh,550244.45,Yakshit,Bawa,gzachariah@example.org,5516999198,47,Female,Bhilai,Uttar Pradesh,Medium,2024-11-19,True,True
44823,10671,2022-01-11,completed,Jamalpur,Uttar Pradesh,442691.15,Advik,Contractor,jivin30@example.net,5952445580,56,Male,Jamalpur,Uttar Pradesh,Medium,2022-02-02,True,True
44938,3763,2024-08-29,completed,Ongole,Bihar,456475.85,Dishani,Kala,jbasu@example.org,5879050730,29,Male,Ongole,Bihar,Medium,2022-07-17,True,True
44980,11520,2023-07-21,completed,Madanapalle,Madhya Pradesh,360449.25,Vedika,Kothari,aarav77@example.com,7479122304,57,Male,Madanapalle,Madhya Pradesh,High,2023-12-30,True,True
45026,13685,2024-11-11,completed,Hyderabad,Kerala,511084.31,Gatik,De,krish12@example.org,4244002618,66,Female,Hyderabad,Kerala,Low,2022-12-08,True,True
45067,17151,2022-07-05,cancelled,Hyderabad,Uttar Pradesh,402201.76,Vidur,Kapur,routindranil@example.org,136095659,32,Female,Hyderabad,Uttar Pradesh,High,2024-05-05,True,True
45208,4742,2022-11-02,completed,Jorhat,Madhya Pradesh,401798.22,Biju,Wable,vbahri@example.com,910962771869,41,Male,Jorhat,Madhya Pradesh,Low,2022-11-06,True,True
45219,543,2024-11-20,completed,Bangalore,Telangana,376597.73,Ishita,Deshmukh,yadavbadal@example.org,6258896792,32,Female,Bangalore,Telangana,Low,2024-12-02,True,True
45236,10923,2024-01-03,cancelled,Kota,Gujarat,456368.19,Oorja,Gulati,kakarsiya@example.org,4116622186,32,Female,Kota,Gujarat,Low,2024-02-02,True,True
45250,5623,2023-11-10,processing,Kavali,Telangana,337988.22,Onkar,Tailor,lseshadri@example.net,1246125595,52,Female,Kavali,Telangana,Low,2022-10-16,True,True
45263,2219,2023-08-21,completed,Mirzapur,Kerala,401421.56,Vedika,Raman,samarthjain@example.com,915243779507,41,Female,Mirzapur,Kerala,Low,2023-05-17,True,True
45272,2988,2022-01-18,completed,Sambalpur,West Bengal,376673.42,Krish,Batta,miraan24@example.org,7071278796,31,Female,Sambalpur,West Bengal,Medium,2024-03-03,True,True
45370,18446,2024-11-09,completed,Bhatpara,Madhya Pradesh,686189.39,Aarav,Sagar,daliaseher@example.net,4140776995,32,Female,Bhatpara,Madhya Pradesh,Medium,2022-11-22,True,True
45380,2145,2024-11-23,completed,Bulandshahr,Punjab,439702.27,Sumer,Dass,shlok87@example.com,2452961514,20,Female,Bulandshahr,Punjab,Medium,2024-08-03,True,True
45415,14334,2024-12-26,completed,Pallavaram,Tamil Nadu,502853.16,Chirag,Gulati,hjhaveri@example.net,3059031372,24,Female,Pallavaram,Tamil Nadu,Low,2024-03-05,True,True
45439,19882,2022-04-16,completed,Unnao,West Bengal,376412.59,Purab,Bhat,zaina14@example.org,2885282556,37,Female,Unnao,West Bengal,Low,2023-01-14,True,True
45464,17454,2022-11-14,delivered,Salem,Gujarat,530474.98,Madhav,Sastry,umandal@example.com,3632960282,52,Female,Salem,Gujarat,Medium,2023-12-19,True,True
45474,2246,2023-05-27,cancelled,Dindigul,Uttar Pradesh,663743.1,Zoya,Hari,kadevedika@example.org,913063567357,38,Male,Dindigul,Uttar Pradesh,High,2023-09-01,True,True
45493,13129,2024-11-10,shipped,Amritsar,Kerala,648033.29,Nehmat,Dyal,nsarkar@example.org,2993269921,27,Female,Amritsar,Kerala,Low,2022-04-11,True,True
45521,3150,2023-04-17,completed,Farrukhabad,Rajasthan,604331.84,Mehul,Gokhale,shaanupadhyay@example.org,916549305397,56,Female,Farrukhabad,Rajasthan,Low,2023-07-28,True,True
45636,15082,2023-10-20,completed,Jamshedpur,Tamil Nadu,326038.91,Uthkarsh,Banik,jayesh62@example.com,918599373781,20,Female,Jamshedpur,Tamil Nadu,Low,2024-09-01,True,True
45670,7080,2023-10-18,completed,Bhilai,Bihar,591255.38,Eshani,Suri,emir36@example.org,915902802401,31,Female,Bhilai,Bihar,Medium,2023-05-17,True,True
45760,8973,2024-12-03,processing,Gandhidham,Karnataka,412497.84,Anahita,Ray,kbahri@example.net,6243517294,46,Female,Gandhidham,Karnataka,Low,2022-09-25,True,True
45779,15611,2022-10-28,shipped,Chandigarh,Tamil Nadu,363980.13,Armaan,Bhatia,tanktanya@example.com,7437861670,40,Female,Chandigarh,Tamil Nadu,Low,2023-03-29,True,True
45839,250,2024-07-04,completed,Muzaffarnagar,Karnataka,647469.62,Aayush,Saini,zararana@example.net,918272299275,33,Male,Muzaffarnagar,Karnataka,High,2024-01-28,True,True
45843,13074,2024-07-01,completed,Mehsana,Maharashtra,602557.18,Riya,Kannan,ojas58@example.org,9001941675,44,Female,Mehsana,Maharashtra,Medium,2022-04-07,True,True
45867,4493,2022-08-30,completed,New Delhi,Gujarat,390389.39,Nirvaan,Shenoy,hbahri@example.net,912740316947,26,Female,New Delhi,Gujarat,Premium,2023-02-09,True,True
46002,10341,2022-07-13,pending,Jodhpur,Uttar Pradesh,400144.85,Romil,Sekhon,sehersidhu@example.net,1612055412,29,Female,Jodhpur,Uttar Pradesh,Low,2023-09-26,True,True
46029,10722,2023-03-24,cancelled,Ghaziabad,Bihar,442601.6,Indrans,Chad,chanavanya@example.com,911398852000,44,Male,Ghaziabad,Bihar,High,2024-06-27,True,True
46072,4659,2024-10-26,delivered,Serampore,Karnataka,396362.54,Hrishita,Sunder,ibhatti@example.org,8673643894,25,Male,Serampore,Karnataka,Low,2022-09-11,True,True
46090,14218,2024-09-19,completed,Gaya,Uttar Pradesh,556524.62,Advik,Goyal,yasmindalal@example.org,9441854121,18,Female,Gaya,Uttar Pradesh,Medium,2022-06-18,True,True
46186,14809,2023-03-19,completed,Loni,Tamil Nadu,372179.24,Taimur,Ramanathan,jayant33@example.com,917152422477,18,Male,Loni,Tamil Nadu,Medium,2024-09-05,False,True
46193,1988,2023-04-05,completed,Chennai,West Bengal,340332.22,Neelofar,Dora,ulanka@example.com,3034857365,28,Female,Chennai,West Bengal,High,2023-03-29,True,True
46226,17529,2023-07-10,completed,Udaipur,Madhya Pradesh,712714.7,Myra,Devi,sairaganesh@example.net,6770814562,27,Female,Udaipur,Madhya Pradesh,Low,2023-03-14,False,True
46227,19971,2023-05-15,completed,Karaikudi,Delhi,379828.33,Tushar,Master,hagarwal@example.org,919148082694,43,Male,Karaikudi,Delhi,Medium,2023-04-08,True,True
46230,8515,2022-04-01,completed,Chapra,Rajasthan,339198.89,Gokul,Grover,thakermanikya@example.org,3209422626,47,Female,Chapra,Rajasthan,Medium,2023-12-27,True,True
46281,19730,2022-05-16,delivered,Nagpur,Kerala,453561.73,Tara,Kumar,daveonkar@example.net,917397964053,23,Female,Nagpur,Kerala,Low,2023-01-17,False,True
46318,4960,2022-09-25,shipped,Ramagundam,Uttar Pradesh,463525.14,Khushi,Sabharwal,pari49@example.org,911038012192,66,Female,Ramagundam,Uttar Pradesh,Low,2023-09-19,True,True
46321,321,2023-12-31,completed,Arrah,Gujarat,360017.69,Zeeshan,Chakraborty,paridhar@example.net,9982795014,35,Female,Arrah,Gujarat,Premium,2023-08-12,True,True
46512,3216,2023-03-23,completed,Naihati,Kerala,495866.66,Aaryahi,Dugar,ahayer@example.com,915711120701,42,Male,Naihati,Kerala,Low,2024-08-30,True,True
46545,17487,2022-03-26,completed,Nagpur,Madhya Pradesh,467400.69,Samaira,Mandal,santhrishita@example.net,5592392151,38,Male,Nagpur,Madhya Pradesh,Premium,2024-08-11,True,True
46549,786,2024-03-13,shipped,Vasai-Virar,Bihar,589257.36,Adah,Goyal,miraan58@example.com,912538921878,45,Female,Vasai-Virar,Bihar,Low,2024-07-27,True,True
46647,10712,2023-11-14,shipped,Jabalpur,West Bengal,344106.1,Nakul,Sahota,anahitadave@example.com,913883399342,18,Male,Jabalpur,West Bengal,Medium,2024-08-04,False,True
46693,14776,2022-01-11,shipped,Latur,Uttar Pradesh,382248.03,Nayantara,Toor,lagansandal@example.org,913229935195,39,Female,Latur,Uttar Pradesh,Medium,2023-04-28,True,True
46713,11389,2023-05-05,completed,Nanded,Tamil Nadu,334077.27,Rania,Shetty,ichar@example.net,919348044888,37,Male,Nanded,Tamil Nadu,Low,2022-05-03,True,True
46720,1164,2022-10-09,completed,Eluru,Uttar Pradesh,538533.36,Neysa,Bhagat,doramehul@example.net,9686800852,40,Male,Eluru,Uttar Pradesh,Low,2024-06-23,True,True
46750,18204,2024-06-11,completed,Srinagar,Tamil Nadu,473693.85,Miraya,Sachdeva,reneekhalsa@example.com,9713775267,46,Male,Srinagar,Tamil Nadu,Medium,2023-10-26,True,True
46829,13626,2023-03-01,completed,Kamarhati,Uttar Pradesh,522264.6,Indranil,Chauhan,tellakashvi@example.org,911510572232,18,Female,Kamarhati,Uttar Pradesh,Low,2022-03-05,True,True
46870,607,2022-10-07,completed,Bokaro,West Bengal,341821.06,Aaryahi,Chaudhry,umang17@example.org,918496498560,18,Female,Bokaro,West Bengal,Low,2023-05-17,True,True
46989,9799,2022-02-14,shipped,Noida,West Bengal,598925.29,Azad,Barad,obalakrishnan@example.com,4575710038,19,Female,Noida,West Bengal,Low,2023-10-11,True,True
47005,6813,2024-10-09,processing,Ulhasnagar,Uttar Pradesh,354405.11,Hunar,Dash,sacharsamar@example.com,911527277382,35,Female,Ulhasnagar,Uttar Pradesh,Medium,2024-12-30,True,True
47100,15793,2024-03-05,delivered,Ranchi,Maharashtra,355872.71,Vivaan,Raju,tara10@example.org,2595670636,37,Male,Ranchi,Maharashtra,Medium,2022-12-08,True,True
47108,6636,2024-10-23,delivered,Rohtak,Bihar,656481.52,Shray,Saraf,saniahana@example.net,918604429760,18,Female,Rohtak,Bihar,High,2023-10-18,True,True
47124,15590,2022-02-28,delivered,Jaipur,Maharashtra,462782.38,Tushar,Venkataraman,kotaayesha@example.net,9361860984,27,Female,Jaipur,Maharashtra,Low,2023-01-21,True,True
47166,5862,2024-11-04,completed,Hajipur,Karnataka,345106.25,Mohanlal,Dass,andrasaira@example.net,7240305465,36,Male,Hajipur,Karnataka,Medium,2023-11-17,True,True
47268,12513,2024-06-21,shipped,Miryalaguda,Telangana,432419.51,Emir,Mallick,bhatnagarshayak@example.com,8271548969,25,Male,Miryalaguda,Telangana,High,2024-11-15,True,True
47280,8255,2024-03-19,completed,Raurkela Industrial Township,Maharashtra,449524.64,Misha,Tiwari,skhurana@example.net,913261869865,50,Female,Raurkela Industrial Township,Maharashtra,Low,2022-07-01,True,True
47376,1933,2024-09-04,completed,Tiruchirappalli,Tamil Nadu,598560.97,Vidur,Iyengar,bandiprisha@example.org,2030695165,47,Male,Tiruchirappalli,Tamil Nadu,Low,2022-09-19,True,True
47395,147,2023-07-30,completed,Satara,Madhya Pradesh,356293.35,Himmat,Doshi,horashamik@example.net,5756924593,18,Male,Satara,Madhya Pradesh,Low,2022-10-03,False,True
47404,16946,2024-08-25,completed,Uluberia,Punjab,530231.9,Navya,Jha,himmatchoudhry@example.org,6574844928,35,Male,Uluberia,Punjab,Low,2024-08-20,True,True
47702,2274,2022-11-02,delivered,Berhampur,Bihar,380531.72,Nitara,Chahal,vedwin@example.com,913649674514,20,Female,Berhampur,Bihar,Medium,2023-12-05,True,True
47725,295,2022-05-14,completed,Deoghar,Uttar Pradesh,359219.94,Jayesh,Mallick,gshenoy@example.net,5761228685,38,Female,Deoghar,Uttar Pradesh,Low,2024-07-20,True,True
47757,8149,2023-09-15,completed,Deoghar,Bihar,442846.72,Myra,Khatri,damini96@example.net,3056882168,43,Female,Deoghar,Bihar,Medium,2022-06-02,True,True
47766,6318,2024-08-25,completed,Varanasi,Maharashtra,560372.05,Piya,Sachar,manndamini@example.com,916405928265,48,Female,Varanasi,Maharashtra,Low,2024-10-18,True,True
47788,11341,2023-10-01,completed,Bihar Sharif,Madhya Pradesh,541687.65,Hunar,Krishnan,dhawandevansh@example.net,7484610408,37,Male,Bihar Sharif,Madhya Pradesh,High,2022-06-25,True,True
47793,10274,2022-05-15,completed,Kollam,Bihar,364005.08,Madhup,Sami,urvi25@example.net,2895957980,19,Male,Kollam,Bihar,Medium,2024-08-05,True,True
47849,8790,2023-10-01,cancelled,Raichur,Bihar,345106.25,Anahita,Sharma,divijmane@example.net,916444724420,50,Female,Raichur,Bihar,Low,2024-12-12,True,True
47893,27,2023-02-16,completed,Silchar,Uttar Pradesh,411517.02,Pari,Dubey,zarachaudhary@example.org,910379176936,25,Male,Silchar,Uttar Pradesh,High,2023-01-15,True,True
47897,8300,2023-05-16,completed,Surat,Rajasthan,443056.15,Anika,Dixit,pjhaveri@example.org,913648580389,19,Female,Surat,Rajasthan,High,2024-02-23,True,True
47957,15870,2023-04-03,shipped,Chinsurah,Bihar,348386.87,Bhavin,Ravel,sharafvanya@example.net,913334137691,41,Female,Chinsurah,Bihar,Medium,2024-09-04,True,True
48144,16303,2022-08-23,completed,Karaikudi,Madhya Pradesh,376887.66,Yasmin,Bir,pbiswas@example.com,918426155294,51,Female,Karaikudi,Madhya Pradesh,Medium,2023-02-18,True,True
48200,18909,2022-11-04,completed,Avadi,Bihar,365979.52,Ivan,Kala,ytara@example.com,3838924054,39,Male,Avadi,Bihar,Medium,2024-11-17,True,True
48287,11705,2024-03-16,completed,Motihari,Uttar Pradesh,418867.12,Kabir,Chahal,mahika01@example.org,7770292223,42,Female,Motihari,Uttar Pradesh,Medium,2023-12-13,True,True
48324,1559,2022-09-19,delivered,Tinsukia,Tamil Nadu,407391.55,Dhanush,Master,samarthbatta@example.org,4555370627,46,Male,Tinsukia,Tamil Nadu,Low,2022-06-17,True,True
48329,4235,2023-02-18,completed,Medininagar,Rajasthan,380102.13,Vedika,Sethi,borramishti@example.com,6263141350,24,Female,Medininagar,Rajasthan,High,2023-12-02,True,True
48339,6662,2022-12-24,delivered,Bhilwara,West Bengal,522263.75,Sara,Chauhan,aaryahidhar@example.net,916922664009,35,Female,Bhilwara,West Bengal,Medium,2022-06-09,True,True
48365,8592,2022-10-25,delivered,Firozabad,Tamil Nadu,363850.57,Adah,Ranganathan,zranganathan@example.org,910368351050,26,Female,Firozabad,Tamil Nadu,Medium,2024-04-16,True,True
48391,15170,2023-02-28,completed,Dindigul,Uttar Pradesh,411849.52,Arhaan,Dhillon,vritikakaur@example.com,912137327599,28,Female,Dindigul,Uttar Pradesh,High,2022-08-02,True,True
48431,15275,2022-08-11,pending,Vijayawada,Gujarat,613456.99,Azad,Mandal,kapadialakshay@example.net,8557885083,35,Female,Vijayawada,Gujarat,Low,2023-06-06,True,True
48522,3633,2022-03-19,completed,Bhiwani,Rajasthan,373956.1,Dhruv,Suri,adugar@example.org,4060210916,31,Male,Bhiwani,Rajasthan,Low,2024-08-13,True,True
48571,16239,2023-07-29,completed,Gandhinagar,West Bengal,329723.73,Aniruddh,Suresh,kavya05@example.com,9049936760,46,Female,Gandhinagar,West Bengal,Low,2024-02-14,False,True
48618,5870,2023-01-21,completed,Begusarai,Maharashtra,442068.2,Jivin,Sule,gourrasha@example.com,915827991404,38,Male,Begusarai,Maharashtra,Low,2024-12-03,True,True
48628,16738,2023-04-25,completed,Aligarh,Tamil Nadu,707223.85,Nayantara,Vig,rohan05@example.net,916449729001,21,Male,Aligarh,Tamil Nadu,Medium,2023-11-23,True,True
48648,73,2023-06-21,completed,Coimbatore,Uttar Pradesh,342511.14,Tiya,Tank,ramanathannirvi@example.net,244550229,28,Female,Coimbatore,Uttar Pradesh,Medium,2022-08-09,True,True
48716,590,2023-02-28,completed,Gurgaon,West Bengal,471027.86,Lakshit,Bala,akarshsibal@example.net,4421214614,35,Female,Gurgaon,West Bengal,Medium,2024-03-26,True,True
48762,8109,2022-09-25,completed,Aurangabad,Maharashtra,390465.93,Shlok,Varghese,aniruddhvohra@example.com,9277580918,37,Male,Aurangabad,Maharashtra,Low,2022-06-13,True,True
48766,12435,2022-03-17,completed,Bhimavaram,Telangana,338472.57,Sana,Ratta,nishith97@example.org,971600339,37,Female,Bhimavaram,Telangana,Low,2022-08-26,True,True
48884,6150,2022-03-24,completed,Katni,Uttar Pradesh,391300.34,Vanya,Kapoor,heer56@example.org,916626287344,30,Male,Katni,Uttar Pradesh,Low,2022-07-24,True,True
48887,15030,2023-06-14,shipped,Hajipur,Tamil Nadu,381282.66,Kiaan,Sahota,waliaaaryahi@example.org,911776666637,24,Male,Hajipur,Tamil Nadu,Medium,2023-01-08,False,True
48900,4447,2023-10-01,completed,Tiruvottiyur,Uttar Pradesh,584671.0,Piya,Dhar,ddave@example.net,9817361885,39,Female,Tiruvottiyur,Uttar Pradesh,Medium,2022-08-20,True,True
48905,16613,2022-04-13,delivered,Bhalswa Jahangir Pur,West Bengal,335539.87,Seher,Deep,rben@example.net,2123180854,28,Male,Bhalswa Jahangir Pur,West Bengal,Low,2024-05-05,True,True
48946,18896,2022-10-09,completed,Thoothukudi,Rajasthan,356457.96,Samar,Majumdar,boaseshamik@example.com,4905220679,39,Male,Thoothukudi,Rajasthan,Low,2023-12-24,True,True
48984,3386,2022-07-13,completed,Dharmavaram,Tamil Nadu,628418.34,Sara,Guha,vmall@example.com,917164361116,56,Male,Dharmavaram,Tamil Nadu,Premium,2023-08-01,True,True
49014,14155,2022-11-17,completed,Chinsurah,Uttar Pradesh,389519.85,Saira,Devi,edeep@example.net,3894286891,35,Male,Chinsurah,Uttar Pradesh,High,2022-11-30,True,True
49108,5600,2022-04-24,pending,Salem,Karnataka,333398.3,Vidur,Mahajan,bhardwajcharvi@example.net,919268898515,61,Female,Salem,Karnataka,Low,2024-07-01,True,True
49132,1168,2022-11-02,delivered,Satna,Uttar Pradesh,436905.13,Anahita,Kannan,sharania@example.org,6750762799,64,Female,Satna,Uttar Pradesh,Medium,2023-01-22,True,True
49146,4248,2022-02-24,completed,Faridabad,Rajasthan,358077.9,Seher,Sankaran,wkamdar@example.org,916348786480,34,Female,Faridabad,Rajasthan,Low,2023-05-28,True,True
49151,9247,2024-01-27,shipped,Secunderabad,Uttar Pradesh,383451.39,Anika,Mall,badalramesh@example.com,5056454921,38,Female,Secunderabad,Uttar Pradesh,Low,2024-12-07,True,True
49158,11179,2022-03-31,completed,Hajipur,West Bengal,454018.7,Manjari,Bumb,vasaalia@example.net,8287553969,50,Male,Hajipur,West Bengal,Low,2023-12-04,True,True
49177,9968,2024-01-20,completed,Kochi,Gujarat,718780.2,Veer,Som,dedwin@example.org,8645703665,21,Female,Kochi,Gujarat,Medium,2023-12-17,True,True
49341,5953,2024-01-19,completed,Etawah,West Bengal,507231.23,Darshit,Kaul,dhanushdeshmukh@example.org,918878346188,18,Female,Etawah,West Bengal,Low,2022-10-12,True,True
49382,19569,2024-05-13,pending,Aurangabad,Uttar Pradesh,551949.02,Dharmajan,Chad,xgala@example.com,8403343239,52,Male,Aurangabad,Uttar Pradesh,Medium,2022-09-08,True,True
49385,14040,2023-03-29,completed,Bathinda,Maharashtra,385631.62,Yuvraj ,Chacko,pde@example.org,7792368941,18,Male,Bathinda,Maharashtra,Medium,2022-02-09,True,True
49399,14539,2024-01-16,completed,Amritsar,Maharashtra,431252.36,Umang,Vohra,sachdevnayantara@example.net,912910217346,43,Male,Amritsar,Maharashtra,Premium,2023-11-29,True,True
49447,302,2024-12-22,completed,Gorakhpur,Delhi,476768.6,Jhanvi,Chaudhary,phora@example.net,918983314659,56,Female,Gorakhpur,Delhi,Low,2024-11-09,True,True
49488,303,2022-08-02,pending,Kollam,Tamil Nadu,510853.0,Zain,Kakar,stuvan35@example.com,425979270,36,Female,Kollam,Tamil Nadu,Low,2024-11-30,True,True
49506,9009,2022-08-14,completed,Ahmednagar,Bihar,701288.1,Madhup,Ramesh,ladsumer@example.net,915714009647,41,Female,Ahmednagar,Bihar,Medium,2024-12-25,True,True
49603,15195,2024-11-13,pending,Belgaum,Uttar Pradesh,434519.85,Manikya,Kari,anyasharma@example.org,4133257430,32,Male,Belgaum,Uttar Pradesh,Low,2022-01-07,True,True
49620,10357,2024-08-07,shipped,Bihar Sharif,Telangana,485516.14,Aaina,Dara,randhawavidur@example.org,6319751035,40,Female,Bihar Sharif,Telangana,Medium,2022-07-08,True,True
49627,11155,2024-08-22,completed,Hubli–Dharwad,Delhi,464012.26,Kiaan,Bhardwaj,shankerhansh@example.net,910064851524,18,Male,Hubli–Dharwad,Delhi,Low,2024-01-14,True,True
49671,497,2023-11-22,completed,Bihar Sharif,Maharashtra,371316.06,Alia,Balay,zramakrishnan@example.org,5977790147,43,Female,Bihar Sharif,Maharashtra,Medium,2023-08-31,True,True
49742,2746,2022-09-25,completed,Aurangabad,Uttar Pradesh,595178.33,Indrans,Mahajan,hverma@example.net,2203071081,31,Female,Aurangabad,Uttar Pradesh,Low,2022-09-22,True,True
49777,16873,2023-07-30,shipped,Shimla,West Bengal,326758.94,Ritvik,Viswanathan,wchoudhury@example.org,915749445921,31,Female,Shimla,West Bengal,Low,2022-01-07,True,True
49811,7559,2022-08-17,completed,Gurgaon,Tamil Nadu,379186.46,Faiyaz,Krishna,pcomar@example.org,913860379443,43,Female,Gurgaon,Tamil Nadu,Low,2023-10-31,True,True
49837,2384,2022-10-12,shipped,Udaipur,Tamil Nadu,330737.18,Stuvan,Shankar,kandamanikya@example.com,8540591934,28,Female,Udaipur,Tamil Nadu,Medium,2023-03-28,True,True
49854,8798,2024-02-08,completed,Narasaraopet,Tamil Nadu,416259.33,Ehsaan,Agarwal,akarshchanda@example.org,917858507863,31,Female,Narasaraopet,Tamil Nadu,Medium,2023-09-14,True,True
49866,14713,2023-02-18,completed,Bharatpur,Madhya Pradesh,707223.85,Trisha,Singh,imagar@example.net,3625603728,65,Female,Bharatpur,Madhya Pradesh,Low,2023-02-19,False,True
49875,9786,2024-07-28,completed,Yamunanagar,Maharashtra,367027.25,Kaira,Bali,dhruvanne@example.net,205814564,47,Female,Yamunanagar,Maharashtra,Low,2022-05-14,True,True
49930,15562,2024-07-10,pending,Udupi,Maharashtra,449575.45,Sumer,Datta,ambleprerak@example.com,8858932487,22,Female,Udupi,Maharashtra,High,2023-05-29,True,True
49950,7837,2022-08-25,completed,Kota,Uttar Pradesh,383417.0,Veer,Chandran,borahiran@example.org,3947172862,25,Female,Kota,Uttar Pradesh,Low,2023-03-17,True,True
49952,13374,2024-01-23,completed,Anantapur,West Bengal,367345.95,Badal,Batta,rajagopalansaksham@example.org,910301144936,18,Female,Anantapur,West Bengal,Low,2023-06-04,True,True
49974,3834,2023-04-02,processing,Hyderabad,Bihar,391393.77,Mahika,Suresh,anaya10@example.com,916114022359,45,Male,Hyderabad,Bihar,Medium,2023-08-09,True,True
49975,3134,2024-04-04,completed,Mahbubnagar,Uttar Pradesh,332955.6,Hridaan,Hora,ikala@example.net,4553637766,53,Male,Mahbubnagar,Uttar Pradesh,High,2024-08-22,True,True
50005,8620,2024-05-11,completed,Adoni,Bihar,424334.04,Manikya,Din,aarnabhasin@example.com,3868102901,44,Female,Adoni,Bihar,Medium,2024-10-11,True,True
50085,12607,2022-06-25,shipped,Hyderabad,Uttar Pradesh,409775.39,Tara,Hari,vritika40@example.net,8943251847,30,Female,Hyderabad,Uttar Pradesh,Low,2023-10-10,True,True
50101,11227,2023-08-16,completed,Surat,Rajasthan,550144.22,Manjari,Biswas,berasaira@example.net,915388360086,28,Female,Surat,Rajasthan,Low,2024-12-19,True,True
50122,18570,2023-11-13,completed,Sirsa,Madhya Pradesh,351897.52,Faiyaz,Kari,riyasule@example.net,7001641196,18,Female,Sirsa,Madhya Pradesh,Medium,2022-11-16,True,True
50227,18847,2022-05-30,shipped,Nashik,Tamil Nadu,378320.22,Sahil,Kumar,cbava@example.com,1944546968,33,Female,Nashik,Tamil Nadu,High,2022-04-06,True,True
50265,5143,2023-12-21,cancelled,Solapur,Maharashtra,799453.04,Divij,Rastogi,tvarughese@example.org,918231643035,37,Female,Solapur,Maharashtra,Low,2024-05-04,True,True
50275,9968,2022-12-17,cancelled,Kochi,Gujarat,343889.22,Veer,Som,dedwin@example.org,8645703665,21,Female,Kochi,Gujarat,Medium,2023-12-17,True,True
50306,418,2023-10-07,pending,Farrukhabad,Maharashtra,388320.36,Pranay,Kulkarni,godaaaina@example.net,8570027206,50,Male,Farrukhabad,Maharashtra,Low,2023-05-03,True,True
50317,1803,2023-09-08,shipped,Tezpur,Rajasthan,515303.66,Trisha,Garg,neysa34@example.com,9160435983,18,Female,Tezpur,Rajasthan,Low,2022-03-26,True,True
50414,9838,2024-04-07,completed,Raebareli,West Bengal,588605.86,Neysa,Bansal,seshadrikaira@example.org,1894283375,18,Female,Raebareli,West Bengal,Low,2023-02-24,True,True
50539,1772,2023-07-26,completed,Mirzapur,Madhya Pradesh,483631.64,Misha,Bal,ikhare@example.org,3104481773,35,Male,Mirzapur,Madhya Pradesh,Low,2023-05-08,True,True
50545,8209,2023-04-11,delivered,Kumbakonam,Bihar,426648.56,Yasmin,Konda,jiya78@example.org,6238785047,45,Female,Kumbakonam,Bihar,Medium,2024-03-19,True,True
50606,10584,2023-02-04,completed,Anand,Uttar Pradesh,620122.57,Dharmajan,Bal,renee07@example.com,5970524626,24,Female,Anand,Uttar Pradesh,Medium,2023-12-25,True,True
50738,16872,2022-09-21,completed,Shimla,Kerala,743091.05,Advika,Samra,yasminkari@example.com,9739071443,33,Female,Shimla,Kerala,Medium,2023-03-17,True,True
50746,12868,2024-08-09,delivered,Bhalswa Jahangir Pur,Gujarat,455529.68,Taimur,Sibal,jainanahi@example.net,919409004203,18,Female,Bhalswa Jahangir Pur,Gujarat,High,2024-06-05,True,True
50751,1797,2023-12-12,completed,Pali,West Bengal,407206.53,Kanav,Srivastava,zrajagopalan@example.net,910457627451,37,Female,Pali,West Bengal,High,2022-01-01,True,True
50803,6784,2024-11-28,completed,Dhule,Bihar,325430.76,Baiju,Bakshi,balayshray@example.com,6807978425,32,Male,Dhule,Bihar,Low,2024-06-17,True,True
50887,1536,2022-09-23,completed,Khandwa,Madhya Pradesh,406604.17,Nayantara,D’Alia,rasha41@example.com,9290930437,41,Male,Khandwa,Madhya Pradesh,High,2022-05-18,True,True
50903,10641,2023-07-04,completed,Haridwar,Madhya Pradesh,348940.0,Ryan,Dasgupta,indrajit20@example.com,5829241197,29,Male,Haridwar,Madhya Pradesh,Low,2023-07-09,True,True
50929,5359,2024-08-08,completed,Surat,Tamil Nadu,779556.86,Nakul,Maharaj,tiyachoudhry@example.org,7076280995,47,Female,Surat,Tamil Nadu,Medium,2023-06-15,True,True
51025,2969,2024-11-13,completed,Kakinada,Gujarat,391430.95,Stuvan,Behl,bhari@example.com,9921274621,25,Female,Kakinada,Gujarat,Medium,2023-04-16,True,True
51040,4651,2022-07-15,shipped,Burhanpur,Maharashtra,333823.02,Inaaya ,Wali,oorjaranganathan@example.org,2157320836,55,Female,Burhanpur,Maharashtra,Medium,2024-12-27,True,True
51086,6623,2024-06-30,shipped,Rajahmundry,Uttar Pradesh,364490.97,Shlok,Ramachandran,seherdeo@example.net,916161266818,57,Female,Rajahmundry,Uttar Pradesh,Low,2024-08-05,True,True
51254,1493,2023-10-03,shipped,Bareilly,Maharashtra,472892.87,Sumer,Sheth,chokshigatik@example.org,2804850220,36,Female,Bareilly,Maharashtra,High,2024-11-09,True,True
51360,19957,2023-02-10,cancelled,Panchkula,Gujarat,642174.63,Navya,Dar,xtaneja@example.com,915506399038,18,Female,Panchkula,Gujarat,Medium,2022-04-07,True,True
51376,13594,2022-10-04,processing,Alwar,Karnataka,388767.59,Aradhya,Mani,damini20@example.com,915312101742,35,Female,Alwar,Karnataka,Low,2022-06-30,True,True
51377,17358,2024-08-02,shipped,Kakinada,Bihar,420499.79,Hiran,Agate,cheemaeva@example.org,913702741669,29,Female,Kakinada,Bihar,High,2024-10-07,True,True
51423,15812,2024-11-16,delivered,Nizamabad,Delhi,816812.26,Anika,Karan,dasadira@example.com,176207086,18,Female,Nizamabad,Delhi,Medium,2024-12-06,True,True
51456,8098,2024-10-19,completed,Medininagar,Madhya Pradesh,407489.74,Vidur,Johal,darshitvaidya@example.net,916089709571,39,Male,Medininagar,Madhya Pradesh,Medium,2023-05-01,True,True
51462,15395,2022-09-25,completed,Dibrugarh,West Bengal,379542.24,Suhana,Bath,singhalanahi@example.net,6829482766,29,Female,Dibrugarh,West Bengal,Premium,2024-05-25,True,True
51466,8487,2022-03-31,completed,Durgapur,Rajasthan,325869.03,Aaryahi,Bali,zeeshanmahal@example.com,7155390490,18,Female,Durgapur,Rajasthan,Medium,2022-12-16,True,True
51470,2658,2024-07-12,processing,Visakhapatnam,Delhi,464037.38,Samiha,Khanna,rashabuch@example.net,8181553925,18,Male,Visakhapatnam,Delhi,Low,2022-09-29,True,True
51557,1243,2022-03-14,delivered,Kirari Suleman Nagar,Uttar Pradesh,325148.31,Shamik,Sridhar,vihaanwarrior@example.com,2195368900,36,Male,Kirari Suleman Nagar,Uttar Pradesh,Medium,2024-01-10,True,True
51565,16801,2024-05-27,completed,Bahraich,Uttar Pradesh,522913.94,Aniruddh,Mann,ravelmohanlal@example.org,5795930320,19,Female,Bahraich,Uttar Pradesh,Premium,2022-09-25,True,True
51646,2675,2023-03-10,shipped,Gandhinagar,Tamil Nadu,404314.95,Vaibhav,Thaker,janizaina@example.net,915317660244,26,Male,Gandhinagar,Tamil Nadu,Low,2024-07-22,True,True
51669,229,2024-12-31,completed,Hospet,Delhi,367274.13,Saanvi,Sharaf,qbera@example.net,913163735160,66,Female,Hospet,Delhi,Low,2023-12-12,True,True
51747,17113,2024-11-02,completed,South Dumdum,Tamil Nadu,399842.25,Dhanuk,Kakar,divij82@example.com,8429575197,31,Female,South Dumdum,Tamil Nadu,High,2023-08-09,True,True
51776,15852,2024-12-26,shipped,Proddatur,Uttar Pradesh,383447.19,Jiya,Sawhney,taran35@example.org,7437992913,26,Male,Proddatur,Uttar Pradesh,High,2024-01-05,True,True
51786,17948,2022-03-04,delivered,Raichur,Maharashtra,376887.66,Mahika,Andra,prerak94@example.org,5027694699,28,Male,Raichur,Maharashtra,Low,2023-03-05,True,True
51788,5821,2023-11-11,shipped,Karaikudi,Uttar Pradesh,493607.55,Kartik,Gade,jayeshdatta@example.com,9295797861,36,Female,Karaikudi,Uttar Pradesh,Medium,2023-09-22,True,True
51833,14633,2022-09-25,delivered,Gurgaon,Uttar Pradesh,384813.1,Lakshay,Ram,anahita76@example.net,7831980139,21,Female,Gurgaon,Uttar Pradesh,Low,2024-03-22,True,True
51936,15836,2024-06-09,completed,Bijapur,Madhya Pradesh,341889.16,Ira,Bhatt,wsarma@example.com,2805019583,32,Female,Bijapur,Madhya Pradesh,Premium,2023-03-01,True,True
51952,12261,2024-03-15,pending,Ramagundam,Maharashtra,388016.05,Pranay,Sekhon,samar93@example.net,1039434344,46,Female,Ramagundam,Maharashtra,Premium,2024-02-11,True,True
51962,13809,2023-10-18,delivered,Bikaner,Uttar Pradesh,391978.11,Yashvi,Thaman,hridaan12@example.net,3271264600,19,Male,Bikaner,Uttar Pradesh,High,2023-10-02,True,True
51968,4317,2024-01-12,completed,Jamalpur,West Bengal,491244.45,Saira,Chadha,ndora@example.net,914383975053,42,Male,Jamalpur,West Bengal,Medium,2024-08-29,True,True
52020,8924,2024-10-11,completed,Asansol,Delhi,411572.47,Parinaaz,Madan,sankaranhrishita@example.com,7266245678,50,Female,Asansol,Delhi,Low,2022-10-13,True,True
52079,14049,2023-05-03,cancelled,Maheshtala,Maharashtra,525282.55,Arnav,Garde,ritvik43@example.org,4404873446,38,Male,Maheshtala,Maharashtra,Medium,2024-02-06,True,True
52124,2625,2024-07-27,completed,Anantapur,Rajasthan,378102.88,Riya,Mangal,kallasara@example.org,5333501626,51,Female,Anantapur,Rajasthan,Low,2022-04-16,True,True
52137,6367,2022-03-03,completed,Raipur,Tamil Nadu,516043.21,Shayak,Yogi,nehmatrandhawa@example.com,918061591686,43,Male,Raipur,Tamil Nadu,Low,2024-12-02,True,True
52152,4273,2024-01-11,pending,Agartala,Kerala,543343.14,Nehmat,Borra,karpeeva@example.net,8816266698,33,Female,Agartala,Kerala,Medium,2022-08-06,True,True
52228,4052,2022-06-08,processing,Bokaro,Tamil Nadu,1129161.97,Ira,Bahl,sharmanavya@example.net,917291714112,27,Male,Bokaro,Tamil Nadu,Medium,2024-08-05,True,True
52236,17810,2022-02-22,completed,Karnal,Tamil Nadu,565909.63,Riaan,Chauhan,choudharyvihaan@example.net,916807720709,53,Female,Karnal,Tamil Nadu,Medium,2023-08-10,True,True
52268,12558,2022-01-30,shipped,Jaipur,Tamil Nadu,360536.74,Kiara,Basak,raylakshit@example.com,8807890700,38,Female,Jaipur,Tamil Nadu,Low,2022-09-12,True,True
52284,218,2022-08-25,completed,Gurgaon,Tamil Nadu,326246.02,Ahana ,Gupta,mahalojas@example.com,2304618499,50,Female,Gurgaon,Tamil Nadu,Medium,2022-06-12,True,True
52298,13068,2024-04-28,delivered,Secunderabad,Bihar,559036.22,Uthkarsh,Chokshi,dviswanathan@example.net,7411961199,46,Male,Secunderabad,Bihar,Medium,2024-02-17,True,True
52311,13482,2022-02-24,completed,Panipat,Gujarat,325488.32,Saira,Char,sabharwalmamooty@example.org,9866935735,18,Male,Panipat,Gujarat,High,2024-02-03,True,True
52320,1159,2024-06-28,completed,Bhimavaram,Maharashtra,464145.07,Hansh,Balasubramanian,farhanvasa@example.com,917548534655,41,Male,Bhimavaram,Maharashtra,Medium,2022-07-24,True,True
52332,17503,2024-07-26,completed,Hapur,Uttar Pradesh,346601.93,Indrajit,Shroff,navya71@example.org,915304027654,29,Male,Hapur,Uttar Pradesh,High,2022-07-09,True,True
52345,18563,2022-12-30,completed,Morena,Gujarat,616587.81,Lakshay,Goel,devangatik@example.com,6017352364,38,Female,Morena,Gujarat,Premium,2024-10-20,True,True
52473,9235,2023-05-05,completed,Katihar,Karnataka,396064.4,Hrishita,Talwar,basakreyansh@example.net,3874068548,18,Male,Katihar,Karnataka,Medium,2024-11-28,True,True
52478,2089,2023-12-06,completed,Ballia,Punjab,697249.74,Zara,Dutta,miraya39@example.org,5362054493,18,Female,Ballia,Punjab,Medium,2022-10-11,True,True
52507,16770,2024-03-20,completed,Meerut,Karnataka,423064.51,Mahika,Barman,dardharmajan@example.org,9659684905,26,Female,Meerut,Karnataka,Low,2022-06-15,True,True
52601,15695,2024-01-26,cancelled,Gulbarga,Uttar Pradesh,363639.86,Parinaaz,Bhandari,aarav76@example.org,9253627293,34,Female,Gulbarga,Uttar Pradesh,Low,2023-03-24,True,True
52620,17417,2024-10-05,completed,Aurangabad,Delhi,485846.9,Kiara,Bir,lakshay35@example.org,910644243243,43,Male,Aurangabad,Delhi,Medium,2023-09-14,True,True
52704,6869,2024-05-07,completed,Bharatpur,Tamil Nadu,370686.48,Diya,Aggarwal,rhora@example.net,910218642364,47,Female,Bharatpur,Tamil Nadu,Low,2023-08-25,True,True
52832,15510,2022-10-17,completed,Dehradun,Rajasthan,732667.35,Raghav,Manne,atiwari@example.org,95915541,27,Female,Dehradun,Rajasthan,Medium,2024-12-19,True,True
53048,3067,2024-11-03,completed,Siliguri,Delhi,663151.72,Yuvaan,Vohra,karanbhavin@example.org,766606950,50,Female,Siliguri,Delhi,Medium,2023-10-25,True,True
53072,17219,2024-07-12,delivered,Kakinada,Maharashtra,579003.01,Yashvi,Dora,nehmatmandal@example.net,9032844453,18,Male,Kakinada,Maharashtra,High,2023-07-05,True,True
53083,19469,2023-06-25,delivered,Jehanabad,Telangana,674757.1,Anika,Shan,ryan59@example.net,8967687049,49,Male,Jehanabad,Telangana,Medium,2024-12-14,True,True
53099,1127,2023-02-01,cancelled,Chinsurah,Bihar,326668.28,Yakshit,Raj,saira53@example.com,916597466986,30,Male,Chinsurah,Bihar,Medium,2022-11-21,True,True
53105,13457,2024-11-18,shipped,Gwalior,Uttar Pradesh,351060.21,Ela,Magar,reyansh18@example.net,913121715348,43,Female,Gwalior,Uttar Pradesh,Low,2024-09-16,True,True
53128,3378,2023-09-10,delivered,Munger,Maharashtra,465166.85,Lakshay,Seth,dbala@example.org,918849939288,41,Male,Munger,Maharashtra,High,2024-02-25,True,True
53147,6367,2022-01-08,completed,Raipur,Tamil Nadu,365768.66,Shayak,Yogi,nehmatrandhawa@example.com,918061591686,43,Male,Raipur,Tamil Nadu,Low,2024-12-02,True,True
53218,7748,2024-06-25,completed,Kurnool,Bihar,379140.46,Seher,Manda,suritejas@example.com,2934931906,30,Female,Kurnool,Bihar,Low,2024-03-19,True,True
53248,12887,2024-01-27,completed,Tadipatri,Maharashtra,446217.38,Ranbir,Ganesh,ahana-16@example.org,7250874321,25,Female,Tadipatri,Maharashtra,Medium,2023-09-02,True,True
53275,2793,2024-10-12,shipped,Allahabad,Delhi,338383.15,Alia,Kumar,vedika91@example.net,530945875,24,Female,Allahabad,Delhi,Medium,2024-03-01,True,True
53315,7342,2022-01-21,completed,Chittoor,Telangana,521583.12,Vidur,Lall,deshpandeaarna@example.com,4196177262,20,Female,Chittoor,Telangana,Medium,2023-03-17,True,True
53370,19216,2023-12-21,completed,Dewas,West Bengal,404434.27,Hridaan,Sinha,ishaan62@example.org,918208578395,18,Male,Dewas,West Bengal,Medium,2022-05-15,True,True
53381,6382,2022-07-14,completed,Rewa,West Bengal,403208.8,Bhamini,Sarma,kiarakaur@example.org,910338948037,18,Male,Rewa,West Bengal,Premium,2022-04-13,True,True
53410,15702,2023-04-04,completed,Firozabad,Delhi,422935.06,Damini,Konda,hkhosla@example.net,8113964482,58,Female,Firozabad,Delhi,Medium,2024-06-21,True,True
53412,13444,2023-08-15,completed,Saharsa,Maharashtra,543672.84,Jivin,Borah,daminikannan@example.com,7315672099,38,Male,Saharsa,Maharashtra,High,2022-09-07,True,True
53467,19247,2022-01-17,pending,Warangal,West Bengal,410445.92,Kabir,Randhawa,ladjayan@example.net,918425681953,24,Male,Warangal,West Bengal,Medium,2022-11-05,True,True
53477,2447,2024-05-08,completed,Vasai-Virar,West Bengal,469026.05,Suhana,Verma,kavya50@example.com,915411371346,42,Female,Vasai-Virar,West Bengal,High,2024-11-27,True,True
53484,4028,2024-07-16,completed,Mahbubnagar,Uttar Pradesh,433800.15,Pranay,Dani,jayant10@example.net,3988939031,38,Male,Mahbubnagar,Uttar Pradesh,Medium,2023-10-02,True,True
53509,3774,2023-12-15,completed,Katni,Tamil Nadu,384233.95,Shaan,Ramesh,chahalhrishita@example.net,5121744756,28,Female,Katni,Tamil Nadu,Medium,2023-06-16,True,True
53549,11723,2024-10-09,shipped,Gorakhpur,Madhya Pradesh,534892.1,Advika,Chad,yatwal@example.net,6832744426,27,Male,Gorakhpur,Madhya Pradesh,Medium,2022-02-05,True,True
53559,4433,2024-11-24,completed,Nangloi Jat,Maharashtra,408904.97,Charvi,Dara,dsodhi@example.net,916316295810,50,Male,Nangloi Jat,Maharashtra,Premium,2022-06-23,True,True
53601,18959,2022-06-17,shipped,Sikar,Gujarat,610975.1,Alia,Mammen,yasminbalasubramanian@example.com,910014915667,32,Male,Sikar,Gujarat,Low,2023-01-02,True,True
53648,10820,2023-02-11,delivered,Nagercoil,Bihar,574618.25,Hridaan,Wadhwa,seherjhaveri@example.net,913677100005,40,Male,Nagercoil,Bihar,Low,2023-02-22,False,True
53661,7272,2024-04-07,pending,South Dumdum,Tamil Nadu,396070.46,Nehmat,Sen,iyengarmiraan@example.org,5785038944,21,Male,South Dumdum,Tamil Nadu,Low,2023-10-31,True,True
53768,2060,2024-10-06,delivered,Ozhukarai,Delhi,393964.21,Hiran,Lad,kimaya15@example.com,5817915782,46,Female,Ozhukarai,Delhi,Low,2022-10-04,False,True
53777,1702,2023-10-22,completed,Aligarh,Maharashtra,503209.27,Dishani,Garg,anyasehgal@example.org,916448854875,27,Female,Aligarh,Maharashtra,Medium,2022-06-30,True,True
53817,15196,2023-07-27,completed,Bhubaneswar,Madhya Pradesh,410768.6,Zeeshan,Kunda,bensaira@example.org,9242124361,57,Female,Bhubaneswar,Madhya Pradesh,Medium,2024-03-27,True,True
53859,2387,2023-10-15,completed,Indore,Telangana,464993.06,Ishita,Bora,dchandran@example.com,910977398366,37,Female,Indore,Telangana,Medium,2024-06-03,True,True
53913,10404,2023-10-05,shipped,Sambhal,Karnataka,336683.1,Purab,Sawhney,daminibansal@example.com,5087298308,21,Female,Sambhal,Karnataka,Medium,2024-09-05,False,True
53919,5634,2023-10-04,completed,Karaikudi,Uttar Pradesh,495080.5,Aarav,Samra,aurorachirag@example.org,910349025751,58,Male,Karaikudi,Uttar Pradesh,Medium,2024-10-03,True,True
54006,3113,2024-05-17,shipped,Chapra,Punjab,623528.58,Saira,Raman,rgrover@example.org,5364996107,41,Male,Chapra,Punjab,Medium,2024-07-29,True,True
54018,12611,2024-03-03,completed,Jamnagar,Madhya Pradesh,420576.46,Hiran,Dara,dugaronkar@example.org,2094852904,32,Female,Jamnagar,Madhya Pradesh,Medium,2023-07-08,True,True
54086,4031,2023-09-15,shipped,Bidhannagar,Gujarat,541678.26,Indranil,Khalsa,tsarkar@example.com,4825457634,45,Female,Bidhannagar,Gujarat,Low,2024-11-03,True,True
54129,9417,2022-06-17,delivered,Mira-Bhayandar,Uttar Pradesh,495088.08,Biju,Hegde,sethemir@example.com,3321169583,34,Male,Mira-Bhayandar,Uttar Pradesh,Low,2024-04-12,True,True
54154,4226,2024-04-10,processing,Gaya,Bihar,324514.92,Yasmin,Krishna,jayant18@example.com,915395639487,37,Female,Gaya,Bihar,Low,2022-07-27,True,True
54271,7842,2023-12-14,shipped,Bhilai,Uttar Pradesh,678083.34,Riaan,Shah,mahika72@example.com,2343992544,35,Female,Bhilai,Uttar Pradesh,High,2024-01-09,True,True
54358,2474,2023-07-29,completed,Avadi,Uttar Pradesh,463127.84,Aayush,Manda,badalbhardwaj@example.net,7599300134,50,Male,Avadi,Uttar Pradesh,Medium,2022-02-21,True,True
54424,9552,2022-06-15,completed,Jamshedpur,West Bengal,454394.21,Anaya,Sathe,taimurkari@example.com,8599762894,25,Female,Jamshedpur,West Bengal,Low,2022-09-17,True,True
54442,775,2024-06-06,completed,Kamarhati,Tamil Nadu,340791.43,Gatik,Madan,ebose@example.net,4064176927,27,Male,Kamarhati,Tamil Nadu,High,2024-03-23,True,True
54451,1131,2022-07-15,completed,Tiruchirappalli,Delhi,597992.98,Trisha,Karnik,ehsaansangha@example.org,918178522115,46,Female,Tiruchirappalli,Delhi,Medium,2024-05-15,True,True
54462,19934,2022-11-09,delivered,Nagaon,Karnataka,450388.21,Aradhya,Bains,kadakiasamar@example.net,5529090846,41,Female,Nagaon,Karnataka,Medium,2022-01-19,True,True
54472,15548,2024-11-08,completed,Ranchi,Maharashtra,524003.52,Suhana,Garde,reyansh59@example.net,9391799163,42,Female,Ranchi,Maharashtra,Medium,2024-03-11,True,True
54499,833,2024-03-11,delivered,Guntakal,Tamil Nadu,457400.84,Tushar,Joshi,lakshaygade@example.net,915748595325,18,Male,Guntakal,Tamil Nadu,Medium,2024-08-04,True,True
54534,9563,2023-12-07,completed,Mirzapur,Uttar Pradesh,349080.46,Samar,Iyengar,bhavin89@example.net,918021482779,34,Male,Mirzapur,Uttar Pradesh,Low,2024-02-16,True,True
54554,2958,2023-10-20,completed,Pune,Maharashtra,580742.97,Pihu,Khurana,lagandhar@example.net,3071821821,18,Male,Pune,Maharashtra,Low,2023-11-05,True,True
54588,4465,2024-03-12,completed,Gurgaon,Delhi,381516.8,Anahi,Chander,jivikagrover@example.org,917918233167,39,Female,Gurgaon,Delhi,Premium,2022-08-01,True,True
54609,15485,2023-11-03,completed,Bidhannagar,Uttar Pradesh,534850.0,Kartik,Dey,ydada@example.net,910007306478,28,Male,Bidhannagar,Uttar Pradesh,High,2022-10-11,True,True
54682,14994,2023-01-01,shipped,Nagpur,West Bengal,399698.84,Kartik,Shan,vbora@example.org,462557787,21,Female,Nagpur,West Bengal,High,2023-10-27,True,True
54741,5641,2022-09-11,completed,Silchar,Uttar Pradesh,454698.78,Shanaya,Wadhwa,deoadvika@example.net,8824481564,43,Male,Silchar,Uttar Pradesh,Medium,2023-04-04,True,True
54907,16700,2024-02-18,delivered,South Dumdum,Uttar Pradesh,772096.4,Rania,Balay,zgoda@example.net,4702392335,21,Male,South Dumdum,Uttar Pradesh,Medium,2024-11-28,True,True
54953,19960,2023-10-06,completed,Nashik,Uttar Pradesh,473075.7,Hazel,Lad,prerak46@example.org,4861430103,55,Male,Nashik,Uttar Pradesh,Low,2024-09-08,True,True
55013,14003,2023-01-07,delivered,Deoghar,Rajasthan,436175.0,Advik,Mahal,gardetejas@example.org,9566744281,31,Female,Deoghar,Rajasthan,Low,2022-03-02,True,True
55050,14333,2024-08-04,completed,Bhubaneswar,Telangana,415948.34,Indrans,Sandal,hsrinivasan@example.com,913459655089,23,Female,Bhubaneswar,Telangana,Medium,2024-11-10,True,True
55165,7935,2024-06-19,cancelled,Gulbarga,Uttar Pradesh,514384.62,Advika,Varughese,zmangal@example.com,6727326632,38,Male,Gulbarga,Uttar Pradesh,Medium,2023-11-27,True,True
55291,8185,2023-10-27,completed,Dewas,Uttar Pradesh,373031.27,Adira,Bhat,wbanik@example.org,3984925221,37,Male,Dewas,Uttar Pradesh,Low,2022-01-31,True,True
55297,1884,2023-09-22,completed,Dharmavaram,Bihar,539426.63,Pari,Jha,aatwal@example.org,911196227238,35,Female,Dharmavaram,Bihar,Low,2024-01-03,True,True
55395,4356,2022-08-05,completed,Jamshedpur,Karnataka,567088.57,Shalv,Deep,sarmadarshit@example.org,2296069138,52,Male,Jamshedpur,Karnataka,Medium,2024-01-07,True,True
55424,16518,2022-11-17,completed,Bokaro,Maharashtra,397146.9,Ira,Venkataraman,yasminsachdev@example.net,7696191893,36,Female,Bokaro,Maharashtra,Low,2022-05-11,True,True
55426,17168,2024-02-27,shipped,Sri Ganganagar,Uttar Pradesh,468183.71,Renee,Sethi,mannat68@example.net,912180478269,61,Female,Sri Ganganagar,Uttar Pradesh,High,2022-10-01,True,True
55463,13591,2024-12-03,cancelled,Karnal,Tamil Nadu,462878.59,Suhana,Hayre,trishawagle@example.net,2208609632,50,Male,Karnal,Tamil Nadu,Premium,2022-04-24,True,True
55844,3766,2022-05-11,cancelled,Ichalkaranji,Uttar Pradesh,465541.61,Jayan,Kunda,yashvilata@example.net,915659604028,18,Male,Ichalkaranji,Uttar Pradesh,Low,2023-04-19,True,True
55885,11875,2023-01-04,processing,Adoni,Rajasthan,407647.81,Aayush,Sule,jseshadri@example.net,7747359218,28,Male,Adoni,Rajasthan,Medium,2024-01-29,True,True
55918,13521,2022-04-19,completed,Patna,Delhi,360051.09,Lavanya,Roy,adirasoman@example.com,8430832074,25,Female,Patna,Delhi,Medium,2024-06-20,False,True
55996,19385,2023-05-21,completed,Panchkula,Maharashtra,485081.77,Anaya,Bhat,rohanmander@example.org,3116881804,27,Male,Panchkula,Maharashtra,Medium,2023-12-27,True,True
56169,7451,2023-06-24,completed,Sonipat,Madhya Pradesh,342639.22,Miraan,Bhavsar,shereelakshi@example.com,5551971773,45,Female,Sonipat,Madhya Pradesh,High,2022-05-14,True,True
56176,18504,2023-05-01,completed,Nagpur,Uttar Pradesh,580776.54,Priyansh,Chaudhari,shraybedi@example.com,3227478756,31,Female,Nagpur,Uttar Pradesh,Low,2022-07-18,True,True
56222,6089,2023-06-02,completed,Miryalaguda,Tamil Nadu,541269.98,Amani,Sahota,zoya50@example.org,914531159749,54,Female,Miryalaguda,Tamil Nadu,High,2024-09-18,True,True
56236,11035,2023-10-28,delivered,Dewas,West Bengal,577022.14,Hiran,Mall,chatterjeeryan@example.net,5706129508,39,Female,Dewas,West Bengal,High,2024-02-08,True,True
56278,15678,2022-05-02,completed,Proddatur,Rajasthan,380193.03,Emir,Varkey,sarinjhanvi@example.com,1607915439,56,Female,Proddatur,Rajasthan,High,2023-10-27,True,True
56282,3527,2022-05-07,pending,Bathinda,Bihar,404451.46,Dishani,Doctor,nirvi17@example.net,914204730878,52,Female,Bathinda,Bihar,Low,2022-07-17,True,True
56319,5654,2024-03-09,completed,Rampur,Madhya Pradesh,512130.81,Suhana,Dhar,tbasak@example.net,5340109986,43,Male,Rampur,Madhya Pradesh,High,2023-11-21,True,True
56390,6565,2022-08-13,completed,Naihati,Maharashtra,601261.17,Vidur,Bhavsar,kramesh@example.org,8420922136,28,Female,Naihati,Maharashtra,Medium,2024-01-10,True,True
56496,829,2022-04-12,completed,Bareilly,Uttar Pradesh,362697.95,Indrans,Bobal,bkadakia@example.org,6265062292,34,Female,Bareilly,Uttar Pradesh,Low,2022-01-26,True,True
56547,1338,2024-06-19,completed,Gurgaon,Uttar Pradesh,351149.34,Kashvi,Sandhu,khalsakartik@example.net,2891982718,38,Male,Gurgaon,Uttar Pradesh,High,2024-12-27,True,True
56684,3715,2022-02-11,completed,Malegaon,West Bengal,559097.11,Eshani,Jha,gbabu@example.net,2323511395,35,Male,Malegaon,West Bengal,Low,2023-05-17,True,True
56708,10854,2024-05-03,completed,Mahbubnagar,Punjab,330503.94,Amira,Bala,kiara87@example.net,9894922931,42,Female,Mahbubnagar,Punjab,Low,2024-01-06,True,True
56958,15924,2022-02-03,completed,Raiganj,Madhya Pradesh,403293.0,Onkar,Bains,kothariyashvi@example.net,4935434407,18,Male,Raiganj,Madhya Pradesh,Low,2023-01-12,True,True
56987,8800,2023-04-20,processing,Varanasi,West Bengal,348940.0,Tejas,Chauhan,varghesedhanuk@example.org,911833909332,18,Female,Varanasi,West Bengal,Medium,2023-06-24,True,True
57024,16257,2023-07-21,completed,Ahmednagar,Maharashtra,368849.2,Dharmajan,Tripathi,dhanukbassi@example.net,2398304652,46,Female,Ahmednagar,Maharashtra,Low,2023-04-09,True,True
57068,3303,2024-10-22,completed,Bally,Delhi,380200.23,Adira,Rana,zuppal@example.net,7781341452,52,Male,Bally,Delhi,Medium,2024-04-30,True,True
57195,19674,2024-01-16,processing,Vasai-Virar,Gujarat,377759.24,Alia,Cheema,indranil60@example.net,2488807750,37,Male,Vasai-Virar,Gujarat,High,2022-12-26,True,True
57213,11416,2022-12-02,processing,Rewa,Karnataka,462365.89,Bhamini,Sangha,aayush71@example.net,9789274160,43,Female,Rewa,Karnataka,Low,2024-11-15,True,True
57361,13150,2023-02-09,pending,Bhilai,Uttar Pradesh,618860.1,Tushar,Koshy,madhup98@example.net,917456623464,30,Female,Bhilai,Uttar Pradesh,Low,2023-12-27,True,True
57388,8291,2024-12-07,completed,Hosur,Bihar,505256.01,Vritika,Hora,amira25@example.org,912723084051,46,Female,Hosur,Bihar,Medium,2022-01-27,True,True
57390,16288,2024-01-22,completed,Panvel,Uttar Pradesh,422288.18,Tejas,Ranganathan,myrabhargava@example.net,8348224483,25,Female,Panvel,Uttar Pradesh,Low,2023-12-16,True,True
57397,15583,2023-06-26,pending,Aizawl,Maharashtra,358419.3,Kismat,Saha,mohanlal91@example.com,910929454502,46,Female,Aizawl,Maharashtra,High,2023-12-31,True,True
57421,8037,2022-08-14,completed,Kumbakonam,West Bengal,393246.67,Taimur,Jha,dyalsana@example.com,6903731480,31,Male,Kumbakonam,West Bengal,High,2022-11-20,True,True
57429,10659,2024-01-20,completed,Firozabad,Bihar,379356.98,Nakul,Gill,zjha@example.net,1346756351,40,Female,Firozabad,Bihar,High,2022-07-01,True,True
57440,8275,2022-01-10,delivered,Jalandhar,West Bengal,703876.76,Divyansh,Babu,zaingandhi@example.org,583576493,27,Male,Jalandhar,West Bengal,Medium,2022-03-19,True,True
57466,16320,2024-11-12,completed,Shahjahanpur,West Bengal,539633.98,Dharmajan,Sundaram,sainiabram@example.com,9676976075,40,Male,Shahjahanpur,West Bengal,High,2024-12-14,True,True
57480,11703,2022-03-04,delivered,Berhampur,Uttar Pradesh,368938.88,Sana,Sidhu,ghoseprerak@example.com,7571094900,52,Female,Berhampur,Uttar Pradesh,Medium,2022-05-04,True,True
57487,5919,2022-11-22,shipped,Bihar Sharif,West Bengal,426640.94,Rhea,Srinivasan,kashvivenkataraman@example.com,7572985407,36,Female,Bihar Sharif,West Bengal,High,2024-06-09,True,True
57493,898,2022-07-21,processing,Danapur,West Bengal,574012.6,Ivana,Mahal,mohanlal58@example.org,9849330674,40,Male,Danapur,West Bengal,High,2023-04-12,True,True
57503,4633,2024-09-29,completed,Mau,Uttar Pradesh,380361.86,Ranbir,Kale,baildhanush@example.org,915663110848,37,Male,Mau,Uttar Pradesh,Low,2023-12-10,True,True
57508,4782,2022-04-27,pending,Guntakal,Uttar Pradesh,635757.46,Alia,Sarraf,rjayaraman@example.com,912434683485,45,Male,Guntakal,Uttar Pradesh,Low,2023-12-09,True,True
57524,2652,2022-08-04,completed,Navi Mumbai,Madhya Pradesh,521955.15,Onkar,Kashyap,ywali@example.org,5414556473,36,Female,Navi Mumbai,Madhya Pradesh,Low,2023-09-08,True,True
57609,3387,2023-05-16,completed,Malegaon,West Bengal,585380.18,Hiran,Dugal,zachariahbhamini@example.org,8747825634,34,Male,Malegaon,West Bengal,Medium,2023-05-20,False,True
57644,16705,2022-11-09,shipped,Chapra,Karnataka,461021.28,Tanya,Contractor,hgara@example.com,5698898358,32,Male,Chapra,Karnataka,Low,2022-09-11,True,True
57725,6992,2022-03-03,completed,Gaya,Maharashtra,540524.38,Sumer,Sami,lakshayshroff@example.com,918993082764,36,Female,Gaya,Maharashtra,Low,2024-02-11,True,True
57774,7354,2022-12-08,completed,Uluberia,West Bengal,395806.26,Fateh,Bora,suribiju@example.org,910285874703,34,Male,Uluberia,West Bengal,Low,2022-01-31,True,True
57778,3019,2024-06-02,shipped,Nadiad,Bihar,464920.84,Dharmajan,Ranganathan,sbahri@example.net,914897311601,34,Male,Nadiad,Bihar,Low,2023-06-18,False,True
57894,15290,2024-04-06,completed,Surat,Bihar,493629.69,Hunar,Buch,badal70@example.net,3421228087,30,Female,Surat,Bihar,Low,2023-07-10,True,True
57942,1834,2024-02-04,delivered,Kavali,Karnataka,421214.44,Sara,Rajagopal,bavafarhan@example.org,851846689,38,Male,Kavali,Karnataka,Medium,2022-12-12,True,True
57973,18502,2022-12-02,completed,New Delhi,Uttar Pradesh,490522.84,Kiara,Divan,mamooty72@example.net,2103721061,51,Female,New Delhi,Uttar Pradesh,Medium,2022-07-05,True,True
58065,4470,2023-01-28,processing,Srinagar,West Bengal,717514.49,Baiju,Chauhan,ishaan10@example.com,1146813893,29,Female,Srinagar,West Bengal,High,2022-11-25,True,True
58124,12872,2023-08-07,shipped,Bhatpara,Gujarat,646613.24,Heer,Barman,deshmukhvidur@example.net,916339665135,40,Male,Bhatpara,Gujarat,High,2022-06-25,True,True
58137,7183,2022-07-16,completed,Bally,West Bengal,346736.31,Eva,Varughese,kramaswamy@example.net,6145359055,27,Male,Bally,West Bengal,Low,2022-08-17,True,True
58224,11562,2022-04-16,completed,Bellary,Maharashtra,333614.87,Saira,Tiwari,diya05@example.com,9820981085,42,Male,Bellary,Maharashtra,Low,2022-04-17,True,True
58304,14628,2024-08-19,completed,Hosur,Gujarat,377476.84,Hridaan,Sankaran,arnavbhargava@example.net,2676175486,57,Male,Hosur,Gujarat,Low,2022-04-05,True,True
58311,12811,2023-03-28,completed,Kochi,Uttar Pradesh,333062.26,Riya,Bir,lbahri@example.org,912128714111,18,Male,Kochi,Uttar Pradesh,High,2024-03-15,True,True
58368,9320,2024-07-27,completed,Durgapur,Gujarat,328972.56,Vivaan,Deshpande,aarushdewan@example.net,7298942200,52,Male,Durgapur,Gujarat,Medium,2023-07-24,False,True
58397,6638,2023-02-08,completed,Bidhannagar,Rajasthan,395706.98,Dhanuk,Sridhar,xbath@example.org,6728095048,53,Male,Bidhannagar,Rajasthan,Premium,2022-04-19,True,True
58424,17989,2022-03-09,completed,Phusro,Madhya Pradesh,474106.08,Elakshi,Shah,hunar03@example.com,913598369457,37,Female,Phusro,Madhya Pradesh,Medium,2023-11-08,True,True
58469,3660,2023-12-26,delivered,Nizamabad,Maharashtra,389442.85,Nirvaan,Upadhyay,chandraeshani@example.com,1317448519,54,Female,Nizamabad,Maharashtra,High,2023-03-13,True,True
58477,15001,2024-03-20,completed,Guna,Uttar Pradesh,426632.27,Sahil,Solanki,lakshitreddy@example.net,915829061851,32,Male,Guna,Uttar Pradesh,Medium,2023-03-25,True,True
58517,8144,2024-04-25,completed,Rampur,Madhya Pradesh,438546.29,Abram,Kamdar,krastogi@example.net,6957829513,57,Female,Rampur,Madhya Pradesh,Low,2024-07-09,True,True
58567,776,2024-03-20,cancelled,Salem,Tamil Nadu,527574.94,Ehsaan,Basu,nakul76@example.com,911444856451,23,Female,Salem,Tamil Nadu,Low,2024-01-25,True,True
58619,4028,2024-06-17,completed,Mahbubnagar,Uttar Pradesh,426958.32,Pranay,Dani,jayant10@example.net,3988939031,38,Male,Mahbubnagar,Uttar Pradesh,Medium,2023-10-02,True,True
58625,10381,2022-01-10,shipped,Baranagar,Tamil Nadu,502145.73,Divyansh,Chaudry,ghoshkiara@example.net,7248927583,54,Female,Baranagar,Tamil Nadu,Low,2023-07-10,True,True
58638,6337,2022-12-18,completed,Raurkela Industrial Township,Bihar,428385.72,Indranil,Chauhan,guptastuvan@example.com,6396097952,30,Female,Raurkela Industrial Township,Bihar,Low,2022-10-11,True,True
58712,14102,2022-01-04,completed,Sasaram,Bihar,336722.67,Armaan,Dubey,jbhatti@example.org,917195752614,46,Male,Sasaram,Bihar,Low,2024-06-18,True,True
58740,6200,2024-10-19,completed,Ambala,Uttar Pradesh,691748.06,Advika,Chaudhry,hunar94@example.com,1171393863,24,Male,Ambala,Uttar Pradesh,Low,2024-11-10,True,True
58776,4963,2024-12-06,completed,Tirupati,Uttar Pradesh,493080.59,Madhup,Goswami,tanejamiraan@example.org,919949201330,42,Female,Tirupati,Uttar Pradesh,Medium,2022-08-21,True,True
58784,7544,2024-10-29,delivered,Imphal,Maharashtra,669086.38,Navya,Sahni,ksengupta@example.org,1272998336,29,Male,Imphal,Maharashtra,Low,2023-10-22,True,True
58850,16836,2022-02-06,completed,Bongaigaon,Maharashtra,456885.98,Nitara,Sibal,suraanya@example.com,828357119,27,Male,Bongaigaon,Maharashtra,Medium,2023-01-01,True,True
58852,14905,2022-01-02,completed,Chandigarh,Gujarat,338033.72,Aniruddh,Ray,usabharwal@example.net,911184991965,22,Male,Chandigarh,Gujarat,Low,2024-07-28,True,True
58855,18377,2024-09-11,completed,Ajmer,West Bengal,456681.52,Nakul,Buch,akarshvirk@example.com,8286952427,39,Male,Ajmer,West Bengal,High,2023-01-29,True,True
58875,16046,2023-02-27,delivered,Hajipur,Uttar Pradesh,461364.63,Dhanuk,Lal,wbumb@example.net,105472725,35,Male,Hajipur,Uttar Pradesh,Low,2024-05-24,False,True
58959,11625,2022-09-20,completed,Panihati,Punjab,490659.7,Aayush,Ramesh,seherzachariah@example.com,4010980957,31,Female,Panihati,Punjab,Low,2024-05-05,True,True
59253,1947,2023-09-27,pending,Jalgaon,West Bengal,517974.46,Rasha,Rege,deyaniruddh@example.net,8343779824,44,Male,Jalgaon,West Bengal,Medium,2022-05-31,True,True
59256,11749,2023-02-27,shipped,Solapur,Punjab,413198.73,Dhruv,Ramesh,mehul88@example.com,1029262090,46,Female,Solapur,Punjab,Medium,2022-07-31,True,True
59291,15476,2022-04-19,shipped,Ajmer,Maharashtra,367021.78,Kimaya,Kar,eluthra@example.net,9836941235,18,Female,Ajmer,Maharashtra,Medium,2024-03-08,True,True
59302,7399,2023-09-18,completed,Bhiwandi,West Bengal,374536.54,Ojas,Dhar,anvi52@example.com,911303791543,36,Male,Bhiwandi,West Bengal,Medium,2023-06-01,True,True
59316,12073,2023-09-29,completed,Kollam,Rajasthan,449159.2,Dhanuk,Sinha,vardaniyachawla@example.net,915982205502,36,Male,Kollam,Rajasthan,Low,2024-10-14,True,True
59331,2420,2024-06-17,processing,New Delhi,Madhya Pradesh,768346.52,Indranil,Dash,ibir@example.org,919388953115,33,Female,New Delhi,Madhya Pradesh,Low,2024-05-25,True,True
59338,17405,2024-11-12,completed,Patiala,Tamil Nadu,365608.21,Badal,Deshmukh,jivikaray@example.org,9006241748,69,Male,Patiala,Tamil Nadu,Low,2024-10-13,True,True
59389,17671,2023-11-11,pending,Cuttack,Bihar,393273.41,Dhruv,Toor,ratichander@example.net,601835504,45,Male,Cuttack,Bihar,High,2022-07-08,True,True
59408,10083,2022-03-30,shipped,Giridih,Telangana,417159.88,Divyansh,Manne,heerchanda@example.net,1590473741,39,Female,Giridih,Telangana,Medium,2022-10-10,True,True
59414,459,2022-08-06,shipped,Rewa,Tamil Nadu,596548.05,Kanav,Sheth,bkrishnamurthy@example.org,8204339718,19,Female,Rewa,Tamil Nadu,High,2024-07-03,True,True
59456,972,2024-07-21,shipped,Mango,Bihar,353584.55,Vanya,Bobal,kjaggi@example.net,916908726176,43,Female,Mango,Bihar,Low,2022-09-28,True,True
59559,3167,2024-10-28,completed,Shimla,Tamil Nadu,541532.89,Jhanvi,Taneja,ydeshpande@example.org,913190024155,42,Female,Shimla,Tamil Nadu,Low,2023-05-23,True,True
59586,7359,2022-06-29,completed,Chandrapur,Tamil Nadu,385477.02,Anahi,Kant,baijuhalder@example.net,6275545859,41,Female,Chandrapur,Tamil Nadu,High,2024-01-16,True,True
59625,13165,2022-02-18,completed,Kadapa,West Bengal,448432.24,Hiran,Bose,darshit57@example.com,5465757700,45,Female,Kadapa,West Bengal,Medium,2023-06-29,False,True
59636,11089,2024-02-17,completed,Bhatpara,Karnataka,350876.74,Madhup,Balay,prisha65@example.net,4617777331,33,Male,Bhatpara,Karnataka,Medium,2023-09-06,True,True
59722,10718,2024-07-17,completed,Kozhikode,Gujarat,439528.08,Nayantara,Shroff,sundaramhansh@example.net,5537195216,43,Male,Kozhikode,Gujarat,High,2022-02-16,True,True
59729,1893,2024-07-02,processing,Srinagar,West Bengal,342648.5,Hiran,Johal,uthkarsh47@example.net,1158821870,52,Female,Srinagar,West Bengal,Medium,2022-01-04,True,True
59756,8735,2024-04-08,cancelled,Gandhidham,West Bengal,423055.42,Ryan,Ramanathan,rjain@example.com,1213071978,37,Male,Gandhidham,West Bengal,Low,2022-02-07,True,True
59759,13940,2023-03-11,cancelled,Asansol,Tamil Nadu,349783.99,Shanaya,Swaminathan,nirvaan95@example.org,961101977,45,Male,Asansol,Tamil Nadu,Low,2023-09-23,True,True
59823,18429,2023-11-16,completed,Haldia,Uttar Pradesh,622467.68,Bhamini,Dara,vedika24@example.com,5013785891,18,Female,Haldia,Uttar Pradesh,Medium,2023-04-09,True,True
59841,19948,2023-10-04,completed,Korba,Gujarat,490694.45,Nehmat,Atwal,zbanerjee@example.org,6151028006,28,Female,Korba,Gujarat,Low,2022-01-26,True,True
59881,236,2022-11-21,completed,Kolkata,Gujarat,537156.56,Alia,Chakrabarti,chanderjayant@example.net,1606484229,35,Male,Kolkata,Gujarat,Low,2023-05-29,True,True
59884,4570,2023-08-11,completed,Panihati,West Bengal,562373.17,Ivan,Gulati,piyasubramanian@example.org,1815797764,28,Female,Panihati,West Bengal,Low,2023-12-28,True,True
59899,19215,2024-07-26,completed,Narasaraopet,West Bengal,589349.21,Shray,Anne,kamdarkashvi@example.org,6680247063,18,Female,Narasaraopet,West Bengal,Medium,2022-12-02,True,True
59900,1293,2022-12-04,completed,Bhalswa Jahangir Pur,Gujarat,391282.34,Rania,Aurora,ela86@example.net,3205534050,20,Female,Bhalswa Jahangir Pur,Gujarat,Low,2022-11-07,True,True
60009,378,2023-01-18,completed,Nashik,Maharashtra,386883.52,Neysa,Roy,aradhya98@example.net,7492424375,29,Female,Nashik,Maharashtra,Medium,2022-08-19,True,True
60133,16147,2024-10-04,completed,Ludhiana,Uttar Pradesh,730655.41,Anvi,Sami,mannat61@example.org,870209289,31,Male,Ludhiana,Uttar Pradesh,High,2024-11-29,True,True
60176,10763,2022-12-08,processing,Parbhani,Maharashtra,413953.28,Suhana,Zacharia,jivindutt@example.com,2331646106,20,Female,Parbhani,Maharashtra,High,2023-09-22,True,True
60207,3954,2023-10-29,completed,Khandwa,Maharashtra,594670.26,Mehul,Barad,emir22@example.net,5817729257,35,Male,Khandwa,Maharashtra,Low,2022-12-30,True,True
60236,9348,2023-04-04,completed,Phagwara,Maharashtra,572808.19,Arnav,Bala,heerbobal@example.net,7631337495,31,Female,Phagwara,Maharashtra,Medium,2024-05-06,True,True
60262,13783,2022-01-09,completed,Anantapuram,Madhya Pradesh,364106.64,Rohan,Agrawal,kartiklanka@example.org,9166832085,30,Male,Anantapuram,Madhya Pradesh,High,2023-05-18,True,True
60263,15444,2024-10-09,completed,Shahjahanpur,Rajasthan,411736.74,Hiran,Deshpande,duttaryan@example.org,7695721930,38,Male,Shahjahanpur,Rajasthan,Low,2024-07-07,True,True
60298,3062,2023-06-11,completed,Eluru,Uttar Pradesh,354444.92,Saksham,Varma,vlad@example.net,4164933111,32,Male,Eluru,Uttar Pradesh,Low,2024-09-16,True,True
60391,2887,2023-02-02,shipped,Serampore,Rajasthan,539716.94,Advik,Amble,bhallalakshay@example.org,6442143778,32,Male,Serampore,Rajasthan,High,2023-06-06,True,True
60396,3026,2022-11-27,completed,Panipat,Punjab,497816.13,Aradhya,Gill,xbala@example.org,910936130144,26,Female,Panipat,Punjab,Medium,2022-06-18,True,True
60397,10804,2023-07-14,completed,Dharmavaram,Madhya Pradesh,404866.0,Fateh,Swamy,myrasharaf@example.net,9262750800,34,Male,Dharmavaram,Madhya Pradesh,High,2022-02-11,True,True
60424,7434,2024-01-17,completed,Dibrugarh,Maharashtra,711984.47,Adah,Lala,ysandal@example.com,5671092732,18,Male,Dibrugarh,Maharashtra,Medium,2024-09-06,True,True
60480,1236,2024-06-18,completed,Muzaffarpur,Telangana,536016.84,Purab,Soni,chaudhuriryan@example.org,8818738775,44,Female,Muzaffarpur,Telangana,Low,2022-11-30,True,True
60518,3243,2022-03-02,completed,Thiruvananthapuram,West Bengal,358706.75,Shamik,Goyal,kabirhari@example.com,912465529578,52,Male,Thiruvananthapuram,West Bengal,Low,2023-05-08,True,True
60617,14541,2024-08-19,completed,Meerut,Rajasthan,443344.01,Stuvan,Rajagopalan,mandacharvi@example.com,1927423634,31,Female,Meerut,Rajasthan,High,2023-07-05,True,True
60636,10382,2023-09-15,pending,Tadepalligudem,Uttar Pradesh,343878.29,Yakshit,Sharma,krishbains@example.com,915160285946,24,Female,Tadepalligudem,Uttar Pradesh,Low,2022-03-08,True,True
60671,9939,2024-01-15,delivered,Haldia,Maharashtra,491811.32,Vedika,Grover,ramanathananahita@example.net,915960728226,51,Male,Haldia,Maharashtra,High,2023-09-13,True,True
60673,13862,2023-07-17,completed,Berhampore,Tamil Nadu,513456.52,Raghav,Issac,jbala@example.org,2832006441,31,Male,Berhampore,Tamil Nadu,Medium,2023-04-30,True,True
60679,15046,2022-09-13,completed,Nellore,Uttar Pradesh,463780.74,Aniruddh,Keer,rasha78@example.com,918892446064,33,Female,Nellore,Uttar Pradesh,High,2023-10-05,True,True
60722,6410,2022-12-04,processing,Haldia,Rajasthan,326231.74,Lakshay,Ramanathan,rattiaaryahi@example.org,8610649544,27,Male,Haldia,Rajasthan,Low,2024-05-29,True,True
60756,19417,2022-08-04,shipped,Khandwa,Karnataka,470391.58,Indrajit,Sunder,sanaverma@example.org,2814677679,18,Female,Khandwa,Karnataka,Medium,2022-05-18,True,True
60820,6082,2024-01-31,completed,Hyderabad,West Bengal,323884.15,Adira,Sunder,sgoel@example.net,66227712,26,Male,Hyderabad,West Bengal,Medium,2022-09-15,True,True
60821,3231,2023-02-19,completed,Nagpur,Uttar Pradesh,451113.41,Rania,Issac,darshitbalakrishnan@example.net,9028057955,35,Male,Nagpur,Uttar Pradesh,Low,2022-03-27,True,True
60875,12493,2023-09-24,processing,Gangtok,Uttar Pradesh,325564.86,Romil,Dasgupta,abramkannan@example.net,9426925222,42,Male,Gangtok,Uttar Pradesh,Medium,2022-11-25,True,True
60888,13842,2022-05-18,pending,Haridwar,Kerala,357388.05,Kashvi,Kala,yakshitganguly@example.org,911422017893,31,Male,Haridwar,Kerala,Low,2023-01-16,True,True
60985,15467,2022-03-07,completed,Machilipatnam,Maharashtra,396846.55,Renee,Grewal,dasskrish@example.com,1579066293,46,Male,Machilipatnam,Maharashtra,Medium,2022-04-28,True,True
61008,7566,2023-08-29,cancelled,Delhi,Uttar Pradesh,472900.28,Indrajit,Ganesan,goswamilagan@example.org,4247256926,24,Female,Delhi,Uttar Pradesh,Low,2022-05-19,True,True
61127,8292,2024-12-01,completed,Katni,West Bengal,382053.46,Hazel,Sura,zbuch@example.org,5935554464,42,Female,Katni,West Bengal,Low,2024-10-29,True,True
61189,9392,2023-10-30,delivered,Mangalore,Kerala,400109.36,Inaaya ,Srinivas,rattamanikya@example.com,5839461556,31,Male,Mangalore,Kerala,Low,2022-09-13,True,True
61192,16845,2024-02-12,completed,Burhanpur,Uttar Pradesh,333315.4,Jiya,Sangha,anahita40@example.com,9874394786,31,Male,Burhanpur,Uttar Pradesh,Low,2022-05-29,True,True
61199,3339,2024-10-02,completed,Belgaum,Uttar Pradesh,415854.89,Onkar,Wagle,onkarkashyap@example.net,912688810786,33,Female,Belgaum,Uttar Pradesh,High,2022-04-02,True,True
61241,8214,2022-12-11,delivered,Saharsa,Rajasthan,410969.21,Anaya,Luthra,tararandhawa@example.net,1080765364,34,Male,Saharsa,Rajasthan,Low,2022-04-29,True,True
61299,18375,2024-10-02,delivered,Kakinada,Uttar Pradesh,424529.05,Darshit,Thakkar,myra99@example.com,913693993632,26,Female,Kakinada,Uttar Pradesh,Low,2023-05-28,True,True
61497,9217,2022-12-05,processing,Bhiwandi,West Bengal,496579.55,Samaira,Rau,ganesananiruddh@example.org,3534295016,36,Male,Bhiwandi,West Bengal,Medium,2024-12-17,True,True
61520,3,2022-11-06,completed,Gangtok,Telangana,533697.9,Ehsaan,Batra,wbava@example.com,4078161849,29,Female,Gangtok,Telangana,High,2022-10-26,True,True
61521,1355,2022-09-29,completed,Madanapalle,Telangana,442728.34,Kabir,Grewal,tahuja@example.org,914820849315,57,Female,Madanapalle,Telangana,Medium,2024-03-31,True,True
61550,19494,2023-06-14,completed,Giridih,Madhya Pradesh,332457.93,Ishita,Ahluwalia,drishyawali@example.com,911658539973,42,Male,Giridih,Madhya Pradesh,Medium,2023-08-18,True,True
61565,15691,2022-01-29,completed,Bhagalpur,Uttar Pradesh,612123.55,Khushi,Gopal,shanaya56@example.com,9863939173,39,Female,Bhagalpur,Uttar Pradesh,Premium,2022-05-06,True,True
61568,9530,2024-03-29,completed,Alappuzha,Uttar Pradesh,429626.32,Romil,Wali,taradass@example.com,2029048724,29,Male,Alappuzha,Uttar Pradesh,High,2024-02-02,False,True
61604,19353,2022-03-28,completed,Bettiah,Telangana,408365.38,Onkar,Rajan,mahika44@example.org,915989120823,37,Male,Bettiah,Telangana,Low,2022-02-17,True,True
61638,642,2024-08-09,completed,Raebareli,Tamil Nadu,526486.67,Aniruddh,Chahal,emir76@example.org,9833477433,52,Female,Raebareli,Tamil Nadu,Medium,2024-04-01,True,True
61817,7113,2022-01-07,completed,Ramagundam,Punjab,380585.23,Damini,Dua,nitaraagate@example.org,914244229917,33,Male,Ramagundam,Punjab,Medium,2023-03-24,True,True
61927,12076,2023-12-04,completed,Vellore,Uttar Pradesh,579716.96,Stuvan,Savant,jainbadal@example.net,8334194841,22,Female,Vellore,Uttar Pradesh,Medium,2022-01-07,True,True
61954,9278,2024-10-14,cancelled,Udaipur,Uttar Pradesh,405697.06,Siya,Chakrabarti,sbuch@example.com,911234009915,35,Male,Udaipur,Uttar Pradesh,High,2024-05-10,True,True
61979,10751,2024-04-25,pending,Chennai,Gujarat,336722.67,Krish,Upadhyay,viswanathanmyra@example.org,9021665628,31,Male,Chennai,Gujarat,High,2022-09-15,True,True
62098,8498,2023-09-14,completed,Ballia,Madhya Pradesh,379622.78,Shaan,Kant,akaul@example.com,916061457380,38,Male,Ballia,Madhya Pradesh,High,2023-06-17,True,True
62101,16121,2023-02-19,shipped,Jammu,Gujarat,559752.88,Sahil,Saran,routadira@example.com,2934188511,47,Female,Jammu,Gujarat,Low,2022-01-03,True,True
62139,2846,2022-04-20,completed,Phagwara,Uttar Pradesh,371218.39,Rohan,Ratti,jivinsankar@example.org,4705447658,39,Female,Phagwara,Uttar Pradesh,Medium,2024-10-24,True,True
62176,17758,2023-08-28,cancelled,Vadodara,Delhi,519430.95,Dishani,Kala,mahika03@example.com,7591299389,40,Male,Vadodara,Delhi,Low,2023-07-12,True,True
62198,301,2023-11-20,delivered,Bhavnagar,Punjab,428004.41,Riaan,Srivastava,iborah@example.com,917908641686,29,Male,Bhavnagar,Punjab,Medium,2024-01-18,True,True
62201,7879,2022-10-01,completed,Amravati,Uttar Pradesh,371272.87,Dhanuk,Rajagopalan,bhamini98@example.org,910766589456,33,Male,Amravati,Uttar Pradesh,Low,2023-11-14,True,True
62236,17730,2022-03-01,shipped,Thiruvananthapuram,Maharashtra,385964.51,Neelofar,Sharma,tsharma@example.org,4871481082,55,Female,Thiruvananthapuram,Maharashtra,High,2022-06-03,True,True
62309,2416,2023-05-07,processing,Ramgarh,West Bengal,456997.23,Saira,Kala,bdhingra@example.net,8819468774,55,Female,Ramgarh,West Bengal,Low,2023-03-26,True,True
62344,9196,2022-03-18,cancelled,Raebareli,Uttar Pradesh,425794.59,Renee,Thakur,kgrover@example.com,4427806358,36,Male,Raebareli,Uttar Pradesh,Premium,2022-07-09,True,True
62409,3938,2023-03-12,completed,Kamarhati,Rajasthan,414929.62,Piya,Rao,ramanathanelakshi@example.com,1339172328,49,Male,Kamarhati,Rajasthan,Premium,2024-08-19,False,True
62427,4557,2023-05-28,delivered,Guna,Maharashtra,618860.1,Alia,De,kkalla@example.org,8938359301,20,Female,Guna,Maharashtra,High,2023-01-31,True,True
62437,2563,2022-11-30,pending,Bettiah,Uttar Pradesh,408361.76,Heer,Sen,wgarg@example.net,8759204155,40,Female,Bettiah,Uttar Pradesh,Low,2022-09-13,True,True
62446,2057,2022-04-09,completed,Faridabad,Gujarat,750850.8,Nitya,Divan,raghavhans@example.com,919547006039,19,Female,Faridabad,Gujarat,High,2023-11-17,True,True
62498,5350,2024-11-30,delivered,Tadepalligudem,Uttar Pradesh,354791.02,Fateh,Raman,kiaanray@example.com,3659153276,41,Female,Tadepalligudem,Uttar Pradesh,Medium,2023-05-14,True,True
62515,8280,2022-12-28,processing,Kochi,Uttar Pradesh,561668.27,Siya,Setty,kapadiagatik@example.net,9842497318,28,Male,Kochi,Uttar Pradesh,Low,2024-09-17,True,True
62532,9702,2022-05-02,completed,Bhubaneswar,Uttar Pradesh,407771.5,Samarth,Loke,charvikala@example.com,7107113934,37,Female,Bhubaneswar,Uttar Pradesh,Medium,2024-10-16,True,True
62552,15219,2023-08-27,completed,Ramgarh,Rajasthan,434497.35,Arhaan,Ray,ranaivana@example.com,646639717,54,Male,Ramgarh,Rajasthan,Low,2023-12-25,True,True
62637,3486,2024-04-04,delivered,Jalgaon,Bihar,360379.26,Anvi,Wali,garaeva@example.com,7522212004,29,Female,Jalgaon,Bihar,Low,2022-11-30,True,True
62649,19618,2024-01-19,delivered,Ajmer,Bihar,355492.28,Drishya,Sagar,wdada@example.com,912489266215,42,Male,Ajmer,Bihar,High,2024-06-07,True,True
62650,7748,2022-12-20,completed,Kurnool,Bihar,373882.43,Seher,Manda,suritejas@example.com,2934931906,30,Female,Kurnool,Bihar,Low,2024-03-19,True,True
62653,7375,2022-11-24,shipped,Chennai,Tamil Nadu,436523.57,Devansh,Soni,vritikasen@example.com,918770298918,38,Male,Chennai,Tamil Nadu,Medium,2022-12-30,True,True
62695,4145,2024-09-07,completed,Ahmedabad,Uttar Pradesh,360242.92,Drishya,Vyas,dishani78@example.net,3405386767,48,Female,Ahmedabad,Uttar Pradesh,Low,2024-11-15,True,True
62697,12408,2023-02-18,completed,Nellore,Kerala,483355.7,Aarush,Chahal,bedifarhan@example.net,4319674280,27,Female,Nellore,Kerala,Low,2024-10-10,True,True
62716,12375,2022-06-26,completed,Bongaigaon,Uttar Pradesh,328950.15,Alia,Bhat,solankiehsaan@example.com,1981816523,18,Male,Bongaigaon,Uttar Pradesh,High,2024-06-19,True,True
62726,3945,2023-12-17,completed,Gorakhpur,Uttar Pradesh,508472.25,Vihaan,Thaman,zmallick@example.org,3769246105,36,Female,Gorakhpur,Uttar Pradesh,High,2024-04-27,True,True
62730,15225,2024-10-05,completed,Madhyamgram,Bihar,707223.85,Hrishita,Buch,ivana41@example.net,8722021752,33,Male,Madhyamgram,Bihar,Low,2023-11-23,True,True
62732,12100,2024-12-17,delivered,Ramagundam,Uttar Pradesh,374166.8,Aradhya,Bose,lallarenee@example.net,5068645401,33,Male,Ramagundam,Uttar Pradesh,High,2022-07-24,True,True
62823,13314,2024-01-24,completed,Moradabad,Madhya Pradesh,382023.72,Kabir,Sheth,dtrivedi@example.com,912400565676,41,Female,Moradabad,Madhya Pradesh,Low,2022-03-27,True,True
62842,1592,2022-08-08,completed,North Dumdum,Madhya Pradesh,496035.2,Ira,Sibal,boseanya@example.com,3922551741,27,Female,North Dumdum,Madhya Pradesh,Low,2024-05-16,True,True
62870,9636,2023-11-17,delivered,Vasai-Virar,Uttar Pradesh,383599.65,Kaira,Dar,vdatta@example.net,7674255491,47,Female,Vasai-Virar,Uttar Pradesh,Low,2023-06-26,True,True
63009,10050,2022-06-03,processing,Jodhpur,Punjab,481859.44,Divit,Kurian,vbawa@example.com,919703525471,18,Male,Jodhpur,Punjab,High,2024-04-18,True,True
63134,6832,2023-01-19,completed,Chapra,Karnataka,519761.33,Vihaan,Batra,anaya68@example.com,2498267753,48,Female,Chapra,Karnataka,Low,2022-11-03,True,True
63136,2011,2024-01-30,completed,Karaikudi,Uttar Pradesh,334184.45,Rati,Batra,ritvikchander@example.net,6474264404,24,Female,Karaikudi,Uttar Pradesh,Premium,2022-10-29,True,True
63160,12317,2022-08-04,shipped,Indore,Maharashtra,450923.54,Drishya,Konda,ndhawan@example.com,4342927094,45,Male,Indore,Maharashtra,Low,2024-08-28,True,True
63228,16742,2022-10-26,processing,Satara,Maharashtra,499818.21,Heer,Butala,ywalla@example.net,913334031756,33,Female,Satara,Maharashtra,High,2024-04-04,True,True
63237,3732,2024-08-28,shipped,Haldia,Madhya Pradesh,343451.66,Hiran,Manda,ela17@example.org,9672942791,19,Female,Haldia,Madhya Pradesh,Medium,2022-11-26,True,True
63323,15083,2022-10-06,pending,Aurangabad,Gujarat,329881.07,Rania,Varughese,chadhamishti@example.org,910785572188,35,Female,Aurangabad,Gujarat,Low,2024-07-30,True,True
63344,6542,2022-10-19,completed,Bilaspur,Karnataka,331304.61,Devansh,Acharya,keya67@example.net,625291877,48,Male,Bilaspur,Karnataka,High,2022-09-04,False,True
63356,19902,2023-09-26,completed,Dhule,Madhya Pradesh,419529.48,Mamooty,Dugar,gkhanna@example.org,910943847550,18,Female,Dhule,Madhya Pradesh,High,2022-04-11,True,True
63359,4742,2023-11-24,completed,Jorhat,Madhya Pradesh,407964.27,Biju,Wable,vbahri@example.com,910962771869,41,Male,Jorhat,Madhya Pradesh,Low,2022-11-06,True,True
63393,11473,2023-08-25,completed,Jalandhar,Bihar,705112.35,Divij,Bava,deshmukhshlok@example.org,7822661092,47,Female,Jalandhar,Bihar,Low,2022-10-08,True,True
63472,14471,2024-08-20,shipped,Muzaffarpur,Tamil Nadu,377850.08,Damini,Malhotra,ygara@example.com,1918422284,25,Male,Muzaffarpur,Tamil Nadu,Medium,2023-11-27,True,True
63478,18801,2023-12-31,shipped,Silchar,Bihar,417655.94,Umang,Raja,ywagle@example.org,9092575932,46,Female,Silchar,Bihar,Low,2022-01-07,True,True
63500,18748,2023-09-05,completed,Amravati,Madhya Pradesh,360363.8,Jivin,Raja,parisem@example.org,374572394,54,Male,Amravati,Madhya Pradesh,Low,2023-03-14,True,True
63570,12201,2024-12-23,delivered,Khandwa,Bihar,515829.89,Divit,Dyal,vigshamik@example.org,5341839465,41,Male,Khandwa,Bihar,Medium,2022-05-14,True,True
63585,2040,2024-12-28,cancelled,Kharagpur,Telangana,540444.22,Prisha,Jain,evaarora@example.com,8777701497,18,Male,Kharagpur,Telangana,Low,2024-02-26,True,True
63592,18071,2024-10-06,completed,Bilaspur,Madhya Pradesh,363903.04,Hrishita,Deol,divij96@example.net,3273390035,54,Female,Bilaspur,Madhya Pradesh,Medium,2022-10-23,True,True
63611,5757,2024-05-03,completed,Dhanbad,Uttar Pradesh,534613.45,Indrajit,Mander,romilagrawal@example.com,736561187,27,Male,Dhanbad,Uttar Pradesh,Low,2024-01-14,True,True
63632,5280,2024-03-02,completed,Giridih,Maharashtra,327294.49,Vivaan,Gola,hrishitadin@example.com,4064977689,42,Male,Giridih,Maharashtra,Low,2024-06-05,True,True
63638,14851,2023-05-10,completed,Kirari Suleman Nagar,Bihar,491395.5,Shray,Hans,fsuresh@example.net,3653390938,45,Male,Kirari Suleman Nagar,Bihar,Low,2022-06-12,True,True
63660,6533,2023-11-22,delivered,Coimbatore,Bihar,335597.93,Lagan,Varghese,bhardwajkaira@example.net,3324823688,42,Male,Coimbatore,Bihar,Low,2022-08-17,True,True
63709,6291,2024-11-28,processing,Cuttack,Rajasthan,350918.27,Manikya,Shan,chatterjeeoorja@example.org,917815277870,27,Female,Cuttack,Rajasthan,Medium,2023-08-12,True,True
63736,1491,2023-06-19,completed,Mira-Bhayandar,Uttar Pradesh,427977.09,Ranbir,Anne,lavanyakalla@example.com,919917217429,44,Female,Mira-Bhayandar,Uttar Pradesh,High,2022-02-11,True,True
63745,18552,2024-10-20,completed,Gurgaon,Rajasthan,417596.59,Piya,Ratta,rheadutta@example.org,7778918948,34,Female,Gurgaon,Rajasthan,Low,2022-11-11,True,True
63796,1224,2024-06-19,shipped,Hubli–Dharwad,Telangana,481317.24,Saira,Mangat,ehsaankapadia@example.com,552866933,36,Female,Hubli–Dharwad,Telangana,Low,2024-09-02,True,True
63836,1661,2023-10-06,cancelled,Jamnagar,Madhya Pradesh,344560.77,Aarav,Kapoor,thakuranya@example.com,919919817755,19,Male,Jamnagar,Madhya Pradesh,Medium,2024-06-08,True,True
63842,14823,2023-06-08,completed,Panvel,Uttar Pradesh,370748.75,Rhea,Reddy,tejassha@example.net,7477472316,37,Female,Panvel,Uttar Pradesh,Medium,2024-08-02,True,True
63845,933,2024-02-14,delivered,Mehsana,Gujarat,332577.95,Prisha,Bawa,nirvi84@example.net,191344389,35,Male,Mehsana,Gujarat,Premium,2024-03-31,True,True
63880,12643,2023-08-23,pending,Thane,Tamil Nadu,468599.5,Oorja,Ram,adesai@example.net,6855974931,38,Male,Thane,Tamil Nadu,Medium,2022-12-29,True,True
63907,2484,2022-02-19,completed,Phusro,Telangana,531071.45,Vivaan,Sama,zkadakia@example.com,7378053425,21,Female,Phusro,Telangana,Medium,2022-06-04,True,True
64097,16842,2023-12-15,completed,Guna,Tamil Nadu,494018.78,Siya,Butala,nakulzacharia@example.com,8846423774,18,Male,Guna,Tamil Nadu,Premium,2024-06-03,False,True
64187,4756,2024-02-18,completed,Moradabad,Bihar,376734.67,Biju,Shukla,yuvaan05@example.net,9926110447,62,Male,Moradabad,Bihar,High,2024-12-27,True,True
64238,1608,2023-12-08,shipped,Sirsa,Telangana,482130.13,Ira,Kumar,rcherian@example.com,9668667989,49,Female,Sirsa,Telangana,Medium,2022-01-26,True,True
64302,6563,2022-02-27,completed,Rajahmundry,Uttar Pradesh,347266.78,Renee,Lall,wbehl@example.org,577308582,30,Female,Rajahmundry,Uttar Pradesh,Low,2022-03-12,True,True
64374,18878,2022-05-12,completed,Ozhukarai,West Bengal,548051.75,Mamooty,Bansal,pihu30@example.org,1982496167,48,Female,Ozhukarai,West Bengal,Medium,2022-08-01,True,True
64392,15985,2024-10-19,completed,Aurangabad,Uttar Pradesh,621700.06,Anaya,Karnik,kartik23@example.net,233592724,27,Male,Aurangabad,Uttar Pradesh,Medium,2024-07-18,True,True
64458,6652,2023-02-27,shipped,Silchar,Uttar Pradesh,360966.62,Ehsaan,Dugar,qkaran@example.net,913852132910,44,Male,Silchar,Uttar Pradesh,Medium,2024-08-12,True,True
64517,17648,2024-12-12,completed,Ozhukarai,Maharashtra,455846.5,Gatik,Bumb,aranganathan@example.net,8847712073,37,Female,Ozhukarai,Maharashtra,Medium,2024-02-23,True,True
64584,14478,2024-11-25,pending,Tinsukia,West Bengal,360559.44,Vaibhav,Chopra,fratti@example.net,1467069075,40,Female,Tinsukia,West Bengal,Medium,2023-03-23,True,True
64637,8109,2024-09-09,pending,Aurangabad,Maharashtra,808100.04,Shlok,Varghese,aniruddhvohra@example.com,9277580918,37,Male,Aurangabad,Maharashtra,Low,2022-06-13,True,True
64649,10959,2024-09-12,completed,Ajmer,Madhya Pradesh,344094.62,Abram,Tiwari,mishtibora@example.com,3915850834,42,Female,Ajmer,Madhya Pradesh,Medium,2022-08-28,False,True
64679,13418,2023-01-04,completed,Pali,Gujarat,658169.26,Veer,Sawhney,badal51@example.com,8899398632,39,Male,Pali,Gujarat,Medium,2024-06-20,True,True
64713,3634,2022-02-18,completed,Hazaribagh,Gujarat,371316.06,Zeeshan,Rao,kkhatri@example.com,3322637319,38,Male,Hazaribagh,Gujarat,Low,2022-09-28,True,True
64796,14038,2024-04-16,completed,Purnia,Uttar Pradesh,475734.38,Faiyaz,Thakkar,srajagopal@example.com,915913337454,37,Male,Purnia,Uttar Pradesh,Medium,2022-11-17,True,True
64828,106,2022-04-12,completed,New Delhi,Bihar,682558.13,Advika,Johal,nkata@example.com,2555625881,22,Male,New Delhi,Bihar,Premium,2023-12-26,True,True
64925,18381,2023-11-18,completed,Phagwara,Uttar Pradesh,362928.84,Madhav,Suri,shaanchandra@example.net,917449002765,63,Male,Phagwara,Uttar Pradesh,Low,2022-07-02,True,True
65000,17819,2023-02-19,completed,Sikar,Maharashtra,511268.52,Vedika,Vyas,grewalstuvan@example.com,915327283221,29,Male,Sikar,Maharashtra,Low,2024-03-24,True,True
65037,12594,2022-11-28,completed,Dibrugarh,Gujarat,366638.7,Amira,Iyer,taimurjayaraman@example.org,4146355285,27,Male,Dibrugarh,Gujarat,Low,2023-07-16,True,True
65043,15376,2024-02-13,delivered,Satara,Karnataka,391170.02,Mishti,Balay,sahil45@example.net,914201821960,38,Female,Satara,Karnataka,Medium,2023-05-13,True,True
65049,14329,2024-11-01,completed,Bellary,Madhya Pradesh,501029.6,Alisha,Karpe,zsaran@example.com,5150884422,27,Female,Bellary,Madhya Pradesh,Low,2022-01-19,True,True
65077,14644,2023-04-22,completed,Ratlam,Telangana,567843.32,Neelofar,Shenoy,nayantara24@example.com,917667992639,52,Male,Ratlam,Telangana,Low,2023-03-29,True,True
65140,14024,2023-10-04,completed,Durgapur,Uttar Pradesh,494407.97,Kiaan,Uppal,glala@example.org,3388628672,26,Female,Durgapur,Uttar Pradesh,Medium,2024-02-01,True,True
65166,3480,2024-12-29,completed,Kadapa,Bihar,495088.08,Prisha,Bhakta,dhruvdivan@example.com,919480720784,18,Female,Kadapa,Bihar,Medium,2023-03-07,True,True
65205,11632,2022-12-14,completed,Cuttack,Maharashtra,426433.38,Ishaan,Balay,kohlipihu@example.org,6876893944,55,Male,Cuttack,Maharashtra,High,2022-09-02,True,True
65240,15166,2022-05-17,completed,Tiruppur,Punjab,360677.53,Kaira,Mane,indranilsankaran@example.net,9106992361,42,Male,Tiruppur,Punjab,Medium,2022-01-13,True,True
65268,10727,2024-11-23,completed,Sri Ganganagar,Rajasthan,485017.7,Bhamini,Wable,rajagopalancharvi@example.org,7651516529,51,Male,Sri Ganganagar,Rajasthan,Low,2022-09-22,True,True
65272,10402,2022-01-28,completed,Munger,Uttar Pradesh,367886.9,Uthkarsh,Dar,gbrahmbhatt@example.net,4581866255,30,Female,Munger,Uttar Pradesh,High,2023-10-14,True,True
65283,19251,2024-02-13,completed,Chapra,Uttar Pradesh,645313.85,Stuvan,Arora,chatterjeedhruv@example.org,2895239374,64,Male,Chapra,Uttar Pradesh,High,2022-09-09,True,True
65305,6502,2022-12-24,delivered,Dehradun,West Bengal,498800.85,Saira,Jaggi,fkhanna@example.com,913569661546,30,Male,Dehradun,West Bengal,High,2024-03-13,True,True
65495,10662,2022-03-15,shipped,Morbi,Madhya Pradesh,419035.29,Vardaniya,Kumar,reneeshan@example.net,4631003057,18,Female,Morbi,Madhya Pradesh,High,2023-10-29,False,True
65568,15086,2022-02-17,completed,Maheshtala,Rajasthan,471980.94,Samaira,Rama,vedika73@example.net,2864188330,30,Female,Maheshtala,Rajasthan,Low,2024-08-26,True,True
65570,3196,2024-07-08,cancelled,Proddatur,Uttar Pradesh,508909.27,Ehsaan,Doshi,piya48@example.com,7430620681,34,Male,Proddatur,Uttar Pradesh,Medium,2024-09-14,True,True
65603,19994,2022-11-28,completed,Erode,Kerala,402168.6,Oorja,Viswanathan,uthkarshdeep@example.net,9459880121,38,Female,Erode,Kerala,Low,2024-03-16,True,True
65613,17110,2023-04-09,completed,Junagadh,Gujarat,456475.85,Dhanuk,Golla,hganesan@example.com,918654725023,45,Female,Junagadh,Gujarat,Low,2024-12-17,True,True
65623,176,2022-02-06,completed,Rewa,Uttar Pradesh,394506.3,Armaan,Malhotra,uchoudhury@example.org,5419518023,30,Male,Rewa,Uttar Pradesh,Low,2022-04-18,True,True
65692,2703,2023-10-17,delivered,Warangal,Madhya Pradesh,383451.39,Madhav,Reddy,vbrahmbhatt@example.org,913158464394,24,Female,Warangal,Madhya Pradesh,Medium,2024-04-29,True,True
65730,4021,2022-07-13,cancelled,Yamunanagar,Maharashtra,504943.88,Yuvaan,Uppal,psampath@example.org,910945319422,47,Male,Yamunanagar,Maharashtra,High,2023-05-24,True,True
65731,14286,2022-11-13,completed,Nagaon,Karnataka,703577.29,Fateh,Sood,dishani49@example.com,9566665584,52,Female,Nagaon,Karnataka,High,2023-11-07,True,True
65838,15110,2024-10-11,completed,Amravati,Uttar Pradesh,380216.84,Ayesha,Ben,rsuresh@example.org,7871662873,46,Male,Amravati,Uttar Pradesh,Premium,2024-04-02,True,True
65842,18321,2022-09-18,processing,Pudukkottai,Maharashtra,384368.74,Amira,Sridhar,daliatanya@example.net,919249050586,31,Female,Pudukkottai,Maharashtra,High,2022-01-26,True,True
65855,14673,2022-12-17,completed,Chittoor,Telangana,369751.18,Vritika,Hans,saanvi71@example.net,9565703441,34,Female,Chittoor,Telangana,Medium,2022-06-30,True,True
65871,11618,2022-03-06,completed,Jammu,Uttar Pradesh,536504.47,Hiran,Yohannan,chadrasha@example.org,2582316588,19,Male,Jammu,Uttar Pradesh,High,2024-02-29,True,True
65892,1636,2023-07-27,shipped,Sirsa,Gujarat,633170.45,Kanav,Balan,ritvik07@example.com,1109659845,36,Male,Sirsa,Gujarat,Medium,2023-09-24,True,True
65965,17716,2023-09-09,completed,Ahmedabad,Uttar Pradesh,509325.56,Adira,Sachdeva,qdevi@example.org,6842759309,41,Female,Ahmedabad,Uttar Pradesh,Medium,2022-06-08,True,True
66006,18354,2023-04-21,completed,Hajipur,Karnataka,384774.95,Shray,Badal,ojas20@example.org,5867057234,22,Female,Hajipur,Karnataka,Low,2024-03-25,True,True
66026,17425,2023-12-24,shipped,Thoothukudi,Uttar Pradesh,379502.35,Purab,Shere,ddeo@example.com,912576293914,43,Male,Thoothukudi,Uttar Pradesh,Low,2022-02-22,True,True
66059,19247,2024-05-11,completed,Warangal,West Bengal,448232.91,Kabir,Randhawa,ladjayan@example.net,918425681953,24,Male,Warangal,West Bengal,Medium,2022-11-05,True,True
66066,17962,2024-04-16,delivered,Gurgaon,Maharashtra,587332.45,Yashvi,Raju,romilgarde@example.com,4293511118,31,Male,Gurgaon,Maharashtra,Medium,2022-10-03,True,True
66142,7956,2022-05-12,completed,Orai,Uttar Pradesh,760824.69,Zara,Mani,bhavinlata@example.net,6159517177,23,Male,Orai,Uttar Pradesh,Medium,2022-05-12,True,True
66153,4795,2023-11-10,shipped,Tiruvottiyur,Tamil Nadu,381044.09,Dharmajan,Ramakrishnan,mluthra@example.org,913065597613,37,Female,Tiruvottiyur,Tamil Nadu,High,2022-07-23,False,True
66175,17059,2022-12-11,completed,Ranchi,Uttar Pradesh,371854.05,Seher,Shetty,ashetty@example.org,919079712066,32,Female,Ranchi,Uttar Pradesh,Low,2024-06-05,True,True
66188,2188,2022-08-02,shipped,Sultan Pur Majra,Punjab,369274.27,Zara,Gara,nayantaravarty@example.org,531984105,40,Male,Sultan Pur Majra,Punjab,Low,2023-05-16,True,True
66202,6778,2022-04-05,completed,Rajahmundry,Rajasthan,471550.04,Himmat,Sabharwal,miraanbhakta@example.com,3836428551,37,Female,Rajahmundry,Rajasthan,High,2024-10-13,True,True
66217,10197,2023-10-07,cancelled,Chennai,Rajasthan,357674.89,Ojas,Barad,eramanathan@example.net,5671451663,27,Male,Chennai,Rajasthan,Medium,2023-06-17,True,True
66288,11113,2023-12-01,delivered,Gangtok,Tamil Nadu,426114.96,Nakul,Date,zborah@example.net,6890995818,59,Female,Gangtok,Tamil Nadu,High,2022-08-02,True,True
66298,13056,2024-01-27,completed,Secunderabad,Rajasthan,329656.13,Indrajit,Jayaraman,piya49@example.com,9966518432,42,Female,Secunderabad,Rajasthan,Low,2024-10-17,True,True
66306,14771,2024-01-31,completed,Dehri,Madhya Pradesh,337369.74,Suhana,Chand,fbuch@example.org,4760746697,39,Female,Dehri,Madhya Pradesh,Medium,2024-06-06,True,True
66327,18877,2024-07-13,completed,Serampore,Maharashtra,376350.77,Sara,Sheth,baradishita@example.net,6574531894,48,Female,Serampore,Maharashtra,Low,2023-08-19,True,True
66332,14264,2024-07-21,completed,Siliguri,Kerala,356422.81,Madhav,Kakar,elaiyer@example.com,7152311645,18,Male,Siliguri,Kerala,High,2022-04-07,True,True
66372,18078,2022-08-16,completed,Siliguri,Madhya Pradesh,626546.4,Khushi,Roy,tanyaraval@example.net,6933074614,44,Female,Siliguri,Madhya Pradesh,Low,2022-07-12,True,True
66381,1754,2022-11-03,completed,Chapra,Kerala,408058.41,Shlok,Basak,indranildugar@example.net,917904470856,46,Male,Chapra,Kerala,High,2023-03-04,True,True
66413,11768,2022-03-20,completed,Vadodara,Kerala,337570.17,Zoya,Sinha,ygopal@example.org,1947935794,34,Female,Vadodara,Kerala,High,2024-12-08,True,True
66421,2633,2023-12-29,completed,Jalna,Gujarat,403117.59,Hridaan,Wali,daveivana@example.com,910365347641,18,Male,Jalna,Gujarat,Medium,2022-08-10,True,True
66515,5824,2023-11-07,completed,Katni,West Bengal,530167.92,Ahana ,Kalita,agarwalaarush@example.net,839366666,35,Male,Katni,West Bengal,Low,2022-02-18,True,True
66568,7067,2023-06-17,completed,Visakhapatnam,Delhi,496067.74,Baiju,Solanki,balananika@example.com,2427502498,49,Male,Visakhapatnam,Delhi,High,2022-08-23,True,True
66574,8163,2024-05-26,completed,Pondicherry,West Bengal,544997.83,Aaryahi,Kumar,suhanachopra@example.org,424248351,51,Female,Pondicherry,West Bengal,Medium,2024-08-13,True,True
66614,3693,2024-01-06,completed,Ambala,Maharashtra,387927.62,Kaira,Gara,shamik45@example.org,5296537047,18,Female,Ambala,Maharashtra,Low,2022-04-06,True,True
66654,6846,2023-05-11,completed,Ajmer,Uttar Pradesh,384524.13,Zoya,Srinivas,ukapoor@example.net,1615031521,28,Male,Ajmer,Uttar Pradesh,Premium,2023-01-29,True,True
66663,11784,2024-02-11,completed,Deoghar,Maharashtra,465986.11,Aaina,Sabharwal,vedikagopal@example.net,8074119577,21,Female,Deoghar,Maharashtra,Low,2024-07-14,True,True
66714,7533,2023-03-24,completed,Raebareli,Rajasthan,505784.87,Yakshit,Mannan,tiwarihazel@example.net,912013702977,24,Male,Raebareli,Rajasthan,Low,2022-06-27,False,True
66749,18198,2022-11-04,completed,Bhilwara,Telangana,496668.5,Yuvraj ,Bera,vivaandeshpande@example.org,910938755083,26,Male,Bhilwara,Telangana,High,2022-11-08,True,True
66806,994,2022-05-05,cancelled,Tiruvottiyur,Telangana,332073.14,Priyansh,Wagle,sainitaran@example.com,9579001248,18,Female,Tiruvottiyur,Telangana,Low,2023-08-05,True,True
66863,2902,2024-08-19,completed,Aurangabad,Kerala,583661.95,Indrans,Sibal,madhav74@example.org,2202204106,34,Female,Aurangabad,Kerala,High,2023-09-23,True,True
66867,17741,2022-06-12,completed,Aizawl,Bihar,572069.35,Madhup,Sura,ryankhosla@example.org,914486403383,22,Male,Aizawl,Bihar,High,2023-01-09,True,True
66873,9089,2024-07-20,delivered,Muzaffarpur,Uttar Pradesh,443056.15,Bhavin,Sarraf,ysunder@example.org,8558012892,23,Male,Muzaffarpur,Uttar Pradesh,Low,2024-06-19,True,True
66896,2002,2024-05-27,completed,Ozhukarai,Uttar Pradesh,385068.12,Raunak,Mahal,jiya67@example.com,1662395671,23,Male,Ozhukarai,Uttar Pradesh,Low,2023-07-20,True,True
67000,7127,2023-01-14,completed,Tezpur,Tamil Nadu,372395.38,Anay,Arya,ehsaan19@example.net,6958065267,55,Male,Tezpur,Tamil Nadu,Medium,2024-02-04,True,True
67023,15229,2022-03-02,completed,Nashik,Uttar Pradesh,425040.31,Lakshit,Dave,hazel17@example.net,3095328595,30,Female,Nashik,Uttar Pradesh,Low,2024-10-08,True,True
67128,17401,2024-01-04,cancelled,Thiruvananthapuram,Madhya Pradesh,511268.52,Arnav,Agarwal,abrar@example.com,917192564229,37,Male,Thiruvananthapuram,Madhya Pradesh,Premium,2024-07-03,True,True
67129,10977,2022-12-22,delivered,Hospet,Karnataka,561265.28,Kiara,Rama,zainachatterjee@example.net,8154874390,21,Male,Hospet,Karnataka,High,2024-07-16,True,True
67170,17694,2022-02-05,completed,Tirupati,Maharashtra,698089.66,Mahika,Dugal,hiranganesan@example.net,6735558499,27,Female,Tirupati,Maharashtra,High,2023-02-28,True,True
67183,15585,2024-05-06,completed,Kalyan-Dombivli,Madhya Pradesh,361880.88,Shray,Tiwari,sarkarneysa@example.com,915379718520,34,Female,Kalyan-Dombivli,Madhya Pradesh,High,2023-11-07,True,True
67223,9093,2023-03-24,completed,Sagar,Rajasthan,365081.66,Indrans,Ratta,eshanikari@example.org,918068301819,44,Female,Sagar,Rajasthan,Low,2024-10-03,False,True
67252,3066,2022-04-22,completed,Dibrugarh,Uttar Pradesh,497105.97,Divyansh,Krishna,divitiyer@example.org,912533630575,36,Male,Dibrugarh,Uttar Pradesh,High,2023-08-13,True,True
67262,9655,2023-07-27,completed,Indore,Madhya Pradesh,332698.4,Kabir,Mammen,sundervihaan@example.net,914797305785,23,Male,Indore,Madhya Pradesh,High,2024-01-04,True,True
67298,3204,2023-11-18,completed,Sasaram,Maharashtra,575177.09,Tushar,Lall,bhasinbaiju@example.org,6023535968,30,Female,Sasaram,Maharashtra,Low,2024-07-08,True,True
67331,14045,2024-10-25,completed,Navi Mumbai,Madhya Pradesh,450980.0,Nehmat,Maharaj,kalasaksham@example.com,332773065,29,Female,Navi Mumbai,Madhya Pradesh,Low,2024-07-07,False,True
67357,3552,2024-11-12,pending,Jamalpur,Uttar Pradesh,668562.5,Yuvraj ,Batta,madhavgill@example.com,3370255563,32,Male,Jamalpur,Uttar Pradesh,High,2022-07-05,True,True
67360,5904,2022-08-10,completed,Anand,West Bengal,851235.21,Khushi,Dutt,kalemahika@example.com,910203315413,29,Male,Anand,West Bengal,Medium,2023-07-06,True,True
67382,2287,2022-11-25,completed,Panchkula,Rajasthan,606844.06,Vidur,Bail,keerindranil@example.net,2803364908,36,Male,Panchkula,Rajasthan,Low,2023-03-13,True,True
67402,10370,2023-10-13,processing,Guntur,Karnataka,369161.47,Divyansh,Dara,gshroff@example.com,9561594360,18,Female,Guntur,Karnataka,Medium,2022-10-14,True,True
67472,4591,2022-09-20,shipped,Cuttack,West Bengal,536116.58,Lavanya,Ben,ldhar@example.com,918697566717,18,Male,Cuttack,West Bengal,Low,2023-04-12,True,True
67547,15864,2024-11-28,completed,Thoothukudi,Maharashtra,585991.27,Eva,Taneja,kandasamarth@example.org,6220539563,18,Male,Thoothukudi,Maharashtra,Low,2024-12-01,True,True
67571,10844,2023-05-27,completed,Jalna,Maharashtra,428778.67,Samar,Goyal,manikyachoudhry@example.com,3517191511,20,Male,Jalna,Maharashtra,Medium,2022-08-25,True,True
67618,3708,2022-11-25,completed,Ballia,Maharashtra,324481.2,Anay,Sidhu,arorajayan@example.com,910127760662,28,Female,Ballia,Maharashtra,Low,2023-07-30,True,True
67637,13219,2022-10-07,completed,Kurnool,Karnataka,639799.9,Tiya,Tak,karanvi@example.net,915878524440,18,Female,Kurnool,Karnataka,Medium,2024-07-17,True,True
67690,11013,2024-05-09,completed,Jhansi,Maharashtra,334184.45,Divij,Gole,wbiswas@example.com,5424813396,29,Female,Jhansi,Maharashtra,Medium,2024-11-06,True,True
67716,4992,2023-03-23,shipped,Kakinada,Uttar Pradesh,375264.02,Riaan,Jha,hansh48@example.org,8311450645,26,Female,Kakinada,Uttar Pradesh,High,2023-04-11,True,True
67782,2025,2024-08-09,completed,Raiganj,Karnataka,383451.39,Yakshit,Maharaj,vdhawan@example.org,1473204319,46,Female,Raiganj,Karnataka,High,2023-03-15,True,True
67834,6185,2023-09-06,completed,Gaya,Uttar Pradesh,425794.59,Urvi,Basak,ryangill@example.org,914533566572,22,Male,Gaya,Uttar Pradesh,High,2023-07-05,True,True
67837,19544,2022-08-01,completed,Bhalswa Jahangir Pur,Maharashtra,394431.57,Alisha,Mandal,rdass@example.net,6397567879,37,Female,Bhalswa Jahangir Pur,Maharashtra,Low,2022-08-14,True,True
67926,17847,2022-01-29,completed,Raurkela Industrial Township,Bihar,338472.48,Anahita,Venkataraman,miraan15@example.org,914887436712,26,Female,Raurkela Industrial Township,Bihar,Premium,2023-09-17,True,True
67938,17605,2024-11-02,completed,Rohtak,Karnataka,380693.99,Badal,Rege,amanigara@example.net,7274777999,35,Male,Rohtak,Karnataka,High,2022-05-12,True,True
67939,4943,2024-05-28,completed,Salem,West Bengal,717384.44,Vanya,Gara,oorjaahuja@example.org,2324844440,41,Female,Salem,West Bengal,Low,2022-11-04,True,True
67958,18073,2022-05-21,completed,Avadi,Maharashtra,706066.48,Aarush,Mann,yakshitvarughese@example.net,914021355210,18,Male,Avadi,Maharashtra,High,2022-04-28,True,True
68041,4424,2024-10-21,completed,Panchkula,Maharashtra,344223.2,Kanav,Gaba,vidurdeep@example.org,1491310465,24,Female,Panchkula,Maharashtra,High,2023-04-29,True,True
68087,19638,2024-10-13,completed,Howrah,Uttar Pradesh,515436.91,Seher,Chowdhury,neysa82@example.org,1302603451,27,Female,Howrah,Uttar Pradesh,Premium,2024-02-15,True,True
68090,15176,2024-09-24,delivered,Chittoor,West Bengal,586187.06,Myra,Shan,taranbhatnagar@example.com,9935799763,32,Female,Chittoor,West Bengal,Premium,2023-07-29,True,True
68140,12150,2024-10-23,delivered,Aizawl,Tamil Nadu,404866.57,Trisha,Shenoy,ranbir56@example.org,3642301892,26,Male,Aizawl,Tamil Nadu,Low,2024-04-20,False,True
68159,11919,2024-08-19,completed,Mumbai,Karnataka,650754.19,Darshit,Issac,nitya83@example.org,917144485225,36,Female,Mumbai,Karnataka,Low,2022-09-24,True,True
68197,12171,2023-07-28,completed,Latur,Uttar Pradesh,378966.28,Dharmajan,Bobal,shayak30@example.net,2188882132,40,Male,Latur,Uttar Pradesh,Low,2023-02-22,True,True
68221,7543,2022-11-10,completed,Dibrugarh,West Bengal,704688.5,Onkar,Roy,dharmajankohli@example.com,46243929,32,Female,Dibrugarh,West Bengal,Low,2024-02-01,True,True
68270,5630,2024-10-06,cancelled,Secunderabad,Gujarat,345863.8,Zeeshan,Gill,saradevan@example.com,919240012029,30,Male,Secunderabad,Gujarat,High,2023-04-24,True,True
68277,9923,2024-07-12,pending,Bhilai,Kerala,339079.68,Indrajit,Bhasin,ivanbora@example.net,918640462851,42,Male,Bhilai,Kerala,Medium,2022-07-17,True,True
68278,14356,2023-10-26,completed,Imphal,Bihar,377353.48,Kiara,Dhawan,lalnehmat@example.com,915881596968,24,Male,Imphal,Bihar,Medium,2024-07-23,True,True
68399,16020,2022-03-03,processing,Mau,Uttar Pradesh,377364.44,Zain,Acharya,mannatbrar@example.org,1438519525,43,Male,Mau,Uttar Pradesh,Low,2024-08-08,True,True
68513,9768,2022-10-01,delivered,Bhagalpur,Rajasthan,453835.5,Vritika,Bhandari,ehsaanjain@example.com,1949336592,26,Male,Bhagalpur,Rajasthan,Low,2023-09-13,True,True
68519,1156,2022-02-06,completed,Narasaraopet,Telangana,351905.3,Nirvi,Kalla,rohangandhi@example.com,3441491699,47,Male,Narasaraopet,Telangana,Low,2023-01-12,True,True
68533,4034,2024-07-18,completed,Jammu,Tamil Nadu,527936.13,Hunar,Sen,chararmaan@example.com,913077900121,38,Male,Jammu,Tamil Nadu,Medium,2022-10-08,True,True
68564,9384,2022-08-03,completed,Jorhat,Gujarat,656605.41,Amira,Kara,ratidhar@example.org,6427550751,38,Female,Jorhat,Gujarat,High,2024-10-15,True,True
68575,6211,2022-05-07,completed,Chandigarh,Uttar Pradesh,519324.72,Alia,Soman,balanzara@example.net,912676181828,34,Male,Chandigarh,Uttar Pradesh,Low,2022-01-24,True,True
68636,14827,2022-09-11,completed,Nandyal,Uttar Pradesh,629706.7,Jayesh,Gandhi,hansvanya@example.com,5021040512,39,Female,Nandyal,Uttar Pradesh,High,2022-05-21,True,True
68667,5192,2024-11-25,completed,Coimbatore,Maharashtra,376597.73,Prisha,Sridhar,kashvi11@example.org,818137972,18,Female,Coimbatore,Maharashtra,Medium,2023-11-29,True,True
68671,16062,2022-02-03,completed,Bettiah,Rajasthan,503856.79,Dharmajan,Grover,akarshbir@example.org,916860530399,52,Male,Bettiah,Rajasthan,Low,2024-11-18,True,True
68703,1450,2024-02-14,completed,Rajahmundry,Gujarat,402168.6,Hansh,Chanda,badalgrewal@example.com,910190113484,35,Male,Rajahmundry,Gujarat,High,2024-06-13,True,True
68729,4401,2022-08-28,completed,Kolhapur,Uttar Pradesh,325159.54,Adah,Bal,bhamini96@example.com,917398311259,37,Female,Kolhapur,Uttar Pradesh,Low,2022-05-13,True,True
68743,6032,2024-12-19,completed,Satna,Rajasthan,471642.24,Jhanvi,Wable,nlanka@example.org,3766144890,18,Female,Satna,Rajasthan,Medium,2024-06-20,True,True
68758,4727,2024-11-06,completed,Lucknow,Rajasthan,495701.67,Vivaan,Sahota,azad29@example.net,916878332621,46,Male,Lucknow,Rajasthan,Medium,2022-12-16,True,True
68796,4300,2024-09-24,cancelled,Amroha,Punjab,538212.16,Nitya,Das,shanayaandra@example.org,4612149122,45,Female,Amroha,Punjab,Low,2022-10-22,True,True
68902,5977,2024-01-27,completed,Bally,Maharashtra,366356.9,Ivan,Khalsa,bhavindoshi@example.org,1412145566,49,Female,Bally,Maharashtra,Low,2023-07-18,True,True
68940,17143,2024-02-03,completed,Serampore,Uttar Pradesh,530244.96,Vivaan,Shukla,msundaram@example.com,676530788,18,Female,Serampore,Uttar Pradesh,Low,2023-09-06,True,True
68943,16009,2024-01-23,processing,Sambhal,West Bengal,335310.65,Aniruddh,Krish,bhandariela@example.com,919716469923,28,Female,Sambhal,West Bengal,Low,2022-09-21,True,True
68958,6446,2024-09-03,completed,Tiruchirappalli,Maharashtra,355384.6,Shaan,Kulkarni,dhillonpiya@example.org,2651192045,31,Female,Tiruchirappalli,Maharashtra,Medium,2023-06-17,True,True
68970,6800,2023-10-01,completed,Amroha,Uttar Pradesh,514780.86,Aaina,Vala,chakrabortysaira@example.com,919833504936,32,Female,Amroha,Uttar Pradesh,Low,2023-12-22,True,True
69020,12586,2022-12-08,completed,Satara,Rajasthan,632875.52,Indrans,Khanna,zaindoctor@example.org,913836766773,38,Male,Satara,Rajasthan,High,2022-12-24,True,True
69029,9585,2023-03-05,completed,Guntur,Kerala,475664.65,Ivan,Barad,aradhyabir@example.com,6268067994,29,Female,Guntur,Kerala,Medium,2022-12-15,True,True
69053,19063,2024-04-24,completed,Imphal,West Bengal,414968.68,Shaan,Saini,misha56@example.com,5127760407,44,Male,Imphal,West Bengal,Low,2024-08-31,True,True
69066,12856,2023-10-13,completed,Kochi,West Bengal,349765.73,Indrajit,Kakar,badalkismat@example.org,917502719399,48,Female,Kochi,West Bengal,Medium,2023-04-24,True,True
69097,6619,2022-11-24,completed,Kishanganj,Maharashtra,393021.53,Aaina,Gokhale,lakshaysaraf@example.com,910627778928,44,Male,Kishanganj,Maharashtra,High,2024-04-20,True,True
69221,16078,2024-11-19,completed,Ujjain,Punjab,521585.34,Kabir,Goswami,fbiswas@example.net,1424580219,44,Female,Ujjain,Punjab,Low,2022-10-12,True,True
69255,12299,2023-07-15,completed,Phagwara,Kerala,706425.63,Raunak,Chowdhury,abram53@example.net,915426989663,18,Female,Phagwara,Kerala,Low,2024-03-12,True,True
69261,13089,2024-12-02,completed,Rampur,Kerala,357635.42,Khushi,Raju,vbose@example.com,915186640378,41,Male,Rampur,Kerala,Low,2024-04-16,True,True
69287,2906,2024-10-04,completed,Jamshedpur,Tamil Nadu,689794.17,Yasmin,Badal,arhaanluthra@example.net,7604062321,31,Male,Jamshedpur,Tamil Nadu,Low,2024-12-18,True,True
69293,19089,2023-03-18,completed,Bangalore,Bihar,421829.77,Badal,Maharaj,rsoman@example.com,6132065586,61,Male,Bangalore,Bihar,High,2022-12-19,True,True
69294,14417,2023-07-12,processing,Nangloi Jat,Kerala,761933.07,Riya,Varty,mamooty05@example.com,918001582702,35,Male,Nangloi Jat,Kerala,Medium,2023-03-30,True,True
69355,7140,2023-08-19,completed,Nandyal,Uttar Pradesh,385619.58,Ishaan,Sanghvi,idass@example.org,919529692069,27,Female,Nandyal,Uttar Pradesh,Low,2023-05-15,True,True
69356,17300,2023-08-31,completed,Hapur,Tamil Nadu,331412.14,Samar,Shenoy,gsaha@example.org,9265123639,24,Female,Hapur,Tamil Nadu,Medium,2023-05-09,True,True
69361,17675,2023-03-05,shipped,Aizawl,Uttar Pradesh,487068.7,Gatik,Ramakrishnan,varghesezoya@example.org,9814670120,37,Female,Aizawl,Uttar Pradesh,Premium,2022-12-23,True,True
69396,19952,2023-04-09,completed,Adoni,Telangana,347798.08,Saira,Halder,duttakrish@example.net,3820528781,37,Female,Adoni,Telangana,Medium,2022-05-09,True,True
69478,4676,2024-01-20,completed,Erode,Uttar Pradesh,562019.44,Badal,Hayer,trisha45@example.com,914854132366,34,Female,Erode,Uttar Pradesh,Low,2022-10-12,True,True
69497,2720,2023-05-03,completed,Bhind,Punjab,378672.86,Aarush,Dhawan,lakshit34@example.org,914982070002,40,Female,Bhind,Punjab,Medium,2023-06-27,False,True
69545,10822,2024-06-07,completed,Mathura,Uttar Pradesh,680208.96,Amira,Johal,rheadas@example.org,21178673,45,Female,Mathura,Uttar Pradesh,Medium,2022-07-27,True,True
69569,6533,2022-04-08,completed,Coimbatore,Bihar,489024.68,Lagan,Varghese,bhardwajkaira@example.net,3324823688,42,Male,Coimbatore,Bihar,Low,2022-08-17,True,True
69612,7069,2022-04-04,delivered,Muzaffarnagar,Bihar,463061.04,Zain,Chaudhuri,rastogishamik@example.com,5413887030,46,Male,Muzaffarnagar,Bihar,High,2024-09-20,True,True
69615,7224,2024-12-19,completed,Kottayam,Madhya Pradesh,360046.76,Dharmajan,Balan,ritvik30@example.net,7845198442,50,Male,Kottayam,Madhya Pradesh,High,2023-02-23,True,True
69632,4754,2024-11-29,completed,Phusro,Uttar Pradesh,518865.8,Hrishita,Wali,ttak@example.net,8936980225,48,Male,Phusro,Uttar Pradesh,Medium,2022-06-13,True,True
69653,6639,2024-06-03,completed,Thoothukudi,Bihar,383012.47,Darshit,Sane,kiarababu@example.net,3147914394,18,Female,Thoothukudi,Bihar,Low,2024-01-22,False,True
69668,4344,2022-08-15,completed,Kanpur,West Bengal,570796.27,Nakul,Lall,tdhaliwal@example.org,3053596276,29,Female,Kanpur,West Bengal,Low,2022-02-24,True,True
69709,16178,2023-04-05,completed,Bhiwani,Uttar Pradesh,854340.04,Uthkarsh,Dhillon,kaira82@example.org,2373102367,24,Male,Bhiwani,Uttar Pradesh,Medium,2024-09-19,True,True
69740,16171,2023-08-24,completed,Khammam,Uttar Pradesh,532617.82,Vaibhav,Rajagopalan,priyanshgaba@example.org,9505639724,39,Male,Khammam,Uttar Pradesh,Medium,2023-11-13,True,True
69816,17525,2022-07-11,completed,Kanpur,Uttar Pradesh,390655.79,Emir,Sunder,kkapur@example.net,2174282674,20,Female,Kanpur,Uttar Pradesh,High,2024-11-04,True,True
69823,12457,2023-12-07,completed,Ambarnath,Telangana,357090.91,Vardaniya,Yadav,heer99@example.net,6733754825,34,Male,Ambarnath,Telangana,Medium,2024-11-25,True,True
69824,12367,2022-10-19,completed,Jabalpur,Tamil Nadu,452050.64,Dhanush,Gulati,hanszara@example.org,913403573952,48,Female,Jabalpur,Tamil Nadu,Low,2024-05-20,True,True
69877,13732,2023-09-16,delivered,Faridabad,Madhya Pradesh,482353.08,Tushar,Sehgal,chatterjeeeshani@example.com,8208402537,21,Female,Faridabad,Madhya Pradesh,High,2022-08-27,True,True
69933,8293,2023-11-27,pending,Kumbakonam,Uttar Pradesh,388862.55,Priyansh,Solanki,aradhya00@example.net,520577284,21,Male,Kumbakonam,Uttar Pradesh,Medium,2024-01-21,True,True
69972,10595,2023-11-26,completed,Jamalpur,Karnataka,344848.62,Jayesh,Ramanathan,veer81@example.org,6535481199,31,Female,Jamalpur,Karnataka,Low,2024-04-29,True,True
70007,16686,2023-03-04,completed,Bidar,Uttar Pradesh,364078.25,Anika,Bir,ebuch@example.net,1291275510,34,Male,Bidar,Uttar Pradesh,Low,2023-01-03,True,True
70069,4719,2022-02-26,processing,Saharsa,Madhya Pradesh,394390.66,Ahana ,Dhar,kaurnirvaan@example.org,7351090933,48,Female,Saharsa,Madhya Pradesh,Low,2023-10-11,True,True
70072,7591,2023-04-03,completed,Nandyal,Bihar,404957.02,Baiju,Khatri,odevan@example.org,805120881,23,Female,Nandyal,Bihar,Premium,2023-11-13,True,True
70138,18949,2024-04-25,completed,Chapra,Bihar,388814.76,Nirvi,Dhar,vsarna@example.org,5167687498,26,Female,Chapra,Bihar,Medium,2024-09-29,True,True
70180,18359,2024-12-09,completed,Agra,Maharashtra,500368.84,Shaan,Chada,zganesan@example.org,5536864467,29,Female,Agra,Maharashtra,High,2023-04-06,True,True
70242,8802,2024-04-23,completed,Munger,Punjab,365199.78,Nishith,Khanna,bakshizaina@example.org,2239263754,43,Female,Munger,Punjab,Low,2023-01-25,True,True
70257,1446,2022-05-27,completed,Sambalpur,Uttar Pradesh,635565.95,Mannat,Sampath,hraval@example.com,4257068026,38,Female,Sambalpur,Uttar Pradesh,Low,2022-04-23,True,True
70271,4802,2024-09-01,completed,Narasaraopet,Gujarat,345765.96,Nayantara,Kumar,kumerurvi@example.net,919380743857,26,Male,Narasaraopet,Gujarat,Medium,2022-03-12,True,True
70306,6833,2023-03-09,completed,Chandrapur,Maharashtra,543347.75,Abram,Sem,chhabrazoya@example.net,4647911424,23,Female,Chandrapur,Maharashtra,High,2023-12-30,True,True
70307,12141,2024-07-25,completed,Chandigarh,Uttar Pradesh,332634.4,Seher,Thaker,ryancontractor@example.com,912844265599,27,Male,Chandigarh,Uttar Pradesh,Low,2022-10-14,True,True
70324,1175,2022-02-01,completed,Munger,Madhya Pradesh,480466.12,Indrajit,Goda,rajmiraya@example.net,5295171222,27,Female,Munger,Madhya Pradesh,Low,2023-01-31,True,True
70334,26,2022-06-17,delivered,Tiruchirappalli,Madhya Pradesh,427139.35,Aarav,Doshi,lakshay69@example.net,5777387214,39,Female,Tiruchirappalli,Madhya Pradesh,Low,2022-12-31,True,True
70338,8687,2024-11-26,completed,Bhubaneswar,Bihar,596114.31,Ryan,Dutta,sridharanaya@example.com,9024484345,36,Male,Bhubaneswar,Bihar,Low,2023-09-11,True,True
70343,18543,2022-03-31,completed,Raichur,Delhi,387568.63,Kabir,Trivedi,sahil46@example.com,8031153214,24,Female,Raichur,Delhi,Medium,2024-11-09,True,True
70413,8268,2023-03-11,completed,Gandhidham,West Bengal,363051.83,Nirvi,Dutt,vidur51@example.com,917326121276,48,Male,Gandhidham,West Bengal,Medium,2023-11-18,True,True
70444,657,2024-01-20,completed,Mirzapur,Gujarat,988534.18,Anahita,Sharma,hanshamble@example.com,4138459609,45,Male,Mirzapur,Gujarat,Low,2023-02-22,True,True
70561,8398,2024-04-24,completed,Coimbatore,Madhya Pradesh,399620.18,Kashvi,Boase,kumarsuhana@example.net,911147093545,27,Female,Coimbatore,Madhya Pradesh,Low,2024-03-14,True,True
70623,3472,2022-03-16,completed,Rajkot,Madhya Pradesh,471502.47,Zaina,Bava,koshyrohan@example.net,8188696115,48,Female,Rajkot,Madhya Pradesh,Low,2024-01-29,True,True
70624,13299,2023-10-28,pending,Avadi,Maharashtra,500585.65,Taran,Barad,aahuja@example.com,3994822431,21,Male,Avadi,Maharashtra,Medium,2023-06-20,True,True
70656,19761,2023-09-21,cancelled,Jammu,Uttar Pradesh,478046.5,Urvi,Badami,mahajanrohan@example.org,1102029772,18,Male,Jammu,Uttar Pradesh,Low,2022-06-18,True,True
70775,1314,2023-08-29,cancelled,Chinsurah,Madhya Pradesh,433671.19,Indrans,Batra,rheatank@example.com,5819204877,83,Female,Chinsurah,Madhya Pradesh,Low,2024-02-05,True,True
70790,7360,2024-10-11,delivered,Saharanpur,Maharashtra,420795.37,Tiya,Wagle,tkuruvilla@example.org,8028957213,24,Male,Saharanpur,Maharashtra,Medium,2022-08-02,True,True
70798,6693,2022-10-15,delivered,Bulandshahr,Delhi,362467.42,Hazel,Hari,saira92@example.com,9839229374,24,Female,Bulandshahr,Delhi,Medium,2023-02-09,True,True
70854,7503,2023-10-29,completed,Amroha,Telangana,333211.26,Vardaniya,Sharaf,hanskrish@example.org,9360461102,46,Male,Amroha,Telangana,Medium,2023-04-26,True,True
70938,6346,2022-02-16,completed,Begusarai,Madhya Pradesh,385720.55,Mannat,Tailor,anay36@example.net,8346916273,39,Female,Begusarai,Madhya Pradesh,Low,2022-11-10,True,True
70981,10871,2022-11-19,completed,Darbhanga,Maharashtra,358173.72,Hansh,Savant,ivan37@example.com,901914699,26,Female,Darbhanga,Maharashtra,Low,2024-06-15,False,True
71069,13909,2022-11-09,processing,Tirupati,Karnataka,437002.58,Ayesha,Bhavsar,thora@example.org,1959085594,18,Male,Tirupati,Karnataka,Low,2022-07-04,True,True
71074,11665,2023-11-21,completed,Hapur,Madhya Pradesh,500589.85,Samaira,Agrawal,jayant85@example.org,4845912771,34,Male,Hapur,Madhya Pradesh,Low,2022-03-12,True,True
71114,4527,2023-09-03,completed,Loni,Karnataka,507373.36,Trisha,Dash,iravel@example.com,1315862071,36,Female,Loni,Karnataka,Premium,2024-06-07,True,True
71154,16084,2022-04-12,completed,Morena,Gujarat,430786.47,Indranil,Salvi,ranbirkanda@example.com,7233379497,46,Male,Morena,Gujarat,Medium,2023-03-17,True,True
71167,13903,2023-07-24,completed,Buxar,Maharashtra,439994.3,Chirag,Koshy,ojha@example.net,8216506117,42,Male,Buxar,Maharashtra,High,2023-08-31,True,True
71170,17358,2024-08-18,delivered,Kakinada,Bihar,336483.57,Hiran,Agate,cheemaeva@example.org,913702741669,29,Female,Kakinada,Bihar,High,2024-10-07,True,True
71175,15247,2022-10-30,delivered,Bhatpara,Telangana,323847.88,Anahita,Deshmukh,ladanaya@example.org,4726262095,21,Male,Bhatpara,Telangana,High,2024-06-17,True,True
71198,16269,2023-07-24,shipped,Erode,West Bengal,620624.75,Miraya,Kaur,tanya45@example.net,6975274215,24,Male,Erode,West Bengal,Premium,2023-10-26,True,True
71207,1765,2022-04-06,pending,Karaikudi,Bihar,357534.53,Seher,Rana,dsabharwal@example.org,917394624872,33,Male,Karaikudi,Bihar,High,2023-06-27,True,True
71250,9110,2023-12-10,completed,Lucknow,Karnataka,595390.68,Baiju,Wable,diya54@example.org,914313542764,37,Female,Lucknow,Karnataka,Low,2023-12-14,True,True
71282,3752,2024-08-03,processing,Rohtak,Maharashtra,514559.85,Samarth,Rajan,loyalmanikya@example.com,5397900578,45,Male,Rohtak,Maharashtra,Low,2022-05-22,True,True
71306,14729,2024-07-13,pending,Ahmednagar,Uttar Pradesh,439049.14,Fateh,Brahmbhatt,shaankorpal@example.org,3103379207,28,Female,Ahmednagar,Uttar Pradesh,Medium,2024-09-30,True,True
71324,18064,2022-01-01,completed,Hapur,Bihar,471912.2,Stuvan,Atwal,desaiadah@example.com,919013378839,34,Male,Hapur,Bihar,Premium,2023-12-02,True,True
71338,17758,2023-09-15,completed,Vadodara,Delhi,507256.7,Dishani,Kala,mahika03@example.com,7591299389,40,Male,Vadodara,Delhi,Low,2023-07-12,True,True
71348,11957,2022-11-26,completed,Meerut,Telangana,363946.92,Samar,Sarin,mtara@example.org,9897169621,30,Female,Meerut,Telangana,Low,2023-09-28,True,True
71351,18498,2023-06-19,processing,Katni,Maharashtra,384975.76,Taimur,Bumb,khushi23@example.com,916605106215,42,Female,Katni,Maharashtra,High,2024-05-07,True,True
71416,7999,2024-02-02,completed,Ongole,Uttar Pradesh,419788.49,Mishti,Shere,daliaurvi@example.com,4614078672,48,Male,Ongole,Uttar Pradesh,Medium,2022-02-17,True,True
71513,8368,2022-06-10,cancelled,Sri Ganganagar,Gujarat,403618.04,Urvi,Bhavsar,dhruvsem@example.org,917595323317,49,Male,Sri Ganganagar,Gujarat,Low,2023-07-23,True,True
71554,11040,2024-02-20,completed,Hajipur,Uttar Pradesh,637697.78,Samaira,Behl,hkapadia@example.org,914541877249,53,Female,Hajipur,Uttar Pradesh,Medium,2022-02-17,True,True
71561,6003,2022-01-20,shipped,North Dumdum,Rajasthan,366696.37,Hunar,Choudhury,lakshitvala@example.org,756818819,18,Female,North Dumdum,Rajasthan,Medium,2024-01-03,True,True
71605,7073,2023-05-12,cancelled,Tiruvottiyur,Uttar Pradesh,462606.51,Kartik,Saran,boasemehul@example.org,919592788191,24,Female,Tiruvottiyur,Uttar Pradesh,Medium,2023-05-02,True,True
71761,16546,2023-03-11,completed,Pallavaram,Uttar Pradesh,334765.04,Riya,Bedi,bajajeshani@example.com,7196946285,35,Male,Pallavaram,Uttar Pradesh,High,2022-03-16,True,True
71808,15617,2024-11-25,pending,Bhubaneswar,Maharashtra,463504.57,Rania,Chanda,sandra@example.com,2442217596,42,Male,Bhubaneswar,Maharashtra,Low,2022-08-28,True,True
71838,12639,2024-06-24,completed,Bhatpara,Tamil Nadu,390549.94,Bhavin,Sura,tejas76@example.org,4112926611,20,Female,Bhatpara,Tamil Nadu,Low,2023-07-01,True,True
71927,12980,2023-08-21,delivered,Haridwar,Maharashtra,612123.55,Arhaan,Mall,vihaan29@example.org,6738663550,32,Male,Haridwar,Maharashtra,High,2024-12-30,True,True
71968,6638,2023-12-26,delivered,Bidhannagar,Rajasthan,347694.56,Dhanuk,Sridhar,xbath@example.org,6728095048,53,Male,Bidhannagar,Rajasthan,Premium,2022-04-19,True,True
72049,8434,2022-01-23,shipped,Secunderabad,Tamil Nadu,354843.91,Piya,Ahuja,neelofarlalla@example.org,712116107,51,Male,Secunderabad,Tamil Nadu,High,2022-09-23,True,True
72201,2980,2024-04-13,completed,Firozabad,West Bengal,379091.49,Oorja,Agarwal,pari59@example.com,1974005975,41,Female,Firozabad,West Bengal,Medium,2024-11-10,True,True
72229,13911,2023-09-10,completed,Ajmer,Uttar Pradesh,348238.41,Ayesha,Sampath,nakuldeo@example.com,4427403073,47,Male,Ajmer,Uttar Pradesh,Medium,2024-02-03,True,True
72246,12948,2023-02-10,processing,Hosur,West Bengal,437583.29,Samiha,Kapur,vchaudry@example.com,1398738280,27,Male,Hosur,West Bengal,High,2023-07-20,True,True
72289,19422,2022-03-26,pending,Hajipur,Tamil Nadu,495161.89,Divit,Choudhary,sumerbanik@example.org,8119855264,18,Female,Hajipur,Tamil Nadu,Low,2022-11-10,True,True
72311,5345,2023-01-20,completed,Rajpur Sonarpur,Bihar,502989.06,Tushar,Kaul,ldas@example.com,3412708345,50,Male,Rajpur Sonarpur,Bihar,Low,2022-01-12,True,True
72345,16518,2022-07-12,completed,Bokaro,Maharashtra,611771.9,Ira,Venkataraman,yasminsachdev@example.net,7696191893,36,Female,Bokaro,Maharashtra,Low,2022-05-11,True,True
72402,14194,2023-12-05,shipped,Anantapuram,Uttar Pradesh,372309.48,Uthkarsh,Das,dharmajanchopra@example.net,6499041688,36,Male,Anantapuram,Uttar Pradesh,High,2024-10-05,True,True
72436,19090,2023-08-20,completed,Udaipur,Uttar Pradesh,612019.7,Reyansh,Vyas,xsanghvi@example.net,7548265180,25,Male,Udaipur,Uttar Pradesh,Low,2024-12-29,True,True
72439,5882,2023-02-26,processing,Panihati,Maharashtra,337712.73,Shanaya,Shenoy,bailranbir@example.org,6526841860,39,Male,Panihati,Maharashtra,High,2024-08-16,True,True
72510,16423,2022-08-08,completed,Gorakhpur,Bihar,444936.52,Anahi,Kakar,taran61@example.org,8335748340,34,Male,Gorakhpur,Bihar,High,2023-03-10,True,True
72535,1567,2023-03-05,completed,Meerut,Madhya Pradesh,574112.89,Pihu,Master,samraanahita@example.net,916517328162,54,Male,Meerut,Madhya Pradesh,Low,2024-02-22,True,True
72610,5644,2024-10-16,delivered,Haldia,Tamil Nadu,375682.89,Himmat,Sem,xkrishnamurthy@example.org,917440143664,34,Male,Haldia,Tamil Nadu,Medium,2024-06-03,True,True
72620,6871,2023-11-28,completed,Hapur,Bihar,553256.8,Shlok,Chopra,nayantara25@example.com,1036916288,45,Female,Hapur,Bihar,Low,2022-02-24,True,True
72664,14535,2023-10-10,delivered,Barasat,Uttar Pradesh,618860.1,Shamik,Srivastava,sumer54@example.net,911584499323,31,Male,Barasat,Uttar Pradesh,Premium,2022-03-10,True,True
72758,6257,2024-06-18,processing,Muzaffarnagar,Uttar Pradesh,396907.85,Hunar,Babu,shankeraaryahi@example.net,7628577738,51,Female,Muzaffarnagar,Uttar Pradesh,Medium,2023-03-17,True,True
72809,12598,2024-10-09,delivered,Vijayanagaram,Uttar Pradesh,354675.21,Shamik,Varma,kapurshanaya@example.com,6131473494,40,Male,Vijayanagaram,Uttar Pradesh,Medium,2022-11-20,True,True
72835,4116,2022-01-20,completed,Warangal,Maharashtra,672376.08,Nitara,Setty,mannshayak@example.org,8095990560,29,Male,Warangal,Maharashtra,Low,2023-08-29,True,True
72866,7137,2024-03-12,shipped,Nashik,Madhya Pradesh,484114.98,Seher,Buch,krishnanalia@example.com,917312743981,29,Female,Nashik,Madhya Pradesh,Low,2023-04-30,True,True
72907,5396,2023-06-24,completed,Bidhannagar,Gujarat,417720.26,Siya,Bajwa,tanejamiraya@example.org,913128072994,37,Female,Bidhannagar,Gujarat,High,2023-01-31,True,True
72948,8123,2023-03-01,shipped,Tadipatri,Rajasthan,570216.09,Taimur,Bains,aradhyabansal@example.com,912449244382,36,Male,Tadipatri,Rajasthan,Medium,2024-05-26,True,True
72952,9620,2022-07-24,completed,Anantapuram,Maharashtra,383816.01,Kavya,Goda,okhare@example.com,360445804,33,Male,Anantapuram,Maharashtra,Medium,2022-05-21,True,True
72974,17316,2022-09-04,cancelled,Narasaraopet,Telangana,517393.64,Shlok,Bhatt,laganreddy@example.com,918073192944,41,Male,Narasaraopet,Telangana,Medium,2022-02-15,True,True
72995,2193,2024-02-16,processing,Gandhidham,Rajasthan,383451.39,Jayesh,Doshi,iyersaksham@example.org,917471170648,29,Male,Gandhidham,Rajasthan,Low,2024-05-30,True,True
73002,18495,2023-07-06,completed,Nashik,West Bengal,480055.99,Samar,Tara,ojas95@example.net,8138411650,25,Male,Nashik,West Bengal,Medium,2023-04-09,True,True
73008,12947,2022-11-17,completed,Ambarnath,Uttar Pradesh,627850.51,Sahil,Sachdeva,rajagopalanmehul@example.net,4559938015,24,Male,Ambarnath,Uttar Pradesh,High,2024-11-16,False,True
73025,12260,2022-06-03,completed,Madhyamgram,Uttar Pradesh,327756.52,Sumer,Gola,srinivasdrishya@example.org,8236095674,51,Male,Madhyamgram,Uttar Pradesh,Low,2022-07-17,True,True
73027,16204,2023-01-18,pending,Khammam,West Bengal,339109.82,Aaina,Mandal,ichand@example.net,3462587227,27,Female,Khammam,West Bengal,Medium,2023-09-12,True,True
73053,13598,2023-01-17,pending,Sultan Pur Majra,Uttar Pradesh,356557.88,Priyansh,Rattan,aniruddh86@example.net,915789985295,18,Male,Sultan Pur Majra,Uttar Pradesh,High,2023-09-08,True,True
73123,16095,2024-10-13,completed,Pudukkottai,Uttar Pradesh,371689.63,Zaina,Malhotra,gtata@example.com,7602663528,19,Female,Pudukkottai,Uttar Pradesh,Low,2024-06-14,True,True
73178,13006,2023-09-09,shipped,Bhatpara,Uttar Pradesh,676524.87,Damini,Kamdar,inaaya-79@example.net,4431830351,18,Male,Bhatpara,Uttar Pradesh,Low,2023-11-23,False,True
73187,14884,2024-06-05,completed,Sagar,Kerala,354675.21,Vritika,Tripathi,kundajayesh@example.net,299850316,61,Female,Sagar,Kerala,Medium,2023-10-10,True,True
73208,7028,2024-05-15,completed,Saharsa,Gujarat,467941.63,Shray,Rana,zainawalia@example.net,2775637540,21,Male,Saharsa,Gujarat,Medium,2022-07-21,True,True
73247,9792,2024-01-13,shipped,Jaipur,Uttar Pradesh,333233.77,Myra,Dhingra,bbarman@example.com,8865979422,37,Female,Jaipur,Uttar Pradesh,Low,2024-10-03,True,True
73264,8578,2023-10-08,completed,Gorakhpur,Gujarat,593496.1,Pari,Mann,indrajit59@example.net,910690823453,28,Male,Gorakhpur,Gujarat,Medium,2024-06-18,True,True
73269,184,2022-03-21,shipped,Purnia,Bihar,399823.96,Chirag,Chaudhary,itailor@example.org,1070296670,24,Female,Purnia,Bihar,Low,2022-09-26,True,True
73272,16392,2022-07-01,pending,Gulbarga,Punjab,467205.79,Ayesha,Sami,eshanikaur@example.org,2806084742,30,Female,Gulbarga,Punjab,Low,2022-11-22,True,True
73282,8127,2022-11-05,completed,Mirzapur,Madhya Pradesh,501372.83,Aniruddh,Tank,ehsaanchhabra@example.net,912711838852,39,Female,Mirzapur,Madhya Pradesh,Medium,2024-05-03,True,True
73288,4401,2022-07-01,delivered,Kolhapur,Uttar Pradesh,328790.65,Adah,Bal,bhamini96@example.com,917398311259,37,Female,Kolhapur,Uttar Pradesh,Low,2022-05-13,True,True
73441,4582,2022-01-07,completed,Anand,Maharashtra,379475.86,Sara,Sama,chiragramaswamy@example.org,5788258422,23,Female,Anand,Maharashtra,Low,2024-09-22,True,True
73506,14138,2024-11-13,completed,Cuttack,Karnataka,495080.5,Ira,Toor,tejasmall@example.net,5239598496,45,Female,Cuttack,Karnataka,High,2024-06-18,True,True
73564,2497,2022-01-21,shipped,Jalandhar,Bihar,369381.68,Rania,Chahal,aaina40@example.org,911828791465,41,Female,Jalandhar,Bihar,High,2022-05-08,True,True
73680,16207,2022-09-20,delivered,Bhilai,Maharashtra,499420.58,Jayant,Krishnan,vedikabiswas@example.net,917687444262,24,Female,Bhilai,Maharashtra,Low,2022-09-30,True,True
73735,16344,2022-09-23,shipped,Guna,Uttar Pradesh,454852.3,Manikya,Toor,madhavravel@example.net,7118504296,49,Male,Guna,Uttar Pradesh,Low,2023-09-21,True,True
73816,4398,2023-02-01,shipped,Bahraich,Uttar Pradesh,332731.9,Heer,Warrior,mandazara@example.net,912206152501,43,Female,Bahraich,Uttar Pradesh,Premium,2024-01-20,True,True
73873,12545,2023-05-24,shipped,Pune,West Bengal,474398.74,Anya,Dutt,chadhadivit@example.org,851637778,44,Female,Pune,West Bengal,Medium,2024-07-12,True,True
73876,3874,2022-08-14,completed,Ajmer,Uttar Pradesh,380020.26,Tejas,Deshmukh,chandtanya@example.net,911179494422,18,Male,Ajmer,Uttar Pradesh,Low,2024-08-27,True,True
73897,8068,2022-05-13,completed,Vasai-Virar,Uttar Pradesh,358965.63,Kiara,Buch,qvyas@example.net,5902367948,29,Male,Vasai-Virar,Uttar Pradesh,Medium,2023-01-25,True,True
73902,16343,2023-12-20,completed,Delhi,Telangana,460940.64,Aarna,Ganesan,dhruvkala@example.com,6974343150,34,Female,Delhi,Telangana,Medium,2024-01-27,True,True
73915,17683,2022-11-12,completed,Nashik,Bihar,391396.55,Sumer,Kaul,ehalder@example.org,914925442453,58,Male,Nashik,Bihar,Medium,2024-10-28,True,True
73917,11271,2024-11-29,completed,Bareilly,Maharashtra,458510.57,Anya,Bakshi,eshanilala@example.com,2273200619,26,Female,Bareilly,Maharashtra,Low,2022-03-11,True,True
73972,1293,2022-09-17,completed,Bhalswa Jahangir Pur,Gujarat,486733.97,Rania,Aurora,ela86@example.net,3205534050,20,Female,Bhalswa Jahangir Pur,Gujarat,Low,2022-11-07,True,True
74244,18122,2023-10-13,delivered,Bhopal,West Bengal,358333.84,Aniruddh,Sridhar,hunarchatterjee@example.org,796715911,29,Female,Bhopal,West Bengal,Low,2023-11-26,True,True
74289,9255,2022-12-21,completed,Gandhidham,Tamil Nadu,565326.6,Charvi,Baria,amblestuvan@example.net,7613622706,38,Male,Gandhidham,Tamil Nadu,Low,2024-11-27,True,True
74342,8901,2023-09-30,completed,Bhiwani,Gujarat,513929.93,Uthkarsh,Salvi,aarav22@example.net,916372107078,18,Female,Bhiwani,Gujarat,Medium,2024-12-20,True,True
74350,2456,2024-12-06,completed,Ongole,Uttar Pradesh,634384.47,Nehmat,Korpal,ratikonda@example.com,911420942079,35,Female,Ongole,Uttar Pradesh,Low,2023-02-10,True,True
74506,4190,2022-09-03,completed,Madhyamgram,West Bengal,397730.86,Shamik,Bandi,shlok67@example.com,4227300636,47,Female,Madhyamgram,West Bengal,Low,2022-03-01,True,True
74536,8916,2024-10-27,completed,Nangloi Jat,Maharashtra,384608.12,Zeeshan,Babu,nahuja@example.com,7813693991,33,Female,Nangloi Jat,Maharashtra,Low,2024-04-06,True,True
74566,19855,2022-01-03,completed,Motihari,Telangana,414569.21,Charvi,Sehgal,madanhunar@example.net,914853919412,32,Female,Motihari,Telangana,High,2024-05-21,True,True
74599,16602,2023-09-12,delivered,Kirari Suleman Nagar,Rajasthan,343474.43,Heer,Bali,dhawankashvi@example.org,891652067,20,Male,Kirari Suleman Nagar,Rajasthan,Medium,2022-11-19,True,True
74601,15451,2024-12-01,completed,Pimpri-Chinchwad,Maharashtra,520487.88,Shayak,Sahni,csundaram@example.net,3192753069,46,Male,Pimpri-Chinchwad,Maharashtra,Premium,2023-05-10,True,True
74689,2153,2024-10-11,completed,Udaipur,Bihar,352992.98,Raghav,Warrior,bijubobal@example.com,4350745093,32,Female,Udaipur,Bihar,Medium,2024-03-11,True,True
74698,6400,2024-12-21,processing,Karimnagar,Bihar,355063.57,Priyansh,Salvi,dishani04@example.com,919288930599,37,Female,Karimnagar,Bihar,Low,2023-05-06,True,True
74714,17619,2023-10-29,pending,Patiala,Uttar Pradesh,416341.45,Shalv,Buch,badal00@example.org,9178272483,35,Male,Patiala,Uttar Pradesh,Low,2023-07-16,True,True
74765,1038,2022-08-15,shipped,Bulandshahr,Uttar Pradesh,541827.51,Vivaan,Srinivasan,oreddy@example.net,913797166984,37,Female,Bulandshahr,Uttar Pradesh,High,2023-08-17,True,True
74846,9076,2022-12-01,completed,Tumkur,Maharashtra,705904.77,Aniruddh,Warrior,elakshi41@example.com,3003376929,27,Female,Tumkur,Maharashtra,Medium,2024-06-30,True,True
74920,4175,2022-11-19,completed,Fatehpur,Tamil Nadu,357214.2,Hrishita,Bhakta,bandinirvi@example.net,7332471525,20,Male,Fatehpur,Tamil Nadu,Low,2022-12-30,True,True
74956,48,2024-10-19,shipped,Nandyal,Telangana,399756.73,Kashvi,Raj,singhalpari@example.com,278742967,34,Female,Nandyal,Telangana,Medium,2023-06-25,True,True
74979,4830,2022-03-02,completed,Singrauli,Tamil Nadu,463869.33,Raunak,Manda,ahana-89@example.com,2691161646,35,Male,Singrauli,Tamil Nadu,High,2024-11-07,True,True
74982,7694,2024-10-17,completed,Bhopal,Delhi,410726.51,Manikya,Ramachandran,anaychadha@example.net,8211916004,26,Female,Bhopal,Delhi,High,2023-02-22,True,True
74988,6938,2022-08-07,completed,Bhilai,Rajasthan,351780.17,Vidur,Saini,kbora@example.com,918398892409,48,Male,Bhilai,Rajasthan,Medium,2022-06-03,True,True
74993,17404,2024-05-10,completed,Ghaziabad,West Bengal,407243.47,Miraan,Saran,kundakiara@example.net,9577836583,42,Female,Ghaziabad,West Bengal,Medium,2024-01-13,True,True
75057,1366,2024-11-20,completed,Ambarnath,Delhi,353251.22,Lavanya,Talwar,mallickyashvi@example.com,558115744,48,Female,Ambarnath,Delhi,Low,2023-01-22,True,True
75093,11379,2022-02-24,completed,Patna,Punjab,334077.27,Madhup,Sehgal,eva01@example.org,7519984269,24,Male,Patna,Punjab,Low,2024-06-06,True,True
75097,10762,2023-03-15,completed,Gudivada,Uttar Pradesh,699032.52,Neysa,Bhasin,rthaman@example.com,919388238702,45,Female,Gudivada,Uttar Pradesh,Low,2022-11-24,True,True
75150,14245,2023-12-25,completed,Thoothukudi,Madhya Pradesh,398784.02,Anahita,Bhasin,tara96@example.com,8275289288,39,Female,Thoothukudi,Madhya Pradesh,Low,2023-10-14,True,True
75171,4813,2022-01-12,delivered,Dehradun,Maharashtra,391127.78,Yuvraj ,Bhalla,amirasha@example.org,8579494184,65,Male,Dehradun,Maharashtra,High,2023-11-08,True,True
75227,17655,2024-12-01,shipped,Malda,Telangana,493149.42,Jiya,Jaggi,banerjeejayesh@example.net,7228553461,25,Female,Malda,Telangana,Low,2024-02-28,False,True
75311,15073,2023-11-05,completed,Burhanpur,Madhya Pradesh,1161468.2,Rati,Venkatesh,kiara98@example.net,2565476550,38,Male,Burhanpur,Madhya Pradesh,Low,2024-03-23,True,True
75371,9903,2023-12-11,completed,Bathinda,Madhya Pradesh,519686.94,Rohan,Trivedi,zrau@example.org,918984363962,53,Female,Bathinda,Madhya Pradesh,Medium,2024-07-05,True,True
75517,6060,2023-12-22,delivered,Mangalore,Punjab,495088.08,Yashvi,Deol,nbasak@example.org,8787582735,41,Female,Mangalore,Punjab,Medium,2022-11-14,True,True
75537,9673,2022-09-14,completed,Muzaffarpur,Maharashtra,404761.45,Ahana ,Mallick,badamidishani@example.com,7652554462,32,Male,Muzaffarpur,Maharashtra,Low,2023-03-07,True,True
75542,13309,2024-06-09,cancelled,Anantapuram,Karnataka,662547.85,Advika,Srinivas,obail@example.org,9222862627,21,Male,Anantapuram,Karnataka,Low,2023-02-13,True,True
75562,14422,2023-04-10,completed,Meerut,Tamil Nadu,428115.11,Jayant,Kurian,kdevi@example.net,7862289282,31,Female,Meerut,Tamil Nadu,Low,2023-01-18,True,True
75593,2420,2024-10-11,completed,New Delhi,Madhya Pradesh,423288.69,Indranil,Dash,ibir@example.org,919388953115,33,Female,New Delhi,Madhya Pradesh,Low,2024-05-25,True,True
75597,1045,2023-10-15,completed,Gorakhpur,Uttar Pradesh,691569.19,Oorja,Kakar,anahiseshadri@example.com,7040953141,30,Male,Gorakhpur,Uttar Pradesh,Low,2023-07-05,True,True
75628,13962,2023-09-30,shipped,Kishanganj,Madhya Pradesh,407319.38,Fateh,Gulati,tsachdeva@example.net,7382667647,39,Male,Kishanganj,Madhya Pradesh,Low,2022-12-19,True,True
75677,10243,2024-04-07,completed,Mau,Karnataka,452124.15,Nakul,Deep,bramachandran@example.com,918975826477,27,Female,Mau,Karnataka,Medium,2022-02-16,True,True
75809,16402,2022-10-29,completed,Satna,Rajasthan,372558.47,Ishita,Savant,sahil80@example.net,7968754412,54,Female,Satna,Rajasthan,Medium,2022-07-27,True,True
75825,13554,2022-01-21,completed,Alwar,Tamil Nadu,327162.2,Kiaan,Acharya,kabirchand@example.com,5729912003,18,Female,Alwar,Tamil Nadu,Low,2024-07-24,True,True
75861,14249,2023-08-23,cancelled,Orai,Delhi,426613.06,Divyansh,Bajaj,aarnasarin@example.com,914339464032,20,Male,Orai,Delhi,Premium,2023-01-25,True,True
75901,13492,2024-11-06,cancelled,Malda,Uttar Pradesh,477798.27,Anahi,Lad,buchheer@example.org,910629465909,51,Male,Malda,Uttar Pradesh,Low,2023-10-15,True,True
75922,9559,2023-05-08,completed,Guwahati,Uttar Pradesh,467753.11,Taimur,Sant,ksarraf@example.org,919158827114,26,Male,Guwahati,Uttar Pradesh,Low,2023-07-03,False,True
75942,5530,2024-12-30,processing,Suryapet,Maharashtra,369626.87,Samarth,Walla,dsubramaniam@example.org,4452098148,34,Male,Suryapet,Maharashtra,Medium,2023-08-02,True,True
75951,14544,2023-11-03,completed,Thiruvananthapuram,Madhya Pradesh,354675.21,Aayush,Golla,zbanik@example.net,918290773037,18,Female,Thiruvananthapuram,Madhya Pradesh,Low,2023-10-01,True,True
75957,15945,2022-10-08,delivered,Tiruvottiyur,Uttar Pradesh,380755.06,Anika,Wagle,bkapoor@example.org,4367055414,39,Female,Tiruvottiyur,Uttar Pradesh,Medium,2022-02-17,True,True
75987,5122,2023-10-13,shipped,Pali,Uttar Pradesh,348114.44,Anahita,Bera,arnav20@example.com,912777191016,21,Male,Pali,Uttar Pradesh,Medium,2022-03-08,True,True
75991,12113,2024-07-20,completed,Chandrapur,Tamil Nadu,474383.09,Vidur,Dewan,zaina58@example.com,433475762,25,Male,Chandrapur,Tamil Nadu,Low,2022-04-03,True,True
76032,3564,2024-11-17,shipped,Nagercoil,Bihar,486975.77,Emir,Krishnamurthy,wmalhotra@example.org,6269877351,22,Male,Nagercoil,Bihar,Low,2024-11-30,True,True
76122,12998,2024-09-22,completed,Gudivada,Maharashtra,440825.94,Jivika,Handa,sanabhatia@example.org,9732883509,45,Male,Gudivada,Maharashtra,Medium,2024-03-07,True,True
76123,8744,2024-08-07,cancelled,Tadepalligudem,Karnataka,349861.3,Emir,Rastogi,isoman@example.com,915111628872,18,Male,Tadepalligudem,Karnataka,Low,2024-12-14,True,True
76154,6594,2023-10-24,completed,Jalna,Telangana,533905.47,Anaya,Shan,arhaansodhi@example.com,8147984312,33,Female,Jalna,Telangana,High,2024-01-18,True,True
76189,16645,2024-01-03,completed,Silchar,Tamil Nadu,327742.92,Riya,Sidhu,drishyasuri@example.org,911825881231,38,Female,Silchar,Tamil Nadu,Medium,2023-07-01,True,True
76217,12757,2022-07-28,completed,Hosur,Rajasthan,387272.93,Raunak,Sangha,jsundaram@example.net,4819311257,38,Male,Hosur,Rajasthan,Medium,2023-05-11,True,True
76227,8718,2022-11-04,cancelled,Aurangabad,Punjab,514561.41,Zoya,Bahri,andrasara@example.net,919179841290,18,Male,Aurangabad,Punjab,Medium,2024-11-16,True,True
76229,498,2024-02-15,completed,Siwan,Rajasthan,324505.82,Manjari,Tata,zeeshandash@example.org,6762916032,40,Male,Siwan,Rajasthan,Medium,2023-03-30,True,True
76282,5812,2023-04-23,completed,Kottayam,Madhya Pradesh,677701.53,Amani,Bail,frama@example.net,4813982981,45,Male,Kottayam,Madhya Pradesh,Premium,2023-09-05,True,True
76309,6431,2022-03-24,processing,Tiruppur,Tamil Nadu,496969.17,Advika,Kapadia,ryankrish@example.com,9161972371,32,Male,Tiruppur,Tamil Nadu,Medium,2023-05-04,True,True
76319,16844,2023-03-19,completed,Malegaon,Gujarat,702413.07,Tushar,Ray,ivanmann@example.net,914041808835,23,Female,Malegaon,Gujarat,Low,2023-03-07,True,True
76341,9198,2022-11-11,completed,Mysore,Maharashtra,345163.62,Pihu,Uppal,gbadal@example.net,6407940966,40,Female,Mysore,Maharashtra,Low,2024-09-22,True,True
76353,11423,2024-02-18,completed,Malda,Gujarat,519553.57,Arnav,Jain,zain36@example.org,3899442439,41,Male,Malda,Gujarat,High,2024-02-10,True,True
76401,6753,2023-04-12,completed,Bahraich,Rajasthan,742067.17,Lavanya,Ramaswamy,khegde@example.org,5687810540,39,Male,Bahraich,Rajasthan,Medium,2024-02-18,True,True
76468,14228,2024-08-03,processing,Shimoga,Delhi,359373.56,Samaira,Shah,aarna46@example.com,9875723986,33,Male,Shimoga,Delhi,Medium,2024-06-03,False,True
76627,6437,2024-10-06,completed,Bhilai,Punjab,368874.94,Veer,Ghosh,balaalisha@example.net,4063122555,56,Female,Bhilai,Punjab,Low,2024-06-11,True,True
76707,2722,2023-08-19,completed,Jorhat,Maharashtra,349997.38,Krish,Bal,zoyaghosh@example.net,911726330804,28,Male,Jorhat,Maharashtra,Medium,2024-12-10,True,True
76729,6098,2022-09-23,completed,Ichalkaranji,Maharashtra,468466.89,Navya,Cheema,prandhawa@example.org,915855251612,18,Female,Ichalkaranji,Maharashtra,Medium,2022-02-13,True,True
76872,6964,2024-06-07,completed,Nizamabad,Bihar,458614.04,Kiara,Bal,pihudutta@example.org,2737068540,46,Female,Nizamabad,Bihar,Medium,2023-04-24,True,True
76905,3754,2024-01-09,completed,Chapra,Uttar Pradesh,515153.01,Mahika,Walia,jayant20@example.net,8595031215,38,Female,Chapra,Uttar Pradesh,Medium,2023-07-09,True,True
76933,11671,2024-01-31,completed,Bilaspur,Uttar Pradesh,445110.4,Umang,Mani,settyadah@example.org,910991433851,56,Female,Bilaspur,Uttar Pradesh,Low,2022-09-14,True,True
76983,9472,2023-09-22,completed,Srinagar,Bihar,600582.65,Baiju,Shan,bahritanya@example.org,912247643371,32,Male,Srinagar,Bihar,High,2024-07-03,True,True
76994,7749,2023-12-25,completed,Anand,Telangana,349493.39,Nakul,Jhaveri,aaryahigokhale@example.org,5261822863,58,Female,Anand,Telangana,High,2023-03-19,True,True
77076,19761,2024-10-11,completed,Jammu,Uttar Pradesh,457831.42,Urvi,Badami,mahajanrohan@example.org,1102029772,18,Male,Jammu,Uttar Pradesh,Low,2022-06-18,True,True
77101,18116,2022-08-04,completed,Shimoga,Uttar Pradesh,352029.44,Tanya,Kakar,sulealia@example.net,8633777477,44,Female,Shimoga,Uttar Pradesh,Low,2024-10-02,True,True
77144,19219,2023-09-08,completed,Yamunanagar,Telangana,324314.63,Charvi,Dey,dashrasha@example.net,8687193079,44,Female,Yamunanagar,Telangana,Low,2022-12-14,True,True
77145,6924,2023-08-29,processing,Muzaffarnagar,Tamil Nadu,360481.43,Jivin,Tank,mishtideshpande@example.com,2442491984,36,Female,Muzaffarnagar,Tamil Nadu,Low,2023-11-01,True,True
77146,15895,2023-08-24,completed,Mehsana,Tamil Nadu,960207.16,Anika,Grewal,madhupbail@example.com,2761083261,21,Female,Mehsana,Tamil Nadu,Medium,2022-05-10,True,True
77196,2255,2024-10-23,pending,Agartala,Madhya Pradesh,781348.58,Kashvi,Basu,yakshitseshadri@example.org,5765282261,18,Female,Agartala,Madhya Pradesh,Low,2024-05-25,False,True
77199,18179,2022-07-02,completed,Satara,Kerala,445863.95,Dhanush,Varghese,asampath@example.net,5133493509,18,Male,Satara,Kerala,Premium,2023-04-03,True,True
77216,9885,2024-01-20,processing,Begusarai,Bihar,511268.52,Yuvaan,Kumer,vivaan79@example.com,917440392533,46,Male,Begusarai,Bihar,Medium,2024-11-05,True,True
77224,11929,2023-04-22,completed,Bhind,Gujarat,390041.14,Dhanuk,Atwal,pihu03@example.org,1511042002,35,Male,Bhind,Gujarat,Medium,2024-03-11,True,True
77285,14262,2024-03-27,completed,Patna,West Bengal,437846.46,Saira,Karpe,cdhillon@example.org,915409397721,61,Female,Patna,West Bengal,Low,2023-07-27,True,True
77297,4296,2023-07-15,shipped,Morbi,Rajasthan,566691.12,Navya,Raval,lakshithanda@example.com,3588454908,20,Male,Morbi,Rajasthan,Medium,2024-09-11,True,True
77324,3963,2022-08-06,pending,Mango,Karnataka,332577.95,Neelofar,Gulati,arhaan58@example.com,8118557717,34,Male,Mango,Karnataka,Low,2023-12-03,True,True
77331,18100,2022-09-02,completed,Deoghar,Uttar Pradesh,618860.1,Chirag,Buch,dhruvkapoor@example.com,911208056499,38,Female,Deoghar,Uttar Pradesh,Low,2022-06-22,True,True
77343,16353,2023-04-02,completed,Sirsa,Madhya Pradesh,421591.57,Prerak,Gole,neelofardeshmukh@example.com,910493671231,53,Male,Sirsa,Madhya Pradesh,Premium,2024-03-18,True,True
77387,19129,2022-05-22,completed,Hyderabad,West Bengal,332065.44,Nitara,Devan,divyansh01@example.org,66647995,21,Male,Hyderabad,West Bengal,Medium,2023-12-12,True,True
77415,9423,2024-01-13,pending,Gandhinagar,Rajasthan,571089.18,Manikya,Saraf,priyanshbanerjee@example.com,490613957,26,Female,Gandhinagar,Rajasthan,Medium,2024-12-28,True,True
77500,10703,2023-10-24,completed,Sangli-Miraj & Kupwad,Kerala,735722.52,Shanaya,Agarwal,fkurian@example.org,187902458,46,Male,Sangli-Miraj & Kupwad,Kerala,Low,2022-10-16,True,True
77507,16861,2024-09-19,completed,Kavali,Gujarat,414488.88,Zoya,Grewal,vritikatak@example.net,917479436231,26,Female,Kavali,Gujarat,High,2024-01-24,True,True
77525,14441,2024-05-22,completed,Jaunpur,Bihar,435625.6,Nakul,Kumer,abram71@example.org,2351566898,18,Female,Jaunpur,Bihar,Premium,2024-06-21,True,True
77549,10966,2022-03-12,shipped,Guntakal,Madhya Pradesh,626260.36,Lagan,Mahajan,wdeshmukh@example.com,912375428041,52,Female,Guntakal,Madhya Pradesh,High,2023-07-31,True,True
77611,10394,2023-10-03,delivered,Eluru,Bihar,702800.04,Madhav,Dixit,mswamy@example.com,919383756564,26,Female,Eluru,Bihar,Low,2024-07-17,True,True
77636,17990,2022-02-02,completed,Ranchi,West Bengal,366638.7,Priyansh,Grewal,keyarajagopal@example.org,917097542472,33,Female,Ranchi,West Bengal,High,2023-12-22,True,True
77639,9132,2022-10-01,shipped,Bulandshahr,Gujarat,414735.74,Vanya,Lall,jayesh50@example.org,4404919049,32,Male,Bulandshahr,Gujarat,High,2024-02-22,True,True
77648,8859,2023-03-04,pending,Mirzapur,Tamil Nadu,487233.88,Taran,Subramanian,bathseher@example.com,917199294824,43,Female,Mirzapur,Tamil Nadu,High,2023-02-11,True,True
77653,294,2022-08-09,shipped,Jehanabad,Uttar Pradesh,446315.46,Priyansh,Lalla,shadevansh@example.com,913811386338,39,Male,Jehanabad,Uttar Pradesh,Medium,2024-08-29,True,True
77681,5832,2024-06-02,delivered,Jamalpur,Madhya Pradesh,338901.01,Krish,Dada,horajivika@example.com,4223101251,43,Female,Jamalpur,Madhya Pradesh,Medium,2022-12-08,True,True
77715,7492,2022-10-11,delivered,Karnal,Uttar Pradesh,442742.08,Sara,Aurora,echhabra@example.com,7603830456,30,Male,Karnal,Uttar Pradesh,High,2022-10-29,True,True
77741,925,2024-08-15,shipped,Kumbakonam,Maharashtra,499585.39,Jayan,Chanda,rauzoya@example.org,3228360849,35,Female,Kumbakonam,Maharashtra,Low,2024-04-30,True,True
77747,19789,2023-01-20,delivered,Gulbarga,Rajasthan,458101.02,Alisha,Garg,manimahika@example.net,917824051385,18,Male,Gulbarga,Rajasthan,Premium,2023-01-31,True,True
77868,3449,2022-05-20,completed,Bahraich,Kerala,335475.13,Vivaan,Sharma,ybhardwaj@example.org,2933801070,31,Female,Bahraich,Kerala,High,2023-12-18,True,True
77943,6009,2022-02-28,cancelled,Anantapuram,Maharashtra,354675.21,Chirag,Kapoor,dhartaimur@example.org,914149109053,24,Female,Anantapuram,Maharashtra,Low,2022-03-07,True,True
77946,11512,2024-01-31,pending,Bhilwara,Uttar Pradesh,380957.17,Saira,Rajagopal,mammenaaina@example.org,6786135296,39,Female,Bhilwara,Uttar Pradesh,Low,2024-05-02,True,True
78039,4369,2023-03-01,completed,Jhansi,Gujarat,515675.54,Manikya,Hans,ttank@example.net,918187113635,21,Male,Jhansi,Gujarat,Medium,2022-07-02,True,True
78054,15605,2023-11-13,completed,Begusarai,Uttar Pradesh,436907.18,Lagan,Toor,kibesamiha@example.net,917159033055,40,Male,Begusarai,Uttar Pradesh,Low,2022-09-18,True,True
78087,19099,2023-09-03,completed,Sambalpur,Uttar Pradesh,378918.83,Rasha,Korpal,glal@example.com,9305051304,43,Male,Sambalpur,Uttar Pradesh,High,2022-10-09,True,True
78256,8730,2024-07-17,completed,Jabalpur,Punjab,335671.07,Yuvraj ,Kade,akarshsem@example.org,919793489466,31,Male,Jabalpur,Punjab,Low,2022-03-08,True,True
78270,3351,2022-01-26,completed,Burhanpur,Maharashtra,365239.46,Hrishita,Vala,miraangulati@example.com,2152964587,34,Male,Burhanpur,Maharashtra,Medium,2023-08-20,True,True
78280,11842,2023-05-24,completed,Lucknow,Rajasthan,363941.99,Gatik,Balay,karpezaina@example.org,7545208777,41,Female,Lucknow,Rajasthan,Low,2022-10-17,True,True
78311,3239,2024-05-29,completed,Bahraich,Madhya Pradesh,578810.45,Alia,Sahni,andrakartik@example.org,8727796068,45,Female,Bahraich,Madhya Pradesh,Medium,2024-11-03,True,True
78320,14669,2024-07-14,shipped,Sagar,Maharashtra,372510.0,Darshit,Rajagopal,skumar@example.net,911178451181,29,Female,Sagar,Maharashtra,Medium,2023-05-22,True,True
78347,12316,2024-07-17,completed,Ballia,Madhya Pradesh,498645.0,Shlok,Reddy,baralsaanvi@example.net,919333390495,23,Female,Ballia,Madhya Pradesh,Low,2023-06-16,True,True
78383,5248,2023-03-12,completed,Pune,West Bengal,478102.29,Parinaaz,Bandi,zaina78@example.net,2930608981,28,Male,Pune,West Bengal,Low,2024-07-16,True,True
78567,6791,2022-02-27,processing,Dibrugarh,Uttar Pradesh,558402.85,Anay,Rege,fvenkatesh@example.com,9812917999,33,Male,Dibrugarh,Uttar Pradesh,Low,2024-03-04,True,True
78570,10575,2022-03-06,processing,Aurangabad,Maharashtra,617051.22,Samiha,Srinivasan,dharmajankapoor@example.org,918211676565,19,Male,Aurangabad,Maharashtra,Low,2023-12-08,True,True
78611,3218,2023-10-11,cancelled,Hyderabad,Bihar,461874.45,Aniruddh,Sawhney,kanavghose@example.net,8480861868,23,Male,Hyderabad,Bihar,Medium,2023-01-28,True,True
78765,13343,2022-08-21,delivered,Indore,Uttar Pradesh,360349.59,Alia,Sur,savantmadhup@example.org,7979644184,18,Female,Indore,Uttar Pradesh,Medium,2022-10-21,True,True
78951,15802,2023-08-31,completed,Ambala,Maharashtra,366971.64,Samar,Dhawan,hansh86@example.net,911027698177,33,Female,Ambala,Maharashtra,Medium,2022-04-07,True,True
78956,6234,2023-08-09,completed,Bhusawal,Rajasthan,528697.88,Lagan,Ramesh,hreddy@example.net,912233348460,29,Female,Bhusawal,Rajasthan,Low,2022-03-03,True,True
79084,9293,2023-06-03,completed,Patiala,Bihar,658634.07,Elakshi,Bhasin,ajayaraman@example.org,9191321545,27,Male,Patiala,Bihar,Low,2023-01-12,True,True
79115,12192,2022-11-10,completed,Sikar,Punjab,326909.54,Jayant,Ramachandran,samihatrivedi@example.org,9412339344,18,Female,Sikar,Punjab,Medium,2023-01-10,True,True
79163,19399,2024-11-09,completed,Bijapur,Maharashtra,516398.26,Sana,Wable,kiaratata@example.com,913335880508,41,Male,Bijapur,Maharashtra,Medium,2024-09-15,True,True
79179,19200,2024-03-24,completed,Guna,Uttar Pradesh,581923.44,Urvi,Toor,prerakdani@example.net,916524177056,36,Male,Guna,Uttar Pradesh,Medium,2024-01-29,True,True
79202,5979,2024-05-23,completed,Bhagalpur,Maharashtra,495748.66,Shamik,Chand,divijgaba@example.net,9832242849,27,Female,Bhagalpur,Maharashtra,Low,2024-04-13,True,True
79223,914,2023-09-27,shipped,Bardhaman,Uttar Pradesh,340610.86,Samaira,Gala,inaaya-sagar@example.org,916153701242,22,Male,Bardhaman,Uttar Pradesh,Low,2023-10-08,True,True
79253,7815,2022-02-18,completed,Ongole,West Bengal,371190.58,Prisha,Din,chatterjeedivit@example.net,6396609363,20,Female,Ongole,West Bengal,Medium,2024-08-31,True,True
79261,10636,2022-02-07,completed,Panchkula,Uttar Pradesh,718299.52,Arhaan,Randhawa,saanvi82@example.org,914014640248,28,Female,Panchkula,Uttar Pradesh,High,2022-01-26,True,True
79263,378,2023-10-01,completed,Nashik,Maharashtra,425454.19,Neysa,Roy,aradhya98@example.net,7492424375,29,Female,Nashik,Maharashtra,Medium,2022-08-19,True,True
79281,3405,2022-03-19,completed,Panvel,Uttar Pradesh,345979.79,Kimaya,Setty,parinaaz76@example.org,2781207962,37,Female,Panvel,Uttar Pradesh,Low,2022-02-25,True,True
79284,18915,2024-04-25,processing,Naihati,Uttar Pradesh,355759.75,Akarsh,Raman,baijukaran@example.com,4168513709,31,Male,Naihati,Uttar Pradesh,Premium,2023-12-06,True,True
79320,13302,2022-04-10,processing,Panvel,Maharashtra,375063.93,Faiyaz,Kapur,ritvikdoctor@example.net,910523933792,57,Female,Panvel,Maharashtra,Medium,2024-11-12,True,True
79334,14698,2022-10-20,completed,Latur,Karnataka,503407.22,Sana,Suri,ssalvi@example.net,9068792768,36,Female,Latur,Karnataka,Medium,2023-08-20,True,True
79341,11603,2024-07-05,completed,Moradabad,Uttar Pradesh,350764.1,Anay,Virk,ranbir74@example.net,918707490565,38,Male,Moradabad,Uttar Pradesh,Medium,2023-07-12,True,True
79433,2525,2024-06-24,completed,Surat,Uttar Pradesh,375169.47,Uthkarsh,Kunda,jchandra@example.org,2254508069,18,Male,Surat,Uttar Pradesh,Premium,2024-08-09,True,True
79440,7152,2022-12-17,completed,Sambalpur,Maharashtra,354444.92,Navya,Rajagopal,loyalsana@example.org,916005002694,37,Male,Sambalpur,Maharashtra,High,2022-05-19,True,True
79494,8303,2023-12-24,completed,Bhubaneswar,Gujarat,535591.28,Mishti,Yohannan,evamann@example.com,914104048620,62,Male,Bhubaneswar,Gujarat,High,2022-01-04,True,True
79498,7481,2023-10-23,completed,Arrah,Tamil Nadu,334336.09,Hansh,Batra,kanavlal@example.org,916319657332,50,Female,Arrah,Tamil Nadu,Medium,2022-04-28,True,True
79537,2826,2023-10-23,completed,Silchar,West Bengal,356593.11,Shray,Konda,farhan66@example.org,764449043,18,Female,Silchar,West Bengal,High,2022-04-27,True,True
79557,5424,2024-04-16,shipped,Dhule,Rajasthan,371692.89,Inaaya ,Thakur,samar61@example.net,1349316755,27,Male,Dhule,Rajasthan,Low,2024-10-20,True,True
79558,13581,2023-10-25,completed,Yamunanagar,Madhya Pradesh,514754.2,Pranay,Saha,aarushgara@example.com,6591479079,29,Male,Yamunanagar,Madhya Pradesh,Medium,2022-10-16,True,True
79786,19882,2023-10-06,pending,Unnao,West Bengal,541102.1,Purab,Bhat,zaina14@example.org,2885282556,37,Female,Unnao,West Bengal,Low,2023-01-14,True,True
79803,8291,2023-03-19,completed,Hosur,Bihar,427796.38,Vritika,Hora,amira25@example.org,912723084051,46,Female,Hosur,Bihar,Medium,2022-01-27,True,True
79814,694,2023-10-15,completed,Ramgarh,Gujarat,404504.86,Hrishita,Rege,dhanukrajagopalan@example.org,913424912896,39,Male,Ramgarh,Gujarat,Medium,2024-07-08,True,True
79840,17118,2022-04-10,completed,Thane,Tamil Nadu,470701.67,Emir,Bhavsar,vchakraborty@example.org,919983349655,46,Female,Thane,Tamil Nadu,Medium,2022-04-30,True,True
79879,7213,2024-03-09,completed,Ramagundam,Telangana,495088.08,Prisha,Kala,psundaram@example.net,5709174196,49,Male,Ramagundam,Telangana,Low,2024-09-20,True,True
79882,9539,2022-07-22,completed,Thiruvananthapuram,Maharashtra,384669.86,Trisha,Ghose,daminibarman@example.net,5045548447,24,Male,Thiruvananthapuram,Maharashtra,Low,2023-06-01,True,True
79911,17900,2023-01-10,completed,Bhiwani,Kerala,339564.77,Jayan,Wali,riya85@example.com,921475777,60,Male,Bhiwani,Kerala,Premium,2023-04-04,True,True
79920,17859,2022-10-17,shipped,Siwan,Maharashtra,586550.34,Kabir,Bava,rhea67@example.net,1393556282,54,Male,Siwan,Maharashtra,Medium,2022-12-11,True,True
79938,14908,2022-01-06,completed,Lucknow,Maharashtra,334417.53,Anay,Hayre,sararajagopalan@example.org,8665212446,35,Female,Lucknow,Maharashtra,Low,2022-06-02,True,True
79948,15492,2023-04-15,cancelled,Kishanganj,Delhi,529545.78,Baiju,Sami,shamik17@example.org,6503179902,33,Female,Kishanganj,Delhi,Medium,2024-05-24,True,True
79970,14180,2024-10-01,completed,Erode,Bihar,403117.59,Kismat,Saran,manikyadey@example.net,913254149285,49,Female,Erode,Bihar,Low,2023-05-17,True,True
79996,14160,2024-12-15,completed,Satara,Bihar,482968.12,Saksham,Yohannan,damini32@example.net,4009351824,34,Male,Satara,Bihar,Low,2022-05-01,True,True
80020,11455,2024-09-29,completed,Gorakhpur,Rajasthan,334184.45,Raghav,Luthra,ayeshadhar@example.net,7306832968,51,Female,Gorakhpur,Rajasthan,Medium,2022-10-17,True,True
80035,1104,2024-10-25,completed,Nangloi Jat,Bihar,457937.5,Aradhya,Mane,routadvik@example.com,6801867740,52,Male,Nangloi Jat,Bihar,Medium,2024-02-18,True,True
80045,18939,2022-08-27,shipped,Hyderabad,Uttar Pradesh,492737.02,Anaya,Iyer,chowdhuryraghav@example.org,5830721418,18,Female,Hyderabad,Uttar Pradesh,High,2023-06-09,True,True
80055,17543,2022-12-30,completed,Udaipur,Madhya Pradesh,445720.64,Aayush,Rau,badamitarini@example.com,4442388870,46,Male,Udaipur,Madhya Pradesh,High,2023-06-22,True,True
80066,242,2024-10-20,completed,Secunderabad,Punjab,356403.13,Pranay,Jani,okar@example.com,5061809190,24,Female,Secunderabad,Punjab,High,2024-02-21,True,True
80104,10600,2022-03-16,pending,Chennai,Karnataka,408175.0,Divit,Deshmukh,raniatella@example.net,4988978886,40,Female,Chennai,Karnataka,Low,2023-09-13,True,True
80118,703,2024-01-05,completed,Gulbarga,Telangana,334077.27,Raghav,Mand,fateh57@example.net,1971112125,18,Female,Gulbarga,Telangana,High,2022-01-17,True,True
80119,19203,2024-01-26,cancelled,Rajahmundry,Uttar Pradesh,443483.41,Madhav,Soman,zoyachaudry@example.com,2414727233,18,Male,Rajahmundry,Uttar Pradesh,Low,2022-03-29,True,True
80123,12637,2024-04-11,delivered,Mau,Uttar Pradesh,419596.87,Yuvaan,Bhattacharyya,ivanratti@example.com,7088570688,32,Female,Mau,Uttar Pradesh,Low,2023-03-31,True,True
80186,2352,2022-04-23,processing,Guntakal,Madhya Pradesh,326650.38,Kashvi,Sarna,pihuraja@example.org,5320254616,26,Male,Guntakal,Madhya Pradesh,Low,2023-03-27,True,True
80211,16246,2024-10-16,completed,Satna,Gujarat,499022.44,Nishith,Aurora,riaan37@example.com,5185144104,35,Male,Satna,Gujarat,Low,2023-07-09,True,True
80217,16706,2022-12-01,completed,Saharanpur,Bihar,417660.24,Nirvaan,Chand,udewan@example.org,2927269673,23,Male,Saharanpur,Bihar,Medium,2024-08-25,False,True
80278,13217,2023-01-16,completed,Chapra,Karnataka,511268.52,Navya,Sundaram,neysamani@example.net,744635348,38,Male,Chapra,Karnataka,Medium,2023-06-10,True,True
80303,9382,2024-07-17,pending,Aligarh,Maharashtra,371968.49,Mahika,Som,igill@example.org,5546193793,34,Female,Aligarh,Maharashtra,High,2024-12-29,True,True
80316,15555,2024-05-04,completed,Kochi,West Bengal,712537.18,Manikya,Chawla,nedwin@example.com,918492569349,43,Male,Kochi,West Bengal,Medium,2024-06-15,True,True
80430,94,2023-08-30,completed,Tirupati,Uttar Pradesh,326772.88,Sumer,Mahajan,nayantara27@example.net,2217043030,32,Female,Tirupati,Uttar Pradesh,Low,2024-03-11,True,True
80458,3153,2023-02-14,completed,Surendranagar Dudhrej,Telangana,952814.64,Tara,Brar,reyansh26@example.org,916289223843,38,Male,Surendranagar Dudhrej,Telangana,Low,2024-08-04,True,True
80461,8861,2022-06-11,completed,Danapur,Madhya Pradesh,742637.47,Hazel,Vora,lravel@example.org,6766026029,36,Female,Danapur,Madhya Pradesh,Low,2024-09-08,True,True
80497,3175,2023-10-06,completed,Dehri,Uttar Pradesh,466900.95,Samaira,Issac,vaidyariaan@example.org,817442539,37,Male,Dehri,Uttar Pradesh,Low,2024-10-08,True,True
80554,10747,2024-07-06,completed,Tirunelveli,Uttar Pradesh,503956.75,Navya,Chaudhuri,hsaxena@example.net,915303877857,33,Female,Tirunelveli,Uttar Pradesh,High,2024-01-02,True,True
80570,13563,2022-09-06,completed,Gurgaon,Madhya Pradesh,324204.29,Kabir,Rege,rkhatri@example.org,4606642957,41,Male,Gurgaon,Madhya Pradesh,Low,2024-03-19,True,True
80596,12690,2022-07-09,completed,Mira-Bhayandar,West Bengal,626676.78,Samiha,Khurana,madhav82@example.com,4974254709,48,Male,Mira-Bhayandar,West Bengal,Low,2024-12-23,True,True
80639,4403,2022-10-10,completed,New Delhi,Bihar,561534.68,Nirvaan,De,tellahrishita@example.net,9785315027,32,Female,New Delhi,Bihar,Low,2024-05-24,True,True
80644,1402,2022-06-24,completed,Nagpur,Karnataka,336047.19,Elakshi,Bakshi,esarkar@example.net,914956479984,35,Female,Nagpur,Karnataka,Medium,2024-11-21,True,True
80650,9862,2022-02-18,delivered,Yamunanagar,Uttar Pradesh,384710.67,Adah,De,manearadhya@example.org,911834182762,24,Male,Yamunanagar,Uttar Pradesh,Low,2023-11-12,True,True
80723,2099,2024-11-15,shipped,Naihati,Bihar,358776.29,Sumer,Wali,rswaminathan@example.com,536251231,22,Female,Naihati,Bihar,Medium,2023-02-05,True,True
80728,18696,2023-01-04,delivered,Gandhidham,Uttar Pradesh,581517.37,Dhanush,Dada,wcontractor@example.net,4870413914,18,Female,Gandhidham,Uttar Pradesh,Medium,2024-08-24,True,True
80762,4479,2024-03-03,delivered,Ludhiana,Gujarat,388988.62,Tanya,Choudhary,kashvibhalla@example.org,916556441493,57,Female,Ludhiana,Gujarat,Low,2022-04-23,False,True
80766,16346,2024-11-30,completed,Faridabad,Uttar Pradesh,377763.24,Mamooty,Rajan,seshadriprerak@example.net,3382656186,37,Male,Faridabad,Uttar Pradesh,Premium,2022-04-29,False,True
80797,17598,2023-12-03,completed,Kamarhati,Maharashtra,472900.28,Yashvi,Lalla,takarmaan@example.com,2726480807,33,Male,Kamarhati,Maharashtra,Low,2024-05-26,True,True
80832,13185,2022-06-22,delivered,Solapur,Bihar,685022.56,Shanaya,Kashyap,advikakrishnamurthy@example.com,919521703543,36,Male,Solapur,Bihar,Medium,2023-12-22,True,True
80888,12053,2024-09-10,shipped,Bhimavaram,Tamil Nadu,600230.94,Jayesh,D’Alia,kalasumer@example.com,913757814729,24,Female,Bhimavaram,Tamil Nadu,Low,2022-03-22,True,True
80962,18361,2024-02-22,cancelled,Imphal,Tamil Nadu,791704.7,Ivana,Kurian,rania51@example.com,913233539462,26,Male,Imphal,Tamil Nadu,Medium,2023-08-20,True,True
80994,7530,2023-10-13,completed,New Delhi,Rajasthan,510586.38,Hrishita,Som,duttayuvaan@example.org,2655592398,33,Female,New Delhi,Rajasthan,Low,2023-11-10,True,True
81170,2177,2024-05-28,cancelled,Sangli-Miraj & Kupwad,Bihar,533586.83,Kavya,Shanker,priyanshkeer@example.com,1237793980,29,Male,Sangli-Miraj & Kupwad,Bihar,Medium,2022-09-06,True,True
81211,12061,2023-12-01,completed,Tadepalligudem,Maharashtra,362949.41,Nayantara,Bains,himmat85@example.com,911607996229,18,Female,Tadepalligudem,Maharashtra,High,2024-07-27,True,True
81332,13959,2022-11-29,completed,Morbi,Gujarat,627500.22,Lagan,Dash,shamiksehgal@example.net,912089967790,34,Male,Morbi,Gujarat,High,2024-10-18,True,True
81338,11574,2024-10-28,pending,Dibrugarh,Gujarat,680501.18,Chirag,Venkatesh,yashviagrawal@example.net,126222464,39,Male,Dibrugarh,Gujarat,Low,2023-07-14,True,True
81459,13005,2024-07-10,delivered,Munger,Uttar Pradesh,424083.9,Hazel,Barad,lmannan@example.com,912523153201,33,Female,Munger,Uttar Pradesh,Medium,2022-11-15,True,True
81469,9079,2024-02-20,completed,Chandrapur,Karnataka,404294.59,Ishita,Hegde,sethiojas@example.org,918886872390,45,Male,Chandrapur,Karnataka,High,2022-10-14,True,True
81540,19840,2023-03-11,shipped,Kota,Maharashtra,540652.87,Armaan,Tara,fboase@example.org,3153299200,30,Female,Kota,Maharashtra,High,2022-02-27,True,True
81595,4260,2024-06-27,delivered,Faridabad,Maharashtra,443356.14,Arnav,Tata,bhargavajayant@example.net,918489364590,44,Male,Faridabad,Maharashtra,Low,2022-03-30,True,True
81675,2655,2023-08-28,completed,Vijayawada,Kerala,339562.66,Yakshit,Swaminathan,ivanalall@example.org,1734608736,32,Male,Vijayawada,Kerala,High,2023-02-11,True,True
81742,9316,2022-01-31,completed,Deoghar,Uttar Pradesh,396202.27,Biju,Ghosh,kairabora@example.net,547260971,26,Female,Deoghar,Uttar Pradesh,High,2024-01-18,True,True
81746,9448,2023-08-13,completed,Parbhani,Uttar Pradesh,373464.96,Nakul,Jani,devanshsehgal@example.com,3099242155,18,Female,Parbhani,Uttar Pradesh,High,2024-05-18,False,True
81826,11998,2023-02-25,shipped,Cuttack,Bihar,343219.25,Aaryahi,Butala,dhillontushar@example.org,915989715683,29,Female,Cuttack,Bihar,Low,2023-01-16,False,True
81832,1802,2024-09-16,completed,Kharagpur,Uttar Pradesh,623457.28,Khushi,Dhar,vardaniya45@example.com,4441076926,34,Female,Kharagpur,Uttar Pradesh,High,2024-09-21,True,True
81852,772,2022-02-18,shipped,Bulandshahr,Tamil Nadu,419856.99,Aaina,Warrior,ukaur@example.org,4014843991,24,Male,Bulandshahr,Tamil Nadu,Low,2022-08-06,True,True
81934,325,2022-08-31,pending,Mau,Maharashtra,547199.8,Jhanvi,Swaminathan,aayushreddy@example.org,4414488501,45,Male,Mau,Maharashtra,Premium,2023-09-08,True,True
81942,18364,2023-10-21,completed,Jamnagar,Madhya Pradesh,349063.91,Mehul,Raval,tiya32@example.org,2901960176,49,Female,Jamnagar,Madhya Pradesh,Low,2022-10-30,True,True
82014,10013,2022-07-29,cancelled,Naihati,Tamil Nadu,377659.25,Ishita,Sachdeva,sumer24@example.org,1005496412,50,Female,Naihati,Tamil Nadu,Medium,2022-03-25,True,True
82019,13131,2024-01-19,completed,Hospet,West Bengal,641327.57,Mahika,Brar,iravel@example.org,1986276059,35,Male,Hospet,West Bengal,High,2022-06-09,True,True
82036,7266,2022-06-14,completed,Sultan Pur Majra,Telangana,393688.92,Veer,Vohra,adeol@example.org,912877056452,27,Male,Sultan Pur Majra,Telangana,Medium,2024-04-02,True,True
82054,7968,2024-03-25,completed,Karaikudi,Tamil Nadu,449150.32,Samar,Mane,romil26@example.com,4252145413,28,Female,Karaikudi,Tamil Nadu,Medium,2024-06-09,True,True
82099,11264,2022-08-08,completed,Cuttack,Tamil Nadu,485072.95,Madhav,Goswami,adahbhavsar@example.org,8257736084,31,Female,Cuttack,Tamil Nadu,Low,2024-08-31,True,True
82143,711,2024-03-09,completed,Jamalpur,Uttar Pradesh,461353.53,Jayant,Dora,dhanush23@example.org,1328507251,43,Male,Jamalpur,Uttar Pradesh,Medium,2024-12-02,True,True
82196,145,2023-10-31,completed,Gulbarga,Bihar,362662.24,Sumer,Malhotra,rajukismat@example.com,466183982,37,Female,Gulbarga,Bihar,Low,2022-08-04,False,True
82285,7303,2024-12-05,completed,Orai,Uttar Pradesh,387022.13,Rhea,Sura,tghosh@example.org,8132469748,18,Male,Orai,Uttar Pradesh,Low,2024-12-20,True,True
82305,18860,2022-01-17,delivered,Anand,Karnataka,347081.32,Zara,Khatri,drama@example.net,916252842199,39,Female,Anand,Karnataka,Premium,2023-11-05,True,True
82316,488,2023-07-08,completed,Orai,Maharashtra,337245.69,Anahita,Kalita,zgour@example.com,4602734151,18,Female,Orai,Maharashtra,Low,2024-03-07,True,True
82343,15161,2023-11-14,completed,Gwalior,West Bengal,491604.15,Hansh,Khalsa,bsandhu@example.net,6333421972,26,Female,Gwalior,West Bengal,Medium,2022-10-01,True,True
82361,916,2024-10-28,shipped,Munger,Rajasthan,327653.39,Jayesh,Bhandari,hganguly@example.net,7817941515,46,Female,Munger,Rajasthan,High,2022-10-22,True,True
82368,17916,2022-12-12,completed,Baranagar,Uttar Pradesh,350510.13,Alisha,Anand,reneesridhar@example.org,7675583418,50,Female,Baranagar,Uttar Pradesh,Medium,2024-05-23,True,True
82415,14377,2022-01-04,completed,New Delhi,Maharashtra,562666.12,Arnav,Dhingra,buchgokul@example.com,910352950322,18,Male,New Delhi,Maharashtra,High,2024-05-15,True,True
82459,9190,2022-12-17,completed,Kurnool,Telangana,713851.95,Priyansh,Som,laladevansh@example.net,9655534644,46,Female,Kurnool,Telangana,High,2022-10-05,True,True
82467,13904,2024-01-05,completed,Loni,Tamil Nadu,334707.14,Tarini,Sankaran,kimaya04@example.com,29938512,53,Male,Loni,Tamil Nadu,Medium,2024-02-28,True,True
82525,10493,2023-06-24,delivered,Dindigul,Karnataka,449345.33,Ehsaan,Behl,grewalela@example.com,329439475,46,Male,Dindigul,Karnataka,Low,2024-03-25,True,True
82574,18926,2024-10-06,delivered,Jamnagar,Madhya Pradesh,363089.44,Onkar,Sidhu,diyaverma@example.org,911358916968,50,Female,Jamnagar,Madhya Pradesh,Medium,2023-05-30,True,True
82702,8687,2023-12-22,delivered,Bhubaneswar,Bihar,632631.3,Ryan,Dutta,sridharanaya@example.com,9024484345,36,Male,Bhubaneswar,Bihar,Low,2023-09-11,True,True
82724,666,2024-06-08,delivered,Alappuzha,Tamil Nadu,539384.96,Alia,Srivastava,kcontractor@example.org,3692944551,21,Female,Alappuzha,Tamil Nadu,Low,2023-10-17,True,True
82734,6959,2023-08-15,delivered,Shimoga,Madhya Pradesh,399246.77,Shray,Rout,anvishroff@example.org,7501396377,37,Male,Shimoga,Madhya Pradesh,High,2024-04-28,True,True
82793,7831,2022-12-08,completed,Panipat,Tamil Nadu,366997.94,Vaibhav,Sandhu,sainishlok@example.com,910974291923,18,Male,Panipat,Tamil Nadu,Low,2023-05-21,True,True
82860,918,2024-01-27,completed,Kalyan-Dombivli,Bihar,354675.21,Ehsaan,Swamy,kcherian@example.org,7913787655,22,Female,Kalyan-Dombivli,Bihar,Low,2022-02-26,True,True
82868,4320,2024-07-02,completed,Gandhidham,Kerala,327258.45,Urvi,Seshadri,jiyavasa@example.com,918192758482,33,Female,Gandhidham,Kerala,High,2023-07-28,True,True
82884,4154,2022-07-23,shipped,Kollam,Uttar Pradesh,478423.39,Ela,Ahuja,nsamra@example.net,5131914296,31,Female,Kollam,Uttar Pradesh,Medium,2022-01-25,False,True
82939,988,2022-01-20,shipped,Nagaon,Uttar Pradesh,414894.62,Mamooty,Rau,shaan21@example.com,5058714692,28,Female,Nagaon,Uttar Pradesh,High,2024-10-08,True,True
83037,14466,2023-08-09,delivered,Bidhannagar,Punjab,373535.53,Diya,Thaman,zoyalad@example.net,2887613728,24,Female,Bidhannagar,Punjab,Low,2022-05-24,True,True
83095,4342,2023-09-14,processing,Bidhannagar,Maharashtra,619755.25,Misha,Gandhi,macharya@example.org,919309587202,33,Male,Bidhannagar,Maharashtra,Low,2023-07-07,True,True
83107,14330,2023-08-22,completed,Bhagalpur,Bihar,364919.64,Aayush,Anand,walichirag@example.net,4062256424,31,Female,Bhagalpur,Bihar,Low,2023-11-27,True,True
83124,10371,2024-08-17,completed,Karimnagar,Uttar Pradesh,374531.29,Manikya,Grover,odugal@example.com,4999108719,50,Male,Karimnagar,Uttar Pradesh,Low,2023-01-29,True,True
83148,3396,2022-08-05,completed,Agartala,Uttar Pradesh,602299.13,Akarsh,Wason,nishithsanghvi@example.net,910002978067,23,Female,Agartala,Uttar Pradesh,Medium,2023-10-18,True,True
83251,12744,2022-02-15,shipped,Sambalpur,West Bengal,525836.32,Jivin,Balasubramanian,varugheseanvi@example.com,712174724,48,Female,Sambalpur,West Bengal,Low,2024-09-18,True,True
83253,9050,2024-10-31,completed,Pondicherry,Telangana,470668.37,Kaira,Mane,lalveer@example.com,4373546023,18,Female,Pondicherry,Telangana,Medium,2022-11-11,True,True
83283,18307,2022-05-24,completed,Chinsurah,Bihar,653660.46,Fateh,Desai,hunar25@example.org,7277912351,18,Male,Chinsurah,Bihar,Premium,2022-08-01,True,True
83389,9603,2022-06-22,delivered,Noida,Uttar Pradesh,449131.44,Nayantara,Kar,riyahans@example.org,6204076947,40,Male,Noida,Uttar Pradesh,Premium,2022-08-26,True,True
83441,351,2024-11-25,shipped,Chandrapur,Karnataka,527418.61,Elakshi,Ganguly,sakshammahal@example.org,106181753,18,Female,Chandrapur,Karnataka,Premium,2022-10-27,True,True
83454,10813,2024-03-22,completed,Latur,Uttar Pradesh,520144.08,Vedika,Deshmukh,elakshi84@example.net,262353143,30,Male,Latur,Uttar Pradesh,High,2023-08-12,True,True
83508,6874,2022-04-01,shipped,Durgapur,Tamil Nadu,335917.71,Krish,Borra,arhaan82@example.org,1315151947,18,Female,Durgapur,Tamil Nadu,Medium,2024-03-28,True,True
83627,5890,2023-03-15,delivered,Haldia,West Bengal,345253.78,Miraan,Gola,mbaral@example.net,916283600651,43,Male,Haldia,West Bengal,Low,2024-02-23,True,True
83628,16858,2024-11-14,completed,Mehsana,Tamil Nadu,418278.68,Taran,Seshadri,saraseshadri@example.net,9480558779,43,Female,Mehsana,Tamil Nadu,Medium,2023-09-24,True,True
83647,4457,2023-10-07,delivered,Karawal Nagar,Madhya Pradesh,357357.4,Anvi,Gokhale,kimayabali@example.com,9139468933,34,Male,Karawal Nagar,Madhya Pradesh,Medium,2023-08-31,True,True
83657,12496,2022-07-20,completed,Cuttack,Uttar Pradesh,622425.75,Anahita,Buch,lakshay77@example.com,2925943326,49,Male,Cuttack,Uttar Pradesh,Low,2024-03-12,True,True
83678,9015,2022-04-09,completed,Thanjavur,Uttar Pradesh,345344.21,Akarsh,Wadhwa,kundahridaan@example.org,919461632174,28,Female,Thanjavur,Uttar Pradesh,Low,2024-12-04,True,True
83686,16101,2023-12-19,cancelled,Bhiwandi,Telangana,376978.72,Azad,Chadha,kiaansuri@example.com,919707028205,45,Male,Bhiwandi,Telangana,Low,2024-10-10,True,True
83688,502,2022-08-13,shipped,Aizawl,West Bengal,447732.99,Oorja,Singh,sandhupurab@example.org,5230837081,22,Female,Aizawl,West Bengal,High,2023-11-21,True,True
83744,9194,2024-03-20,completed,Karaikudi,Bihar,472900.28,Indrajit,Sawhney,aradhyajohal@example.com,5218083248,24,Male,Karaikudi,Bihar,High,2022-08-04,True,True
83745,18244,2022-12-12,completed,Rajahmundry,Maharashtra,648132.19,Kashvi,Bhatia,baiju33@example.net,3082866570,44,Male,Rajahmundry,Maharashtra,Low,2022-02-12,True,True
83764,14436,2024-10-24,completed,Jabalpur,Telangana,434086.48,Romil,Dhaliwal,jchanda@example.org,916951601975,46,Female,Jabalpur,Telangana,Medium,2023-11-30,True,True
83770,14032,2024-01-14,completed,Mysore,Uttar Pradesh,371274.75,Rasha,Mangat,jhanvidutt@example.net,915696304676,37,Male,Mysore,Uttar Pradesh,Low,2023-06-01,True,True
83819,16726,2023-06-11,delivered,Bhiwandi,Delhi,501237.12,Armaan,Buch,dhanuk80@example.com,181141454,44,Female,Bhiwandi,Delhi,High,2024-10-05,False,True
83855,4722,2023-08-12,completed,Motihari,Maharashtra,398014.83,Rania,Chaudry,eshani60@example.com,1775450756,44,Female,Motihari,Maharashtra,Medium,2022-02-11,True,True
83872,8882,2024-04-30,completed,Anand,Karnataka,438762.96,Anvi,Dar,bhatprisha@example.net,8790091060,30,Male,Anand,Karnataka,Low,2022-10-18,True,True
84028,3804,2022-08-02,completed,Warangal,Bihar,354204.97,Anvi,Sehgal,hanshtrivedi@example.com,9660702873,31,Female,Warangal,Bihar,Medium,2022-11-22,True,True
84037,12725,2022-03-21,completed,Berhampur,Delhi,668878.32,Samarth,Dave,kbuch@example.com,8933276940,48,Female,Berhampur,Delhi,Medium,2022-03-16,True,True
84038,9082,2024-03-14,completed,Uluberia,Uttar Pradesh,505258.95,Pari,Sen,htaneja@example.org,1150271148,41,Female,Uluberia,Uttar Pradesh,Low,2022-04-10,True,True
84061,6844,2023-01-24,pending,Sambalpur,Kerala,579514.07,Manikya,Comar,ladojas@example.com,4017263702,23,Female,Sambalpur,Kerala,Low,2022-05-22,True,True
84064,7224,2022-05-07,shipped,Kottayam,Madhya Pradesh,379237.57,Dharmajan,Balan,ritvik30@example.net,7845198442,50,Male,Kottayam,Madhya Pradesh,High,2023-02-23,True,True
84191,796,2024-02-21,completed,Bongaigaon,Bihar,557172.12,Hridaan,Dar,ychandra@example.com,915079181589,29,Male,Bongaigaon,Bihar,Medium,2024-09-26,True,True
84226,13092,2024-10-14,completed,Chennai,Karnataka,409927.81,Adah,Dugar,janimyra@example.net,622962640,58,Male,Chennai,Karnataka,Low,2023-01-26,True,True
84243,7104,2022-06-05,shipped,Bulandshahr,Rajasthan,486173.45,Biju,Sarma,devansh81@example.net,7862180353,55,Male,Bulandshahr,Rajasthan,Premium,2024-04-24,True,True
84287,3355,2023-09-24,completed,Dhule,Bihar,473057.53,Ehsaan,Kibe,sherehimmat@example.org,914574175659,30,Male,Dhule,Bihar,Low,2022-01-10,True,True
84301,7170,2024-11-02,shipped,Nagpur,Madhya Pradesh,591125.35,Vedika,Krishnan,rattiryan@example.net,916736333341,34,Male,Nagpur,Madhya Pradesh,High,2024-07-31,True,True
84302,10500,2023-07-01,completed,Rewa,Rajasthan,329161.92,Nitya,Keer,bchokshi@example.org,1473900814,59,Male,Rewa,Rajasthan,Low,2022-12-20,True,True
84351,16782,2024-09-13,completed,Pali,Karnataka,329522.31,Miraya,Sunder,udugar@example.net,1880411775,39,Male,Pali,Karnataka,Medium,2024-12-24,True,True
84438,2556,2024-01-22,pending,Kolkata,Delhi,359599.74,Umang,Kothari,nayantara80@example.net,3714926273,18,Female,Kolkata,Delhi,Low,2024-10-02,True,True
84526,12835,2024-12-14,processing,Panchkula,Madhya Pradesh,362855.47,Shaan,Dora,khushidalia@example.com,4635879967,42,Female,Panchkula,Madhya Pradesh,Medium,2023-09-13,True,True
84528,14466,2023-03-17,completed,Bidhannagar,Punjab,352298.83,Diya,Thaman,zoyalad@example.net,2887613728,24,Female,Bidhannagar,Punjab,Low,2022-05-24,True,True
84542,13791,2022-10-04,cancelled,Sikar,Bihar,409852.11,Ayesha,Bhatia,wbatta@example.org,7289933123,39,Female,Sikar,Bihar,Low,2023-07-04,True,True
84551,13046,2023-01-15,processing,Akola,Gujarat,368661.73,Umang,Upadhyay,doctorakarsh@example.com,3223026174,24,Male,Akola,Gujarat,Low,2024-01-11,True,True
84598,10399,2023-10-28,shipped,Mathura,Uttar Pradesh,450643.38,Zaina,Yogi,iahuja@example.net,6474298281,32,Male,Mathura,Uttar Pradesh,High,2024-10-20,True,True
84683,680,2023-11-08,shipped,Bhubaneswar,Tamil Nadu,452626.0,Zoya,Kant,qiyengar@example.org,7350476392,41,Female,Bhubaneswar,Tamil Nadu,Medium,2024-08-10,True,True
84686,3338,2022-10-18,completed,Kharagpur,Tamil Nadu,473015.87,Vaibhav,Gala,samairakrish@example.com,4558393185,51,Male,Kharagpur,Tamil Nadu,Low,2023-06-01,True,True
84687,444,2022-08-20,processing,Kishanganj,Punjab,360349.59,Aradhya,Dayal,vardaniya50@example.net,2891077119,47,Female,Kishanganj,Punjab,High,2022-03-07,True,True
84707,7445,2024-01-13,delivered,Ambarnath,Uttar Pradesh,374058.12,Ayesha,Ramachandran,gsoni@example.org,912452698892,39,Female,Ambarnath,Uttar Pradesh,High,2024-07-31,True,True
84787,10581,2024-03-12,completed,Nizamabad,Maharashtra,539259.65,Eshani,Vyas,zeeshan66@example.com,2572538000,39,Male,Nizamabad,Maharashtra,Low,2024-07-07,True,True
84791,12511,2023-05-04,completed,Rajkot,Kerala,361546.48,Shlok,Dhar,indranilkota@example.org,912952740505,25,Male,Rajkot,Kerala,Medium,2024-08-09,False,True
84825,16628,2022-01-19,cancelled,Buxar,Maharashtra,379678.66,Nehmat,Gade,bhaminide@example.net,919619854237,47,Female,Buxar,Maharashtra,Low,2023-12-13,False,True
84826,6554,2023-10-17,completed,Kanpur,Gujarat,392968.6,Ishaan,Goel,dhartejas@example.net,209054243,53,Female,Kanpur,Gujarat,Medium,2023-12-13,True,True
84844,15024,2024-02-22,completed,Khora ,Uttar Pradesh,621707.27,Ahana ,Viswanathan,kanavbarad@example.org,356903436,42,Female,Khora ,Uttar Pradesh,Medium,2023-04-27,True,True
84914,19991,2024-01-25,shipped,Hospet,Maharashtra,410284.74,Dharmajan,Baria,hthaman@example.net,917308327733,45,Female,Hospet,Maharashtra,Premium,2023-10-05,True,True
84926,3473,2022-10-10,processing,Gaya,Karnataka,343406.89,Devansh,Sha,ithaman@example.net,126831562,51,Female,Gaya,Karnataka,Medium,2022-04-04,True,True
84932,9269,2023-05-28,cancelled,Korba,Punjab,355826.19,Hansh,Majumdar,shahriya@example.com,919741770039,43,Male,Korba,Punjab,Premium,2022-09-13,False,True
84937,16570,2022-10-15,completed,Berhampore,Maharashtra,361410.66,Advika,Varty,navyagarde@example.net,2908711675,49,Female,Berhampore,Maharashtra,Medium,2024-04-04,True,True
85013,19298,2024-10-28,completed,Pali,Bihar,884792.56,Yasmin,Tank,anayatiwari@example.org,6725162490,18,Female,Pali,Bihar,High,2023-04-16,True,True
85045,17461,2022-08-14,completed,Bhagalpur,Uttar Pradesh,894254.3,Miraya,Kaur,taimurgoel@example.com,912760558145,28,Male,Bhagalpur,Uttar Pradesh,Medium,2023-12-31,True,True
85106,4847,2022-10-21,shipped,Kalyan-Dombivli,Uttar Pradesh,440327.0,Hunar,Banik,shayak95@example.org,913931591051,22,Male,Kalyan-Dombivli,Uttar Pradesh,Premium,2024-10-14,True,True
85120,1588,2024-10-11,completed,Morbi,Madhya Pradesh,511254.62,Yuvraj ,Chaudhry,chadkimaya@example.com,5726169496,41,Male,Morbi,Madhya Pradesh,Low,2024-05-20,True,True
85166,7622,2022-09-21,completed,Pudukkottai,Tamil Nadu,368710.78,Nishith,Koshy,rsarraf@example.com,4121238997,42,Male,Pudukkottai,Tamil Nadu,High,2024-04-24,True,True
85226,5829,2022-11-21,pending,Sangli-Miraj & Kupwad,Uttar Pradesh,427164.14,Alia,Sem,oraju@example.net,5020052956,45,Male,Sangli-Miraj & Kupwad,Uttar Pradesh,Low,2023-09-01,True,True
85236,9092,2024-02-28,shipped,Bhilai,Uttar Pradesh,341233.31,Biju,Ravel,ayesha32@example.net,1388875653,32,Male,Bhilai,Uttar Pradesh,Medium,2024-03-09,True,True
85267,13919,2024-10-15,shipped,Navi Mumbai,Punjab,475157.88,Parinaaz,Das,kjoshi@example.com,919917041516,46,Male,Navi Mumbai,Punjab,Low,2022-02-25,True,True
85290,19851,2024-02-08,completed,Machilipatnam,Uttar Pradesh,346549.26,Madhav,Balasubramanian,choprashlok@example.net,7312009478,33,Female,Machilipatnam,Uttar Pradesh,Medium,2023-04-12,True,True
85396,14552,2024-11-28,shipped,Surendranagar Dudhrej,Gujarat,565211.54,Yuvraj ,Bedi,divijganesh@example.com,9996515047,40,Male,Surendranagar Dudhrej,Gujarat,Medium,2024-08-04,True,True
85431,11822,2024-10-25,completed,Jodhpur,Uttar Pradesh,441169.55,Jivika,Sehgal,yuvaan55@example.com,2228979280,36,Female,Jodhpur,Uttar Pradesh,Low,2023-09-22,True,True
85472,17162,2024-04-29,completed,Warangal,Tamil Nadu,375687.71,Taran,Kakar,amirabaria@example.net,911863218997,31,Female,Warangal,Tamil Nadu,High,2024-12-12,True,True
85510,17677,2023-02-10,completed,Silchar,Bihar,504592.68,Inaaya ,Bains,ehsaan12@example.org,6601742201,26,Male,Silchar,Bihar,Medium,2022-01-25,True,True
85519,544,2024-01-10,completed,Bhind,Maharashtra,428771.81,Drishya,Saxena,nirvibhatnagar@example.org,9405396727,24,Male,Bhind,Maharashtra,Low,2024-02-20,True,True
85529,5822,2024-04-28,completed,Singrauli,Kerala,522583.34,Aarush,Bala,onkarbiswas@example.net,912562467751,34,Male,Singrauli,Kerala,Low,2023-09-26,True,True
85540,10464,2022-10-31,completed,Sangli-Miraj & Kupwad,Maharashtra,639852.59,Kabir,Lala,balanishita@example.net,5392298993,22,Female,Sangli-Miraj & Kupwad,Maharashtra,Medium,2024-11-11,True,True
85610,18436,2022-06-29,completed,Chandrapur,Tamil Nadu,419619.35,Sana,Konda,wkeer@example.com,6559098045,32,Female,Chandrapur,Tamil Nadu,Low,2023-10-21,True,True
85639,11375,2022-06-01,completed,Deoghar,Gujarat,452657.66,Mannat,Atwal,shalvdate@example.com,913977504448,42,Male,Deoghar,Gujarat,Medium,2022-12-28,False,True
85754,17906,2023-09-07,completed,Ambarnath,Gujarat,385795.51,Ahana ,Suresh,vargheseadah@example.net,5604767937,31,Male,Ambarnath,Gujarat,Premium,2023-10-27,True,True
85776,11055,2023-01-31,pending,Malda,Rajasthan,510287.61,Amani,Devi,nayantarajoshi@example.com,1783732205,25,Male,Malda,Rajasthan,Medium,2024-10-04,True,True
85807,12731,2022-09-30,completed,Serampore,Bihar,439019.07,Jhanvi,Walla,tejasgarg@example.com,2100946130,18,Male,Serampore,Bihar,High,2022-10-18,True,True
85857,1326,2024-05-18,completed,South Dumdum,Uttar Pradesh,713872.48,Zoya,Banerjee,vgade@example.org,8701799932,24,Female,South Dumdum,Uttar Pradesh,Medium,2022-03-05,True,True
85953,17491,2023-10-30,completed,Satara,Maharashtra,444248.85,Divit,Varkey,kairagour@example.net,916447639581,52,Male,Satara,Maharashtra,Medium,2024-03-01,False,True
85967,17627,2022-02-16,completed,Raichur,Bihar,511268.52,Rhea,Yogi,nishithbose@example.com,911412489836,34,Female,Raichur,Bihar,Medium,2024-01-31,True,True
86007,6025,2023-01-17,completed,Jamnagar,Uttar Pradesh,328073.11,Pari,Dave,zachariahryan@example.com,7515256628,25,Male,Jamnagar,Uttar Pradesh,High,2023-07-12,True,True
86009,11414,2022-11-25,completed,Phagwara,Karnataka,587168.17,Jiya,Mahajan,jsharma@example.com,3545709194,29,Female,Phagwara,Karnataka,Low,2022-08-01,True,True
86014,14645,2023-01-18,completed,Berhampore,Maharashtra,624725.26,Dishani,Dar,abram08@example.net,919451848718,23,Female,Berhampore,Maharashtra,High,2024-03-22,True,True
86070,437,2023-10-11,pending,Junagadh,Bihar,382911.8,Taran,Sant,tsuri@example.org,912031030372,40,Male,Junagadh,Bihar,Low,2024-08-30,True,True
86109,10681,2023-03-23,completed,Bettiah,Madhya Pradesh,495538.82,Pranay,Majumdar,kabir35@example.com,911452325169,18,Male,Bettiah,Madhya Pradesh,Low,2024-05-06,True,True
86135,330,2022-02-20,cancelled,Bhagalpur,Karnataka,440576.5,Amira,Hari,agatesahil@example.org,9157018409,34,Female,Bhagalpur,Karnataka,Medium,2023-05-14,True,True
86136,3409,2024-11-03,completed,Pimpri-Chinchwad,Maharashtra,576149.73,Parinaaz,Sethi,agrawaljhanvi@example.org,914187155039,29,Male,Pimpri-Chinchwad,Maharashtra,Low,2022-12-23,False,True
86185,8099,2024-07-08,completed,Madurai,Maharashtra,540723.34,Anika,Datta,amblesana@example.com,914642406005,34,Male,Madurai,Maharashtra,Medium,2022-01-17,True,True
86201,12857,2024-05-14,cancelled,Bareilly,Gujarat,440289.51,Manjari,Mahal,shaansama@example.org,7184944860,52,Female,Bareilly,Gujarat,Low,2024-05-05,True,True
86232,2494,2023-02-05,cancelled,Bettiah,Gujarat,445436.36,Shamik,Apte,lsuri@example.com,2501691569,38,Female,Bettiah,Gujarat,Low,2022-04-07,True,True
86276,13590,2022-11-20,processing,Moradabad,West Bengal,478688.67,Ayesha,Kamdar,ojasjoshi@example.net,6612406830,36,Male,Moradabad,West Bengal,High,2022-07-31,True,True
86284,13149,2023-10-10,completed,Aurangabad,Telangana,404344.9,Mishti,Bhat,usamra@example.org,9830787411,38,Male,Aurangabad,Telangana,Low,2023-10-26,True,True
86292,11887,2022-03-02,completed,Morbi,West Bengal,507152.88,Jivika,Joshi,veerwadhwa@example.org,913524288494,39,Male,Morbi,West Bengal,Medium,2022-07-13,True,True
86299,35,2024-03-29,completed,Aurangabad,Uttar Pradesh,591846.42,Onkar,Sinha,ivan99@example.net,1241904966,25,Female,Aurangabad,Uttar Pradesh,Low,2024-07-08,True,True
86317,17234,2023-10-04,cancelled,Bhilai,Tamil Nadu,438185.79,Aniruddh,Sha,jayeshthaman@example.com,987243522,43,Male,Bhilai,Tamil Nadu,High,2022-05-24,True,True
86318,11336,2023-10-13,completed,Bathinda,Maharashtra,419404.72,Nishith,D’Alia,dchopra@example.net,919728614186,28,Male,Bathinda,Maharashtra,Low,2022-08-29,True,True
86413,19906,2022-10-07,pending,Gaya,Kerala,762034.65,Romil,Balan,deodrishya@example.com,1440360815,46,Female,Gaya,Kerala,Low,2024-09-13,True,True
86458,16582,2022-02-24,completed,Nangloi Jat,Maharashtra,356407.67,Nirvaan,Khalsa,andrastuvan@example.net,917670050586,25,Female,Nangloi Jat,Maharashtra,Medium,2024-01-01,True,True
86528,15922,2024-03-02,completed,Korba,Bihar,385699.27,Zoya,Dalal,golaurvi@example.com,1090593337,29,Male,Korba,Bihar,Medium,2022-08-04,True,True
86552,13454,2023-01-15,completed,Ahmednagar,Uttar Pradesh,723376.78,Advika,Grover,farhan04@example.net,7396430482,18,Male,Ahmednagar,Uttar Pradesh,Medium,2022-03-22,True,True
86653,5263,2022-01-13,completed,Raiganj,Gujarat,588698.12,Ira,Gulati,brarjayan@example.com,914714113631,51,Female,Raiganj,Gujarat,Low,2023-11-04,True,True
86682,17778,2023-01-02,completed,Ozhukarai,Uttar Pradesh,581143.64,Jivika,Mangat,mannat98@example.net,910173534489,31,Female,Ozhukarai,Uttar Pradesh,Low,2022-10-07,True,True
86699,3701,2024-05-19,completed,Kulti,Gujarat,427646.35,Emir,Uppal,baiju54@example.org,3469898473,25,Female,Kulti,Gujarat,Medium,2024-07-09,True,True
86835,8269,2023-08-03,completed,Bellary,Uttar Pradesh,470333.68,Priyansh,Thakkar,kartikmani@example.org,4123078531,51,Female,Bellary,Uttar Pradesh,Low,2024-04-03,True,True
86841,12421,2022-12-07,delivered,Kolkata,Uttar Pradesh,576276.6,Saksham,Bajwa,rashachawla@example.org,670837256,54,Male,Kolkata,Uttar Pradesh,Low,2024-12-01,False,True
86891,4348,2022-05-16,completed,Tiruchirappalli,Punjab,391607.14,Madhup,Krishna,chandnirvi@example.net,2120041648,43,Female,Tiruchirappalli,Punjab,Medium,2023-07-26,True,True
86972,5780,2022-05-29,pending,Kamarhati,Uttar Pradesh,844858.94,Hiran,Hayer,saneaaina@example.net,914245864145,35,Female,Kamarhati,Uttar Pradesh,Low,2022-04-08,True,True
87017,16528,2023-09-05,completed,Kakinada,Maharashtra,599357.04,Darshit,Samra,renee65@example.org,1956306817,36,Male,Kakinada,Maharashtra,High,2023-05-06,True,True
87031,12272,2024-10-05,completed,Kozhikode,Uttar Pradesh,467444.43,Priyansh,De,dindamini@example.org,8079887170,33,Male,Kozhikode,Uttar Pradesh,High,2023-08-21,True,True
87050,9162,2024-06-24,completed,Tinsukia,Madhya Pradesh,444937.16,Raunak,Apte,sethayesha@example.org,919744240970,36,Male,Tinsukia,Madhya Pradesh,Low,2022-04-05,True,True
87156,9842,2024-02-08,cancelled,Chapra,Maharashtra,451954.46,Shayak,Zacharia,ayeshachar@example.org,7516076694,35,Female,Chapra,Maharashtra,Medium,2023-08-27,True,True
87179,5629,2024-10-02,completed,Rohtak,Rajasthan,358305.95,Manjari,Sangha,nayantara04@example.net,6111724789,58,Female,Rohtak,Rajasthan,High,2024-10-29,True,True
87218,12089,2023-01-13,shipped,Satna,Madhya Pradesh,369962.38,Shray,Bahri,kamdarfaiyaz@example.net,919959119623,33,Female,Satna,Madhya Pradesh,Low,2022-04-12,True,True
87228,11747,2023-05-08,completed,Korba,Madhya Pradesh,498798.82,Dharmajan,Tripathi,neelofar31@example.net,3544203678,34,Male,Korba,Madhya Pradesh,Premium,2024-10-06,True,True
87243,6378,2023-11-16,completed,Saharsa,Uttar Pradesh,358823.35,Ira,Konda,romil59@example.com,919022793467,27,Female,Saharsa,Uttar Pradesh,Low,2024-12-10,True,True
87322,7421,2023-04-13,processing,Delhi,Punjab,407231.51,Advika,Chander,koshykiara@example.net,7425590248,48,Female,Delhi,Punjab,Low,2022-09-26,True,True
87385,9266,2023-07-17,delivered,Bhagalpur,Tamil Nadu,437345.53,Anya,Chawla,wmannan@example.org,6560919583,45,Male,Bhagalpur,Tamil Nadu,Premium,2022-04-27,True,True
87402,11550,2024-01-08,shipped,Malda,Punjab,325801.22,Ivana,Arora,johalchirag@example.net,913236719481,46,Female,Malda,Punjab,Low,2023-03-09,True,True
87408,3731,2022-08-17,delivered,Rewa,Punjab,558167.54,Neelofar,Amble,kashvi73@example.org,917537450883,25,Male,Rewa,Punjab,Premium,2024-05-21,False,True
87475,9671,2022-06-20,cancelled,Adoni,Uttar Pradesh,619401.74,Samarth,Comar,amanihari@example.org,7031442130,18,Male,Adoni,Uttar Pradesh,Medium,2022-09-01,True,True
87491,268,2023-07-31,completed,Kollam,Uttar Pradesh,488070.08,Reyansh,Batra,vsamra@example.com,918275539423,46,Male,Kollam,Uttar Pradesh,Low,2022-12-31,True,True
87570,7809,2024-07-29,processing,Mathura,Bihar,427927.23,Badal,Viswanathan,shlokdate@example.com,7751399105,44,Female,Mathura,Bihar,Low,2022-03-15,True,True
87576,16734,2024-06-18,cancelled,Vellore,Uttar Pradesh,370987.77,Ivan,Choudhury,ishaan66@example.net,8026131732,31,Male,Vellore,Uttar Pradesh,Low,2022-05-13,False,True
87604,5778,2023-08-07,completed,Gaya,West Bengal,355557.85,Advik,Kade,aggarwaljivin@example.net,914960616483,48,Male,Gaya,West Bengal,High,2022-11-09,True,True
87627,2056,2023-01-03,completed,Raiganj,Maharashtra,376887.66,Zeeshan,Bumb,chakrabortygatik@example.org,4692239407,45,Male,Raiganj,Maharashtra,Low,2023-01-18,True,True
87691,13751,2024-10-27,processing,Saharanpur,Madhya Pradesh,479957.21,Inaaya ,Rattan,rania98@example.net,913281160425,37,Female,Saharanpur,Madhya Pradesh,Low,2023-07-26,True,True
87722,18681,2024-10-01,delivered,Karimnagar,Gujarat,491380.35,Gokul,Srivastava,abhavsar@example.com,2327893319,58,Male,Karimnagar,Gujarat,Low,2022-12-11,True,True
87774,4842,2022-03-22,completed,Bhubaneswar,Uttar Pradesh,327981.37,Pihu,Barad,dmaharaj@example.net,5576341625,39,Male,Bhubaneswar,Uttar Pradesh,Premium,2023-10-26,True,True
87872,2020,2024-01-17,shipped,Ratlam,Punjab,561569.08,Hiran,Bakshi,shaanbarman@example.net,1985056513,40,Female,Ratlam,Punjab,Medium,2024-04-30,True,True
87885,12582,2023-03-01,delivered,Bharatpur,Bihar,472725.12,Fateh,Choudhury,jaggiriya@example.com,913247106963,34,Female,Bharatpur,Bihar,Low,2023-08-23,True,True
87914,6774,2022-11-01,completed,Durgapur,Uttar Pradesh,338610.25,Ira,Ray,cmallick@example.org,8848014080,22,Female,Durgapur,Uttar Pradesh,Low,2024-11-09,True,True
87962,10593,2022-07-09,completed,Chandigarh,Maharashtra,363973.25,Ehsaan,Chaudhry,fsolanki@example.org,8058543831,60,Male,Chandigarh,Maharashtra,Low,2023-04-11,True,True
87990,19696,2024-02-01,delivered,Ajmer,Bihar,787129.22,Saanvi,Ramaswamy,vartydhruv@example.org,5684160172,34,Female,Ajmer,Bihar,High,2023-01-02,True,True
88006,9139,2022-06-01,completed,Chittoor,Uttar Pradesh,853576.64,Gatik,Dhingra,nirvi24@example.org,919517514760,55,Male,Chittoor,Uttar Pradesh,Low,2022-06-17,True,True
88012,11259,2023-08-07,completed,Amroha,Bihar,615323.67,Myra,Lanka,arnav67@example.com,6775468811,18,Female,Amroha,Bihar,Premium,2023-11-07,True,True
88089,18977,2022-10-26,completed,Ballia,Uttar Pradesh,584725.16,Raunak,Bath,alia05@example.org,8846261738,18,Female,Ballia,Uttar Pradesh,Low,2024-06-22,True,True
88126,2175,2024-06-28,shipped,Gwalior,Maharashtra,471223.4,Vivaan,Chad,vshukla@example.net,8792449403,37,Female,Gwalior,Maharashtra,Low,2024-03-19,True,True
88207,14601,2023-07-01,completed,Bhatpara,Maharashtra,773465.38,Dhanuk,Sankaran,tanyajha@example.com,918191915367,48,Female,Bhatpara,Maharashtra,High,2024-01-06,True,True
88219,14582,2023-04-08,completed,Karaikudi,Madhya Pradesh,631312.0,Jayant,Grover,manikyadixit@example.com,8448698047,18,Male,Karaikudi,Madhya Pradesh,Low,2024-11-02,True,True
88361,17909,2022-10-14,shipped,Guntur,Kerala,348895.45,Chirag,Ram,nitya60@example.org,917027393575,41,Male,Guntur,Kerala,Medium,2023-12-20,True,True
88382,17516,2022-09-13,completed,Burhanpur,Uttar Pradesh,334077.27,Samiha,Kapur,tushar63@example.net,6722964993,46,Male,Burhanpur,Uttar Pradesh,Premium,2023-07-11,True,True
88414,11386,2023-10-20,delivered,Tenali,Uttar Pradesh,465928.05,Hiran,Sule,sanachahal@example.net,918683246765,44,Male,Tenali,Uttar Pradesh,Medium,2022-12-05,True,True
88526,11480,2023-10-14,cancelled,Karnal,Rajasthan,452781.37,Rati,Dasgupta,navya38@example.net,910715259693,33,Male,Karnal,Rajasthan,Medium,2023-12-11,True,True
88538,8187,2023-10-22,delivered,Erode,Rajasthan,481949.86,Eshani,Sibal,jhanvi75@example.org,914677047980,42,Male,Erode,Rajasthan,Low,2024-05-07,True,True
88559,11736,2022-11-09,completed,Sasaram,Karnataka,371316.06,Fateh,Sabharwal,aggarwalelakshi@example.net,8560677909,31,Male,Sasaram,Karnataka,Medium,2024-01-25,True,True
88597,6720,2023-11-03,shipped,Avadi,Telangana,361229.93,Pihu,Dash,pbalakrishnan@example.org,1961618576,41,Male,Avadi,Telangana,Low,2024-02-10,True,True
88612,19960,2023-02-07,completed,Nashik,Uttar Pradesh,436697.01,Hazel,Lad,prerak46@example.org,4861430103,55,Male,Nashik,Uttar Pradesh,Low,2024-09-08,True,True
88614,18567,2022-07-23,delivered,Satara,Maharashtra,404916.02,Diya,Lata,advik52@example.com,3178519454,43,Female,Satara,Maharashtra,High,2022-07-02,True,True
88726,3256,2022-08-13,completed,Haridwar,Madhya Pradesh,394739.39,Mannat,Lad,sararandhawa@example.org,3078141257,44,Female,Haridwar,Madhya Pradesh,Low,2023-12-01,True,True
88727,7697,2022-08-24,completed,Dewas,Telangana,354040.74,Eva,Rajan,tkrishna@example.org,5727311493,23,Female,Dewas,Telangana,Medium,2024-03-11,True,True
88751,1231,2024-11-29,processing,Jorhat,Tamil Nadu,400468.52,Nishith,Divan,elakshibarman@example.com,4161019753,36,Female,Jorhat,Tamil Nadu,High,2024-09-13,True,True
88804,8758,2023-10-22,completed,Adoni,Karnataka,485871.94,Stuvan,Bandi,chaudrygokul@example.com,3459790514,28,Male,Adoni,Karnataka,Low,2023-02-19,True,True
88807,8606,2024-08-27,completed,Allahabad,Uttar Pradesh,616122.12,Inaaya ,Deo,biju27@example.org,918529614405,43,Male,Allahabad,Uttar Pradesh,Medium,2023-06-27,True,True
88849,8897,2022-10-27,completed,Tiruchirappalli,Uttar Pradesh,323718.2,Rasha,Ben,zoya63@example.com,3930253216,23,Female,Tiruchirappalli,Uttar Pradesh,Medium,2024-03-24,True,True
88871,16616,2023-03-11,delivered,Bokaro,Madhya Pradesh,450530.33,Anay,Chander,aarushkhosla@example.net,914265107054,48,Male,Bokaro,Madhya Pradesh,Premium,2024-02-28,True,True
88923,5607,2024-04-06,delivered,Anantapur,Madhya Pradesh,344073.47,Himmat,Shah,suhana94@example.com,6925976924,27,Male,Anantapur,Madhya Pradesh,Medium,2024-04-01,True,True
88936,12209,2024-08-12,completed,Hajipur,West Bengal,360349.59,Divit,Loke,gokulramanathan@example.com,6470545270,29,Male,Hajipur,West Bengal,Medium,2022-04-21,True,True
88944,1935,2023-10-06,completed,Jaipur,Uttar Pradesh,671328.18,Shanaya,Kumar,umannan@example.org,916231459688,34,Female,Jaipur,Uttar Pradesh,Medium,2024-06-24,True,True
88945,9227,2024-06-18,delivered,Alappuzha,Karnataka,427304.14,Pari,Ben,ychaudhry@example.org,4582844288,18,Male,Alappuzha,Karnataka,Medium,2023-01-19,True,True
88974,8225,2023-05-28,completed,Bhagalpur,Uttar Pradesh,679336.55,Rhea,Chakraborty,lalljayesh@example.com,5397946192,18,Male,Bhagalpur,Uttar Pradesh,Low,2022-04-30,True,True
88988,10921,2022-01-07,completed,Haridwar,Karnataka,334184.45,Samiha,Vohra,mehuldoctor@example.com,911209319076,34,Male,Haridwar,Karnataka,Low,2022-10-25,True,True
89043,1275,2023-10-31,completed,Fatehpur,Maharashtra,391905.32,Biju,Sarkar,ehsaanrajan@example.com,9990114003,18,Male,Fatehpur,Maharashtra,Low,2022-07-01,True,True
89067,14123,2023-11-18,processing,Lucknow,Rajasthan,367956.43,Ehsaan,Hayer,nkala@example.com,913992432081,30,Male,Lucknow,Rajasthan,Medium,2023-04-15,True,True
89088,6816,2023-08-16,completed,Satara,Maharashtra,581628.75,Kismat,Ahuja,vaibhav09@example.net,916758457694,23,Female,Satara,Maharashtra,Medium,2024-04-30,True,True
89098,19094,2024-09-22,completed,Kalyan-Dombivli,Maharashtra,329305.84,Jayan,Jha,goswamiriya@example.org,6453204033,28,Female,Kalyan-Dombivli,Maharashtra,Low,2022-12-26,True,True
89190,14814,2024-01-09,completed,Madanapalle,Delhi,460746.69,Sara,Tailor,drishyaverma@example.com,5653370854,18,Female,Madanapalle,Delhi,Medium,2023-09-16,True,True
89243,9131,2023-02-06,delivered,Tadipatri,Telangana,638118.65,Shlok,Sarma,haldercharvi@example.org,910778839677,28,Female,Tadipatri,Telangana,Medium,2024-02-13,True,True
89261,17202,2022-11-11,completed,Khora ,Rajasthan,749999.82,Divij,Gole,jhanvi04@example.org,919251525416,32,Female,Khora ,Rajasthan,Medium,2022-04-25,True,True
89275,19106,2024-11-23,completed,North Dumdum,Rajasthan,369623.96,Pihu,Date,ckannan@example.org,8539755581,61,Female,North Dumdum,Rajasthan,Low,2023-01-04,True,True
89378,14068,2022-05-08,pending,Akola,West Bengal,580689.04,Mamooty,Sibal,alishawalia@example.net,4430542112,61,Female,Akola,West Bengal,Low,2024-08-11,True,True
89392,9379,2023-02-05,completed,Gwalior,Tamil Nadu,487422.04,Elakshi,Baria,manjarireddy@example.net,9644017857,27,Female,Gwalior,Tamil Nadu,Low,2022-09-24,True,True
89452,4072,2022-11-21,completed,Bangalore,Rajasthan,580120.34,Kimaya,Balay,umanggill@example.org,1653979447,54,Female,Bangalore,Rajasthan,Low,2022-04-13,True,True
89508,17024,2023-11-15,completed,Shivpuri,Rajasthan,438800.49,Adira,Bhatt,anvigoswami@example.org,3247798074,28,Male,Shivpuri,Rajasthan,Low,2022-11-03,True,True
89516,2721,2022-06-28,completed,Ajmer,Tamil Nadu,354444.92,Shayak,Deep,mghose@example.net,6416382511,52,Female,Ajmer,Tamil Nadu,High,2024-09-12,True,True
89521,4448,2022-10-19,shipped,Guntur,Gujarat,477279.46,Purab,Wali,ishaan16@example.com,910118082954,36,Female,Guntur,Gujarat,High,2022-05-11,True,True
89546,12120,2023-09-02,cancelled,Proddatur,Madhya Pradesh,328669.24,Bhavin,Shetty,riaan35@example.net,6246031907,31,Male,Proddatur,Madhya Pradesh,Low,2023-02-03,True,True
89577,6448,2022-02-05,delivered,Sambalpur,Maharashtra,382789.17,Vivaan,Dixit,chokshinirvi@example.org,917276639759,42,Male,Sambalpur,Maharashtra,Medium,2022-10-07,True,True
89597,9523,2024-03-15,completed,North Dumdum,Madhya Pradesh,464145.07,Jivin,Sinha,vanyabuch@example.net,5135007873,30,Male,North Dumdum,Madhya Pradesh,Medium,2023-03-30,True,True
89620,13226,2023-11-01,pending,Bareilly,Telangana,439136.65,Diya,Mall,aainabumb@example.org,8425225693,38,Male,Bareilly,Telangana,Medium,2023-11-14,False,True
89751,18290,2023-04-02,completed,Alappuzha,Madhya Pradesh,371316.06,Nirvi,Chada,madhup11@example.net,4245191566,37,Male,Alappuzha,Madhya Pradesh,Low,2024-07-30,True,True
89754,5167,2024-02-25,completed,Erode,Karnataka,526849.53,Dishani,Sundaram,mohanlalgopal@example.org,4914559253,65,Female,Erode,Karnataka,High,2022-01-15,True,True
89761,7649,2023-10-27,completed,Malda,Tamil Nadu,438337.74,Nirvi,Chawla,contractorromil@example.com,918889990473,52,Female,Malda,Tamil Nadu,Low,2023-12-11,True,True
89768,8076,2022-10-04,pending,Jamshedpur,West Bengal,455197.42,Kismat,Koshy,laganbhatia@example.net,188193974,54,Female,Jamshedpur,West Bengal,Medium,2022-04-09,True,True
89803,15193,2023-05-16,shipped,Dhule,Maharashtra,622800.87,Yashvi,Sawhney,ryanahuja@example.org,915663653485,26,Male,Dhule,Maharashtra,Medium,2022-10-29,True,True
89813,2742,2024-04-16,completed,Siwan,Telangana,525442.25,Damini,Gara,lavanyaagate@example.net,917447940803,48,Male,Siwan,Telangana,Low,2024-07-13,False,True
89825,4391,2024-06-14,completed,Sangli-Miraj & Kupwad,Maharashtra,655160.82,Ivana,Gopal,ahana-39@example.org,7426085502,44,Female,Sangli-Miraj & Kupwad,Maharashtra,Low,2023-08-06,True,True
89826,8604,2024-01-02,pending,Patiala,Telangana,448724.11,Umang,Ramesh,bijuloyal@example.com,913461196953,18,Female,Patiala,Telangana,Low,2023-02-28,True,True
89893,9066,2023-04-06,completed,Mangalore,Uttar Pradesh,594547.96,Eshani,Anne,lakshaysastry@example.com,9419813461,23,Male,Mangalore,Uttar Pradesh,High,2022-08-14,True,True
90004,2013,2022-08-26,completed,Bathinda,Maharashtra,324667.79,Jiya,Chad,vidur87@example.net,914469399531,26,Male,Bathinda,Maharashtra,Medium,2023-11-11,True,True
90022,5421,2023-09-06,delivered,Kanpur,Madhya Pradesh,354444.92,Seher,Sachdeva,miraya98@example.net,915199177376,24,Female,Kanpur,Madhya Pradesh,Low,2023-10-28,True,True
90041,1441,2024-05-12,completed,Chapra,Uttar Pradesh,523215.74,Vritika,Talwar,aarav25@example.com,913444867228,18,Male,Chapra,Uttar Pradesh,Low,2022-01-02,True,True
90053,17557,2024-04-13,processing,Ramagundam,West Bengal,460141.67,Anay,Balan,neelofarcomar@example.org,4592317606,19,Male,Ramagundam,West Bengal,Medium,2022-09-14,True,True
90114,8548,2022-08-15,cancelled,Ulhasnagar,Madhya Pradesh,349179.07,Samiha,Chada,vsangha@example.org,380738424,46,Male,Ulhasnagar,Madhya Pradesh,Medium,2022-07-09,True,True
90120,13917,2022-01-29,shipped,Tenali,Maharashtra,332127.83,Alia,Issac,raghavsant@example.net,919644922378,26,Female,Tenali,Maharashtra,Low,2023-05-06,True,True
90194,14089,2024-11-12,completed,Gandhidham,Delhi,381694.76,Akarsh,Lala,vivaan21@example.net,910981247463,56,Female,Gandhidham,Delhi,Medium,2022-03-03,True,True
90250,2340,2023-10-18,completed,Kharagpur,Madhya Pradesh,428840.68,Divyansh,Issac,sumer08@example.com,919532230724,32,Male,Kharagpur,Madhya Pradesh,Low,2023-01-31,True,True
90266,15800,2023-12-08,pending,Moradabad,Uttar Pradesh,432799.9,Kabir,Srivastava,jmammen@example.org,910977695423,44,Female,Moradabad,Uttar Pradesh,High,2024-12-03,True,True
90325,4897,2024-11-11,completed,Nangloi Jat,Madhya Pradesh,372824.85,Damini,Madan,kartik77@example.org,911831851753,27,Male,Nangloi Jat,Madhya Pradesh,Medium,2022-09-15,True,True
90410,16544,2022-10-13,completed,Bidhannagar,Telangana,382499.23,Samarth,Shetty,shenoykismat@example.net,2257062152,35,Female,Bidhannagar,Telangana,High,2022-12-22,True,True
90419,11756,2022-04-12,completed,Bhagalpur,Maharashtra,459719.2,Kiara,Ben,kismatshankar@example.net,912959864842,25,Male,Bhagalpur,Maharashtra,Low,2022-05-08,True,True
90498,16956,2024-02-23,completed,Amritsar,Madhya Pradesh,585761.43,Charvi,Chahal,tkhurana@example.org,1195328494,19,Female,Amritsar,Madhya Pradesh,Low,2023-01-15,True,True
90499,3455,2023-12-15,completed,Bidhannagar,Gujarat,549718.88,Riaan,Dave,parinaaz99@example.org,5210203887,43,Female,Bidhannagar,Gujarat,Low,2022-04-24,True,True
90533,9379,2023-12-22,shipped,Gwalior,Tamil Nadu,370570.79,Elakshi,Baria,manjarireddy@example.net,9644017857,27,Female,Gwalior,Tamil Nadu,Low,2022-09-24,True,True
90573,348,2023-10-24,shipped,Madhyamgram,Maharashtra,379365.62,Kimaya,Tara,bhaminishetty@example.com,3723950410,28,Female,Madhyamgram,Maharashtra,Medium,2023-09-12,False,True
90608,17121,2024-07-18,pending,North Dumdum,Rajasthan,361278.77,Dharmajan,Sama,behlojas@example.com,1139313225,24,Female,North Dumdum,Rajasthan,Medium,2024-10-28,True,True
90612,519,2022-02-11,completed,Bally,Rajasthan,502456.55,Lakshit,Chander,bijushere@example.org,914679121416,24,Female,Bally,Rajasthan,Low,2022-04-10,True,True
90800,9269,2023-06-26,completed,Korba,Punjab,388004.47,Hansh,Majumdar,shahriya@example.com,919741770039,43,Male,Korba,Punjab,Premium,2022-09-13,False,True
90812,15735,2022-04-27,completed,Pali,Uttar Pradesh,621697.81,Lagan,Kumer,vivaan96@example.org,919539581934,19,Female,Pali,Uttar Pradesh,High,2023-03-24,True,True
90863,14249,2023-05-30,shipped,Orai,Delhi,400301.69,Divyansh,Bajaj,aarnasarin@example.com,914339464032,20,Male,Orai,Delhi,Premium,2023-01-25,True,True
90942,4309,2022-01-26,cancelled,Nadiad,Rajasthan,476195.91,Rohan,Sidhu,ibhatia@example.org,918814371045,22,Female,Nadiad,Rajasthan,Medium,2022-04-04,True,True
90977,9548,2023-10-10,completed,Karawal Nagar,West Bengal,417589.69,Gokul,Gola,mahikabera@example.com,914437749169,54,Male,Karawal Nagar,West Bengal,Low,2023-01-12,False,True
90988,7032,2022-06-18,completed,Bettiah,Bihar,482567.2,Vardaniya,Tara,piya94@example.org,1452731824,35,Male,Bettiah,Bihar,Medium,2022-12-07,True,True
91029,19734,2023-04-13,shipped,Kolkata,West Bengal,648580.24,Pranay,Desai,ubrar@example.com,1988666895,36,Male,Kolkata,West Bengal,Low,2023-07-01,True,True
91069,6582,2024-05-06,completed,Ajmer,Madhya Pradesh,331140.48,Aayush,Gulati,riaanramesh@example.net,9041902511,29,Male,Ajmer,Madhya Pradesh,Premium,2023-04-05,True,True
91240,19270,2024-03-21,completed,Barasat,West Bengal,532359.82,Pranay,Banerjee,kashvi13@example.net,5094788121,41,Female,Barasat,West Bengal,Medium,2024-11-16,True,True
91283,11505,2024-02-02,completed,Suryapet,Rajasthan,450536.75,Nitara,Goyal,shaangoswami@example.com,915492067698,44,Male,Suryapet,Rajasthan,Medium,2024-05-12,True,True
91388,10045,2024-10-26,completed,Gorakhpur,Tamil Nadu,504987.25,Vaibhav,Iyer,balakrishnanpurab@example.com,5362387074,19,Female,Gorakhpur,Tamil Nadu,Medium,2023-10-15,True,True
91394,18166,2023-03-25,completed,Hosur,West Bengal,534152.68,Kanav,Kumer,kzacharia@example.com,8847385382,34,Female,Hosur,West Bengal,Low,2022-07-27,True,True
91408,2852,2023-10-22,completed,Singrauli,Maharashtra,523814.6,Jiya,Sant,issacaarna@example.com,1624698896,47,Male,Singrauli,Maharashtra,High,2022-09-25,True,True
91424,19169,2024-05-29,pending,Hindupur,Maharashtra,481818.4,Chirag,Raval,onkardivan@example.org,1902065345,43,Female,Hindupur,Maharashtra,Low,2023-10-22,True,True
91434,16558,2023-03-06,completed,Rohtak,Uttar Pradesh,376453.95,Madhav,Bhandari,duttaarush@example.net,4970201769,18,Male,Rohtak,Uttar Pradesh,Premium,2023-03-25,True,True
91501,10968,2024-11-10,delivered,Suryapet,Karnataka,452957.81,Ela,Venkataraman,khatriadvik@example.org,911310359960,28,Female,Suryapet,Karnataka,Low,2023-08-07,True,True
91592,7352,2022-11-29,completed,Nandyal,Uttar Pradesh,530067.44,Kabir,Yohannan,rmagar@example.net,2507250849,18,Female,Nandyal,Uttar Pradesh,Medium,2022-05-28,True,True
91666,3843,2023-02-04,shipped,Kavali,West Bengal,482698.51,Neelofar,Gokhale,somankartik@example.org,4828827634,36,Male,Kavali,West Bengal,High,2023-02-13,True,True
91710,18791,2023-11-02,completed,Darbhanga,Bihar,548060.83,Nishith,Ganesan,xdalal@example.com,913104830751,52,Female,Darbhanga,Bihar,Medium,2023-12-10,True,True
91750,13072,2023-05-18,completed,Berhampore,Punjab,568869.54,Neelofar,Das,edwinhazel@example.net,5946424947,57,Female,Berhampore,Punjab,Premium,2024-10-13,True,True
91767,5173,2023-01-29,completed,Anantapuram,Delhi,348601.07,Ryan,Choudhary,yakshittara@example.org,630258366,46,Female,Anantapuram,Delhi,High,2022-03-29,True,True
91869,9845,2022-07-28,cancelled,Alappuzha,Maharashtra,493158.84,Charvi,Sundaram,madhup39@example.net,917038616781,29,Male,Alappuzha,Maharashtra,Medium,2023-09-30,True,True
91887,5637,2024-01-24,cancelled,Dharmavaram,Delhi,590373.97,Kashvi,Gour,dasshlok@example.com,9062248139,60,Male,Dharmavaram,Delhi,High,2024-11-02,True,True
91913,5712,2023-02-08,completed,Pondicherry,Rajasthan,329072.22,Arhaan,Ramakrishnan,mhegde@example.org,2373235142,19,Male,Pondicherry,Rajasthan,High,2023-04-10,True,True
91963,18323,2024-08-19,completed,Ahmednagar,Delhi,441396.99,Kismat,Sachdeva,obalan@example.net,7604217915,47,Male,Ahmednagar,Delhi,Low,2024-09-16,True,True
91967,19743,2024-03-12,completed,Tenali,Karnataka,382629.57,Rohan,Agrawal,hlata@example.com,7889872894,31,Male,Tenali,Karnataka,High,2024-04-23,True,True
91984,13676,2022-12-29,delivered,Anantapur,Madhya Pradesh,482158.68,Anay,Acharya,zeeshanbhandari@example.org,8535522780,31,Female,Anantapur,Madhya Pradesh,Low,2023-02-05,True,True
92045,4590,2022-11-17,completed,Panchkula,Tamil Nadu,711766.14,Miraan,Bera,piya30@example.com,8654833880,20,Female,Panchkula,Tamil Nadu,Low,2022-06-19,True,True
92083,17326,2022-07-29,pending,Akola,Kerala,324630.76,Miraya,Roy,yakshit06@example.net,918171971254,42,Female,Akola,Kerala,High,2022-09-03,True,True
92133,19319,2024-12-07,completed,Cuttack,Tamil Nadu,374353.32,Lakshay,Brar,ojas71@example.net,5230978739,30,Male,Cuttack,Tamil Nadu,Low,2022-11-20,False,True
92243,15642,2022-09-24,completed,Ajmer,Telangana,340481.94,Devansh,Gaba,kulkarnishray@example.com,919453808498,34,Female,Ajmer,Telangana,Low,2023-10-23,True,True
92275,18317,2023-04-18,delivered,Ajmer,Tamil Nadu,438878.6,Chirag,Barad,aradhyatank@example.com,914176505274,35,Female,Ajmer,Tamil Nadu,Medium,2023-11-02,True,True
92280,1408,2024-06-02,processing,Ludhiana,Uttar Pradesh,373859.57,Akarsh,Das,cchatterjee@example.net,4238602050,31,Female,Ludhiana,Uttar Pradesh,High,2024-08-03,True,True
92324,12357,2024-10-17,completed,Cuttack,Madhya Pradesh,365218.86,Ritvik,Dass,indranskapoor@example.net,915863945625,18,Female,Cuttack,Madhya Pradesh,Medium,2022-10-29,True,True
92325,18054,2023-06-17,completed,Mau,Uttar Pradesh,624149.61,Kavya,Venkatesh,ishita05@example.org,3149352977,27,Male,Mau,Uttar Pradesh,Medium,2023-02-15,True,True
92370,5206,2024-06-14,completed,Bhopal,West Bengal,396070.46,Taran,Savant,subramaniamdrishya@example.org,8697728873,47,Female,Bhopal,West Bengal,Low,2023-07-20,True,True
92410,4826,2023-07-18,delivered,Varanasi,Bihar,370874.2,Nehmat,Behl,davedhruv@example.org,8860496022,30,Male,Varanasi,Bihar,High,2024-08-23,True,True
92462,4150,2023-06-09,completed,Nellore,Maharashtra,484568.39,Samaira,Lall,khannasumer@example.com,915391255250,31,Female,Nellore,Maharashtra,Medium,2022-03-20,True,True
92493,1485,2022-08-28,completed,Varanasi,Uttar Pradesh,358366.79,Indrans,Lad,yamble@example.org,656733745,22,Male,Varanasi,Uttar Pradesh,Medium,2022-05-09,True,True
92504,16438,2023-02-24,delivered,Bilaspur,Bihar,476385.28,Mohanlal,De,charsamar@example.net,912302662561,34,Male,Bilaspur,Bihar,Low,2024-01-05,True,True
92698,3791,2024-06-04,completed,Jorhat,Maharashtra,326380.45,Pranay,Baral,ishita12@example.com,8926583527,18,Male,Jorhat,Maharashtra,Low,2022-11-14,False,True
92701,2469,2023-01-14,completed,Ranchi,Maharashtra,640542.46,Urvi,Chokshi,omangal@example.net,910618920045,25,Male,Ranchi,Maharashtra,Medium,2024-01-11,True,True
92784,12063,2022-08-06,completed,Kota,West Bengal,802344.65,Purab,Chahal,ykakar@example.net,9380862260,35,Female,Kota,West Bengal,Low,2024-02-11,True,True
92787,2534,2024-10-05,completed,Uluberia,Telangana,356979.18,Yuvraj ,Sarma,vardaniyasoman@example.com,9947387930,49,Female,Uluberia,Telangana,Medium,2022-10-04,True,True
92813,19723,2022-04-09,delivered,Bardhaman,Karnataka,350460.68,Nirvi,Mani,charvi51@example.net,910960675959,28,Male,Bardhaman,Karnataka,Medium,2024-06-23,True,True
92875,12367,2023-08-05,completed,Jabalpur,Tamil Nadu,558725.68,Dhanush,Gulati,hanszara@example.org,913403573952,48,Female,Jabalpur,Tamil Nadu,Low,2024-05-20,True,True
92891,1161,2023-10-05,completed,Chittoor,Uttar Pradesh,515684.58,Sara,Vohra,emir21@example.org,7565896359,32,Male,Chittoor,Uttar Pradesh,Low,2022-01-04,True,True
92954,17764,2023-04-23,pending,Serampore,Rajasthan,414830.93,Parinaaz,Rau,ubalan@example.com,5259847818,53,Male,Serampore,Rajasthan,Low,2023-09-16,True,True
93031,12318,2023-04-22,delivered,Ranchi,West Bengal,377127.75,Sana,Rajagopalan,yasminrandhawa@example.com,4203126520,32,Male,Ranchi,West Bengal,Low,2024-09-02,True,True
93114,19173,2022-09-17,completed,Firozabad,Madhya Pradesh,347469.02,Purab,Sinha,bhavin96@example.com,1475742243,18,Male,Firozabad,Madhya Pradesh,Low,2023-10-23,True,True
93215,16948,2024-03-08,completed,Jodhpur,West Bengal,372007.78,Bhamini,Setty,divitbhatt@example.com,919150053385,62,Male,Jodhpur,West Bengal,Low,2023-11-30,True,True
93257,16681,2023-11-17,completed,Naihati,Rajasthan,350533.86,Hridaan,Venkatesh,xdeol@example.com,3487628935,34,Female,Naihati,Rajasthan,Medium,2022-07-20,True,True
93258,18384,2022-05-11,completed,Bhavnagar,Uttar Pradesh,395012.08,Suhana,Das,bhavinmand@example.org,1904775570,32,Female,Bhavnagar,Uttar Pradesh,Medium,2024-05-24,True,True
93303,7312,2023-08-07,completed,Begusarai,Gujarat,335240.61,Kiaan,Sehgal,hayreseher@example.com,917448627012,32,Male,Begusarai,Gujarat,Medium,2024-09-01,True,True
93366,10528,2022-02-15,completed,Bhiwani,Punjab,352214.64,Kiaan,Gandhi,anika32@example.net,6671883444,51,Female,Bhiwani,Punjab,High,2022-11-16,True,True
93385,12081,2024-06-09,completed,Bhimavaram,West Bengal,509882.14,Tanya,Bajaj,navya47@example.org,912744342893,22,Male,Bhimavaram,West Bengal,Low,2023-04-17,True,True
93398,2328,2024-03-03,pending,Kishanganj,Bihar,500730.15,Yakshit,Lata,zwalia@example.com,1235998962,34,Male,Kishanganj,Bihar,Medium,2023-09-09,True,True
93401,10870,2023-08-03,delivered,Ghaziabad,Telangana,384794.09,Adah,Rana,himmatdugar@example.net,915238574635,28,Male,Ghaziabad,Telangana,Low,2022-03-14,True,True
93469,13344,2023-04-03,completed,Etawah,Telangana,376466.48,Yasmin,Tara,xviswanathan@example.com,3886809873,35,Male,Etawah,Telangana,Premium,2024-10-26,False,True
93489,4968,2024-05-23,shipped,Ongole,West Bengal,435309.07,Trisha,Kashyap,ojasbera@example.net,4909782769,24,Female,Ongole,West Bengal,Premium,2024-12-03,True,True
93519,2754,2024-12-05,completed,Amroha,Uttar Pradesh,1147694.02,Akarsh,Wali,lsaha@example.org,918057019743,26,Male,Amroha,Uttar Pradesh,High,2023-05-15,True,True
93526,13110,2022-01-27,completed,Warangal,Telangana,657921.56,Tanya,Buch,diya15@example.org,912814029986,46,Female,Warangal,Telangana,Low,2024-06-17,True,True
93545,10963,2024-05-03,completed,Suryapet,Kerala,502710.75,Advika,Khatri,fateh84@example.net,5323603262,41,Female,Suryapet,Kerala,Low,2023-06-21,True,True
93553,1697,2023-05-23,completed,Alappuzha,Telangana,488356.74,Pranay,Sani,wlalla@example.net,669926138,27,Female,Alappuzha,Telangana,Low,2024-05-01,True,True
93590,14960,2023-05-06,completed,Chapra,Madhya Pradesh,596045.96,Hansh,Batra,srinivasankaira@example.net,912079968537,42,Female,Chapra,Madhya Pradesh,Premium,2023-05-17,True,True
93611,19374,2024-11-13,completed,Madhyamgram,Gujarat,327093.0,Dharmajan,Upadhyay,rastogieshani@example.org,9051762003,40,Female,Madhyamgram,Gujarat,Low,2023-03-04,True,True
93629,1352,2022-05-16,shipped,Bhavnagar,Madhya Pradesh,565331.49,Vaibhav,Jaggi,xramakrishnan@example.net,6491259497,20,Male,Bhavnagar,Madhya Pradesh,Premium,2022-03-20,True,True
93637,6773,2022-03-27,completed,Adoni,Delhi,557805.44,Zara,Tandon,lbhattacharyya@example.net,914510596254,48,Female,Adoni,Delhi,Medium,2022-02-15,True,True
93650,10920,2023-09-18,cancelled,Machilipatnam,Uttar Pradesh,327033.33,Baiju,Singh,cheriananya@example.net,6378968459,28,Female,Machilipatnam,Uttar Pradesh,Low,2024-03-10,True,True
93676,4023,2023-09-15,delivered,Yamunanagar,Bihar,400561.11,Kavya,Saini,sahil48@example.org,917493601616,22,Male,Yamunanagar,Bihar,Medium,2022-12-14,True,True
93707,4202,2022-08-20,completed,Guwahati,Delhi,506746.21,Prerak,Divan,balanshalv@example.com,9798431522,18,Male,Guwahati,Delhi,High,2022-06-21,True,True
93708,1221,2022-07-10,completed,Surendranagar Dudhrej,Tamil Nadu,468561.22,Jayesh,Bora,kannanshanaya@example.net,8912488397,30,Male,Surendranagar Dudhrej,Tamil Nadu,High,2022-01-23,True,True
93755,13947,2024-10-06,completed,Belgaum,Punjab,389249.21,Pihu,Vohra,kimaya24@example.org,5089265062,39,Male,Belgaum,Punjab,High,2024-09-17,True,True
93758,7936,2023-12-24,completed,Imphal,Karnataka,644397.32,Ayesha,Dar,ahana-58@example.com,912622761710,23,Female,Imphal,Karnataka,High,2024-10-20,True,True
93764,10547,2022-10-10,shipped,Bidar,Tamil Nadu,326393.52,Kismat,Sant,taran15@example.org,3508896227,26,Female,Bidar,Tamil Nadu,High,2023-01-26,True,True
93781,19007,2023-06-19,processing,Raipur,Maharashtra,450656.45,Jayant,Kala,saksham38@example.com,9728210985,43,Male,Raipur,Maharashtra,High,2024-01-25,True,True
93785,16237,2024-11-12,shipped,Amritsar,Maharashtra,495080.5,Anvi,Sangha,mangatnehmat@example.com,8695129760,44,Male,Amritsar,Maharashtra,Medium,2023-10-21,False,True
93830,7807,2023-08-18,shipped,Panipat,Uttar Pradesh,582547.08,Dhanuk,Kota,bbobal@example.org,195770244,28,Female,Panipat,Uttar Pradesh,Medium,2024-02-07,True,True
93960,10641,2023-02-24,completed,Haridwar,Madhya Pradesh,383451.39,Ryan,Dasgupta,indrajit20@example.com,5829241197,29,Male,Haridwar,Madhya Pradesh,Low,2023-07-09,True,True
94019,16967,2022-08-10,completed,Kulti,Bihar,350793.7,Tiya,Balasubramanian,zainagoel@example.com,4144672274,31,Female,Kulti,Bihar,Low,2024-07-29,True,True
94143,11477,2022-07-20,completed,Karnal,West Bengal,360654.28,Lakshit,Gola,pranaydey@example.com,9285294485,24,Female,Karnal,West Bengal,High,2022-03-01,True,True
94221,6580,2022-10-24,pending,Panihati,Bihar,423956.82,Vardaniya,Lata,adira09@example.com,6758094830,45,Female,Panihati,Bihar,Medium,2022-11-08,True,True
94223,7308,2024-11-23,completed,Kottayam,Uttar Pradesh,378660.19,Madhup,Boase,singhsaksham@example.com,916216998336,32,Male,Kottayam,Uttar Pradesh,Low,2023-02-07,False,True
94271,11576,2022-10-05,shipped,Bhilwara,Rajasthan,454348.29,Saanvi,Kurian,qgoda@example.org,3342848160,52,Female,Bhilwara,Rajasthan,Premium,2023-03-02,True,True
94366,2896,2022-04-16,delivered,Tirupati,Uttar Pradesh,672155.0,Sana,Kohli,urvi89@example.com,914437936660,42,Male,Tirupati,Uttar Pradesh,Premium,2024-04-16,True,True
94370,3271,2024-10-22,cancelled,Kamarhati,Bihar,382109.07,Vaibhav,Bumb,charvi93@example.net,913489140269,36,Female,Kamarhati,Bihar,Premium,2022-05-14,True,True
94374,14784,2023-11-07,completed,Nashik,Bihar,437822.41,Kimaya,Thaker,csaha@example.net,1237676825,56,Female,Nashik,Bihar,Low,2023-10-08,True,True
94411,16878,2022-04-04,completed,Parbhani,West Bengal,457523.19,Suhana,Sankar,ritvikchahal@example.com,914797255158,41,Male,Parbhani,West Bengal,High,2023-11-26,True,True
94445,184,2024-07-05,completed,Purnia,Bihar,383451.39,Chirag,Chaudhary,itailor@example.org,1070296670,24,Female,Purnia,Bihar,Low,2022-09-26,True,True
94455,12878,2024-12-14,cancelled,Pali,Tamil Nadu,462557.77,Zaina,Seth,lallaarhaan@example.org,913032930894,18,Male,Pali,Tamil Nadu,Medium,2024-10-04,True,True
94480,5644,2023-01-05,delivered,Haldia,Tamil Nadu,423306.3,Himmat,Sem,xkrishnamurthy@example.org,917440143664,34,Male,Haldia,Tamil Nadu,Medium,2024-06-03,True,True
94595,11615,2022-12-13,completed,Amaravati,Kerala,480082.63,Hridaan,Rajan,ishitaganesh@example.net,910633923815,25,Female,Amaravati,Kerala,Medium,2024-07-27,True,True
94622,11653,2023-03-28,delivered,Kavali,West Bengal,376261.18,Mahika,Subramanian,cganesan@example.com,492589731,40,Male,Kavali,West Bengal,Medium,2022-07-06,False,True
94639,9338,2023-08-07,completed,Shivpuri,Uttar Pradesh,336561.32,Vritika,Behl,sarafoorja@example.com,913447468332,56,Male,Shivpuri,Uttar Pradesh,Low,2023-10-23,True,True
94646,12692,2024-06-05,processing,Tumkur,Punjab,800248.73,Sara,Chauhan,karpelavanya@example.net,3195134827,36,Female,Tumkur,Punjab,Low,2024-05-18,True,True
94653,2418,2023-12-14,completed,Mau,Tamil Nadu,421351.0,Nehmat,Kakar,groy@example.org,910316131779,51,Male,Mau,Tamil Nadu,Low,2023-01-13,True,True
94723,2137,2023-06-17,completed,Bhilai,Uttar Pradesh,490707.3,Damini,Krishna,achadha@example.org,4921223399,32,Male,Bhilai,Uttar Pradesh,Low,2023-05-03,True,True
94731,9954,2023-07-29,completed,Loni,Telangana,414968.68,Charvi,Vala,hanshramachandran@example.net,915587187243,28,Male,Loni,Telangana,Low,2024-01-18,True,True
94760,13158,2024-12-12,completed,Amroha,Uttar Pradesh,370765.86,Farhan,Loke,yuvaansarkar@example.com,911693659069,36,Female,Amroha,Uttar Pradesh,Medium,2024-10-20,True,True
94777,11551,2023-03-04,completed,Junagadh,West Bengal,357053.47,Aaryahi,Ratti,manikyadivan@example.com,2215239363,24,Female,Junagadh,West Bengal,Premium,2022-04-14,True,True
94793,17668,2023-10-31,delivered,Firozabad,Madhya Pradesh,398854.5,Azad,Tiwari,ganeshinaaya@example.com,3956748181,28,Female,Firozabad,Madhya Pradesh,High,2023-10-11,True,True
94820,5917,2022-02-27,completed,Mahbubnagar,Maharashtra,438489.84,Anika,Dhawan,fkara@example.net,4712509370,62,Female,Mahbubnagar,Maharashtra,Medium,2022-06-15,True,True
94824,9944,2024-11-07,delivered,Nagaon,Bihar,495088.08,Mahika,Reddy,priyanshratta@example.com,1709201776,48,Female,Nagaon,Bihar,Medium,2022-09-29,True,True
94825,7278,2023-10-16,completed,Kharagpur,Uttar Pradesh,418340.05,Yasmin,Kata,cheemakabir@example.net,6198906738,50,Male,Kharagpur,Uttar Pradesh,Medium,2024-06-22,True,True
94856,6456,2024-03-06,completed,Gaya,Gujarat,372242.98,Nakul,Hayre,ekata@example.org,4095026418,30,Female,Gaya,Gujarat,Medium,2022-12-07,True,True
94882,15475,2024-09-17,completed,Miryalaguda,Maharashtra,358129.78,Adira,Dar,ksane@example.org,917668248170,53,Female,Miryalaguda,Maharashtra,High,2022-04-05,True,True
94953,9684,2024-06-24,delivered,Sonipat,Uttar Pradesh,375801.68,Mohanlal,Rajagopalan,dubevaibhav@example.org,918558728807,18,Male,Sonipat,Uttar Pradesh,Low,2023-02-06,True,True
95004,14778,2022-04-24,delivered,Indore,Tamil Nadu,377750.6,Indrans,Srinivasan,gramesh@example.net,913448486398,35,Male,Indore,Tamil Nadu,Low,2022-10-15,True,True
95026,8477,2024-12-06,delivered,Bokaro,Madhya Pradesh,446881.18,Ayesha,Khurana,xdua@example.com,6065418297,23,Male,Bokaro,Madhya Pradesh,Low,2023-02-17,True,True
95037,11556,2023-04-20,completed,Jorhat,Karnataka,354675.21,Samaira,Mallick,fatehchaudhary@example.com,2221893645,30,Male,Jorhat,Karnataka,Low,2023-03-15,True,True
95081,17411,2023-03-03,cancelled,Bhavnagar,Uttar Pradesh,396070.46,Umang,Agarwal,bsood@example.com,916435139718,52,Male,Bhavnagar,Uttar Pradesh,Premium,2024-02-12,True,True
95091,14072,2023-05-28,completed,Chittoor,Madhya Pradesh,459845.78,Vanya,Tiwari,siyabhakta@example.org,919386678127,37,Male,Chittoor,Madhya Pradesh,Low,2023-12-03,True,True
95112,5115,2023-01-31,processing,Ambarnath,Gujarat,493114.79,Shayak,Bawa,renee23@example.net,1490066632,24,Female,Ambarnath,Gujarat,Medium,2024-04-23,True,True
95157,8049,2022-06-17,completed,Karawal Nagar,Gujarat,388997.48,Tejas,Sinha,keertiya@example.net,912022524338,30,Female,Karawal Nagar,Gujarat,Medium,2022-09-17,True,True
95232,12606,2024-03-22,delivered,Madurai,Delhi,341152.04,Ryan,Atwal,ryan00@example.com,3107281725,30,Male,Madurai,Delhi,Medium,2024-04-16,True,True
95260,7616,2022-11-05,completed,Mahbubnagar,Madhya Pradesh,342983.36,Romil,Chanda,arhaantella@example.com,1711063040,43,Female,Mahbubnagar,Madhya Pradesh,Medium,2023-10-02,True,True
95277,3750,2023-11-14,completed,Ahmedabad,Bihar,412549.8,Romil,Sood,ishaanbhakta@example.com,4532442146,39,Female,Ahmedabad,Bihar,Medium,2022-01-26,True,True
95394,15984,2022-09-15,completed,Farrukhabad,Maharashtra,635926.31,Vihaan,Gera,vvarghese@example.com,1621343966,35,Male,Farrukhabad,Maharashtra,Premium,2024-01-03,True,True
95508,516,2022-05-18,completed,Orai,Uttar Pradesh,354774.54,Lavanya,Mann,abrambhardwaj@example.org,6691836264,40,Male,Orai,Uttar Pradesh,Low,2024-04-08,True,True
95516,11493,2022-08-30,completed,Korba,Bihar,371902.9,Rasha,Suri,shatiya@example.org,6171487310,42,Female,Korba,Bihar,Low,2023-04-06,True,True
95583,13733,2023-03-13,shipped,Tiruchirappalli,Maharashtra,984063.27,Lavanya,Subramaniam,fraja@example.org,917250963457,28,Female,Tiruchirappalli,Maharashtra,High,2022-04-02,True,True
95609,7696,2023-12-05,completed,Kirari Suleman Nagar,West Bengal,383451.39,Samar,Raval,romildubey@example.com,3639180537,39,Female,Kirari Suleman Nagar,West Bengal,Low,2022-12-11,True,True
95612,10216,2023-06-12,pending,Berhampur,Madhya Pradesh,548608.02,Ehsaan,Bedi,bhavinsandal@example.org,914221732245,40,Female,Berhampur,Madhya Pradesh,Medium,2024-12-14,True,True
95672,4722,2022-12-20,completed,Motihari,Maharashtra,458056.77,Rania,Chaudry,eshani60@example.com,1775450756,44,Female,Motihari,Maharashtra,Medium,2022-02-11,True,True
95731,6620,2023-11-13,completed,Buxar,Gujarat,556344.55,Divyansh,Bose,vidur23@example.org,1656950226,45,Female,Buxar,Gujarat,Medium,2023-09-18,True,True
95877,18502,2024-05-09,completed,New Delhi,Uttar Pradesh,499466.4,Kiara,Divan,mamooty72@example.net,2103721061,51,Female,New Delhi,Uttar Pradesh,Medium,2022-07-05,True,True
95907,3078,2023-11-08,completed,Muzaffarnagar,Kerala,404603.5,Arnav,Yogi,bhavin31@example.com,913465086569,41,Male,Muzaffarnagar,Kerala,Medium,2024-04-27,True,True
95969,11602,2023-10-22,completed,Bhatpara,Bihar,332405.86,Mannat,Sami,dassmehul@example.org,9751859519,30,Female,Bhatpara,Bihar,Low,2022-01-27,True,True
95981,8505,2022-08-19,completed,Panihati,Gujarat,368177.2,Alia,Balay,iramesh@example.org,7451287862,30,Female,Panihati,Gujarat,Medium,2024-12-07,True,True
95984,14738,2022-07-01,completed,Deoghar,Punjab,421836.33,Saanvi,Bail,devanshsarin@example.org,913190198952,27,Female,Deoghar,Punjab,Low,2022-05-31,True,True
96022,2519,2023-11-19,completed,Dewas,Uttar Pradesh,383917.9,Amani,Kamdar,lankamishti@example.com,7066721922,37,Male,Dewas,Uttar Pradesh,Low,2024-06-29,True,True
96029,15263,2022-12-28,completed,Panvel,Gujarat,376597.73,Parinaaz,Bhagat,annesara@example.net,559449791,26,Female,Panvel,Gujarat,High,2024-11-04,True,True
96135,7877,2024-01-21,completed,Bhubaneswar,Karnataka,446736.11,Mehul,Chaudhry,samaira68@example.com,917206957011,40,Male,Bhubaneswar,Karnataka,High,2023-09-28,True,True
96181,14469,2023-05-05,pending,Bhagalpur,Rajasthan,467351.93,Arnav,Ranganathan,ksaini@example.net,5591695739,29,Female,Bhagalpur,Rajasthan,Medium,2024-10-08,True,True
96194,16617,2023-01-31,cancelled,Kavali,Kerala,386780.95,Dhanuk,Khare,qtailor@example.org,9583951802,30,Male,Kavali,Kerala,Medium,2023-12-28,True,True
96220,4541,2024-06-27,shipped,Moradabad,Uttar Pradesh,566424.25,Samaira,Shah,rohan76@example.org,916934867370,37,Female,Moradabad,Uttar Pradesh,Medium,2024-07-16,True,True
96272,11394,2022-04-04,completed,Kakinada,Uttar Pradesh,348940.0,Bhamini,Upadhyay,anvichaudhry@example.net,9380264275,56,Male,Kakinada,Uttar Pradesh,Medium,2023-03-23,True,True
96381,1075,2024-07-07,cancelled,Raipur,Delhi,397335.82,Lakshit,Chacko,gatikbains@example.org,912320018676,44,Male,Raipur,Delhi,High,2022-03-12,True,True
96469,10531,2024-03-21,completed,Ahmedabad,Karnataka,416955.46,Adira,Ramanathan,tiyadas@example.com,851875611,22,Female,Ahmedabad,Karnataka,Low,2024-08-08,True,True
96514,10142,2023-04-05,completed,Vadodara,Rajasthan,328368.24,Divit,Tak,bchander@example.org,917661724152,40,Male,Vadodara,Rajasthan,Medium,2023-12-25,True,True
96549,4043,2023-07-24,completed,Muzaffarpur,Telangana,360024.1,Shayak,Ganesan,twali@example.org,4508906603,22,Female,Muzaffarpur,Telangana,Medium,2023-02-17,True,True
96595,15643,2023-05-04,shipped,Raiganj,Telangana,595449.84,Veer,Badami,samar41@example.net,6244652716,20,Female,Raiganj,Telangana,Medium,2022-12-17,True,True
96611,1933,2022-03-30,completed,Tiruchirappalli,Tamil Nadu,326383.77,Vidur,Iyengar,bandiprisha@example.org,2030695165,47,Male,Tiruchirappalli,Tamil Nadu,Low,2022-09-19,True,True
96629,5068,2022-02-02,processing,Sambhal,Bihar,340555.9,Taimur,Buch,seherchaudhuri@example.com,191650929,49,Female,Sambhal,Bihar,Premium,2024-12-16,True,True
96630,19103,2022-05-14,completed,Bardhaman,Bihar,437026.38,Azad,Tata,neysayogi@example.com,6885175227,24,Female,Bardhaman,Bihar,Medium,2023-02-02,True,True
96642,5438,2024-11-23,completed,Kakinada,Gujarat,499301.96,Prisha,Chowdhury,neelofar78@example.com,6505476744,49,Female,Kakinada,Gujarat,Medium,2022-05-08,False,True
96682,19187,2024-05-26,completed,Kulti,Bihar,644847.32,Lakshay,Sem,gsridhar@example.org,8516955120,32,Male,Kulti,Bihar,High,2022-09-22,True,True
96730,696,2023-12-08,completed,Bettiah,Tamil Nadu,414732.21,Zara,Kannan,esalvi@example.com,8138666754,58,Male,Bettiah,Tamil Nadu,Low,2022-05-02,True,True
96791,14349,2022-09-26,completed,Mathura,Delhi,634240.91,Yashvi,Tank,garadrishya@example.com,917669772309,35,Female,Mathura,Delhi,Premium,2022-12-06,False,True
96918,2350,2023-04-07,completed,Hosur,Kerala,463412.16,Shray,Chander,bediraunak@example.net,6036383968,18,Male,Hosur,Kerala,High,2024-02-25,True,True
96936,18446,2023-09-19,completed,Bhatpara,Madhya Pradesh,351235.86,Aarav,Sagar,daliaseher@example.net,4140776995,32,Female,Bhatpara,Madhya Pradesh,Medium,2022-11-22,True,True
96957,1341,2022-01-21,completed,Siliguri,Punjab,441215.7,Jayesh,Balay,heer73@example.org,4982438843,48,Male,Siliguri,Punjab,Low,2024-12-13,False,True
96958,15368,2024-11-27,completed,Dharmavaram,Punjab,436553.96,Biju,Kari,shray38@example.net,911086250049,21,Female,Dharmavaram,Punjab,Medium,2023-04-30,True,True
97072,8206,2024-11-20,completed,Amroha,Uttar Pradesh,472692.57,Indrajit,Kohli,gandhibaiju@example.com,3281308807,33,Female,Amroha,Uttar Pradesh,Medium,2022-07-21,True,True
97084,10345,2022-11-23,shipped,Naihati,Uttar Pradesh,359157.82,Kiaan,Tak,venkataramanishita@example.net,912280666500,22,Male,Naihati,Uttar Pradesh,Medium,2024-06-26,True,True
97300,7736,2022-04-04,completed,Pune,Tamil Nadu,545595.68,Fateh,Kalla,kavyasura@example.net,5425092743,36,Female,Pune,Tamil Nadu,Low,2023-09-04,True,True
97311,12414,2022-02-11,completed,Dibrugarh,Uttar Pradesh,444736.25,Shayak,Karan,waliakhushi@example.com,914652759504,42,Female,Dibrugarh,Uttar Pradesh,Low,2024-04-20,True,True
97382,13560,2022-10-11,completed,Kolhapur,Tamil Nadu,330463.09,Anaya,Bhatnagar,karimadhup@example.net,3493970186,34,Female,Kolhapur,Tamil Nadu,High,2022-08-31,True,True
97398,4963,2024-02-26,completed,Tirupati,Uttar Pradesh,444201.66,Madhup,Goswami,tanejamiraan@example.org,919949201330,42,Female,Tirupati,Uttar Pradesh,Medium,2022-08-21,True,True
97419,10190,2023-05-12,completed,Guntur,Uttar Pradesh,354663.4,Anya,Wason,itara@example.org,5673320951,31,Male,Guntur,Uttar Pradesh,Medium,2024-07-18,True,True
97436,2089,2022-10-21,completed,Ballia,Punjab,693797.58,Zara,Dutta,miraya39@example.org,5362054493,18,Female,Ballia,Punjab,Medium,2022-10-11,True,True
97515,2761,2023-03-19,completed,Meerut,Rajasthan,352152.96,Taran,Arora,ysingh@example.com,7826487130,27,Female,Meerut,Rajasthan,High,2022-10-01,True,True
97517,2342,2023-07-15,shipped,Kanpur,Delhi,368212.65,Kashvi,Das,armaan83@example.com,4278859881,35,Female,Kanpur,Delhi,High,2023-11-05,True,True
97611,4216,2023-05-26,completed,Raebareli,Gujarat,464610.81,Trisha,Bora,parinaazsharma@example.com,322888970,24,Male,Raebareli,Gujarat,High,2022-02-17,True,True
97648,8940,2022-12-17,delivered,Bhilai,Karnataka,839085.81,Ryan,Subramaniam,dishanisamra@example.org,271466575,35,Female,Bhilai,Karnataka,High,2022-02-13,True,True
97670,16880,2024-07-18,processing,Kamarhati,Uttar Pradesh,416005.94,Jayesh,Raja,aradhya61@example.org,1568853228,18,Male,Kamarhati,Uttar Pradesh,Low,2022-11-30,True,True
97674,2032,2024-11-13,completed,Arrah,Uttar Pradesh,378197.64,Arhaan,Sood,divyansh09@example.org,914653363305,28,Female,Arrah,Uttar Pradesh,Medium,2024-12-23,True,True
97769,8485,2022-08-01,delivered,Pudukkottai,Uttar Pradesh,466620.29,Taimur,Sachdeva,rasha87@example.org,3725247380,52,Female,Pudukkottai,Uttar Pradesh,Low,2023-12-05,True,True
97770,4115,2022-08-06,completed,Udupi,Tamil Nadu,351250.76,Taran,Srivastava,veer23@example.net,4764691457,18,Male,Udupi,Tamil Nadu,Low,2024-12-22,True,True
97806,9808,2022-02-11,completed,Durgapur,Bihar,467896.71,Mahika,Kakar,rohandass@example.org,7675453196,38,Male,Durgapur,Bihar,Low,2024-02-16,True,True
97808,16768,2023-09-30,completed,Erode,Uttar Pradesh,450932.37,Yakshit,Halder,kairachaudhuri@example.org,3436887643,26,Male,Erode,Uttar Pradesh,Low,2024-04-03,False,True
97819,13421,2024-01-28,processing,Kumbakonam,Rajasthan,449835.5,Anvi,Devi,aarush48@example.com,916454628740,41,Female,Kumbakonam,Rajasthan,Medium,2023-12-25,True,True
97883,13458,2023-01-28,cancelled,Surendranagar Dudhrej,Gujarat,712857.77,Saanvi,Contractor,zarahegde@example.com,677444254,33,Female,Surendranagar Dudhrej,Gujarat,Medium,2022-02-24,True,True
97904,15301,2023-05-21,completed,Aurangabad,Bihar,327146.0,Keya,Luthra,sundaramurvi@example.com,916567394479,24,Male,Aurangabad,Bihar,Low,2022-11-24,True,True
97905,17765,2023-05-09,cancelled,Ajmer,Delhi,466396.22,Anaya,Saxena,hunardeshpande@example.org,913580739701,48,Female,Ajmer,Delhi,High,2024-05-07,True,True
98000,6484,2024-08-12,completed,Sambhal,Rajasthan,408293.48,Aaryahi,Char,acharyafaiyaz@example.org,914354249559,18,Female,Sambhal,Rajasthan,Medium,2024-09-29,True,True
98116,10914,2022-08-09,processing,Coimbatore,Madhya Pradesh,360803.64,Advik,Kala,hanshkari@example.com,2346883269,28,Male,Coimbatore,Madhya Pradesh,Premium,2022-09-25,True,True
98149,8782,2022-09-11,completed,Chittoor,Uttar Pradesh,349903.7,Yuvaan,Sha,mvirk@example.net,4876213787,36,Male,Chittoor,Uttar Pradesh,Medium,2023-04-10,True,True
98197,19230,2024-01-11,pending,Suryapet,Punjab,468542.16,Yakshit,Kamdar,shamik38@example.org,1177685130,18,Male,Suryapet,Punjab,Medium,2022-11-08,True,True
98246,3051,2023-12-18,completed,Guna,Tamil Nadu,702232.62,Anika,Baral,emir42@example.com,4293064614,31,Male,Guna,Tamil Nadu,Low,2022-11-10,True,True
98288,17401,2022-04-20,completed,Thiruvananthapuram,Madhya Pradesh,634381.55,Arnav,Agarwal,abrar@example.com,917192564229,37,Male,Thiruvananthapuram,Madhya Pradesh,Premium,2024-07-03,True,True
98299,17396,2023-10-06,delivered,Ambala,Uttar Pradesh,555565.41,Neelofar,Varghese,sankaranrenee@example.net,918149814155,28,Male,Ambala,Uttar Pradesh,Medium,2023-10-26,True,True
98350,13552,2024-11-02,completed,Jalandhar,Maharashtra,342074.17,Nakul,Dani,tusharshankar@example.com,6430490258,33,Male,Jalandhar,Maharashtra,Low,2023-07-31,True,True
98371,7978,2023-06-24,delivered,Khandwa,Maharashtra,491387.37,Romil,Soman,sarmadhruv@example.org,5361231826,39,Female,Khandwa,Maharashtra,Low,2023-09-27,True,True
98392,15107,2023-01-26,completed,Siliguri,Uttar Pradesh,510786.62,Biju,Borah,inaaya-04@example.com,910052091617,18,Male,Siliguri,Uttar Pradesh,Low,2022-01-22,True,True
98396,8504,2023-08-30,delivered,Haridwar,Punjab,367427.35,Kiaan,Rege,pdara@example.org,972567268,33,Female,Haridwar,Punjab,High,2022-01-28,True,True
98446,1994,2022-08-30,shipped,Bettiah,Tamil Nadu,599795.05,Hazel,Boase,sibalrania@example.com,2048109305,41,Male,Bettiah,Tamil Nadu,Low,2023-03-24,True,True
98493,9049,2024-05-02,completed,Udaipur,Telangana,556958.72,Himmat,Sharaf,grewalkavya@example.com,1922053301,28,Female,Udaipur,Telangana,Low,2024-04-19,False,True
98522,18035,2024-05-10,completed,Dharmavaram,West Bengal,451793.25,Akarsh,Joshi,bhaminiwali@example.net,914874950563,19,Male,Dharmavaram,West Bengal,Low,2024-12-05,True,True
98532,8098,2022-07-30,processing,Medininagar,Madhya Pradesh,400472.78,Vidur,Johal,darshitvaidya@example.net,916089709571,39,Male,Medininagar,Madhya Pradesh,Medium,2023-05-01,True,True
98558,8127,2024-05-11,completed,Mirzapur,Madhya Pradesh,394200.85,Aniruddh,Tank,ehsaanchhabra@example.net,912711838852,39,Female,Mirzapur,Madhya Pradesh,Medium,2024-05-03,True,True
98583,9638,2024-03-02,completed,Shimoga,Maharashtra,709657.65,Zara,Wason,aarush10@example.net,915150727200,33,Female,Shimoga,Maharashtra,Low,2023-08-01,True,True
98598,6806,2022-08-28,completed,Karimnagar,Uttar Pradesh,328084.93,Kashvi,Rattan,hansalisha@example.com,5336330199,38,Male,Karimnagar,Uttar Pradesh,Low,2023-11-14,True,True
98617,10558,2022-09-03,completed,Tezpur,Uttar Pradesh,617494.77,Riya,Sood,miraan10@example.com,2292481989,42,Male,Tezpur,Uttar Pradesh,High,2022-07-06,True,True
98644,4654,2022-10-03,completed,Raebareli,Bihar,598938.68,Nayantara,Kalita,reneeagrawal@example.org,6698032739,27,Female,Raebareli,Bihar,Medium,2023-08-21,True,True
98695,3512,2023-09-19,delivered,Ludhiana,West Bengal,427286.6,Renee,Majumdar,chawlamiraya@example.org,2230421037,18,Male,Ludhiana,West Bengal,Low,2023-04-15,True,True
98712,12653,2023-11-08,pending,Nadiad,Maharashtra,380005.1,Renee,Sanghvi,mehulrao@example.net,6976104920,30,Female,Nadiad,Maharashtra,Low,2022-11-06,True,True
98736,19370,2022-09-07,completed,Jaipur,Maharashtra,340336.87,Madhav,Lad,raviyasmin@example.com,912266054328,33,Male,Jaipur,Maharashtra,Medium,2022-03-21,True,True
98794,19103,2024-03-24,completed,Bardhaman,Bihar,746416.92,Azad,Tata,neysayogi@example.com,6885175227,24,Female,Bardhaman,Bihar,Medium,2023-02-02,True,True
98916,18957,2024-09-20,cancelled,Chennai,Madhya Pradesh,328187.13,Kimaya,Kanda,jhaveriakarsh@example.com,1232536973,46,Female,Chennai,Madhya Pradesh,Low,2022-04-09,True,True
98986,13098,2022-03-14,completed,Haldia,Tamil Nadu,434459.53,Vritika,Soni,chaudharydarshit@example.net,919055193723,18,Female,Haldia,Tamil Nadu,Low,2024-10-16,True,True
99087,12301,2023-09-25,processing,Amaravati,Uttar Pradesh,377093.09,Darshit,Kalita,akarsh12@example.org,5754152113,45,Male,Amaravati,Uttar Pradesh,Medium,2023-07-31,True,True
99104,19169,2022-08-12,completed,Hindupur,Maharashtra,350216.56,Chirag,Raval,onkardivan@example.org,1902065345,43,Female,Hindupur,Maharashtra,Low,2023-10-22,True,True
99117,6280,2023-01-13,processing,Mehsana,Delhi,369370.03,Inaaya ,Dhingra,nitara21@example.org,919443540062,33,Female,Mehsana,Delhi,Low,2023-03-09,True,True
99153,1807,2024-01-16,completed,Hospet,Karnataka,455649.08,Shamik,Sanghvi,sethkabir@example.org,912653273551,28,Female,Hospet,Karnataka,Premium,2022-08-31,True,True
99212,7206,2022-02-14,completed,Bhimavaram,West Bengal,337807.74,Mannat,Dasgupta,gatiksibal@example.com,912448741116,24,Male,Bhimavaram,West Bengal,Medium,2024-12-22,True,True
99232,5500,2023-05-17,completed,Morbi,Karnataka,497630.73,Lakshay,Kohli,daminigrewal@example.net,919313403607,24,Female,Morbi,Karnataka,Low,2023-12-18,True,True
99271,6391,2022-12-03,shipped,Hajipur,Gujarat,702638.24,Urvi,Loke,yashvi00@example.org,2074346481,44,Male,Hajipur,Gujarat,Medium,2023-02-03,True,True
99339,12926,2023-07-12,delivered,Unnao,Maharashtra,333502.66,Kartik,Jani,shraygoda@example.net,2593906206,45,Female,Unnao,Maharashtra,High,2023-06-05,True,True
99343,16034,2022-08-17,completed,Gopalpur,Karnataka,399072.56,Chirag,Rau,vaibhav28@example.com,3370851864,50,Female,Gopalpur,Karnataka,Medium,2023-06-20,True,True
99379,1864,2023-09-21,shipped,Indore,Delhi,344824.46,Riaan,Rout,maniojas@example.org,911805257959,40,Female,Indore,Delhi,Low,2023-03-15,True,True
99427,8818,2022-10-20,delivered,Raichur,Karnataka,431083.81,Jivin,Butala,wsamra@example.org,916581532229,24,Female,Raichur,Karnataka,Low,2022-12-26,True,True
99430,1262,2024-07-28,completed,Suryapet,West Bengal,366668.12,Anahita,Comar,navya36@example.com,913570041291,31,Female,Suryapet,West Bengal,High,2024-12-25,True,True
99489,5552,2023-03-15,processing,Phusro,Karnataka,338063.11,Himmat,Balasubramanian,indrajitshankar@example.org,5885238416,44,Female,Phusro,Karnataka,Low,2023-11-28,True,True
99500,2852,2023-08-13,completed,Singrauli,Maharashtra,385292.54,Jiya,Sant,issacaarna@example.com,1624698896,47,Male,Singrauli,Maharashtra,High,2022-09-25,True,True
99530,16642,2022-09-10,shipped,Surendranagar Dudhrej,Tamil Nadu,364620.43,Neysa,Raman,priyanshdugal@example.net,9742337842,34,Female,Surendranagar Dudhrej,Tamil Nadu,High,2022-08-04,False,True
99610,14323,2022-06-20,delivered,Tinsukia,Uttar Pradesh,477736.38,Amira,Chawla,abava@example.org,8814740965,39,Male,Tinsukia,Uttar Pradesh,Medium,2023-12-30,True,True
99619,3669,2022-08-24,completed,Ongole,Rajasthan,431020.83,Himmat,Das,raghavjohal@example.net,915516978837,23,Female,Ongole,Rajasthan,Low,2022-09-03,True,True
99648,7020,2024-07-09,completed,Kurnool,Karnataka,497852.03,Saksham,Sawhney,baradheer@example.com,918737637975,18,Female,Kurnool,Karnataka,Low,2023-07-02,True,True
99657,11842,2024-01-10,completed,Lucknow,Rajasthan,361878.82,Gatik,Balay,karpezaina@example.org,7545208777,41,Female,Lucknow,Rajasthan,Low,2022-10-17,True,True
99703,1401,2022-08-22,processing,Jabalpur,Tamil Nadu,364074.93,Rasha,Korpal,vaidyadrishya@example.net,2237887058,42,Male,Jabalpur,Tamil Nadu,Medium,2023-08-26,True,True
99805,12345,2023-05-20,completed,Tiruchirappalli,Maharashtra,562577.84,Riya,Sathe,gatik60@example.net,3104268601,58,Female,Tiruchirappalli,Maharashtra,Low,2024-04-22,True,True
99863,2568,2023-11-14,completed,Etawah,Rajasthan,582632.48,Kiara,Banik,gargnayantara@example.com,9991584345,40,Male,Etawah,Rajasthan,Medium,2022-07-01,True,True
99891,17045,2024-03-29,completed,Uluberia,Uttar Pradesh,594954.23,Hridaan,Srinivas,etoor@example.net,245885466,52,Female,Uluberia,Uttar Pradesh,Medium,2023-09-08,True,True
99919,13243,2022-11-26,shipped,Rohtak,Karnataka,330155.03,Riya,Tara,samairakhatri@example.net,7234021494,35,Female,Rohtak,Karnataka,Medium,2022-12-30,True,True
99930,4722,2024-11-30,completed,Motihari,Maharashtra,346763.47,Rania,Chaudry,eshani60@example.com,1775450756,44,Female,Motihari,Maharashtra,Medium,2022-02-11,True,True
99931,2032,2023-03-17,completed,Arrah,Uttar Pradesh,416832.72,Arhaan,Sood,divyansh09@example.org,914653363305,28,Female,Arrah,Uttar Pradesh,Medium,2024-12-23,True,True
99933,12651,2024-10-29,completed,Ulhasnagar,Punjab,834496.93,Nirvi,Goel,tiya54@example.com,9928293527,51,Male,Ulhasnagar,Punjab,Medium,2023-08-19,True,True
99969,17163,2023-03-16,completed,Nagpur,Rajasthan,398092.58,Diya,Raja,surimisha@example.org,913059893036,39,Female,Nagpur,Rajasthan,Medium,2022-05-09,True,True
100006,16972,2024-05-05,pending,Mau,Maharashtra,645849.02,Shalv,Sidhu,tataaaina@example.com,6928731089,40,Female,Mau,Maharashtra,Low,2024-12-22,True,True
100019,2739,2022-05-29,completed,Khandwa,Rajasthan,447279.47,Navya,Vohra,onkargolla@example.org,8816035341,34,Male,Khandwa,Rajasthan,Medium,2024-12-23,True,True
100025,5188,2024-05-05,completed,Anantapuram,Gujarat,489393.52,Chirag,Swamy,inaaya-45@example.com,8035676115,18,Male,Anantapuram,Gujarat,Medium,2022-03-28,False,True
100026,15783,2024-01-29,shipped,Gangtok,Uttar Pradesh,334077.27,Zoya,Mandal,dasstrisha@example.org,910537866824,22,Female,Gangtok,Uttar Pradesh,Medium,2024-10-21,True,True
100036,16843,2022-04-14,completed,Kishanganj,Punjab,441679.75,Anvi,Brahmbhatt,walibhamini@example.com,1826300702,25,Male,Kishanganj,Punjab,High,2023-07-18,True,True
100050,272,2024-06-15,completed,Ramgarh,Uttar Pradesh,355064.21,Prerak,Dani,anaya95@example.com,917636556472,20,Female,Ramgarh,Uttar Pradesh,Medium,2024-12-01,True,True
100067,5553,2023-09-15,completed,Pali,West Bengal,406056.79,Kashvi,Majumdar,anvi40@example.org,768130103,44,Female,Pali,West Bengal,Low,2024-11-19,True,True
100072,19550,2023-08-15,completed,Khammam,Tamil Nadu,409562.16,Ela,Bajwa,qviswanathan@example.net,9911158039,24,Male,Khammam,Tamil Nadu,Low,2024-12-06,True,True
100092,17565,2024-09-16,completed,Bongaigaon,West Bengal,366638.7,Vardaniya,Hari,eahluwalia@example.net,916048559074,31,Female,Bongaigaon,West Bengal,Medium,2022-11-26,True,True
100181,1404,2023-12-10,completed,Bathinda,Uttar Pradesh,353503.61,Inaaya ,Balan,zeeshanbarman@example.com,2016555786,36,Male,Bathinda,Uttar Pradesh,Medium,2024-02-15,True,True
100203,6955,2023-03-07,completed,Suryapet,Rajasthan,493405.06,Nakul,Dave,luppal@example.com,8851393027,28,Male,Suryapet,Rajasthan,Low,2023-08-17,True,True
100273,1814,2024-04-03,cancelled,Jabalpur,Uttar Pradesh,406211.37,Advik,Chanda,indrajitbalasubramanian@example.net,5506179067,26,Male,Jabalpur,Uttar Pradesh,Medium,2023-06-14,True,True
100274,5741,2023-01-24,completed,Eluru,Karnataka,511268.52,Piya,Dass,satwal@example.org,7786307818,18,Male,Eluru,Karnataka,Low,2023-06-18,True,True
100289,3236,2023-12-12,completed,Sultan Pur Majra,West Bengal,446807.45,Myra,Dhar,wsundaram@example.net,7856451924,23,Male,Sultan Pur Majra,West Bengal,Medium,2024-06-01,True,True
100374,12294,2024-08-10,completed,Meerut,Uttar Pradesh,371937.63,Kabir,Chaudhary,samihamammen@example.org,3380954584,28,Female,Meerut,Uttar Pradesh,High,2023-10-04,True,True
100404,13418,2024-01-12,completed,Pali,Gujarat,347462.71,Veer,Sawhney,badal51@example.com,8899398632,39,Male,Pali,Gujarat,Medium,2024-06-20,True,True
100430,8312,2024-03-17,completed,Bongaigaon,West Bengal,435084.01,Bhamini,Borra,yseshadri@example.com,388315523,30,Female,Bongaigaon,West Bengal,Premium,2022-12-05,True,True
100554,11847,2024-10-01,completed,Kochi,Uttar Pradesh,485085.86,Ishita,Sule,shlok78@example.net,5808767692,22,Female,Kochi,Uttar Pradesh,Low,2024-07-18,True,True
100561,880,2023-08-31,completed,Tiruppur,Maharashtra,513024.26,Ryan,Kalla,nkapoor@example.org,911677269608,45,Male,Tiruppur,Maharashtra,Low,2024-11-11,True,True
100643,12935,2022-10-19,completed,Kadapa,Maharashtra,410060.88,Stuvan,Lad,rlalla@example.com,915216640659,39,Male,Kadapa,Maharashtra,Low,2024-04-27,True,True
100727,13267,2022-09-14,completed,Kota,Karnataka,350949.2,Prisha,Jayaraman,lavanya60@example.com,9372245179,51,Female,Kota,Karnataka,Low,2022-11-24,False,True
100781,7901,2022-04-09,completed,Kottayam,Uttar Pradesh,645496.96,Dhanush,Bhatnagar,rati05@example.com,916016561270,26,Female,Kottayam,Uttar Pradesh,Medium,2023-03-21,False,True
100786,17609,2022-05-18,completed,Kochi,Punjab,448473.98,Lagan,Varty,dhruv59@example.net,913968485985,51,Female,Kochi,Punjab,Premium,2023-04-05,True,True
100871,12438,2022-06-21,pending,Kumbakonam,Kerala,325631.16,Akarsh,Kaur,orajan@example.com,6907212092,18,Female,Kumbakonam,Kerala,Low,2023-06-30,True,True
100901,9894,2022-11-23,delivered,Mathura,Gujarat,758039.29,Madhav,Cherian,tara85@example.org,3326167021,50,Female,Mathura,Gujarat,Low,2022-03-25,True,True
100903,12448,2024-05-05,completed,Mahbubnagar,Maharashtra,413109.2,Chirag,Date,chhabraazad@example.com,7737043594,24,Female,Mahbubnagar,Maharashtra,Medium,2022-05-14,True,True
100944,1002,2024-07-07,completed,Howrah,Madhya Pradesh,495826.81,Tanya,Khare,deshpandetaran@example.org,918885622586,48,Male,Howrah,Madhya Pradesh,Medium,2023-05-20,True,True
100953,8781,2024-05-23,pending,Phusro,Karnataka,605893.79,Mahika,Khalsa,lhans@example.org,910411226362,56,Male,Phusro,Karnataka,Medium,2023-10-02,True,True
100959,2904,2022-08-01,shipped,Kalyan-Dombivli,Maharashtra,495088.08,Umang,Badal,mangatnakul@example.org,919569320506,31,Female,Kalyan-Dombivli,Maharashtra,Low,2023-09-09,True,True
101044,16767,2024-10-05,delivered,Buxar,West Bengal,548453.7,Jivin,Kale,mbhasin@example.com,911484678450,22,Male,Buxar,West Bengal,Low,2024-12-21,True,True
101066,2521,2023-09-01,completed,Mysore,Madhya Pradesh,390149.17,Ranbir,Srinivasan,wasoneshani@example.net,1205994476,45,Male,Mysore,Madhya Pradesh,Medium,2022-10-01,True,True
101119,11547,2023-09-22,completed,Katihar,Uttar Pradesh,403092.72,Jivika,Bava,hiransom@example.com,9193214518,39,Male,Katihar,Uttar Pradesh,High,2024-12-12,True,True
101131,15073,2024-01-19,completed,Burhanpur,Madhya Pradesh,345361.01,Rati,Venkatesh,kiara98@example.net,2565476550,38,Male,Burhanpur,Madhya Pradesh,Low,2024-03-23,True,True
101173,7990,2022-08-03,completed,Kurnool,Rajasthan,358152.46,Yasmin,Venkatesh,jivin14@example.com,911969457054,37,Male,Kurnool,Rajasthan,Low,2023-10-22,True,True
101234,12827,2024-07-25,delivered,Warangal,Uttar Pradesh,533784.84,Divyansh,Kumar,annenehmat@example.com,912746968321,18,Female,Warangal,Uttar Pradesh,Medium,2024-03-29,True,True
101291,12071,2023-02-20,processing,Gurgaon,Uttar Pradesh,429732.49,Aarush,Lal,fbrahmbhatt@example.net,914104431209,36,Female,Gurgaon,Uttar Pradesh,High,2022-10-14,True,True
101502,16319,2023-10-30,shipped,Nadiad,West Bengal,586361.47,Suhana,Shankar,fkuruvilla@example.net,44102396,48,Male,Nadiad,West Bengal,High,2023-11-28,True,True
101523,3295,2022-02-10,completed,Phagwara,Tamil Nadu,325534.59,Ritvik,Ratta,mandaayesha@example.com,848671172,42,Male,Phagwara,Tamil Nadu,Low,2024-03-31,True,True
101535,162,2023-07-08,shipped,Vijayanagaram,Karnataka,508186.12,Riaan,Dhillon,drishya12@example.com,914223253672,18,Female,Vijayanagaram,Karnataka,High,2023-08-06,True,True
101561,19831,2024-11-07,completed,Dehri,Uttar Pradesh,383451.39,Damini,Vala,wmangat@example.com,9226252555,55,Male,Dehri,Uttar Pradesh,Low,2024-02-23,True,True
101576,170,2022-06-30,completed,Chittoor,Karnataka,366087.48,Bhamini,Hans,daracharvi@example.net,1805526965,38,Male,Chittoor,Karnataka,Medium,2022-04-24,True,True
101673,9443,2024-05-26,completed,Lucknow,Maharashtra,478656.93,Shaan,Bail,hmandal@example.net,910545528859,33,Male,Lucknow,Maharashtra,Low,2023-07-12,True,True
101689,3072,2022-11-05,processing,Gulbarga,Bihar,395018.6,Arhaan,Lad,csawhney@example.net,2262491528,28,Male,Gulbarga,Bihar,High,2024-03-03,True,True
101752,10811,2023-03-03,completed,Chennai,Bihar,384356.86,Romil,Dhingra,eshanker@example.net,914939499151,60,Male,Chennai,Bihar,Low,2023-08-06,True,True
101821,14824,2022-07-01,completed,Rajkot,Tamil Nadu,627205.34,Nirvaan,Bumb,shlokbhargava@example.com,916627589090,37,Male,Rajkot,Tamil Nadu,Medium,2024-05-13,True,True
101823,6434,2024-01-25,completed,Raebareli,Maharashtra,340499.29,Yakshit,Warrior,saksham27@example.com,3096500401,36,Male,Raebareli,Maharashtra,Low,2023-04-06,True,True
101861,7790,2024-01-10,delivered,Kochi,Maharashtra,419081.95,Charvi,Sekhon,kanttaimur@example.com,7877991394,28,Female,Kochi,Maharashtra,Low,2023-05-22,True,True
101884,1659,2022-07-03,delivered,Jaipur,Uttar Pradesh,557497.86,Emir,Ram,rhealanka@example.com,7285021553,33,Male,Jaipur,Uttar Pradesh,Low,2024-11-12,True,True
101906,17348,2024-07-25,completed,Meerut,Maharashtra,629248.61,Shayak,Talwar,saraghosh@example.org,9674398610,32,Female,Meerut,Maharashtra,Premium,2022-11-08,True,True
101983,8623,2022-06-02,completed,Khammam,Madhya Pradesh,351045.14,Madhup,Randhawa,prerak87@example.com,3506896591,18,Female,Khammam,Madhya Pradesh,Low,2022-06-21,True,True
101998,11915,2023-08-28,completed,Vijayawada,Telangana,369644.96,Dishani,Basu,qgrover@example.com,2149954651,37,Male,Vijayawada,Telangana,Medium,2024-02-09,True,True
102004,16255,2024-03-08,processing,Sagar,Uttar Pradesh,420818.42,Miraya,Zacharia,rhea07@example.org,915836385357,42,Female,Sagar,Uttar Pradesh,Low,2023-07-16,True,True
102009,795,2022-05-15,completed,Shahjahanpur,Tamil Nadu,351551.11,Jivin,Rajagopal,divyanshkothari@example.org,2957867181,29,Female,Shahjahanpur,Tamil Nadu,Medium,2023-07-23,True,True
102055,586,2024-08-16,completed,Kalyan-Dombivli,West Bengal,356349.09,Arnav,Gopal,yakshit69@example.net,917589551687,38,Male,Kalyan-Dombivli,West Bengal,High,2024-08-22,True,True
102096,11349,2023-10-08,shipped,Moradabad,Bihar,565779.08,Suhana,Agrawal,rkara@example.net,1991235279,57,Male,Moradabad,Bihar,Premium,2022-12-11,True,True
102105,8806,2023-06-10,cancelled,Kirari Suleman Nagar,Delhi,628223.03,Shaan,Dash,wagleurvi@example.com,2561925361,39,Female,Kirari Suleman Nagar,Delhi,Medium,2023-10-19,True,True
102107,9216,2023-11-25,completed,Kishanganj,Maharashtra,454305.09,Ahana ,Jaggi,ychaudhari@example.net,224591102,44,Male,Kishanganj,Maharashtra,Low,2023-08-08,True,True
102193,12437,2023-09-20,delivered,Sangli-Miraj & Kupwad,Uttar Pradesh,370874.2,Badal,Karan,hunar41@example.com,917202856066,33,Female,Sangli-Miraj & Kupwad,Uttar Pradesh,Low,2023-10-24,True,True
102245,4703,2024-01-16,delivered,Cuttack,Maharashtra,429147.04,Bhamini,Jani,prerak41@example.net,911917062217,21,Male,Cuttack,Maharashtra,Medium,2023-10-04,True,True
102285,11350,2023-04-01,shipped,Tadipatri,Maharashtra,399158.22,Nitara,Viswanathan,ukibe@example.net,8414830234,42,Male,Tadipatri,Maharashtra,Medium,2022-01-09,True,True
102288,2233,2022-12-23,completed,Dindigul,Maharashtra,335775.36,Jiya,Gade,wchad@example.org,235893771,45,Male,Dindigul,Maharashtra,Medium,2024-04-28,True,True
102312,12209,2022-12-15,completed,Hajipur,West Bengal,393745.42,Divit,Loke,gokulramanathan@example.com,6470545270,29,Male,Hajipur,West Bengal,Medium,2022-04-21,True,True
102400,10325,2022-04-17,completed,Surat,Punjab,354558.46,Onkar,Gaba,vedikakalita@example.net,917916026634,33,Male,Surat,Punjab,Medium,2024-05-15,True,True
102427,1667,2023-03-24,completed,Orai,Uttar Pradesh,409137.12,Lakshit,Rao,indrajit32@example.net,5580957947,28,Female,Orai,Uttar Pradesh,Medium,2022-06-01,True,True
102451,4582,2022-07-11,completed,Anand,Maharashtra,644536.53,Sara,Sama,chiragramaswamy@example.org,5788258422,23,Female,Anand,Maharashtra,Low,2024-09-22,True,True
102486,17575,2024-03-26,completed,Ghaziabad,Madhya Pradesh,642706.36,Nitya,Srinivasan,baralbaiju@example.net,912790011009,36,Male,Ghaziabad,Madhya Pradesh,Low,2022-01-31,True,True
102517,3146,2023-02-01,completed,Bhind,Uttar Pradesh,763260.7,Anahita,Chahal,ukala@example.org,843881684,32,Male,Bhind,Uttar Pradesh,High,2022-09-21,True,True
102568,7666,2023-12-27,completed,Aizawl,Kerala,471094.4,Siya,Jaggi,reyanshupadhyay@example.com,6618206090,28,Female,Aizawl,Kerala,Low,2024-02-29,True,True
102605,6968,2023-11-15,completed,Surat,Rajasthan,537490.13,Reyansh,Gupta,vritikakrishnan@example.org,1187961920,32,Female,Surat,Rajasthan,Low,2022-04-10,True,True
102607,17051,2024-06-01,shipped,Jaipur,Tamil Nadu,489479.14,Umang,Tata,wablenavya@example.org,7394050585,36,Male,Jaipur,Tamil Nadu,High,2022-11-23,True,True
102640,8683,2024-12-01,delivered,Udupi,Maharashtra,896991.4,Priyansh,Acharya,anay95@example.com,1065350796,49,Male,Udupi,Maharashtra,High,2023-01-07,True,True
102696,14592,2023-10-20,completed,Phagwara,Maharashtra,323548.09,Nitara,Batra,chaudrytejas@example.org,911369501620,41,Male,Phagwara,Maharashtra,Medium,2024-01-04,True,True
102739,656,2022-08-16,shipped,Ujjain,Bihar,396777.57,Adira,Verma,usrinivas@example.net,911864876998,57,Female,Ujjain,Bihar,Low,2023-08-16,True,True
102781,14352,2024-11-07,completed,Ratlam,Tamil Nadu,393982.34,Nishith,Khatri,butalaindrajit@example.com,918211878564,31,Male,Ratlam,Tamil Nadu,Medium,2022-02-17,True,True
102807,2141,2024-02-19,completed,Dehri,Karnataka,345106.25,Gokul,Agrawal,nayantara29@example.com,5521750499,34,Male,Dehri,Karnataka,Medium,2022-07-28,True,True
102872,228,2023-11-26,completed,Kumbakonam,Madhya Pradesh,337525.47,Kismat,Khalsa,saanvi71@example.org,3055488510,34,Female,Kumbakonam,Madhya Pradesh,Premium,2022-08-07,True,True
102888,14022,2024-03-12,completed,South Dumdum,Uttar Pradesh,455778.5,Ryan,Kapur,uthkarsh34@example.org,915579655292,18,Female,South Dumdum,Uttar Pradesh,Low,2024-06-03,True,True
102957,17639,2024-09-01,completed,Chinsurah,Uttar Pradesh,445579.27,Dharmajan,Reddy,samar63@example.org,7648177710,37,Female,Chinsurah,Uttar Pradesh,Low,2024-03-15,True,True
102987,14850,2023-04-26,delivered,Phagwara,Maharashtra,460281.64,Miraan,Suri,obahl@example.net,1124386201,40,Male,Phagwara,Maharashtra,Low,2024-07-18,True,True
102997,2604,2024-08-13,delivered,Siliguri,Uttar Pradesh,337723.53,Indranil,Zachariah,anayagolla@example.org,3973175252,42,Female,Siliguri,Uttar Pradesh,High,2023-03-10,True,True
103060,10710,2024-01-11,completed,Jamnagar,Telangana,332970.59,Kismat,Chauhan,yashvikhurana@example.com,911572929413,57,Female,Jamnagar,Telangana,Medium,2023-05-18,True,True
103073,2769,2022-12-31,completed,Buxar,Uttar Pradesh,335527.67,Aaina,Anne,samar74@example.org,918459587695,32,Female,Buxar,Uttar Pradesh,Low,2022-05-27,False,True
103099,12375,2024-07-06,completed,Bongaigaon,Uttar Pradesh,391674.99,Alia,Bhat,solankiehsaan@example.com,1981816523,18,Male,Bongaigaon,Uttar Pradesh,High,2024-06-19,True,True
103192,9143,2022-11-28,cancelled,Davanagere,Madhya Pradesh,446470.64,Jayesh,Zachariah,gsur@example.com,5903288683,41,Male,Davanagere,Madhya Pradesh,Medium,2024-10-03,True,True
103195,7274,2024-01-21,completed,Thiruvananthapuram,Uttar Pradesh,618860.1,Rati,Bava,myra71@example.net,1479453431,28,Female,Thiruvananthapuram,Uttar Pradesh,High,2022-01-26,True,True
103211,9717,2024-06-03,delivered,Pondicherry,West Bengal,446018.02,Aniruddh,Dubey,rajagopalankimaya@example.org,9453187326,25,Female,Pondicherry,West Bengal,Low,2022-12-30,True,True
103320,4202,2022-12-29,shipped,Guwahati,Delhi,353124.3,Prerak,Divan,balanshalv@example.com,9798431522,18,Male,Guwahati,Delhi,High,2022-06-21,True,True
103337,11910,2024-04-09,completed,Kadapa,Rajasthan,427401.49,Vritika,Shetty,ranbir84@example.net,6584150218,51,Female,Kadapa,Rajasthan,Low,2024-05-02,True,True
103353,9100,2023-06-16,shipped,Mangalore,Delhi,767209.78,Nitara,Chana,hridaan08@example.com,1027266192,44,Female,Mangalore,Delhi,Medium,2024-05-20,True,True
103437,6707,2024-09-30,shipped,Ambarnath,Tamil Nadu,464470.92,Veer,Comar,bailmadhup@example.org,910339970351,26,Male,Ambarnath,Tamil Nadu,Low,2024-01-24,True,True
103456,2243,2023-08-31,pending,Nanded,Rajasthan,489002.16,Vidur,Mann,tmalhotra@example.net,9896319630,34,Female,Nanded,Rajasthan,Medium,2024-02-08,True,True
103552,18225,2023-02-04,shipped,Parbhani,Bihar,490652.51,Zeeshan,Bassi,aarna89@example.org,297821327,23,Female,Parbhani,Bihar,High,2024-05-30,True,True
103571,4600,2024-12-07,completed,Amravati,Maharashtra,386822.88,Anaya,Tara,qyohannan@example.net,915932561837,34,Female,Amravati,Maharashtra,Low,2023-06-17,True,True
103612,2590,2022-01-09,delivered,Phusro,Uttar Pradesh,630264.4,Anahi,Deshmukh,ethaker@example.org,919830878847,18,Male,Phusro,Uttar Pradesh,Medium,2024-04-17,False,True
103648,5434,2023-01-31,completed,Motihari,Maharashtra,597349.79,Ahana ,Swamy,ayesha14@example.net,915120045158,48,Male,Motihari,Maharashtra,High,2023-04-26,True,True
103649,9326,2022-11-18,shipped,Thoothukudi,Uttar Pradesh,384534.38,Kismat,Lala,bhaminiranganathan@example.com,913787562479,24,Male,Thoothukudi,Uttar Pradesh,Low,2024-09-28,True,True
103693,7266,2023-10-14,completed,Sultan Pur Majra,Telangana,384009.44,Veer,Vohra,adeol@example.org,912877056452,27,Male,Sultan Pur Majra,Telangana,Medium,2024-04-02,True,True
103737,1313,2024-10-15,completed,Chandrapur,Maharashtra,639658.31,Kavya,Reddy,doctormiraan@example.net,918779724792,29,Male,Chandrapur,Maharashtra,Low,2022-07-23,True,True
103761,14802,2024-01-19,completed,Ahmednagar,Karnataka,335232.49,Amani,Buch,bassimanikya@example.com,6046168094,40,Female,Ahmednagar,Karnataka,Low,2022-11-10,True,True
103764,14183,2023-02-06,completed,Jehanabad,Maharashtra,384594.36,Madhup,Batra,rautarini@example.net,4350610625,27,Female,Jehanabad,Maharashtra,Low,2023-08-07,False,True
103772,11516,2023-08-19,completed,Ambattur,West Bengal,567085.19,Suhana,Date,prisha66@example.net,918005830715,39,Female,Ambattur,West Bengal,High,2023-10-14,True,True
103774,8541,2023-08-08,completed,Barasat,West Bengal,473514.87,Zeeshan,Barman,fsem@example.net,2982004970,38,Female,Barasat,West Bengal,Medium,2022-01-13,True,True
103920,4433,2022-05-01,completed,Nangloi Jat,Maharashtra,436967.45,Charvi,Dara,dsodhi@example.net,916316295810,50,Male,Nangloi Jat,Maharashtra,Premium,2022-06-23,True,True
104009,18496,2023-07-10,completed,Ratlam,Kerala,443056.15,Miraan,Shroff,dassaaryahi@example.com,915235233395,38,Male,Ratlam,Kerala,High,2024-03-09,True,True
104028,16959,2023-07-08,completed,Mumbai,Uttar Pradesh,473600.42,Ivana,Sule,sankarandarshit@example.net,4875945916,50,Male,Mumbai,Uttar Pradesh,High,2024-04-02,True,True
104066,5146,2023-01-19,pending,Bokaro,Uttar Pradesh,495088.08,Trisha,Taneja,mahalriya@example.com,5448634871,18,Male,Bokaro,Uttar Pradesh,Low,2024-07-10,True,True
104122,15819,2022-04-14,completed,Haldia,Tamil Nadu,551987.38,Yakshit,Chawla,doshiuthkarsh@example.net,4966022028,25,Male,Haldia,Tamil Nadu,High,2024-03-03,True,True
104145,2567,2022-03-18,completed,Anantapuram,Uttar Pradesh,468358.95,Nishith,Bali,qravi@example.org,912826585970,64,Female,Anantapuram,Uttar Pradesh,High,2024-03-12,True,True
104192,4815,2024-11-12,processing,Aurangabad,Maharashtra,536631.25,Gatik,Garde,chadhahridaan@example.org,9518589768,51,Male,Aurangabad,Maharashtra,Medium,2023-08-14,True,True
104247,3311,2024-05-15,completed,Katihar,Rajasthan,624457.48,Rasha,Thakkar,solankipurab@example.net,941477168,45,Male,Katihar,Rajasthan,Low,2024-10-31,True,True
104252,15849,2023-02-10,completed,Begusarai,Maharashtra,455696.19,Manikya,Devan,wthakkar@example.net,1115199131,21,Male,Begusarai,Maharashtra,High,2024-05-19,True,True
104273,14434,2024-07-04,delivered,Narasaraopet,Kerala,379663.97,Akarsh,Gade,daramisha@example.net,829543261,45,Male,Narasaraopet,Kerala,High,2024-11-24,True,True
104291,14457,2023-12-05,completed,Nandyal,West Bengal,323409.84,Faiyaz,Varghese,darshitvasa@example.org,3593878300,53,Female,Nandyal,West Bengal,Medium,2024-10-19,True,True
104306,16474,2024-12-01,shipped,Ludhiana,Gujarat,444614.25,Saksham,De,kulkarnijayant@example.net,3140874773,39,Male,Ludhiana,Gujarat,Low,2022-04-18,True,True
104366,46,2022-11-02,processing,Bahraich,Maharashtra,372151.61,Piya,Dada,vedika93@example.com,918324210249,48,Male,Bahraich,Maharashtra,Low,2022-07-13,True,True
104433,17630,2022-11-08,completed,Arrah,Bihar,571840.16,Lagan,Shan,butalaindrans@example.net,913643615949,41,Male,Arrah,Bihar,Medium,2023-07-15,True,True
104444,2038,2023-11-16,completed,Kochi,Gujarat,354022.83,Heer,Wable,aarna22@example.com,919260261186,18,Male,Kochi,Gujarat,Medium,2022-02-10,True,True
104447,19474,2022-04-04,completed,Srikakulam,Karnataka,380089.83,Aarna,Jayaraman,umang10@example.org,656813481,27,Male,Srikakulam,Karnataka,Medium,2023-12-21,True,True
104488,3464,2023-12-03,completed,Bhatpara,Bihar,534700.39,Zaina,Dara,arnav96@example.net,910876848655,32,Female,Bhatpara,Bihar,High,2022-09-10,True,True
104494,2643,2024-05-28,pending,Jammu,Rajasthan,388114.71,Nishith,Chander,kganguly@example.org,1980528390,38,Male,Jammu,Rajasthan,Medium,2022-01-24,True,True
104564,15615,2023-06-08,completed,Sikar,West Bengal,438566.85,Jayesh,Butala,gokul58@example.com,918232078962,25,Male,Sikar,West Bengal,Medium,2022-03-07,True,True
104596,721,2023-04-09,completed,Dhanbad,Bihar,371808.99,Siya,Dora,biyer@example.org,4161394498,33,Male,Dhanbad,Bihar,High,2023-08-05,True,True
104624,3504,2024-11-14,completed,Etawah,Telangana,360349.59,Aradhya,Issac,luthrasaanvi@example.com,8412123496,29,Female,Etawah,Telangana,Medium,2024-07-24,True,True
104631,18153,2024-08-07,completed,Guwahati,Tamil Nadu,356658.93,Siya,Bansal,mtaneja@example.com,911337327180,22,Male,Guwahati,Tamil Nadu,Low,2022-12-04,True,True
104643,7962,2023-04-20,completed,Silchar,Uttar Pradesh,325370.64,Aaina,Gola,hridaan52@example.net,8202186309,42,Male,Silchar,Uttar Pradesh,Low,2023-07-13,True,True
104648,18079,2022-10-13,completed,Bikaner,Bihar,723234.52,Eshani,Bail,siya64@example.com,919786474141,49,Male,Bikaner,Bihar,Medium,2024-04-12,True,True
104736,1254,2023-06-14,completed,Motihari,Uttar Pradesh,475011.99,Chirag,Chacko,shanayaseth@example.com,2055033000,44,Female,Motihari,Uttar Pradesh,High,2024-03-17,True,True
104784,8924,2023-01-11,completed,Asansol,Delhi,344563.65,Parinaaz,Madan,sankaranhrishita@example.com,7266245678,50,Female,Asansol,Delhi,Low,2022-10-13,True,True
104788,18696,2023-08-20,completed,Gandhidham,Uttar Pradesh,332288.61,Dhanush,Dada,wcontractor@example.net,4870413914,18,Female,Gandhidham,Uttar Pradesh,Medium,2024-08-24,True,True
104844,3798,2024-03-08,completed,Mathura,Kerala,362386.51,Taimur,Basu,zara62@example.net,910088887641,50,Male,Mathura,Kerala,Medium,2023-12-13,True,True
104919,7222,2023-11-02,completed,Khandwa,Rajasthan,509037.83,Drishya,Anand,jivin72@example.org,914223616,37,Female,Khandwa,Rajasthan,Medium,2023-03-11,True,True
104940,18184,2023-07-12,shipped,Nashik,Maharashtra,561149.53,Adah,Dugar,agarwalayesha@example.net,7602582376,28,Female,Nashik,Maharashtra,Low,2024-04-03,True,True
104943,8217,2023-11-04,completed,Thiruvananthapuram,Punjab,328320.61,Ehsaan,Rajagopal,nishithsawhney@example.org,9299793374,39,Female,Thiruvananthapuram,Punjab,Low,2024-10-14,False,True
104976,2156,2023-10-25,completed,Gangtok,Uttar Pradesh,496082.24,Anika,Chowdhury,samarth48@example.org,7126661539,38,Male,Gangtok,Uttar Pradesh,Medium,2022-07-18,True,True
104983,1436,2024-02-05,completed,New Delhi,Bihar,352321.12,Ivana,Walla,zeeshangulati@example.com,1966661025,27,Female,New Delhi,Bihar,Premium,2023-03-08,True,True
104989,17647,2022-12-28,completed,Jaipur,Uttar Pradesh,384221.73,Eshani,Subramanian,sarakashyap@example.org,6000137911,42,Female,Jaipur,Uttar Pradesh,Medium,2024-01-21,True,True
105035,5972,2024-02-01,completed,Singrauli,Tamil Nadu,441676.36,Khushi,Balan,mmaster@example.net,6906828700,36,Female,Singrauli,Tamil Nadu,Low,2022-09-27,True,True
105051,3270,2023-12-20,completed,Bhilai,Bihar,369295.53,Shlok,Devi,keerbhamini@example.com,7866100005,26,Female,Bhilai,Bihar,Low,2024-04-02,True,True
105074,4544,2022-10-19,completed,Bidhannagar,Karnataka,478029.33,Ehsaan,Ramachandran,kapursaira@example.org,4883403906,32,Female,Bidhannagar,Karnataka,Medium,2024-10-16,True,True
105095,13054,2022-08-23,pending,Allahabad,Uttar Pradesh,526334.93,Aayush,Vora,ranakhushi@example.org,120537511,25,Male,Allahabad,Uttar Pradesh,Low,2024-10-25,True,True
105098,3949,2022-06-20,completed,Surendranagar Dudhrej,Telangana,340548.54,Saira,Bhargava,sara45@example.net,916433982883,52,Male,Surendranagar Dudhrej,Telangana,Medium,2022-01-03,True,True
105117,8969,2023-01-26,completed,Panihati,Madhya Pradesh,325161.94,Lavanya,Suri,indrans99@example.org,9449951649,18,Female,Panihati,Madhya Pradesh,Low,2023-08-03,True,True
105161,19156,2023-09-26,completed,Machilipatnam,Bihar,594125.32,Divij,Goda,eshanirastogi@example.net,807512008,31,Male,Machilipatnam,Bihar,Medium,2022-08-14,True,True
105169,2012,2022-02-05,pending,Darbhanga,Bihar,342978.03,Tiya,Sani,tarakota@example.net,6379581877,18,Male,Darbhanga,Bihar,Low,2024-08-04,True,True
105265,6631,2022-01-16,completed,Bareilly,Madhya Pradesh,425358.72,Hazel,Issac,drishyashanker@example.org,8852496721,18,Female,Bareilly,Madhya Pradesh,Medium,2022-11-12,True,True
105294,16908,2023-08-06,delivered,Tezpur,Uttar Pradesh,421556.53,Kavya,Srinivasan,ebahri@example.com,9652382373,39,Male,Tezpur,Uttar Pradesh,High,2024-03-11,True,True
105368,8618,2022-11-20,completed,Davanagere,West Bengal,360684.16,Baiju,Bala,hbehl@example.com,6954840251,47,Female,Davanagere,West Bengal,Medium,2024-04-15,True,True
105489,2623,2023-04-07,completed,Kolkata,Rajasthan,362377.59,Mamooty,Issac,indranschatterjee@example.net,137020981,22,Male,Kolkata,Rajasthan,High,2022-04-27,True,True
105553,7361,2022-11-14,completed,Gopalpur,Karnataka,600659.76,Jivika,Deshpande,kismat14@example.org,3633778533,45,Male,Gopalpur,Karnataka,Low,2022-10-21,True,True
105613,3456,2022-03-03,processing,Hajipur,Bihar,376785.29,Nishith,Toor,bobaldivyansh@example.org,914687975210,30,Male,Hajipur,Bihar,Low,2023-03-18,True,True
105663,5135,2023-10-25,completed,Guwahati,Kerala,330720.41,Samiha,Dara,gargmadhav@example.org,915963604024,48,Female,Guwahati,Kerala,High,2024-01-19,True,True
105721,16044,2023-02-26,pending,Delhi,Maharashtra,628317.6,Arhaan,Chowdhury,kismat95@example.com,911861246407,49,Female,Delhi,Maharashtra,High,2022-01-01,True,True
105796,18243,2022-12-15,completed,Kurnool,Telangana,446894.63,Samar,Raju,dharmajanbali@example.net,1414934257,26,Female,Kurnool,Telangana,Medium,2023-11-24,True,True
105803,16315,2024-07-20,completed,Indore,Maharashtra,442441.4,Renee,Jani,shamiksaini@example.com,6919141196,46,Male,Indore,Maharashtra,Low,2022-10-18,True,True
105806,1377,2023-06-10,pending,Thrissur,Tamil Nadu,341928.93,Vivaan,Dar,athakkar@example.com,912816409891,37,Female,Thrissur,Tamil Nadu,Low,2024-06-30,True,True
105842,5468,2022-08-05,completed,Mumbai,Uttar Pradesh,357887.96,Ehsaan,Khurana,nehmatdevi@example.net,4221991431,33,Female,Mumbai,Uttar Pradesh,Low,2024-11-13,True,True
105843,19321,2022-01-12,delivered,Aligarh,Maharashtra,461646.67,Vidur,Karpe,tanejadamini@example.org,911105729129,51,Male,Aligarh,Maharashtra,Low,2024-09-19,True,True
105844,9439,2023-01-29,completed,Durgapur,Uttar Pradesh,445584.64,Hiran,Kala,mannat25@example.net,5034528509,30,Male,Durgapur,Uttar Pradesh,Low,2024-02-14,True,True
105908,14679,2022-09-08,shipped,Ozhukarai,Bihar,435898.88,Farhan,Badami,trishabarad@example.net,917018288776,29,Female,Ozhukarai,Bihar,Low,2023-10-11,True,True
105928,11824,2023-11-12,pending,Darbhanga,Madhya Pradesh,635271.68,Ahana ,Deo,lagan68@example.com,916206020460,18,Male,Darbhanga,Madhya Pradesh,High,2022-01-03,True,True
105940,6031,2023-05-18,shipped,Nashik,Maharashtra,367164.06,Ishita,Maharaj,mvarkey@example.com,6113014444,45,Female,Nashik,Maharashtra,Low,2023-04-22,True,True
105946,17253,2022-06-22,pending,Phusro,Bihar,374229.26,Ivan,Kar,uppalamani@example.com,915235621423,22,Male,Phusro,Bihar,Medium,2024-01-18,True,True
105949,1730,2022-03-26,completed,Coimbatore,Tamil Nadu,711532.9,Dhruv,Bhatti,mehul80@example.com,1913505349,41,Male,Coimbatore,Tamil Nadu,Medium,2024-08-15,True,True
105965,6546,2024-05-04,completed,Moradabad,Uttar Pradesh,360993.8,Hridaan,Sachdeva,advikatata@example.net,4683189712,24,Female,Moradabad,Uttar Pradesh,High,2023-09-03,True,True
106064,10275,2022-10-24,cancelled,Uluberia,Maharashtra,334955.28,Ehsaan,Mani,schandran@example.org,831223304,36,Male,Uluberia,Maharashtra,Medium,2023-12-18,True,True
106096,11714,2024-05-19,completed,Farrukhabad,Uttar Pradesh,395076.59,Ivan,Sura,samihaborra@example.com,3951275902,30,Male,Farrukhabad,Uttar Pradesh,Low,2022-07-07,False,True
106198,14595,2022-05-30,processing,Burhanpur,Bihar,325467.06,Sara,Kota,amanithakur@example.com,918621996743,20,Female,Burhanpur,Bihar,Low,2022-03-16,True,True
106219,6939,2022-02-11,processing,Muzaffarpur,Punjab,537593.58,Shanaya,Jaggi,ranganathanemir@example.com,3099654317,18,Male,Muzaffarpur,Punjab,Medium,2024-12-26,True,True
106257,16808,2024-10-12,completed,Bhind,Tamil Nadu,345304.5,Emir,Goda,yashvi62@example.com,1643286238,40,Female,Bhind,Tamil Nadu,High,2022-12-08,True,True
106347,8591,2023-07-29,processing,Mathura,Karnataka,372236.81,Rasha,Behl,aniruddh65@example.org,911774737327,47,Female,Mathura,Karnataka,Low,2022-08-08,True,True
106439,3998,2024-03-13,completed,Malda,Uttar Pradesh,419920.02,Ryan,Bajaj,raunak64@example.net,5901752400,66,Female,Malda,Uttar Pradesh,High,2023-07-23,True,True
106586,4108,2022-03-28,completed,Faridabad,Punjab,324904.21,Myra,Bhatti,bathtaimur@example.org,916155427714,18,Female,Faridabad,Punjab,Low,2023-04-30,True,True
106614,17020,2024-10-07,completed,Noida,Gujarat,418518.03,Eshani,Comar,dvig@example.org,914265617453,18,Female,Noida,Gujarat,Low,2023-06-21,True,True
106715,15523,2022-08-31,shipped,Chennai,West Bengal,438913.81,Aaryahi,Bhagat,hkhare@example.org,8361644630,36,Male,Chennai,West Bengal,Medium,2024-12-19,False,True
106718,13201,2023-02-26,processing,Parbhani,Uttar Pradesh,326342.64,Pranay,Kalita,keerbiju@example.net,1858736283,29,Female,Parbhani,Uttar Pradesh,Low,2024-03-04,True,True
106759,6393,2023-11-27,completed,Sultan Pur Majra,Gujarat,577046.71,Stuvan,Hora,hdugar@example.net,247232388,21,Female,Sultan Pur Majra,Gujarat,Low,2023-10-19,False,True
106811,5291,2024-10-28,completed,Bihar Sharif,Gujarat,394843.54,Jayesh,Sibal,duttsana@example.com,8037217887,37,Male,Bihar Sharif,Gujarat,High,2022-04-30,True,True
106849,5370,2023-03-27,completed,Etawah,Maharashtra,356289.55,Oorja,Vasa,santindrans@example.org,5157202419,45,Female,Etawah,Maharashtra,Medium,2022-11-30,True,True
106856,17496,2024-02-05,cancelled,Amravati,Uttar Pradesh,351469.8,Trisha,Kadakia,rati47@example.org,7519069834,43,Female,Amravati,Uttar Pradesh,Medium,2022-04-01,True,True
106872,8004,2023-04-17,completed,Siwan,Gujarat,527717.42,Raghav,Raman,dkalla@example.org,912757431000,46,Female,Siwan,Gujarat,Medium,2024-03-24,True,True
106974,19174,2024-08-18,completed,Karawal Nagar,West Bengal,401545.57,Jayan,Bora,ayeshahora@example.org,6617587360,51,Male,Karawal Nagar,West Bengal,Low,2022-11-29,True,True
106975,10260,2022-10-10,completed,Imphal,Uttar Pradesh,589291.48,Aaryahi,Sarin,mandindranil@example.org,1095139766,32,Female,Imphal,Uttar Pradesh,High,2022-08-21,True,True
106999,3149,2024-05-06,delivered,Bhilwara,Punjab,491323.87,Zara,Kari,ivanchauhan@example.com,916950432605,25,Male,Bhilwara,Punjab,Low,2023-12-23,True,True
107032,10669,2024-08-20,completed,Jammu,Rajasthan,371675.3,Arhaan,Dutt,xkanda@example.com,912132068217,42,Male,Jammu,Rajasthan,Low,2023-09-10,True,True
107065,462,2024-09-17,cancelled,Ratlam,West Bengal,409092.28,Samarth,Dayal,hthaker@example.org,913993788614,54,Male,Ratlam,West Bengal,Medium,2023-12-24,True,True
107067,1346,2023-11-03,completed,Bettiah,Maharashtra,418975.56,Aaina,Madan,kakarkiara@example.net,919612766208,37,Female,Bettiah,Maharashtra,Medium,2022-07-27,True,True
107084,16632,2023-11-07,completed,Nangloi Jat,Karnataka,392371.97,Jayesh,Kulkarni,amblevritika@example.com,5875934847,44,Female,Nangloi Jat,Karnataka,High,2022-02-13,True,True
107167,1100,2022-03-22,completed,Mango,Karnataka,401537.16,Faiyaz,Ganguly,sairachand@example.com,9479507407,36,Male,Mango,Karnataka,Low,2024-12-29,True,True
107267,17940,2022-06-10,processing,Durg,Bihar,380570.9,Baiju,Saran,bhaminiedwin@example.com,9830845896,28,Male,Durg,Bihar,Low,2024-01-05,True,True
107275,13964,2023-03-12,pending,Rewa,Rajasthan,534680.03,Bhavin,Tiwari,advik99@example.org,7945709047,42,Male,Rewa,Rajasthan,Low,2022-05-15,True,True
107378,5945,2024-10-14,completed,Amritsar,Gujarat,360349.59,Nishith,Sundaram,sampathkrish@example.com,994567268,33,Female,Amritsar,Gujarat,Low,2024-12-08,True,True
107407,15448,2023-02-17,processing,Kottayam,Uttar Pradesh,366426.62,Nishith,Subramaniam,ritvikmallick@example.net,919573868822,63,Male,Kottayam,Uttar Pradesh,Low,2024-11-03,True,True
107424,3220,2024-04-12,completed,Mumbai,Madhya Pradesh,596346.82,Abram,Dey,bajwanishith@example.com,5849014056,53,Male,Mumbai,Madhya Pradesh,Medium,2022-08-18,True,True
107453,18636,2022-11-18,completed,Tiruvottiyur,Uttar Pradesh,434568.32,Renee,Bir,badal20@example.net,3133199715,33,Male,Tiruvottiyur,Uttar Pradesh,Low,2023-05-07,True,True
107533,3298,2024-08-04,processing,Jalgaon,Gujarat,532053.62,Fateh,Kata,aggarwalpriyansh@example.com,9992071898,18,Male,Jalgaon,Gujarat,Low,2022-09-25,True,True
107583,721,2023-07-03,completed,Dhanbad,Bihar,429425.48,Siya,Dora,biyer@example.org,4161394498,33,Male,Dhanbad,Bihar,High,2023-08-05,True,True
107590,9016,2023-02-16,completed,Panihati,Rajasthan,331172.71,Azad,Gour,chandaeshani@example.com,7748461599,51,Female,Panihati,Rajasthan,Medium,2023-04-21,True,True
107821,11750,2024-07-11,pending,Rajkot,West Bengal,357656.93,Raghav,Sathe,rbanik@example.com,9529215597,33,Female,Rajkot,West Bengal,Low,2023-01-09,True,True
107910,15621,2024-04-20,completed,Arrah,Uttar Pradesh,330046.39,Aarush,Mand,royhunar@example.net,913144528814,26,Male,Arrah,Uttar Pradesh,Premium,2024-11-29,True,True
107934,14110,2024-04-01,completed,Jhansi,Punjab,408882.45,Elakshi,Mani,yasminswaminathan@example.net,9053227234,36,Female,Jhansi,Punjab,Low,2023-09-08,True,True
107938,8191,2022-12-04,completed,Pimpri-Chinchwad,Uttar Pradesh,492382.53,Adira,Dhawan,taradyal@example.com,7360135836,45,Male,Pimpri-Chinchwad,Uttar Pradesh,Low,2023-09-28,True,True
107973,11215,2022-03-19,shipped,Howrah,Gujarat,329482.3,Shalv,Vora,kashvi98@example.net,5850592718,40,Male,Howrah,Gujarat,High,2023-05-30,True,True
107988,6801,2023-08-30,completed,Amritsar,Gujarat,370173.05,Aaryahi,Cherian,anaya26@example.org,561418923,19,Female,Amritsar,Gujarat,Medium,2024-09-06,True,True
108003,11998,2022-12-17,delivered,Cuttack,Bihar,384403.79,Aaryahi,Butala,dhillontushar@example.org,915989715683,29,Female,Cuttack,Bihar,Low,2023-01-16,False,True
108013,15843,2024-01-23,completed,Avadi,Gujarat,360349.59,Ehsaan,Koshy,shlok76@example.net,9707932128,18,Female,Avadi,Gujarat,Low,2024-06-23,True,True
108068,4037,2024-10-05,delivered,Dehri,Bihar,535305.01,Hansh,Iyer,ojas73@example.com,914214152387,34,Male,Dehri,Bihar,Medium,2024-02-05,True,True
108122,10154,2023-12-18,completed,Dindigul,Uttar Pradesh,440268.3,Kismat,Sachar,jtoor@example.com,914575174671,34,Female,Dindigul,Uttar Pradesh,Low,2024-03-04,True,True
108142,17929,2024-03-19,completed,Srinagar,Uttar Pradesh,351484.4,Shlok,Thakkar,jainaaina@example.net,7777559552,36,Male,Srinagar,Uttar Pradesh,Low,2024-06-23,True,True
108154,17315,2022-03-28,completed,Bhind,Bihar,653137.51,Ivan,Srinivas,eva35@example.net,1886946294,33,Male,Bhind,Bihar,High,2022-07-18,True,True
108200,1211,2024-12-20,completed,Arrah,Punjab,376708.34,Ivana,Dyal,ishita52@example.org,4252516185,18,Male,Arrah,Punjab,Low,2024-08-13,True,True
108282,551,2022-03-29,completed,Bidar,Uttar Pradesh,639996.29,Heer,Tak,emir77@example.org,915605313402,43,Male,Bidar,Uttar Pradesh,High,2023-05-30,True,True
108329,17397,2024-12-10,processing,Ongole,Uttar Pradesh,507682.62,Shalv,Kapadia,comardharmajan@example.org,7436880611,20,Male,Ongole,Uttar Pradesh,Low,2024-02-08,True,True
108335,3190,2022-10-19,completed,Orai,West Bengal,379944.52,Sumer,Kakar,johalseher@example.org,918495260682,43,Male,Orai,West Bengal,High,2023-12-14,False,True
108344,10672,2023-10-25,completed,Nashik,Karnataka,497540.25,Tejas,Sule,raghavtaneja@example.net,911916021507,27,Female,Nashik,Karnataka,Low,2024-01-02,True,True
108371,2955,2023-09-06,delivered,Anantapuram,Uttar Pradesh,337067.92,Samarth,Bhatnagar,anyakrishnan@example.org,9049757456,19,Male,Anantapuram,Uttar Pradesh,Medium,2022-07-31,True,True
108423,17992,2024-12-08,completed,Raiganj,Telangana,338891.75,Sumer,Sarin,shenoyrohan@example.org,877374767,18,Male,Raiganj,Telangana,Low,2024-02-18,True,True
108447,1871,2024-03-04,completed,Katni,Madhya Pradesh,618860.1,Nakul,Sen,vardaniyabuch@example.org,914495607148,41,Female,Katni,Madhya Pradesh,Low,2023-06-20,True,True
108455,12653,2023-05-17,completed,Nadiad,Maharashtra,636466.35,Renee,Sanghvi,mehulrao@example.net,6976104920,30,Female,Nadiad,Maharashtra,Low,2022-11-06,True,True
108484,19493,2023-05-08,completed,Aligarh,Bihar,677788.14,Khushi,Bawa,yakshitsha@example.org,7239578282,21,Female,Aligarh,Bihar,High,2022-03-15,True,True
108496,16508,2024-05-04,processing,Patna,Uttar Pradesh,337243.4,Aaryahi,Chaudhari,jkorpal@example.org,4437780594,38,Male,Patna,Uttar Pradesh,High,2024-10-22,True,True
108511,17487,2023-05-07,delivered,Nagpur,Madhya Pradesh,626546.4,Samaira,Mandal,santhrishita@example.net,5592392151,38,Male,Nagpur,Madhya Pradesh,Premium,2024-08-11,True,True
108640,1158,2024-02-19,cancelled,Aurangabad,Maharashtra,352330.49,Damini,Kade,lavanyasengupta@example.com,3988941321,50,Male,Aurangabad,Maharashtra,Low,2023-11-24,True,True
108658,7352,2024-06-01,completed,Nandyal,Uttar Pradesh,419197.53,Kabir,Yohannan,rmagar@example.net,2507250849,18,Female,Nandyal,Uttar Pradesh,Medium,2022-05-28,True,True
108660,3999,2023-04-04,completed,Saharsa,Uttar Pradesh,356349.09,Taran,Arora,kiara35@example.com,1412770153,47,Male,Saharsa,Uttar Pradesh,Low,2024-02-08,True,True
108677,8526,2024-12-25,completed,Bangalore,Maharashtra,383451.39,Samarth,Swaminathan,regevritika@example.com,4971618368,31,Female,Bangalore,Maharashtra,Medium,2022-12-06,True,True
108729,19961,2022-02-01,completed,Madanapalle,Uttar Pradesh,450081.27,Urvi,Kala,gatik90@example.org,911178926799,25,Female,Madanapalle,Uttar Pradesh,High,2023-03-23,True,True
108753,17818,2023-04-07,completed,Tiruchirappalli,Uttar Pradesh,333599.76,Dishani,Banik,vkar@example.net,916190768226,43,Female,Tiruchirappalli,Uttar Pradesh,Medium,2022-09-04,True,True
108862,8798,2024-11-14,completed,Narasaraopet,Tamil Nadu,440693.71,Ehsaan,Agarwal,akarshchanda@example.org,917858507863,31,Female,Narasaraopet,Tamil Nadu,Medium,2023-09-14,True,True
108880,6909,2024-02-25,shipped,Sirsa,Maharashtra,651162.61,Madhav,Bhakta,yjani@example.net,912458604885,37,Male,Sirsa,Maharashtra,High,2024-04-09,True,True
108950,4862,2024-12-23,completed,Ambala,Rajasthan,463592.75,Manjari,Banerjee,rbhatia@example.com,3496174648,33,Female,Ambala,Rajasthan,Medium,2022-10-17,True,True
109045,2391,2022-07-06,completed,Katni,Uttar Pradesh,363913.31,Divij,Sehgal,csampath@example.net,8407553805,35,Male,Katni,Uttar Pradesh,Low,2023-06-11,True,True
109058,4853,2023-01-27,completed,Bhalswa Jahangir Pur,Rajasthan,496931.48,Tiya,Bajaj,dixitranbir@example.org,911116705121,26,Male,Bhalswa Jahangir Pur,Rajasthan,Medium,2023-05-02,False,True
109116,18961,2023-01-07,completed,Kishanganj,West Bengal,359092.86,Yashvi,Kibe,ganeshakarsh@example.net,914372208544,31,Female,Kishanganj,West Bengal,Low,2024-03-26,True,True
109182,9346,2024-08-05,completed,Satna,Gujarat,383045.45,Bhavin,Saha,anvideshmukh@example.net,7422228929,33,Female,Satna,Gujarat,Medium,2024-03-05,True,True
109185,15781,2023-07-12,completed,Jalna,Rajasthan,411046.94,Dishani,Sagar,kaira22@example.com,915285676557,32,Female,Jalna,Rajasthan,Premium,2024-05-19,True,True
109220,1458,2024-03-12,completed,Vijayanagaram,Rajasthan,384899.49,Nishith,Sami,jhaverivardaniya@example.org,8249793998,43,Female,Vijayanagaram,Rajasthan,Premium,2022-05-30,True,True
109234,10471,2023-08-12,completed,Mumbai,Kerala,461528.67,Divyansh,Subramaniam,krishtrisha@example.com,8970477856,44,Male,Mumbai,Kerala,High,2023-03-17,True,True
109247,8508,2024-10-10,completed,Raiganj,Uttar Pradesh,464409.02,Jhanvi,Bhargava,abramagrawal@example.net,6886657189,25,Male,Raiganj,Uttar Pradesh,Medium,2022-09-23,True,True
109279,8059,2023-06-12,completed,Uluberia,Kerala,331951.53,Saira,Wagle,obath@example.org,7953351708,35,Male,Uluberia,Kerala,Medium,2023-02-16,True,True
109292,11472,2023-07-24,completed,Kakinada,Uttar Pradesh,335268.99,Jhanvi,Dass,hunar32@example.net,1337264533,30,Male,Kakinada,Uttar Pradesh,Low,2022-03-21,True,True
109312,15558,2023-05-19,delivered,Naihati,Uttar Pradesh,595806.71,Indrajit,Loyal,cgopal@example.net,2479787528,31,Female,Naihati,Uttar Pradesh,Low,2024-11-08,True,True
109357,7753,2022-01-07,cancelled,Kharagpur,Punjab,440036.8,Advika,Doctor,guhadevansh@example.com,4718587753,61,Female,Kharagpur,Punjab,Low,2024-08-04,True,True
109388,9965,2023-11-17,completed,New Delhi,Bihar,422389.4,Divit,Wagle,madanryan@example.com,5317891745,29,Female,New Delhi,Bihar,Low,2022-09-02,True,True
109402,11626,2022-07-07,completed,Bhubaneswar,Maharashtra,375927.84,Pari,Singhal,fsidhu@example.org,7140293498,40,Male,Bhubaneswar,Maharashtra,Medium,2024-09-18,True,True
109502,17417,2022-08-26,completed,Aurangabad,Delhi,490836.47,Kiara,Bir,lakshay35@example.org,910644243243,43,Male,Aurangabad,Delhi,Medium,2023-09-14,True,True
109507,12424,2023-01-10,completed,Vijayawada,West Bengal,422654.98,Rania,Kala,sridharjivin@example.net,5741284095,20,Female,Vijayawada,West Bengal,Low,2024-05-24,True,True
109531,18072,2024-04-05,completed,Jalandhar,Rajasthan,458180.98,Diya,Choudhury,msharaf@example.net,7477554202,52,Male,Jalandhar,Rajasthan,Low,2022-04-19,True,True
109536,16550,2022-04-26,completed,Kolhapur,West Bengal,430796.54,Mahika,Chada,skakar@example.com,5196693693,43,Female,Kolhapur,West Bengal,Medium,2023-01-29,True,True
109554,10315,2024-10-31,completed,Malegaon,Tamil Nadu,507271.73,Taran,Balan,veer57@example.org,4643760666,43,Male,Malegaon,Tamil Nadu,High,2024-07-05,True,True
109591,12153,2022-10-07,completed,Uluberia,Uttar Pradesh,398166.29,Reyansh,Ramaswamy,oraj@example.org,910771309878,29,Female,Uluberia,Uttar Pradesh,Low,2024-10-01,True,True
109595,14659,2023-06-05,completed,Visakhapatnam,Tamil Nadu,345046.57,Alisha,Desai,mamooty62@example.net,918336181367,40,Female,Visakhapatnam,Tamil Nadu,Medium,2023-10-05,True,True
109654,9264,2024-09-19,cancelled,Alappuzha,Rajasthan,444766.95,Hridaan,Soni,shrayverma@example.net,915620421039,35,Male,Alappuzha,Rajasthan,Medium,2023-06-07,True,True
109693,11008,2023-11-04,completed,Sangli-Miraj & Kupwad,Madhya Pradesh,980158.49,Abram,Tripathi,pmanne@example.com,915984980350,38,Female,Sangli-Miraj & Kupwad,Madhya Pradesh,High,2024-12-06,True,True
109811,3630,2023-07-26,completed,Ongole,Telangana,374401.73,Aarna,Sekhon,mmani@example.com,2815613023,40,Male,Ongole,Telangana,Low,2023-09-18,True,True
109831,15706,2023-06-09,completed,Dhanbad,Uttar Pradesh,377850.67,Saanvi,Ravi,pihuacharya@example.com,587728261,52,Female,Dhanbad,Uttar Pradesh,Medium,2024-12-26,True,True
109840,4510,2022-10-02,cancelled,Ahmedabad,West Bengal,362031.39,Kanav,Gopal,nishith01@example.org,916941535431,32,Female,Ahmedabad,West Bengal,Low,2024-09-30,True,True
109853,17105,2022-04-23,delivered,Bhimavaram,Tamil Nadu,340226.65,Eshani,Dhillon,ayeshabajaj@example.org,4199441112,39,Female,Bhimavaram,Tamil Nadu,Low,2024-04-20,True,True
109883,10654,2022-11-26,completed,Madhyamgram,Telangana,376981.8,Kaira,Tailor,yashvi90@example.com,913132822200,18,Male,Madhyamgram,Telangana,Medium,2024-11-21,True,True
109893,8536,2024-08-31,delivered,Alappuzha,Tamil Nadu,430399.97,Saira,Brahmbhatt,rati43@example.org,2701048045,22,Male,Alappuzha,Tamil Nadu,Medium,2023-12-27,True,True
109955,7119,2022-03-06,pending,Naihati,Gujarat,591125.35,Zeeshan,Bhat,manjari49@example.com,3390914331,27,Male,Naihati,Gujarat,Low,2022-11-08,True,True
109979,7225,2022-03-01,completed,Panipat,Uttar Pradesh,354675.21,Seher,Bobal,gdugar@example.org,4911715993,18,Male,Panipat,Uttar Pradesh,Medium,2023-09-26,True,True
109993,18160,2024-05-24,completed,Raebareli,Madhya Pradesh,652518.36,Anahita,Sami,yakshit76@example.org,5417277713,31,Male,Raebareli,Madhya Pradesh,Low,2024-10-06,True,True
110162,9969,2024-05-25,completed,Ambattur,Uttar Pradesh,371316.06,Samiha,Apte,kvirk@example.net,915057006935,50,Female,Ambattur,Uttar Pradesh,Premium,2022-10-08,True,True
110213,3936,2022-07-12,processing,Saharsa,Kerala,679921.95,Charvi,Kamdar,aniruddhborah@example.net,8628118031,46,Female,Saharsa,Kerala,Medium,2024-04-23,False,True
110318,17796,2022-05-17,completed,Ahmednagar,Rajasthan,387347.22,Yakshit,Kanda,sommanikya@example.com,911082014367,21,Female,Ahmednagar,Rajasthan,High,2022-11-27,True,True
110361,17012,2024-09-24,completed,Gulbarga,Tamil Nadu,333051.18,Yasmin,Saini,eganesan@example.net,565312458,68,Female,Gulbarga,Tamil Nadu,Medium,2022-09-13,True,True
110372,4400,2022-06-26,processing,Surat,Rajasthan,572667.54,Dhanuk,Kaul,zaina89@example.org,2393604470,34,Male,Surat,Rajasthan,Low,2023-10-14,True,True
110411,4639,2022-03-23,completed,Machilipatnam,Bihar,575177.09,Kismat,Thaker,charvisami@example.com,911481027036,35,Male,Machilipatnam,Bihar,Medium,2023-07-02,True,True
110445,9460,2022-05-21,completed,Bhubaneswar,Tamil Nadu,336416.21,Vedika,Bora,miraya64@example.net,911307952818,56,Female,Bhubaneswar,Tamil Nadu,Medium,2023-01-21,True,True
110472,4223,2024-05-18,delivered,Muzaffarnagar,Gujarat,408521.72,Madhup,Banik,baradarmaan@example.org,5540574487,25,Female,Muzaffarnagar,Gujarat,Low,2024-05-12,True,True
110494,6437,2024-04-15,pending,Bhilai,Punjab,373010.15,Veer,Ghosh,balaalisha@example.net,4063122555,56,Female,Bhilai,Punjab,Low,2024-06-11,True,True
110536,9357,2024-08-15,completed,Bathinda,Karnataka,504943.88,Kabir,Issac,srinivasandhanush@example.org,6421219760,28,Male,Bathinda,Karnataka,Medium,2024-07-10,True,True
110652,6602,2022-03-05,processing,Firozabad,Gujarat,699421.78,Kabir,Ahluwalia,pranayguha@example.net,4389547716,30,Male,Firozabad,Gujarat,High,2024-03-29,True,True
110655,12864,2024-03-07,completed,Bihar Sharif,Maharashtra,345435.9,Aniruddh,Balakrishnan,qvenkataraman@example.net,3592255893,26,Female,Bihar Sharif,Maharashtra,High,2022-08-12,True,True
110810,10476,2022-10-29,completed,Hyderabad,West Bengal,536188.56,Adira,Jayaraman,chirag80@example.net,916921772681,31,Female,Hyderabad,West Bengal,High,2022-11-04,True,True
110815,16621,2024-11-02,completed,Siwan,Maharashtra,454861.86,Manikya,Sachdev,hunarandra@example.org,9269993848,41,Female,Siwan,Maharashtra,Medium,2023-03-29,True,True
110844,6579,2024-02-23,completed,Ongole,Maharashtra,507219.01,Kavya,Kaul,ayeshatank@example.com,5567070916,45,Female,Ongole,Maharashtra,High,2022-03-05,True,True
110855,8901,2022-06-03,completed,Bhiwani,Gujarat,563452.9,Uthkarsh,Salvi,aarav22@example.net,916372107078,18,Female,Bhiwani,Gujarat,Medium,2024-12-20,True,True
110862,8535,2022-03-02,completed,Berhampore,Karnataka,373247.73,Nitara,Tak,dkhalsa@example.com,911068365035,75,Male,Berhampore,Karnataka,High,2024-10-31,True,True
110905,16029,2022-04-12,delivered,Anand,Delhi,378141.98,Amani,Swamy,ratiupadhyay@example.com,916710562101,50,Female,Anand,Delhi,Low,2023-09-16,True,True
110970,8715,2023-07-02,completed,Mathura,West Bengal,732152.6,Lakshay,Vig,hmandal@example.org,9561428276,18,Male,Mathura,West Bengal,Low,2022-09-07,True,True
110983,1852,2022-02-12,completed,Tiruvottiyur,Uttar Pradesh,458378.31,Urvi,Kashyap,shanayaravi@example.net,912857042402,18,Female,Tiruvottiyur,Uttar Pradesh,High,2023-06-09,True,True
110993,10128,2022-04-28,completed,Akola,Maharashtra,396105.27,Taran,Seth,vardaniya82@example.com,8047981734,54,Female,Akola,Maharashtra,Medium,2022-11-16,True,True
111034,11313,2023-12-14,completed,Tiruvottiyur,Tamil Nadu,354987.33,Gatik,Savant,choudharyayesha@example.com,6700470384,55,Male,Tiruvottiyur,Tamil Nadu,Medium,2024-04-08,True,True
111059,19129,2024-09-02,pending,Hyderabad,West Bengal,386249.82,Nitara,Devan,divyansh01@example.org,66647995,21,Male,Hyderabad,West Bengal,Medium,2023-12-12,True,True
111101,7082,2022-01-25,delivered,Thoothukudi,Bihar,359134.83,Trisha,Khurana,fram@example.org,910654362473,39,Female,Thoothukudi,Bihar,Low,2022-02-13,True,True
111120,16631,2024-04-27,processing,Pondicherry,Uttar Pradesh,570851.9,Sara,Luthra,nsampath@example.net,4878313648,32,Female,Pondicherry,Uttar Pradesh,Medium,2024-02-03,True,True
111158,18891,2023-10-17,completed,Ranchi,Telangana,501041.64,Kabir,Basu,manekanav@example.org,424712495,32,Female,Ranchi,Telangana,Premium,2023-04-17,True,True
111159,6071,2022-05-29,cancelled,Amravati,Telangana,378266.84,Farhan,Sood,bawaaarav@example.org,3048476973,30,Female,Amravati,Telangana,Low,2023-09-21,True,True
111179,12485,2023-06-19,completed,Ballia,Uttar Pradesh,628625.58,Tarini,Kothari,golamiraya@example.com,8621319081,34,Male,Ballia,Uttar Pradesh,High,2022-02-23,True,True
111186,4874,2023-10-16,cancelled,Lucknow,Bihar,568795.48,Saira,Manda,raoneelofar@example.org,7066935489,32,Male,Lucknow,Bihar,Low,2022-09-08,True,True
111259,8736,2022-04-08,completed,North Dumdum,Uttar Pradesh,428667.74,Stuvan,Ben,tsubramanian@example.org,911117286036,69,Female,North Dumdum,Uttar Pradesh,Medium,2024-07-18,True,True
111261,9970,2022-07-11,completed,Karimnagar,Maharashtra,908499.48,Bhavin,Chaudry,vidursathe@example.org,822502950,30,Male,Karimnagar,Maharashtra,Premium,2024-11-29,True,True
111299,16974,2023-04-28,completed,Maheshtala,Tamil Nadu,337449.76,Rati,Saha,ohayre@example.net,6354475053,24,Male,Maheshtala,Tamil Nadu,High,2024-09-16,True,True
111300,6066,2023-10-15,completed,Danapur,Uttar Pradesh,329301.53,Tushar,Goyal,sakshambarad@example.net,915920766798,24,Male,Danapur,Uttar Pradesh,Medium,2023-02-03,True,True
111308,18414,2022-11-29,completed,Ghaziabad,Bihar,383856.91,Nayantara,Dash,savantrhea@example.net,4660073115,29,Male,Ghaziabad,Bihar,Low,2022-08-10,True,True
111337,691,2024-10-20,delivered,Dehradun,Tamil Nadu,424334.31,Mannat,Walia,jivika22@example.com,3958947735,24,Female,Dehradun,Tamil Nadu,Low,2024-03-25,True,True
111345,14597,2023-04-24,completed,Singrauli,Tamil Nadu,407468.88,Jayan,Tak,vanya53@example.com,8184625134,37,Male,Singrauli,Tamil Nadu,Medium,2024-10-19,True,True
111438,6268,2022-09-05,completed,Nashik,Bihar,622152.49,Kiaan,Mane,routadvika@example.org,912975335736,44,Male,Nashik,Bihar,Low,2023-08-05,True,True
111469,7649,2022-07-20,cancelled,Malda,Tamil Nadu,495080.5,Nirvi,Chawla,contractorromil@example.com,918889990473,52,Female,Malda,Tamil Nadu,Low,2023-12-11,True,True
111501,15215,2022-02-04,shipped,Haridwar,Uttar Pradesh,376887.66,Kaira,Chacko,uchakrabarti@example.com,7802954276,65,Female,Haridwar,Uttar Pradesh,Low,2024-07-13,True,True
111538,19365,2022-02-09,completed,Ramgarh,Uttar Pradesh,362641.8,Lagan,Loke,advik44@example.net,917207676539,33,Female,Ramgarh,Uttar Pradesh,Premium,2023-07-13,True,True
111551,9003,2022-04-23,completed,Bally,Karnataka,352750.26,Manikya,Cheema,charvi69@example.net,917495960399,20,Male,Bally,Karnataka,Medium,2024-09-29,True,True
111595,14921,2023-10-08,completed,Udaipur,Punjab,467792.67,Azad,Hayer,kartikkurian@example.com,7866240796,37,Male,Udaipur,Punjab,Premium,2022-02-17,True,True
111619,2326,2024-09-12,delivered,Sagar,Karnataka,346929.82,Devansh,Kaul,goswamiishita@example.org,918057321367,30,Female,Sagar,Karnataka,Medium,2023-07-09,True,True
111625,12155,2023-08-14,delivered,Nadiad,Uttar Pradesh,480073.6,Divyansh,Chaudry,vanya01@example.net,7475127453,22,Female,Nadiad,Uttar Pradesh,Medium,2024-06-12,True,True
111628,7765,2023-08-06,delivered,Bhubaneswar,Uttar Pradesh,519247.83,Hunar,Kohli,samihagole@example.org,4131711185,18,Female,Bhubaneswar,Uttar Pradesh,Medium,2023-04-01,True,True
111649,14889,2023-10-18,completed,Udaipur,Uttar Pradesh,498728.18,Gatik,Sura,jivikasubramanian@example.com,4687566449,18,Male,Udaipur,Uttar Pradesh,Low,2024-01-04,True,True
111663,14367,2022-11-07,completed,Jalgaon,Kerala,434427.62,Lagan,Chawla,rray@example.com,5477119290,40,Male,Jalgaon,Kerala,High,2022-08-09,True,True
111696,1906,2024-03-20,completed,Ajmer,Uttar Pradesh,387935.47,Anahita,Boase,charvisandal@example.org,915931033700,48,Male,Ajmer,Uttar Pradesh,Medium,2024-10-14,True,True
111718,161,2022-11-28,completed,North Dumdum,Uttar Pradesh,362696.07,Lakshay,Tak,rhea96@example.org,2330958498,37,Female,North Dumdum,Uttar Pradesh,Low,2024-12-29,True,True
111728,13379,2022-12-01,pending,Karawal Nagar,Bihar,573983.16,Shayak,Dugal,chawlabhamini@example.org,916837439185,23,Male,Karawal Nagar,Bihar,Premium,2023-08-29,True,True
111808,9220,2024-10-03,completed,Adoni,Maharashtra,679840.33,Zara,Shankar,qkothari@example.org,6693135509,48,Female,Adoni,Maharashtra,Medium,2024-02-04,True,True
111828,11918,2024-04-29,shipped,Firozabad,Bihar,375069.17,Emir,Khalsa,cwalla@example.com,223243553,22,Male,Firozabad,Bihar,Low,2022-09-30,True,True
111840,2608,2024-12-31,completed,Nagpur,Telangana,416383.28,Heer,Bhavsar,aainabora@example.org,1675011532,42,Female,Nagpur,Telangana,Medium,2022-12-01,True,True
111875,14058,2024-06-12,completed,Mumbai,Tamil Nadu,354444.92,Ranbir,Ganesan,purab48@example.com,919477362213,36,Male,Mumbai,Tamil Nadu,Medium,2022-01-19,True,True
111893,19327,2023-10-14,completed,Orai,Bihar,327872.29,Aarush,Kumar,dhruv82@example.com,3724054495,40,Male,Orai,Bihar,Medium,2024-03-14,False,True
111997,4788,2022-04-18,completed,Mirzapur,Bihar,394858.29,Rohan,Thaman,ewagle@example.net,2991780766,24,Male,Mirzapur,Bihar,High,2023-01-30,True,True
112048,16928,2024-02-09,shipped,Nagpur,Uttar Pradesh,470333.68,Kiaan,Anand,dassnakul@example.com,919710079874,18,Female,Nagpur,Uttar Pradesh,Low,2023-08-07,True,True
112085,7540,2023-07-29,completed,Kharagpur,Kerala,386211.24,Aradhya,Karan,aarushtaneja@example.com,912168942779,28,Male,Kharagpur,Kerala,Medium,2022-12-19,True,True
112128,12779,2022-10-08,completed,Medininagar,Gujarat,341240.87,Armaan,Dey,alanka@example.com,3277299294,45,Male,Medininagar,Gujarat,Low,2024-08-14,True,True
112205,12819,2024-11-05,completed,Ambala,Tamil Nadu,515902.59,Pari,Gandhi,gokultoor@example.com,916713850574,37,Female,Ambala,Tamil Nadu,High,2023-07-08,True,True
112212,5398,2022-03-15,shipped,Tezpur,Rajasthan,513569.14,Shamik,Sekhon,saksham47@example.org,780540712,23,Female,Tezpur,Rajasthan,Low,2022-01-14,True,True
112217,12013,2022-06-06,pending,Kirari Suleman Nagar,Uttar Pradesh,350985.07,Trisha,Baral,samarth88@example.com,8667502406,39,Female,Kirari Suleman Nagar,Uttar Pradesh,Low,2024-10-18,True,True
112255,2107,2023-03-13,shipped,Kolhapur,Tamil Nadu,503166.33,Gokul,Shanker,zgopal@example.com,917793854609,36,Male,Kolhapur,Tamil Nadu,Medium,2022-07-08,True,True
112330,9910,2023-07-30,shipped,Nangloi Jat,West Bengal,398514.28,Hazel,Kumer,fbehl@example.net,4922684572,40,Female,Nangloi Jat,West Bengal,Low,2022-07-04,True,True
112351,16935,2022-09-04,completed,Muzaffarpur,West Bengal,572364.56,Kartik,Setty,yohannankeya@example.net,917493711525,34,Male,Muzaffarpur,West Bengal,Low,2022-09-30,True,True
112390,1577,2023-03-17,completed,Hapur,Kerala,378315.44,Aarush,Lalla,dhanush19@example.org,4454569729,31,Male,Hapur,Kerala,Premium,2023-06-10,True,True
112440,19905,2024-05-22,pending,Serampore,Uttar Pradesh,564497.06,Adira,Manda,dhanushsahota@example.com,912221808308,33,Male,Serampore,Uttar Pradesh,Low,2023-02-09,True,True
112465,13713,2022-03-13,completed,South Dumdum,West Bengal,421006.72,Urvi,Kashyap,agrawalstuvan@example.net,9127032371,40,Female,South Dumdum,West Bengal,Medium,2024-12-08,True,True
112516,2554,2022-08-06,completed,Panihati,Rajasthan,504449.04,Anay,Bawa,urvi41@example.org,2738688339,53,Male,Panihati,Rajasthan,Premium,2024-04-13,True,True
112589,3970,2022-10-17,completed,Bhimavaram,Punjab,450291.77,Bhavin,Mani,soodalisha@example.com,915840090625,32,Male,Bhimavaram,Punjab,Medium,2023-02-27,True,True
112605,9671,2023-10-11,completed,Adoni,Uttar Pradesh,373554.09,Samarth,Comar,amanihari@example.org,7031442130,18,Male,Adoni,Uttar Pradesh,Medium,2022-09-01,True,True
112672,19005,2022-11-11,completed,Nanded,Rajasthan,346739.98,Divit,Lal,khoslajayesh@example.com,911223094949,36,Male,Nanded,Rajasthan,Medium,2024-10-15,True,True
112707,18963,2023-09-05,processing,Gopalpur,Maharashtra,364099.39,Riaan,Trivedi,gangulykartik@example.net,7687789655,28,Female,Gopalpur,Maharashtra,Medium,2024-05-28,True,True
112726,9525,2022-01-26,processing,Jabalpur,Maharashtra,517821.5,Samarth,Sant,hdass@example.net,1267461397,18,Male,Jabalpur,Maharashtra,Low,2022-02-09,True,True
112727,6835,2024-08-18,processing,Ahmedabad,Karnataka,419077.56,Baiju,Kashyap,csule@example.net,2232962340,55,Female,Ahmedabad,Karnataka,Medium,2023-02-11,True,True
112829,17232,2022-07-20,completed,Ambala,Maharashtra,339107.59,Kiara,Vala,chirag58@example.net,916543165204,18,Female,Ambala,Maharashtra,High,2023-08-23,True,True
112863,16747,2023-10-19,completed,Chinsurah,Gujarat,374166.65,Bhamini,Lal,anikakhatri@example.net,9048642814,26,Male,Chinsurah,Gujarat,High,2023-01-28,True,True
112903,4081,2023-03-04,completed,Visakhapatnam,Tamil Nadu,495080.5,Dhanuk,Chaudhuri,lkrishna@example.org,912904608467,18,Female,Visakhapatnam,Tamil Nadu,Medium,2024-01-01,True,True
112911,16127,2023-01-02,completed,Jodhpur,Tamil Nadu,377203.93,Jhanvi,Manne,ubuch@example.com,911713209614,36,Female,Jodhpur,Tamil Nadu,High,2024-03-27,True,True
112933,7459,2022-07-11,completed,Kurnool,Madhya Pradesh,448364.8,Sumer,Halder,vbiswas@example.com,6890043374,32,Female,Kurnool,Madhya Pradesh,Low,2023-12-30,True,True
112983,12472,2022-10-27,completed,Dhule,Uttar Pradesh,400280.52,Alia,Badal,samanakul@example.net,1007328024,45,Female,Dhule,Uttar Pradesh,Low,2024-07-07,True,True
112994,10896,2023-06-04,completed,Chandrapur,Madhya Pradesh,513415.05,Vardaniya,Sridhar,ivan40@example.org,7752543325,33,Male,Chandrapur,Madhya Pradesh,Medium,2023-06-18,True,True
113042,18150,2024-10-23,completed,Hindupur,Maharashtra,353732.38,Samaira,Gopal,kandashamik@example.org,2363118407,47,Male,Hindupur,Maharashtra,Low,2022-10-19,True,True
113061,14721,2023-09-27,shipped,Kalyan-Dombivli,Maharashtra,387285.48,Aaina,Dutta,yakshit35@example.com,5893811900,31,Male,Kalyan-Dombivli,Maharashtra,Medium,2022-05-22,True,True
113224,5314,2023-06-11,cancelled,Panihati,Rajasthan,359087.79,Zoya,Babu,advik93@example.org,3260808287,27,Female,Panihati,Rajasthan,Low,2024-04-12,True,True
113343,5962,2023-10-09,pending,Burhanpur,West Bengal,342644.88,Akarsh,Thakur,divyansh94@example.net,912103155383,26,Female,Burhanpur,West Bengal,Medium,2022-07-03,True,True
113406,14533,2023-05-03,completed,Naihati,Maharashtra,476700.73,Umang,Kar,mallickarmaan@example.com,9453214278,37,Male,Naihati,Maharashtra,Medium,2024-07-28,True,True
113408,6275,2024-11-22,completed,Siliguri,Karnataka,402822.8,Nirvaan,Chahal,solankirenee@example.org,911319107527,34,Female,Siliguri,Karnataka,Medium,2024-04-01,True,True
113416,4807,2022-10-26,delivered,Raichur,Tamil Nadu,630706.14,Dhanuk,Chaudhari,chandapari@example.com,912204484000,44,Male,Raichur,Tamil Nadu,Low,2022-12-03,True,True
113423,15428,2023-07-22,completed,Delhi,Madhya Pradesh,447530.21,Rati,Bansal,mehul91@example.org,4026909741,49,Female,Delhi,Madhya Pradesh,Low,2024-02-15,True,True
113459,6198,2024-10-26,completed,Jorhat,Karnataka,448901.88,Diya,Jain,lbora@example.org,8358655812,26,Female,Jorhat,Karnataka,High,2024-11-09,True,True
113501,12624,2022-08-17,delivered,Nandyal,Tamil Nadu,667349.58,Rati,Sane,fbhatti@example.net,917397812021,20,Female,Nandyal,Tamil Nadu,High,2024-04-07,True,True
113528,7827,2023-01-07,cancelled,Vasai-Virar,Delhi,509538.88,Aniruddh,Chaudry,jivingoswami@example.net,6506801391,55,Female,Vasai-Virar,Delhi,Low,2022-04-08,True,True
113618,10314,2022-06-06,shipped,Ludhiana,Gujarat,388489.39,Farhan,Chad,voradhanush@example.org,918649336297,35,Male,Ludhiana,Gujarat,Medium,2024-04-29,True,True
113629,80,2024-09-25,completed,Saharanpur,West Bengal,641665.83,Ehsaan,Bora,kiaan29@example.org,1277997995,24,Female,Saharanpur,West Bengal,Low,2023-11-15,True,True
113678,645,2023-03-18,completed,Tumkur,Punjab,653788.42,Gokul,Srinivas,divyansh17@example.org,919850344651,33,Male,Tumkur,Punjab,Medium,2022-04-27,True,True
113681,4697,2022-06-15,cancelled,Tiruchirappalli,Tamil Nadu,702143.21,Fateh,Roy,arnav85@example.com,911080306154,27,Female,Tiruchirappalli,Tamil Nadu,Medium,2022-04-05,False,True
113755,14556,2023-12-17,completed,Rourkela,Rajasthan,639938.63,Aayush,Balasubramanian,pihusridhar@example.org,6608841150,40,Female,Rourkela,Rajasthan,High,2024-10-05,True,True
113766,6237,2023-12-03,completed,Alwar,Uttar Pradesh,483769.08,Tejas,Bhatt,mannkrish@example.org,6751472678,46,Male,Alwar,Uttar Pradesh,Low,2023-02-04,True,True
113842,11023,2022-05-03,completed,Pune,Madhya Pradesh,645983.16,Aarna,Baral,ptaneja@example.org,3782579390,18,Female,Pune,Madhya Pradesh,High,2023-08-18,True,True
113860,10389,2024-06-12,processing,Katihar,Madhya Pradesh,381900.88,Ira,Suresh,zbalan@example.net,3318311069,45,Female,Katihar,Madhya Pradesh,Low,2023-01-05,True,True
113913,11722,2023-07-07,completed,Karawal Nagar,Madhya Pradesh,419297.23,Yasmin,Sha,sakshamdeo@example.net,7947689725,45,Male,Karawal Nagar,Madhya Pradesh,Medium,2023-04-20,True,True
113938,579,2024-02-11,completed,Gopalpur,Rajasthan,504943.88,Bhavin,Choudhary,vchanda@example.net,1775662056,42,Female,Gopalpur,Rajasthan,Medium,2022-06-18,True,True
113968,18074,2024-05-23,completed,Bhind,West Bengal,335484.61,Saanvi,Bahl,ethaman@example.net,915719214374,20,Female,Bhind,West Bengal,Medium,2024-09-17,True,True
114036,16628,2023-02-11,completed,Buxar,Maharashtra,355793.27,Nehmat,Gade,bhaminide@example.net,919619854237,47,Female,Buxar,Maharashtra,Low,2023-12-13,False,True
114094,13368,2023-08-11,completed,Alwar,Maharashtra,482364.99,Anahi,Dutta,hansh11@example.net,4931673024,32,Female,Alwar,Maharashtra,Low,2023-04-09,True,True
114149,12222,2023-09-24,cancelled,Shahjahanpur,West Bengal,537811.13,Misha,Butala,zachariaanvi@example.com,6648068302,39,Female,Shahjahanpur,West Bengal,Medium,2023-01-13,True,True
114190,18721,2023-03-20,processing,Hubli–Dharwad,Karnataka,337297.94,Kiaan,Sidhu,neelofar83@example.org,7220350087,33,Male,Hubli–Dharwad,Karnataka,Low,2024-09-19,True,True
114346,6231,2023-12-18,delivered,Moradabad,Gujarat,364737.53,Abram,Suresh,csrivastava@example.com,7932367053,35,Female,Moradabad,Gujarat,Medium,2024-12-10,True,True
114403,3676,2024-10-13,pending,Kochi,Maharashtra,329499.03,Saksham,Goel,ovarty@example.org,6023521792,39,Female,Kochi,Maharashtra,Low,2024-05-17,True,True
114442,5148,2022-11-27,completed,Rampur,Rajasthan,373018.79,Hrishita,Sathe,chadhaprerak@example.org,4341842435,42,Male,Rampur,Rajasthan,High,2024-03-06,True,True
114450,13151,2024-11-18,completed,Vasai-Virar,West Bengal,478648.05,Kartik,Bedi,pdubey@example.net,919602267276,51,Female,Vasai-Virar,West Bengal,Medium,2022-04-24,True,True
114464,14103,2024-03-05,completed,Raichur,Kerala,485898.7,Zoya,Karpe,saradora@example.com,2422255925,20,Male,Raichur,Kerala,High,2024-04-16,True,True
114470,8579,2022-02-08,completed,Khandwa,Telangana,386058.41,Dhanush,Krish,hrishita88@example.net,913947426771,51,Male,Khandwa,Telangana,Low,2024-05-05,True,True
114488,16546,2024-02-02,completed,Pallavaram,Uttar Pradesh,352029.44,Riya,Bedi,bajajeshani@example.com,7196946285,35,Male,Pallavaram,Uttar Pradesh,High,2022-03-16,True,True
114528,15293,2022-10-20,completed,Tenali,Bihar,326047.12,Emir,Sani,chandatiya@example.net,911025628245,40,Male,Tenali,Bihar,Medium,2023-02-21,True,True
114537,7903,2022-10-06,completed,Yamunanagar,Gujarat,367745.39,Anay,Dewan,srajagopalan@example.com,3573566168,36,Female,Yamunanagar,Gujarat,High,2023-10-15,False,True
114546,4109,2023-11-21,completed,Thanjavur,Rajasthan,381545.36,Taimur,Bir,sjani@example.net,8809049526,30,Female,Thanjavur,Rajasthan,Low,2024-12-28,True,True
114600,3249,2022-09-27,cancelled,Latur,Gujarat,364558.74,Hunar,Uppal,zdhillon@example.net,8899872444,18,Male,Latur,Gujarat,Premium,2022-05-08,True,True
114672,12512,2024-10-28,completed,Rajpur Sonarpur,Maharashtra,386384.74,Parinaaz,Kari,anahitasrivastava@example.com,2112121598,39,Female,Rajpur Sonarpur,Maharashtra,Low,2023-03-25,True,True
114680,2491,2022-09-28,completed,Gaya,Rajasthan,416441.62,Shaan,Samra,tbalan@example.net,4266036698,33,Female,Gaya,Rajasthan,High,2023-12-23,True,True
114691,4421,2024-11-24,completed,Kishanganj,Telangana,645681.1,Anahita,Keer,bariakashvi@example.net,2771795678,22,Female,Kishanganj,Telangana,Medium,2023-11-11,True,True
114695,12664,2023-09-06,completed,Kanpur,Tamil Nadu,331728.01,Nitara,Jain,tthakur@example.net,919922884034,32,Female,Kanpur,Tamil Nadu,Low,2024-02-24,True,True
114696,18209,2022-12-04,completed,Parbhani,Kerala,435179.65,Kavya,Reddy,balaira@example.com,7959340654,21,Male,Parbhani,Kerala,High,2022-02-02,True,True
114720,9846,2024-08-19,completed,Bhavnagar,West Bengal,383252.84,Onkar,Walla,uben@example.com,914993129581,38,Female,Bhavnagar,West Bengal,Medium,2024-07-12,True,True
114749,15693,2022-07-20,completed,Srikakulam,Maharashtra,435163.4,Rhea,Borde,kavya60@example.net,6926037540,26,Male,Srikakulam,Maharashtra,Medium,2024-02-29,True,True
114762,19483,2024-03-11,completed,Srikakulam,Uttar Pradesh,355360.27,Amira,Bhatnagar,aramachandran@example.org,913114850007,54,Male,Srikakulam,Uttar Pradesh,Premium,2024-12-17,True,True
114765,6634,2022-07-01,completed,Mathura,West Bengal,496333.95,Neelofar,Sangha,shayakdeep@example.org,916350926369,24,Female,Mathura,West Bengal,High,2023-08-14,True,True
114783,12824,2024-03-26,shipped,Darbhanga,Bihar,840805.87,Oorja,Bedi,kanavlata@example.com,9167231038,40,Male,Darbhanga,Bihar,Medium,2022-11-20,True,True
114807,19018,2024-12-09,cancelled,Muzaffarnagar,Kerala,391973.04,Seher,Tata,aayush60@example.net,918384674741,27,Male,Muzaffarnagar,Kerala,Low,2022-09-25,True,True
114822,2506,2023-02-23,completed,Vijayanagaram,Karnataka,372824.76,Diya,Dora,vivaan73@example.org,917001749317,41,Male,Vijayanagaram,Karnataka,Medium,2022-02-13,True,True
114844,1503,2022-09-04,processing,Ujjain,Kerala,580782.43,Zaina,Sanghvi,vjhaveri@example.net,915382011406,34,Male,Ujjain,Kerala,Medium,2024-12-23,True,True
114874,6245,2022-10-20,processing,South Dumdum,Tamil Nadu,359800.49,Indranil,Chaudhuri,sampathoorja@example.net,642772594,48,Male,South Dumdum,Tamil Nadu,Low,2022-04-28,True,True
114877,3592,2024-10-04,completed,Eluru,Karnataka,409014.82,Eva,Trivedi,jayaramanmahika@example.com,2110953161,28,Male,Eluru,Karnataka,Premium,2023-08-30,True,True
114892,8303,2022-12-03,completed,Bhubaneswar,Gujarat,580542.15,Mishti,Yohannan,evamann@example.com,914104048620,62,Male,Bhubaneswar,Gujarat,High,2022-01-04,True,True
114909,778,2024-08-20,shipped,Silchar,Kerala,952119.01,Kiara,Tripathi,manidivit@example.org,915996605779,53,Male,Silchar,Kerala,Low,2024-09-02,True,True
114919,5743,2022-05-12,completed,Kadapa,Bihar,408154.3,Onkar,Basu,samiha77@example.net,915853092266,39,Male,Kadapa,Bihar,Medium,2022-07-22,True,True
114946,12311,2022-08-08,delivered,Mumbai,Rajasthan,445932.01,Charvi,Madan,dashnayantara@example.net,916355730959,39,Male,Mumbai,Rajasthan,Medium,2024-11-14,True,True
115030,14630,2024-10-10,completed,Hubli–Dharwad,Maharashtra,470326.48,Ranbir,Bansal,bakshivanya@example.com,4469590095,37,Male,Hubli–Dharwad,Maharashtra,Low,2024-03-20,True,True
115101,8577,2024-08-07,processing,Bhiwani,Uttar Pradesh,342772.08,Hansh,Gokhale,ranbir66@example.net,6932485564,18,Male,Bhiwani,Uttar Pradesh,Low,2024-04-04,True,True
115143,5751,2024-05-23,completed,Gorakhpur,Uttar Pradesh,379811.64,Zeeshan,Sarma,venkataramanhiran@example.net,917959709321,44,Female,Gorakhpur,Uttar Pradesh,Medium,2024-05-04,True,True
115241,1693,2023-10-30,cancelled,Hosur,West Bengal,427661.21,Tarini,Keer,azadcomar@example.org,914967574510,24,Female,Hosur,West Bengal,Medium,2023-03-13,True,True
115282,9612,2024-08-24,pending,Tadipatri,Uttar Pradesh,441126.32,Eva,Varma,lakshitrout@example.net,914251504708,36,Female,Tadipatri,Uttar Pradesh,Low,2024-11-12,True,True
115303,4053,2022-08-09,delivered,Anand,Uttar Pradesh,365074.12,Arnav,Ghose,darshit93@example.com,2631349460,43,Male,Anand,Uttar Pradesh,Medium,2022-04-18,True,True
115375,7608,2023-04-25,shipped,Dhanbad,Uttar Pradesh,587904.65,Emir,Kata,ghoshlakshit@example.com,914874270655,28,Male,Dhanbad,Uttar Pradesh,Low,2024-11-08,True,True
115390,971,2024-01-13,completed,Rajahmundry,Karnataka,347609.84,Navya,Mane,hunargandhi@example.net,914084993231,24,Female,Rajahmundry,Karnataka,Medium,2023-04-03,True,True
115392,10392,2023-10-17,completed,Warangal,Rajasthan,707223.85,Eshani,Wable,gokul78@example.com,1286912986,42,Male,Warangal,Rajasthan,High,2023-01-31,True,True
115463,16821,2024-02-02,completed,Muzaffarpur,Gujarat,337397.78,Samarth,Dalal,parigaba@example.org,911564335574,18,Male,Muzaffarpur,Gujarat,Low,2022-10-18,True,True
115496,661,2024-02-07,cancelled,Vijayanagaram,Telangana,399031.22,Sumer,Madan,ramamiraan@example.com,911871813359,44,Female,Vijayanagaram,Telangana,Low,2022-04-21,True,True
115540,19242,2022-10-09,completed,Amritsar,West Bengal,620385.43,Gatik,Biswas,kiaankulkarni@example.org,4266091732,50,Male,Amritsar,West Bengal,High,2023-02-26,True,True
115601,19793,2023-07-09,shipped,Guntur,Bihar,696364.26,Nayantara,Walla,tejastripathi@example.com,910102537389,41,Male,Guntur,Bihar,Medium,2023-10-31,True,True
115656,3759,2022-10-17,completed,Burhanpur,Maharashtra,536590.58,Dhruv,Chaudhary,borrafateh@example.org,912434666291,18,Male,Burhanpur,Maharashtra,Medium,2022-10-05,True,True
115663,19324,2022-02-06,completed,Mangalore,Rajasthan,623296.35,Chirag,Gola,obarad@example.com,918054605299,31,Female,Mangalore,Rajasthan,Low,2024-10-27,True,True
115686,9583,2023-08-24,completed,Vijayawada,Karnataka,506293.42,Ryan,Dugal,rchawla@example.org,915679552810,27,Female,Vijayawada,Karnataka,Medium,2023-03-02,True,True
115739,11933,2022-11-10,delivered,Bongaigaon,West Bengal,433890.38,Veer,Baral,sankarayesha@example.com,911716650462,37,Male,Bongaigaon,West Bengal,Premium,2024-02-25,True,True
115831,18081,2022-10-17,shipped,Udaipur,Madhya Pradesh,487737.42,Fateh,Bansal,vsani@example.org,5763461180,34,Female,Udaipur,Madhya Pradesh,Medium,2022-08-15,True,True
115888,1473,2023-05-20,completed,Saharsa,Karnataka,361587.54,Ira,Date,shayak25@example.org,7410254717,42,Male,Saharsa,Karnataka,Medium,2024-03-27,False,True
115913,11768,2024-07-22,completed,Vadodara,Kerala,377449.76,Zoya,Sinha,ygopal@example.org,1947935794,34,Female,Vadodara,Kerala,High,2024-12-08,True,True
115917,14726,2022-12-02,completed,Purnia,Karnataka,381701.28,Akarsh,Bhattacharyya,ishitade@example.com,919096458074,40,Male,Purnia,Karnataka,Medium,2023-07-01,True,True
115941,16687,2023-10-31,completed,Ambarnath,Bihar,454296.66,Riya,Tiwari,darshitdash@example.net,560070383,43,Male,Ambarnath,Bihar,Low,2024-03-16,True,True
115942,6751,2022-04-04,completed,Tumkur,Uttar Pradesh,394004.08,Elakshi,Ghose,chanderfaiyaz@example.com,305445940,18,Female,Tumkur,Uttar Pradesh,Medium,2023-08-05,True,True
115990,10233,2023-10-30,completed,Aligarh,Uttar Pradesh,408952.75,Dhanuk,Chatterjee,samarth05@example.net,1280661085,37,Female,Aligarh,Uttar Pradesh,Medium,2022-07-04,True,True
116002,3741,2023-11-09,completed,Bihar Sharif,Kerala,429184.75,Sana,Andra,badalgupta@example.org,914109244329,26,Male,Bihar Sharif,Kerala,Medium,2022-01-07,True,True
116133,12648,2024-11-17,completed,Berhampur,Uttar Pradesh,383970.67,Mishti,Magar,kashvi13@example.org,595571335,32,Female,Berhampur,Uttar Pradesh,Medium,2024-08-02,True,True
116184,7182,2022-11-03,shipped,Dehradun,Bihar,544028.56,Madhav,Bath,lalldivyansh@example.org,919184514309,32,Male,Dehradun,Bihar,High,2024-11-29,True,True
116233,11962,2022-01-19,completed,Kamarhati,Bihar,339540.42,Eshani,Kaul,gthakur@example.org,8110157483,31,Male,Kamarhati,Bihar,Medium,2022-02-16,True,True
116237,3999,2022-03-12,completed,Saharsa,Uttar Pradesh,356488.95,Taran,Arora,kiara35@example.com,1412770153,47,Male,Saharsa,Uttar Pradesh,Low,2024-02-08,True,True
116346,10502,2023-03-28,completed,Thane,Rajasthan,564473.96,Yashvi,Amble,yasminwagle@example.com,3460664060,27,Male,Thane,Rajasthan,Medium,2023-01-10,True,True
116408,18310,2023-06-05,completed,Udaipur,Gujarat,333716.96,Ahana ,Bhattacharyya,jhajivin@example.org,6750584508,44,Female,Udaipur,Gujarat,Low,2022-10-26,True,True
116484,16933,2022-04-29,delivered,Barasat,West Bengal,345837.45,Amani,Karan,sabharwalfateh@example.net,916568413925,18,Male,Barasat,West Bengal,Medium,2022-01-12,True,True
116499,2590,2023-03-24,completed,Phusro,Uttar Pradesh,363106.89,Anahi,Deshmukh,ethaker@example.org,919830878847,18,Male,Phusro,Uttar Pradesh,Medium,2024-04-17,False,True
116506,10304,2024-02-22,completed,Tiruvottiyur,Uttar Pradesh,587917.1,Madhup,Magar,aaryahikrishnan@example.org,1743714817,38,Male,Tiruvottiyur,Uttar Pradesh,Low,2024-07-02,True,True
116574,9071,2022-04-15,completed,Gudivada,Maharashtra,376177.59,Lakshit,Bhatt,anahitaupadhyay@example.org,9334206012,33,Male,Gudivada,Maharashtra,Low,2022-02-11,True,True
116615,11551,2024-06-18,completed,Junagadh,West Bengal,360317.78,Aaryahi,Ratti,manikyadivan@example.com,2215239363,24,Female,Junagadh,West Bengal,Premium,2022-04-14,True,True
116628,12252,2022-06-02,completed,Secunderabad,Maharashtra,582579.39,Uthkarsh,Krishna,wdhingra@example.com,911327613071,22,Male,Secunderabad,Maharashtra,High,2022-01-11,True,True
116634,6448,2023-09-30,completed,Sambalpur,Maharashtra,400236.7,Vivaan,Dixit,chokshinirvi@example.org,917276639759,42,Male,Sambalpur,Maharashtra,Medium,2022-10-07,True,True
116665,19775,2023-05-15,processing,Bhalswa Jahangir Pur,Tamil Nadu,715203.25,Azad,Vohra,irastogi@example.org,5317485112,37,Female,Bhalswa Jahangir Pur,Tamil Nadu,Low,2023-11-09,True,True
116681,4467,2023-02-19,cancelled,Suryapet,West Bengal,379499.65,Divyansh,Dugar,jbakshi@example.org,2474687927,27,Female,Suryapet,West Bengal,Low,2023-06-28,True,True
116709,2240,2022-03-04,completed,Bidar,Gujarat,383451.39,Diya,Banerjee,taimur71@example.net,5661668940,38,Female,Bidar,Gujarat,High,2023-01-07,True,True
116804,812,2024-10-09,shipped,Bokaro,Uttar Pradesh,376978.72,Vihaan,Bobal,ibhagat@example.net,4960335826,18,Female,Bokaro,Uttar Pradesh,Low,2023-11-20,True,True
116876,11771,2022-11-20,completed,Guwahati,Delhi,354405.71,Vanya,Bath,tiyakonda@example.net,8633860945,34,Male,Guwahati,Delhi,High,2023-11-04,True,True
116905,5641,2024-03-19,processing,Silchar,Uttar Pradesh,333144.49,Shanaya,Wadhwa,deoadvika@example.net,8824481564,43,Male,Silchar,Uttar Pradesh,Medium,2023-04-04,True,True
116918,15292,2024-03-02,completed,Tezpur,Uttar Pradesh,342332.11,Anahi,Dada,zacharianeysa@example.com,3051710917,28,Male,Tezpur,Uttar Pradesh,Medium,2023-03-17,True,True
116985,12465,2023-08-19,delivered,Guntakal,Madhya Pradesh,385976.24,Manjari,Wali,lmalhotra@example.org,7799461864,23,Female,Guntakal,Madhya Pradesh,Low,2024-01-23,True,True
117009,5126,2022-04-09,completed,Hyderabad,Maharashtra,495088.08,Jayant,Dugal,heer53@example.org,2682155671,24,Female,Hyderabad,Maharashtra,Medium,2022-04-28,True,True
117036,14707,2023-09-30,shipped,Thoothukudi,Kerala,391719.61,Trisha,Tandon,jshah@example.com,5848157979,26,Male,Thoothukudi,Kerala,Low,2022-04-20,True,True
117075,3784,2024-02-19,shipped,Sonipat,Madhya Pradesh,454008.51,Tarini,Grover,zainalalla@example.com,913517199497,20,Male,Sonipat,Madhya Pradesh,High,2022-01-24,True,True
117190,9068,2024-04-06,delivered,Allahabad,Madhya Pradesh,591125.35,Diya,Lata,shraysha@example.net,910658347566,37,Male,Allahabad,Madhya Pradesh,Medium,2024-03-01,True,True
117212,6877,2022-12-30,shipped,Ajmer,Rajasthan,475073.92,Aradhya,Keer,chauhandarshit@example.org,914376325633,21,Male,Ajmer,Rajasthan,Low,2024-10-12,True,True
117283,3127,2024-02-07,completed,Sirsa,Bihar,442487.73,Mamooty,Kashyap,jiyaupadhyay@example.net,913521960910,23,Male,Sirsa,Bihar,Medium,2023-10-19,True,True
117295,17833,2022-07-13,pending,Tiruchirappalli,Kerala,356746.34,Nitara,Dalal,uthkarshkaul@example.org,2659905259,28,Female,Tiruchirappalli,Kerala,Medium,2023-08-20,True,True
117360,4832,2022-07-07,completed,Dewas,Uttar Pradesh,325318.75,Elakshi,Ray,dishani51@example.com,2635754845,31,Female,Dewas,Uttar Pradesh,Medium,2022-02-17,True,True
117374,9578,2024-10-24,completed,Kalyan-Dombivli,Rajasthan,656256.81,Taimur,Madan,swaminathangatik@example.org,919322501917,39,Female,Kalyan-Dombivli,Rajasthan,Low,2023-06-05,True,True
117498,1197,2024-01-18,completed,Raiganj,Kerala,602467.95,Alia,Chaudry,mannat89@example.net,915539460742,55,Female,Raiganj,Kerala,Medium,2023-02-21,True,True
117533,12539,2024-10-30,pending,Aurangabad,Bihar,386054.29,Zara,Vohra,badal60@example.com,9159639122,52,Male,Aurangabad,Bihar,Medium,2023-05-14,True,True
117605,13299,2022-03-27,processing,Avadi,Maharashtra,467020.02,Taran,Barad,aahuja@example.com,3994822431,21,Male,Avadi,Maharashtra,Medium,2023-06-20,True,True
117647,9294,2023-06-25,completed,Panvel,Bihar,473789.74,Samarth,Ghose,fchar@example.org,2142225140,49,Male,Panvel,Bihar,Low,2024-10-24,True,True
117717,6491,2022-03-17,delivered,North Dumdum,Maharashtra,620439.05,Miraya,Acharya,daminichada@example.org,8625101321,40,Female,North Dumdum,Maharashtra,Medium,2024-01-06,True,True
117741,8996,2024-01-08,completed,Ramgarh,Rajasthan,569352.0,Raunak,Dyal,sahninirvi@example.net,919496213783,68,Male,Ramgarh,Rajasthan,Low,2022-03-22,True,True
117817,18006,2022-10-31,completed,Yamunanagar,Kerala,341283.71,Parinaaz,Ganguly,jayesh51@example.net,912480569499,23,Female,Yamunanagar,Kerala,Medium,2022-04-25,True,True
117828,7084,2022-03-01,cancelled,Howrah,Karnataka,382276.32,Anya,Dada,prisha03@example.com,1553545877,35,Female,Howrah,Karnataka,Low,2023-03-13,True,True
117945,16780,2024-06-26,completed,Hindupur,Madhya Pradesh,377802.36,Kabir,Balan,umang58@example.net,4714505888,37,Male,Hindupur,Madhya Pradesh,High,2023-10-20,True,True
118012,18291,2022-11-20,completed,Bahraich,Bihar,414839.54,Nitya,Lala,indransray@example.org,4988104166,25,Female,Bahraich,Bihar,High,2023-11-08,True,True
118053,17409,2024-10-16,delivered,Bijapur,Uttar Pradesh,396602.62,Kaira,Singhal,vaibhavhayer@example.org,3484956037,18,Female,Bijapur,Uttar Pradesh,Medium,2023-02-01,True,True
118139,17584,2022-08-30,completed,Ambattur,Madhya Pradesh,763903.47,Vedika,Thaman,bhattshalv@example.org,2366782228,33,Male,Ambattur,Madhya Pradesh,Medium,2024-10-15,True,True
118146,930,2024-07-18,completed,Kurnool,Karnataka,373560.62,Kanav,Virk,ayeshakonda@example.com,406720078,28,Male,Kurnool,Karnataka,Low,2023-10-05,True,True
118318,18828,2023-10-06,cancelled,Ongole,Uttar Pradesh,390522.16,Gatik,Goyal,lankahrishita@example.org,918118141434,50,Female,Ongole,Uttar Pradesh,Low,2023-02-12,True,True
118327,6941,2024-08-27,completed,Gurgaon,Karnataka,355713.88,Vanya,Bhardwaj,manikyakala@example.com,4927582063,34,Male,Gurgaon,Karnataka,High,2022-05-04,True,True
118334,9327,2023-10-01,completed,Pali,Punjab,364402.57,Heer,Lala,baijulalla@example.net,2417419099,36,Male,Pali,Punjab,Medium,2022-11-17,True,True
118348,18630,2023-10-04,shipped,Tumkur,West Bengal,544999.72,Ahana ,Raja,jayesh41@example.org,913592207188,49,Male,Tumkur,West Bengal,High,2023-08-05,True,True
118357,6854,2023-12-13,completed,Bhilai,Kerala,325010.97,Samiha,Grewal,hiransuri@example.net,8204977638,40,Female,Bhilai,Kerala,Low,2022-12-18,True,True
118448,15886,2022-10-23,delivered,Bhind,Maharashtra,342372.65,Jayesh,Mani,xdeshmukh@example.net,919201940986,39,Male,Bhind,Maharashtra,Low,2022-07-23,True,True
118483,10840,2022-03-10,completed,Nagercoil,Gujarat,466030.62,Hazel,Bassi,gokuldesai@example.org,4270275982,26,Female,Nagercoil,Gujarat,High,2024-09-26,True,True
118509,9024,2024-08-27,delivered,Maheshtala,Uttar Pradesh,394870.21,Taimur,Raju,latapihu@example.org,6638902509,20,Female,Maheshtala,Uttar Pradesh,Premium,2024-06-18,True,True
118536,2856,2023-01-09,shipped,Katni,Maharashtra,336754.35,Ivana,Bhalla,dharmajan71@example.net,917067769313,38,Female,Katni,Maharashtra,Low,2023-04-08,True,True
118584,5729,2024-10-19,completed,Pimpri-Chinchwad,Tamil Nadu,394302.94,Amira,Bassi,raunirvaan@example.com,6947126736,22,Female,Pimpri-Chinchwad,Tamil Nadu,Low,2024-01-01,True,True
118719,6711,2024-03-19,processing,Howrah,Maharashtra,639787.64,Aarush,Bava,reyansh82@example.com,912006978784,24,Male,Howrah,Maharashtra,Low,2024-10-18,True,True
118813,6081,2022-09-06,completed,Durg,Punjab,406134.34,Tarini,Sastry,renee86@example.org,8435814918,29,Male,Durg,Punjab,Medium,2022-11-16,True,True
118818,4950,2022-10-02,delivered,Raebareli,Uttar Pradesh,328053.0,Navya,Varughese,birmadhup@example.net,917508105352,39,Male,Raebareli,Uttar Pradesh,High,2022-10-03,True,True
118830,6794,2022-10-31,completed,Tirupati,Uttar Pradesh,612530.9,Dharmajan,Goswami,dishani41@example.com,911747059085,35,Male,Tirupati,Uttar Pradesh,Premium,2022-04-28,True,True
118832,8607,2023-11-17,completed,Bhiwandi,Rajasthan,576461.0,Amira,Mahajan,osavant@example.net,9294288203,40,Male,Bhiwandi,Rajasthan,Medium,2022-08-15,True,True
118907,4560,2024-12-27,completed,Karaikudi,Karnataka,600582.65,Pihu,Bhatti,wbarad@example.com,919856910393,18,Male,Karaikudi,Karnataka,High,2022-07-09,True,True
118982,9665,2024-10-24,completed,Shimla,Maharashtra,609393.84,Advika,Mahal,ramaswamyaayush@example.org,4135676399,21,Female,Shimla,Maharashtra,High,2023-01-13,True,True
119024,7393,2023-07-24,completed,Jamshedpur,Karnataka,459544.87,Mannat,Gulati,reyansh64@example.org,5778392049,31,Male,Jamshedpur,Karnataka,High,2023-01-25,True,True
119053,2475,2024-06-19,completed,Ahmedabad,Madhya Pradesh,489107.39,Stuvan,Shan,harimohanlal@example.com,919144654840,42,Female,Ahmedabad,Madhya Pradesh,High,2022-03-04,True,True
119073,16925,2022-11-07,cancelled,Panchkula,Madhya Pradesh,356614.0,Nishith,Sarraf,azad95@example.org,1943232190,44,Female,Panchkula,Madhya Pradesh,Low,2023-03-21,True,True
119088,14646,2023-03-11,delivered,Madanapalle,Uttar Pradesh,656927.16,Indrans,Kant,mmadan@example.com,915667148006,58,Female,Madanapalle,Uttar Pradesh,Low,2023-04-03,True,True
119097,9310,2022-05-03,completed,Rajpur Sonarpur,Uttar Pradesh,488853.7,Navya,Bala,kumeraaryahi@example.org,7094933061,47,Female,Rajpur Sonarpur,Uttar Pradesh,Medium,2022-04-28,True,True
119109,18217,2023-03-09,shipped,Haridwar,Gujarat,565292.96,Aradhya,Venkataraman,dbhavsar@example.com,4085490677,44,Female,Haridwar,Gujarat,Low,2023-01-02,True,True
119180,18215,2022-10-18,processing,Bhimavaram,Gujarat,425238.58,Adah,Ray,rastogipriyansh@example.net,913199800797,35,Female,Bhimavaram,Gujarat,High,2023-07-26,True,True
119221,8713,2024-03-04,delivered,Jhansi,Bihar,685993.18,Uthkarsh,Sachdev,zvenkatesh@example.net,916534594591,40,Male,Jhansi,Bihar,Medium,2023-10-27,True,True
119259,14453,2022-03-08,shipped,Bokaro,Karnataka,572157.0,Emir,Sahota,maneaaryahi@example.org,916034650754,35,Male,Bokaro,Karnataka,Low,2024-03-14,True,True
119289,15673,2023-10-08,completed,Jorhat,West Bengal,562373.8,Aniruddh,Borde,yuvaandalia@example.com,914786538018,37,Male,Jorhat,West Bengal,Medium,2024-08-19,True,True
119302,19709,2022-02-03,completed,Rewa,West Bengal,377874.78,Veer,Doctor,cgala@example.net,3662954364,25,Female,Rewa,West Bengal,Low,2022-08-25,True,True
119359,8875,2024-10-12,completed,Miryalaguda,Rajasthan,351430.68,Ryan,Dube,bhavindhar@example.org,910536922002,39,Male,Miryalaguda,Rajasthan,Low,2022-08-11,True,True
119367,1332,2024-06-18,shipped,Rourkela,Rajasthan,490425.95,Ishita,Tailor,gournirvi@example.com,1858990027,37,Female,Rourkela,Rajasthan,High,2024-06-15,True,True
119614,11245,2022-03-14,processing,Rajpur Sonarpur,Uttar Pradesh,337510.36,Badal,Badal,subramanianlakshit@example.com,2175336148,48,Female,Rajpur Sonarpur,Uttar Pradesh,Medium,2023-03-22,False,True
119620,1082,2023-02-06,completed,Lucknow,Tamil Nadu,454267.06,Nitara,Rege,nsrinivas@example.org,596257197,33,Female,Lucknow,Tamil Nadu,Medium,2024-12-12,True,True
119632,14848,2023-12-04,shipped,Jalna,Delhi,409103.99,Kavya,Kala,rbora@example.net,7388039459,30,Female,Jalna,Delhi,High,2024-12-26,True,True
119683,16833,2024-10-31,completed,Udupi,Maharashtra,540958.35,Chirag,Kuruvilla,qbadami@example.net,6833400965,34,Male,Udupi,Maharashtra,Low,2024-10-05,True,True
119700,6521,2024-04-20,pending,Nangloi Jat,Kerala,443344.01,Tiya,Dutta,kulkarnitushar@example.net,9735882441,36,Female,Nangloi Jat,Kerala,High,2022-07-26,True,True
119870,17091,2022-11-25,completed,Burhanpur,Telangana,435144.66,Indrans,Sangha,rajuriaan@example.net,9031330798,59,Male,Burhanpur,Telangana,Low,2022-08-23,True,True
119877,3084,2024-07-15,pending,Kamarhati,Rajasthan,342458.65,Anahita,Sarma,gbasak@example.com,1794619069,18,Male,Kamarhati,Rajasthan,High,2024-09-19,True,True
119945,5315,2023-09-26,completed,Nadiad,Bihar,409415.95,Ivana,Gour,rsom@example.net,6654862026,37,Male,Nadiad,Bihar,Low,2024-07-30,True,True
119949,1209,2024-07-03,delivered,Kavali,Kerala,633657.37,Shaan,Chada,valamehul@example.net,915071245531,26,Female,Kavali,Kerala,Low,2022-03-29,True,True
120004,13966,2022-12-24,delivered,Etawah,Bihar,737660.05,Renee,Kanda,bacharya@example.net,919542500789,18,Male,Etawah,Bihar,High,2024-10-25,True,True
120106,7994,2023-12-16,completed,Dibrugarh,West Bengal,546246.77,Tushar,Buch,samazaina@example.org,4688886713,56,Female,Dibrugarh,West Bengal,High,2024-09-02,True,True
120127,14186,2022-10-09,completed,Karimnagar,Maharashtra,378615.5,Ahana ,Biswas,qvora@example.org,2183826465,19,Male,Karimnagar,Maharashtra,Medium,2022-04-22,True,True
120148,10517,2023-12-09,completed,Dindigul,West Bengal,446362.38,Khushi,Sur,stuvan63@example.com,9532659138,34,Male,Dindigul,West Bengal,Medium,2022-10-06,True,True
120187,10964,2024-10-23,completed,Kharagpur,Kerala,359965.39,Aradhya,Kumer,lavanyatripathi@example.org,913435811424,28,Female,Kharagpur,Kerala,Low,2022-05-31,True,True
120242,15488,2024-06-21,completed,Kharagpur,Uttar Pradesh,732484.12,Aarna,Kapur,ksridhar@example.org,917616089957,29,Female,Kharagpur,Uttar Pradesh,Medium,2024-01-25,True,True
120294,18584,2022-01-19,completed,Tadipatri,Kerala,331376.08,Kabir,Batta,madanamira@example.net,428493393,32,Female,Tadipatri,Kerala,High,2024-11-07,True,True
120303,15455,2022-11-06,completed,Mira-Bhayandar,Bihar,475664.65,Manikya,Sankaran,fatehdayal@example.com,916399921831,57,Female,Mira-Bhayandar,Bihar,Low,2022-05-04,True,True
120327,6311,2022-11-17,completed,Kamarhati,Gujarat,383451.39,Samar,Sha,kumerfaiyaz@example.com,914130167250,19,Female,Kamarhati,Gujarat,Premium,2024-09-11,True,True
120343,11654,2022-11-15,completed,Suryapet,Telangana,460029.01,Dishani,Ray,indranilbadami@example.net,915455627110,44,Male,Suryapet,Telangana,Low,2022-12-11,True,True
120365,15565,2022-07-05,processing,Bulandshahr,Bihar,576266.02,Sumer,Seth,dayalnitya@example.org,915434179343,33,Female,Bulandshahr,Bihar,Medium,2023-06-10,True,True
120398,13596,2022-10-13,completed,Kirari Suleman Nagar,Uttar Pradesh,379377.17,Zeeshan,Halder,anahitasubramaniam@example.org,3181314461,27,Male,Kirari Suleman Nagar,Uttar Pradesh,Medium,2024-03-08,True,True
120437,14191,2022-01-24,processing,Dehri,West Bengal,400001.2,Diya,Saini,siyasethi@example.org,911448207764,18,Male,Dehri,West Bengal,Low,2023-10-16,True,True
120438,3127,2022-02-25,completed,Sirsa,Bihar,364744.81,Mamooty,Kashyap,jiyaupadhyay@example.net,913521960910,23,Male,Sirsa,Bihar,Medium,2023-10-19,True,True
120598,6808,2023-01-20,completed,Thanjavur,Kerala,470684.31,Saksham,Bir,dashela@example.org,912517509422,38,Female,Thanjavur,Kerala,High,2022-01-05,True,True
120634,5731,2024-06-13,completed,Yamunanagar,Rajasthan,415199.59,Nitara,Bhagat,madhupapte@example.net,918612088583,53,Male,Yamunanagar,Rajasthan,Low,2023-05-27,True,True
120648,17927,2024-02-23,processing,Hospet,Gujarat,564444.71,Amani,Malhotra,dattafateh@example.org,3052441547,19,Male,Hospet,Gujarat,Low,2023-04-11,True,True
120655,2560,2024-10-22,delivered,Tiruchirappalli,Tamil Nadu,379294.42,Urvi,Chaudhary,emirjha@example.com,6910708611,18,Male,Tiruchirappalli,Tamil Nadu,Medium,2022-11-28,True,True
120717,6811,2024-03-31,processing,Ramgarh,West Bengal,468995.58,Kavya,Sahni,bhaminiyohannan@example.org,8874333565,31,Female,Ramgarh,West Bengal,Low,2023-03-29,True,True
120723,11494,2024-12-11,completed,Satna,Gujarat,327317.67,Taimur,Aurora,divit92@example.com,6245220688,46,Male,Satna,Gujarat,Low,2024-05-13,True,True
120765,13235,2022-09-24,completed,Anantapuram,Tamil Nadu,492179.47,Aarush,Sharaf,eghose@example.net,7265401447,34,Female,Anantapuram,Tamil Nadu,Medium,2022-11-06,True,True
120864,11083,2022-08-21,shipped,Hospet,Madhya Pradesh,345430.22,Kabir,Kaul,reneesandhu@example.com,917829169284,72,Male,Hospet,Madhya Pradesh,Medium,2024-09-13,True,True
120873,4063,2023-08-04,completed,Jaipur,Uttar Pradesh,401137.5,Indranil,Zachariah,zain89@example.com,1661185700,32,Female,Jaipur,Uttar Pradesh,Low,2024-06-09,True,True
120901,4897,2022-05-01,completed,Nangloi Jat,Madhya Pradesh,423468.42,Damini,Madan,kartik77@example.org,911831851753,27,Male,Nangloi Jat,Madhya Pradesh,Medium,2022-09-15,True,True
120939,10796,2023-12-06,delivered,Motihari,West Bengal,478987.26,Eshani,Khanna,jivikachoudhury@example.com,2048476335,55,Male,Motihari,West Bengal,Low,2022-10-31,True,True
121026,14042,2022-10-09,completed,Saharsa,Uttar Pradesh,356494.01,Yuvaan,Mall,devizoya@example.net,7274674433,28,Female,Saharsa,Uttar Pradesh,Medium,2022-08-15,True,True
121128,5653,2024-10-02,completed,Karimnagar,Bihar,476086.32,Arhaan,Goda,tanyasankaran@example.net,919704683227,38,Male,Karimnagar,Bihar,High,2024-06-24,True,True
121173,18174,2023-07-19,cancelled,Srikakulam,West Bengal,497732.43,Kiara,Bhardwaj,pranay26@example.com,5811083770,47,Female,Srikakulam,West Bengal,Low,2022-04-08,True,True
121243,7505,2024-01-01,completed,Avadi,Gujarat,371316.06,Dhanush,Soni,nitara55@example.org,913985824485,26,Female,Avadi,Gujarat,Medium,2022-01-23,True,True
121246,1317,2023-01-03,processing,Malegaon,Tamil Nadu,474268.14,Advik,Shankar,vivaan72@example.net,2543551962,39,Female,Malegaon,Tamil Nadu,High,2022-10-13,True,True
121273,9104,2022-07-29,completed,Anand,West Bengal,383975.26,Ranbir,Sangha,fwali@example.com,7191465120,28,Female,Anand,West Bengal,High,2024-01-06,True,True
121285,4417,2023-09-09,completed,Panihati,Delhi,486425.1,Priyansh,Raju,sachdevalakshay@example.org,911393605720,38,Female,Panihati,Delhi,Medium,2022-05-18,True,True
121318,11325,2024-01-12,completed,Amaravati,Karnataka,371830.01,Lakshit,Raja,neelofar70@example.org,911782248164,37,Female,Amaravati,Karnataka,Medium,2024-10-11,True,True
121321,15173,2024-08-01,pending,Imphal,Tamil Nadu,661788.46,Nayantara,Aurora,abasu@example.net,913159441836,41,Female,Imphal,Tamil Nadu,Low,2023-08-10,True,True
121324,14650,2023-05-13,completed,Bhagalpur,Uttar Pradesh,442369.68,Myra,Arya,mishabhat@example.net,916029748305,42,Male,Bhagalpur,Uttar Pradesh,Low,2022-11-26,True,True
121335,14738,2022-05-18,completed,Deoghar,Punjab,370748.75,Saanvi,Bail,devanshsarin@example.org,913190198952,27,Female,Deoghar,Punjab,Low,2022-05-31,True,True
121357,12752,2022-10-31,completed,Mathura,Uttar Pradesh,348561.71,Jivika,Sankar,gokul83@example.com,7523631566,32,Female,Mathura,Uttar Pradesh,High,2023-06-19,True,True
121382,13346,2024-06-02,completed,Guwahati,Rajasthan,371316.06,Inaaya ,Bhat,rbutala@example.com,2364251989,63,Female,Guwahati,Rajasthan,Medium,2024-06-03,True,True
121385,16404,2023-03-18,completed,Bathinda,Tamil Nadu,354444.92,Pihu,Chander,bravel@example.net,8010846847,48,Male,Bathinda,Tamil Nadu,High,2024-09-21,True,True
121445,13938,2024-01-02,completed,Ulhasnagar,Bihar,395122.83,Jivin,Deshmukh,korpalyasmin@example.com,6331294628,31,Male,Ulhasnagar,Bihar,Medium,2022-01-20,True,True
121466,16767,2022-04-10,completed,Buxar,West Bengal,440620.37,Jivin,Kale,mbhasin@example.com,911484678450,22,Male,Buxar,West Bengal,Low,2024-12-21,True,True
121489,12506,2022-12-23,completed,Siliguri,Bihar,387998.8,Kanav,Kari,devanshdada@example.net,3063071692,18,Female,Siliguri,Bihar,Low,2022-09-08,True,True
121494,5059,2022-01-26,shipped,Naihati,Tamil Nadu,385086.41,Hunar,Rao,sahilsachar@example.com,947215563,45,Male,Naihati,Tamil Nadu,Low,2022-08-18,True,True
121576,2249,2023-08-11,shipped,Bareilly,Gujarat,376261.18,Aarav,Sankar,rvarty@example.net,9586218531,20,Male,Bareilly,Gujarat,Low,2024-10-15,True,True
121610,8984,2023-01-29,completed,Bhalswa Jahangir Pur,Maharashtra,375237.04,Sana,Singh,klall@example.com,911120150538,43,Female,Bhalswa Jahangir Pur,Maharashtra,Medium,2023-02-13,True,True
121634,14221,2023-10-06,completed,Madhyamgram,Karnataka,515154.79,Devansh,Talwar,urandhawa@example.org,9119112429,43,Male,Madhyamgram,Karnataka,Medium,2023-10-07,True,True
121661,8616,2024-05-07,pending,Mysore,Madhya Pradesh,324748.23,Parinaaz,Kale,purab05@example.com,215578743,34,Male,Mysore,Madhya Pradesh,Low,2023-08-21,True,True
121757,18692,2023-08-10,completed,Nanded,Tamil Nadu,472900.28,Lakshay,Golla,raunak84@example.net,6435135653,37,Male,Nanded,Tamil Nadu,Premium,2022-07-04,True,True
121805,3180,2023-10-24,completed,Raurkela Industrial Township,Gujarat,402168.6,Nakul,Comar,aggarwalkrish@example.org,6964741331,50,Female,Raurkela Industrial Township,Gujarat,Low,2022-05-23,True,True
121825,12706,2024-11-24,shipped,Guntur,Maharashtra,345106.25,Aaina,Dugal,golazoya@example.com,919783709907,18,Male,Guntur,Maharashtra,Low,2024-04-03,True,True
121903,17738,2024-08-18,delivered,Naihati,Uttar Pradesh,561048.76,Seher,Ganesan,aayush33@example.net,2607166447,40,Female,Naihati,Uttar Pradesh,Medium,2024-12-04,True,True
121907,10553,2022-09-04,completed,Bhatpara,Bihar,326036.42,Ranbir,Babu,rattanoorja@example.org,3932100804,35,Female,Bhatpara,Bihar,Medium,2023-12-18,True,True
121923,19592,2023-08-08,completed,Madanapalle,Uttar Pradesh,456475.85,Uthkarsh,Dhaliwal,darshittata@example.com,9604656011,48,Female,Madanapalle,Uttar Pradesh,Medium,2024-08-07,True,True
121981,12081,2022-03-03,completed,Bhimavaram,West Bengal,375640.04,Tanya,Bajaj,navya47@example.org,912744342893,22,Male,Bhimavaram,West Bengal,Low,2023-04-17,True,True
121986,5779,2023-11-04,completed,Navi Mumbai,Uttar Pradesh,538485.73,Arhaan,Issac,chadhasamar@example.net,7811025270,37,Male,Navi Mumbai,Uttar Pradesh,Low,2022-08-06,True,True
122004,11577,2023-10-10,cancelled,Fatehpur,Uttar Pradesh,381983.76,Aaryahi,Bala,yashvi55@example.com,915380982869,41,Female,Fatehpur,Uttar Pradesh,High,2022-05-10,True,True
122072,17569,2023-10-25,completed,Pali,Rajasthan,566409.71,Shlok,Deep,wsom@example.org,6604161662,35,Female,Pali,Rajasthan,Low,2022-10-01,True,True
122244,3435,2024-10-04,cancelled,Rewa,West Bengal,359437.12,Vaibhav,Ganesan,salvishaan@example.net,4841492283,30,Male,Rewa,West Bengal,Medium,2022-02-22,True,True
122250,3833,2024-12-23,completed,Loni,Maharashtra,546992.04,Dishani,Sami,banikanika@example.com,6614466584,44,Female,Loni,Maharashtra,Medium,2024-12-13,True,True
122287,17764,2022-09-18,processing,Serampore,Rajasthan,425688.95,Parinaaz,Rau,ubalan@example.com,5259847818,53,Male,Serampore,Rajasthan,Low,2023-09-16,True,True
122381,12331,2022-03-30,completed,Shivpuri,Rajasthan,342947.37,Suhana,Raj,taramadan@example.com,2558709140,26,Male,Shivpuri,Rajasthan,Medium,2024-03-11,True,True
122401,14239,2022-05-22,completed,Chapra,Uttar Pradesh,442966.43,Onkar,Varma,baijusastry@example.net,7203221163,37,Female,Chapra,Uttar Pradesh,High,2023-09-11,True,True
122414,3420,2024-11-02,shipped,Nanded,Telangana,363223.53,Ojas,Banik,vsane@example.org,912250819339,45,Female,Nanded,Telangana,Medium,2024-01-08,True,True
122510,1341,2024-01-31,completed,Siliguri,Punjab,355062.06,Jayesh,Balay,heer73@example.org,4982438843,48,Male,Siliguri,Punjab,Low,2024-12-13,False,True
122539,14259,2023-07-03,completed,Dewas,Maharashtra,427845.59,Lagan,Kuruvilla,fsinghal@example.com,3973605073,38,Male,Dewas,Maharashtra,High,2023-03-10,True,True
122544,1106,2024-06-21,completed,Udaipur,Tamil Nadu,353183.35,Tara,Vala,shamikgade@example.org,912501736542,22,Male,Udaipur,Tamil Nadu,High,2023-03-21,True,True
122560,9137,2022-08-07,completed,Gandhinagar,Gujarat,324314.63,Bhavin,Date,rbal@example.org,9781349151,38,Female,Gandhinagar,Gujarat,Premium,2023-04-29,True,True
122583,1454,2024-01-13,delivered,Erode,Tamil Nadu,574868.6,Shamik,Sankaran,veerjaggi@example.com,9147625380,29,Female,Erode,Tamil Nadu,High,2023-04-12,True,True
122586,15942,2023-11-03,completed,Gangtok,Maharashtra,363430.71,Ritvik,Sridhar,lthaker@example.org,919175441413,18,Male,Gangtok,Maharashtra,High,2023-12-13,True,True
122629,15733,2023-12-05,shipped,Dehri,Uttar Pradesh,556795.45,Jhanvi,Rastogi,hansh83@example.net,5804631025,42,Female,Dehri,Uttar Pradesh,High,2023-02-27,True,True
122656,16050,2022-06-06,completed,Barasat,Uttar Pradesh,351610.17,Misha,Gulati,samiha66@example.com,147948382,42,Male,Barasat,Uttar Pradesh,Low,2024-09-09,False,True
122733,15639,2023-05-13,completed,Haridwar,Karnataka,378494.33,Saanvi,Tak,swaminathanreyansh@example.com,744953385,37,Male,Haridwar,Karnataka,Low,2023-07-14,True,True
122736,15294,2023-05-18,completed,Raebareli,Uttar Pradesh,492632.98,Hrishita,Tak,umangbumb@example.net,39155307,33,Female,Raebareli,Uttar Pradesh,Low,2022-09-03,True,True
122752,2550,2022-08-17,completed,Nagercoil,Uttar Pradesh,403643.24,Shayak,Hari,purabkhosla@example.net,4433178273,29,Female,Nagercoil,Uttar Pradesh,High,2024-10-05,True,True
122791,1492,2022-09-12,completed,Korba,Uttar Pradesh,369375.81,Romil,Bassi,ikata@example.org,915392669370,18,Female,Korba,Uttar Pradesh,Medium,2022-07-16,True,True
122834,19723,2024-04-13,completed,Bardhaman,Karnataka,563242.46,Nirvi,Mani,charvi51@example.net,910960675959,28,Male,Bardhaman,Karnataka,Medium,2024-06-23,True,True
122849,15991,2022-03-19,pending,Pudukkottai,Uttar Pradesh,492577.0,Damini,Lad,nbuch@example.net,913665380576,56,Female,Pudukkottai,Uttar Pradesh,Low,2024-07-13,True,True
122891,12132,2023-05-14,completed,Ranchi,Maharashtra,381108.96,Divit,Sharaf,aaravbir@example.com,919313006344,32,Female,Ranchi,Maharashtra,High,2022-09-10,True,True
122911,4859,2022-05-15,completed,Mahbubnagar,Telangana,374909.44,Neysa,Rao,sampathdiya@example.org,4042832420,48,Male,Mahbubnagar,Telangana,Low,2023-05-29,True,True
123008,2665,2022-09-03,shipped,Maheshtala,Maharashtra,329072.22,Shalv,Jaggi,lakshittandon@example.com,8617327760,44,Male,Maheshtala,Maharashtra,Low,2024-08-07,True,True
123022,8296,2024-04-23,completed,Ahmednagar,Kerala,323813.63,Prerak,Brar,hbail@example.org,911471859909,28,Female,Ahmednagar,Kerala,Low,2024-05-19,True,True
123058,9766,2022-10-15,completed,Loni,Rajasthan,413732.42,Ishaan,Konda,biswasazad@example.net,1258813830,35,Female,Loni,Rajasthan,Medium,2023-07-29,True,True
123077,7997,2022-10-23,completed,Saharanpur,Tamil Nadu,325700.48,Shray,Ratti,kartik81@example.net,4576911157,29,Female,Saharanpur,Tamil Nadu,High,2022-12-09,False,True
123089,4177,2022-07-24,delivered,Ghaziabad,Maharashtra,524255.9,Manikya,Barman,srivastavapihu@example.net,7346986758,36,Female,Ghaziabad,Maharashtra,Premium,2022-05-25,True,True
123113,1908,2022-08-05,completed,Morena,Tamil Nadu,333102.82,Myra,Sinha,bhatttaran@example.net,8047371985,29,Female,Morena,Tamil Nadu,Low,2023-10-16,True,True
123115,1771,2022-02-04,cancelled,Gandhinagar,Uttar Pradesh,428689.71,Kartik,Mand,vedika49@example.net,1213008823,20,Male,Gandhinagar,Uttar Pradesh,Low,2024-06-09,True,True
123199,1410,2023-06-10,completed,Dewas,Delhi,618860.1,Shayak,Bose,faiyaz35@example.com,4804507356,24,Female,Dewas,Delhi,Medium,2024-03-02,True,True
123222,4942,2024-07-07,completed,Ludhiana,Bihar,365180.68,Ahana ,Biswas,onkarbhatti@example.net,913442907122,51,Male,Ludhiana,Bihar,High,2022-09-02,True,True
123265,14266,2023-10-28,completed,Ramgarh,Maharashtra,438886.97,Keya,Kuruvilla,dharmajan02@example.org,8733759188,52,Female,Ramgarh,Maharashtra,Medium,2022-09-01,True,True
123299,13977,2022-07-05,processing,Amritsar,Rajasthan,329583.12,Nakul,Sarna,balasubramaniansahil@example.net,799913927,42,Female,Amritsar,Rajasthan,Low,2023-11-01,True,True
123316,13645,2024-12-19,processing,Rajahmundry,Bihar,428515.37,Adah,Koshy,vorabaiju@example.org,2015534675,32,Male,Rajahmundry,Bihar,High,2023-09-15,True,True
123377,2271,2024-11-10,completed,Machilipatnam,Bihar,418525.4,Gatik,Ghosh,jhanvi18@example.com,913311786057,24,Male,Machilipatnam,Bihar,Low,2023-12-04,False,True
123482,14092,2022-07-11,completed,Vijayanagaram,Punjab,488152.5,Badal,Dash,navya68@example.org,917715665573,60,Female,Vijayanagaram,Punjab,Low,2024-02-15,True,True
123544,8671,2023-05-05,completed,Ranchi,West Bengal,600037.82,Manjari,De,divanpiya@example.net,3810956231,18,Male,Ranchi,West Bengal,Medium,2024-02-12,True,True
123550,2425,2022-12-13,completed,Jammu,Uttar Pradesh,346561.66,Tarini,Hayre,farhandhillon@example.org,3730871439,30,Male,Jammu,Uttar Pradesh,Premium,2024-08-19,True,True
123559,12559,2024-03-30,completed,Jalandhar,Kerala,347728.04,Shlok,Rattan,cmagar@example.org,48090965,18,Female,Jalandhar,Kerala,Medium,2022-06-03,True,True
123605,13643,2024-06-26,completed,Kolkata,Uttar Pradesh,505347.39,Rania,Anne,eshani90@example.com,915388677153,22,Male,Kolkata,Uttar Pradesh,Low,2024-04-29,True,True
123660,15533,2024-09-24,processing,Jammu,Uttar Pradesh,388570.09,Nayantara,Balasubramanian,rajukavya@example.com,8040092304,25,Male,Jammu,Uttar Pradesh,Medium,2024-02-17,True,True
123696,7420,2023-09-02,delivered,Sangli-Miraj & Kupwad,Maharashtra,610617.68,Jiya,Swaminathan,ysankar@example.org,5292018362,34,Male,Sangli-Miraj & Kupwad,Maharashtra,Low,2022-01-11,True,True
123699,8272,2022-01-26,completed,Ujjain,Uttar Pradesh,616705.17,Fateh,Sharma,raghav58@example.org,917344856385,32,Male,Ujjain,Uttar Pradesh,Medium,2022-07-12,True,True
123754,2060,2022-08-14,completed,Ozhukarai,Delhi,415546.75,Hiran,Lad,kimaya15@example.com,5817915782,46,Female,Ozhukarai,Delhi,Low,2022-10-04,False,True
123762,18357,2024-11-24,completed,Ghaziabad,Bihar,354675.21,Hunar,Bal,aarnagola@example.org,919606150088,37,Male,Ghaziabad,Bihar,Medium,2022-01-29,True,True
123789,19052,2022-11-12,shipped,Morbi,Bihar,376978.72,Umang,Kara,ivarkey@example.net,912553585231,20,Female,Morbi,Bihar,High,2022-08-23,True,True
123819,19470,2023-10-12,pending,Guntakal,Uttar Pradesh,446960.38,Ayesha,Bhatia,cmadan@example.com,916643024290,51,Male,Guntakal,Uttar Pradesh,Low,2022-07-13,True,True
123840,18363,2022-02-16,shipped,Berhampur,Tamil Nadu,432608.51,Elakshi,Lalla,chiraglall@example.net,910188260966,40,Male,Berhampur,Tamil Nadu,Low,2023-01-05,True,True
123844,17358,2024-08-11,cancelled,Kakinada,Bihar,456681.52,Hiran,Agate,cheemaeva@example.org,913702741669,29,Female,Kakinada,Bihar,High,2024-10-07,True,True
123895,16667,2024-03-12,completed,Nagercoil,Maharashtra,506607.47,Vaibhav,Borah,lganguly@example.com,973597881,41,Male,Nagercoil,Maharashtra,High,2023-07-18,True,True
123907,8481,2024-11-19,completed,Orai,Maharashtra,574352.14,Nitara,Subramanian,aarnarastogi@example.com,4754965298,39,Male,Orai,Maharashtra,Medium,2024-06-15,True,True
123962,19632,2024-01-27,completed,Begusarai,Maharashtra,453894.32,Kavya,Ramachandran,azad04@example.com,316990222,19,Male,Begusarai,Maharashtra,Low,2022-02-05,True,True
123988,9036,2023-11-04,completed,Gudivada,Uttar Pradesh,426843.9,Zara,Bora,ivanashah@example.net,9881394688,26,Male,Gudivada,Uttar Pradesh,Medium,2023-08-01,True,True
124000,15900,2023-01-18,completed,Tumkur,Kerala,372011.9,Jhanvi,Dhingra,manikyaapte@example.net,4770160546,18,Male,Tumkur,Kerala,Medium,2022-06-25,True,True
124096,19721,2023-06-25,completed,Rohtak,Madhya Pradesh,535267.7,Sumer,Bora,berakashvi@example.org,7804357477,36,Female,Rohtak,Madhya Pradesh,Medium,2024-10-31,True,True
124105,10418,2024-10-27,shipped,Rajahmundry,Uttar Pradesh,392745.55,Suhana,Das,suramyra@example.org,911510762117,39,Male,Rajahmundry,Uttar Pradesh,Medium,2024-12-08,True,True
124126,6010,2024-12-31,completed,Nashik,Bihar,625175.69,Bhavin,Yogi,samiha44@example.org,1769350837,32,Female,Nashik,Bihar,Low,2023-08-31,True,True
124141,5054,2024-03-15,processing,Rajahmundry,Tamil Nadu,483772.61,Pranay,Jani,sairamanda@example.com,3701247101,33,Male,Rajahmundry,Tamil Nadu,Low,2024-03-02,True,True
124193,13170,2022-05-10,completed,Narasaraopet,Maharashtra,406029.55,Aarush,Ramaswamy,nirvi81@example.com,919312109030,39,Female,Narasaraopet,Maharashtra,Low,2023-05-13,True,True
124207,551,2024-02-20,cancelled,Bidar,Uttar Pradesh,593767.08,Heer,Tak,emir77@example.org,915605313402,43,Male,Bidar,Uttar Pradesh,High,2023-05-30,True,True
124210,2710,2022-07-06,completed,Silchar,Uttar Pradesh,391248.11,Arhaan,Salvi,arhaankibe@example.com,2046907439,24,Female,Silchar,Uttar Pradesh,Low,2023-02-08,True,True
124229,8408,2023-01-15,completed,Sultan Pur Majra,Uttar Pradesh,387067.02,Ishita,Suri,kalatanya@example.org,2878865567,36,Female,Sultan Pur Majra,Uttar Pradesh,Medium,2022-11-11,True,True
124258,304,2022-03-14,completed,Bhagalpur,Gujarat,501237.12,Umang,Brahmbhatt,bhallaseher@example.org,919240514770,29,Male,Bhagalpur,Gujarat,Low,2024-04-15,True,True
124285,873,2023-07-13,shipped,Amaravati,Madhya Pradesh,466137.81,Ela,Sandhu,qdewan@example.net,3924358853,49,Female,Amaravati,Madhya Pradesh,Medium,2024-03-18,True,True
124295,6983,2024-01-01,shipped,Anand,Uttar Pradesh,336629.26,Ahana ,Bose,mannbadal@example.org,919133743992,22,Female,Anand,Uttar Pradesh,Premium,2022-12-06,True,True
124330,7861,2024-02-15,shipped,Gandhidham,Uttar Pradesh,406824.06,Ishaan,Sant,bjoshi@example.net,919275594672,36,Male,Gandhidham,Uttar Pradesh,Low,2023-12-20,True,True
124359,6242,2023-03-25,completed,Jaipur,Uttar Pradesh,420502.39,Raghav,Subramanian,heersabharwal@example.com,983783219,28,Female,Jaipur,Uttar Pradesh,Low,2024-07-31,True,True
124377,7959,2023-05-17,completed,Kirari Suleman Nagar,Uttar Pradesh,443056.15,Shamik,Lanka,nbhagat@example.org,7147787710,40,Female,Kirari Suleman Nagar,Uttar Pradesh,Low,2023-05-13,True,True
124436,14634,2022-06-10,completed,Pudukkottai,Madhya Pradesh,443056.15,Mehul,Yadav,chhabradivij@example.net,8325054124,51,Female,Pudukkottai,Madhya Pradesh,Low,2023-04-12,True,True
124445,3998,2024-10-23,completed,Malda,Uttar Pradesh,342844.41,Ryan,Bajaj,raunak64@example.net,5901752400,66,Female,Malda,Uttar Pradesh,High,2023-07-23,True,True
124446,11808,2023-10-16,completed,Jehanabad,West Bengal,374026.31,Suhana,Batra,qkhanna@example.net,1875444189,61,Female,Jehanabad,West Bengal,High,2023-09-01,True,True
124507,10592,2022-12-19,completed,Hospet,Tamil Nadu,418059.27,Aniruddh,Bhargava,lagankonda@example.org,733416288,39,Female,Hospet,Tamil Nadu,Medium,2023-02-14,True,True
124583,10300,2024-02-01,completed,Malda,Tamil Nadu,335032.59,Hazel,Ram,vanya02@example.net,1555913905,31,Female,Malda,Tamil Nadu,High,2023-03-21,True,True
124586,19143,2024-05-10,pending,Khammam,Maharashtra,420367.39,Vihaan,Bala,dubeehsaan@example.org,7201048910,37,Male,Khammam,Maharashtra,Low,2023-03-13,True,True
124623,11899,2024-09-05,shipped,Vellore,Maharashtra,596094.88,Stuvan,Shenoy,yogilakshay@example.net,6653915302,45,Female,Vellore,Maharashtra,Low,2024-08-01,True,True
124639,10850,2024-08-04,delivered,Tinsukia,Gujarat,333786.78,Jayesh,D’Alia,hkamdar@example.net,911947165522,18,Female,Tinsukia,Gujarat,Medium,2022-01-02,False,True
124725,8843,2023-09-21,completed,Gurgaon,Bihar,363781.52,Lavanya,Soni,balazeeshan@example.net,3219260360,42,Female,Gurgaon,Bihar,Low,2022-11-13,True,True
124748,6510,2023-06-02,processing,Mathura,Uttar Pradesh,515951.77,Purab,Bose,babuveer@example.com,919039159596,47,Female,Mathura,Uttar Pradesh,Medium,2024-04-17,False,True
124804,15135,2024-03-05,completed,Rajpur Sonarpur,Punjab,329960.29,Mishti,Venkatesh,manjariramakrishnan@example.org,917631631907,55,Male,Rajpur Sonarpur,Punjab,Medium,2023-08-21,True,True
124886,2592,2023-02-20,completed,Amritsar,Rajasthan,555551.97,Vanya,Badami,ubali@example.com,5950133672,57,Male,Amritsar,Rajasthan,Low,2023-05-24,True,True
124914,11619,2023-08-16,completed,Patiala,Tamil Nadu,331981.92,Shamik,Karan,ftrivedi@example.com,917716554051,27,Female,Patiala,Tamil Nadu,Medium,2024-10-15,True,True
124935,2879,2024-10-28,shipped,Dehradun,Gujarat,387584.21,Yuvaan,Shere,tanya26@example.org,911669481001,36,Male,Dehradun,Gujarat,Low,2022-11-18,True,True
125002,898,2023-11-28,shipped,Danapur,West Bengal,486142.87,Ivana,Mahal,mohanlal58@example.org,9849330674,40,Male,Danapur,West Bengal,High,2023-04-12,True,True
125079,9013,2023-08-25,completed,Muzaffarpur,Uttar Pradesh,342429.85,Riaan,Samra,jivikabhandari@example.org,6990092600,36,Male,Muzaffarpur,Uttar Pradesh,Low,2023-04-24,True,True
125152,3912,2024-10-31,processing,Uluberia,Uttar Pradesh,371316.06,Vritika,Rau,sankaranvidur@example.com,478054452,18,Female,Uluberia,Uttar Pradesh,High,2024-03-10,True,True
125174,4133,2022-06-10,processing,Korba,Tamil Nadu,561048.76,Divij,Sampath,gokulbumb@example.net,4923272445,35,Male,Korba,Tamil Nadu,Medium,2024-02-22,False,True
125200,6724,2022-12-05,completed,Asansol,Rajasthan,463592.75,Vritika,Sathe,sgrewal@example.com,3953211513,21,Male,Asansol,Rajasthan,Medium,2024-01-14,True,True
125215,1589,2022-06-26,delivered,Panchkula,Uttar Pradesh,388705.25,Dishani,Banik,mangatlakshit@example.net,9990682013,40,Female,Panchkula,Uttar Pradesh,High,2022-04-30,True,True
125236,9251,2023-03-19,delivered,Tezpur,Madhya Pradesh,381390.0,Aaina,Mani,prishaedwin@example.org,916771076800,28,Male,Tezpur,Madhya Pradesh,High,2024-01-02,True,True
125291,14311,2022-07-06,shipped,Bharatpur,Uttar Pradesh,329072.22,Ritvik,Chaudhary,miraan55@example.com,6299832409,48,Female,Bharatpur,Uttar Pradesh,Medium,2024-03-02,True,True
125378,249,2024-08-28,shipped,Bharatpur,Maharashtra,665436.3,Armaan,Majumdar,inaaya-87@example.net,915639427881,47,Male,Bharatpur,Maharashtra,High,2024-02-20,True,True
125431,12619,2023-09-09,pending,Sagar,Uttar Pradesh,525116.75,Vivaan,Sagar,desaialisha@example.org,206837339,42,Male,Sagar,Uttar Pradesh,High,2022-02-19,True,True
125443,6683,2023-10-26,completed,Noida,Uttar Pradesh,628555.93,Miraan,Sankar,yuvraj-44@example.net,8789995886,43,Male,Noida,Uttar Pradesh,Medium,2024-06-08,True,True
125446,16372,2022-05-04,completed,Mira-Bhayandar,Maharashtra,385054.78,Mohanlal,Manne,adiraganguly@example.com,9691930509,53,Female,Mira-Bhayandar,Maharashtra,Medium,2024-03-05,True,True
125450,13072,2024-11-21,shipped,Berhampore,Punjab,513107.4,Neelofar,Das,edwinhazel@example.net,5946424947,57,Female,Berhampore,Punjab,Premium,2024-10-13,True,True
125480,10326,2024-09-20,completed,Panipat,Uttar Pradesh,592201.85,Pranay,Kohli,aarushborra@example.com,8601298952,44,Male,Panipat,Uttar Pradesh,Low,2023-07-01,True,True
125585,17550,2022-04-13,completed,Kanpur,Gujarat,367320.43,Ela,Kalla,adiraiyengar@example.org,3160115686,36,Female,Kanpur,Gujarat,High,2023-12-23,True,True
125588,8494,2022-10-21,completed,Phagwara,Maharashtra,365536.2,Parinaaz,Singhal,nmander@example.net,5179035684,32,Male,Phagwara,Maharashtra,Low,2022-12-12,True,True
125637,3141,2024-06-02,delivered,Kottayam,West Bengal,893233.72,Indrajit,Gala,bassidishani@example.org,5455192415,26,Female,Kottayam,West Bengal,Low,2023-11-03,True,True
125655,12179,2022-11-17,completed,Sri Ganganagar,Uttar Pradesh,329072.22,Divij,Ratta,chandaehsaan@example.com,3642436920,26,Male,Sri Ganganagar,Uttar Pradesh,Low,2023-09-04,False,True
125658,4676,2022-03-17,delivered,Erode,Uttar Pradesh,450344.69,Badal,Hayer,trisha45@example.com,914854132366,34,Female,Erode,Uttar Pradesh,Low,2022-10-12,True,True
125709,4261,2022-06-19,completed,Bijapur,Tamil Nadu,375999.86,Vidur,Kaul,sachdevakrish@example.com,8060656121,26,Female,Bijapur,Tamil Nadu,Medium,2024-01-04,True,True
125772,5208,2023-01-22,completed,Bidhannagar,Kerala,325586.7,Jiya,Kalita,dharmajanlall@example.org,919863316659,46,Female,Bidhannagar,Kerala,Medium,2022-12-05,True,True
125825,17892,2022-10-08,processing,Guntakal,West Bengal,343840.94,Charvi,Malhotra,urege@example.net,914529650915,19,Male,Guntakal,West Bengal,Medium,2023-11-15,True,True
125827,19617,2024-10-17,completed,Fatehpur,Karnataka,607372.9,Dhruv,Dara,njaggi@example.org,919533958247,48,Female,Fatehpur,Karnataka,Medium,2022-06-08,True,True
125851,2361,2023-07-29,completed,Singrauli,Maharashtra,709657.65,Kismat,Batra,aarav77@example.org,2806199074,29,Female,Singrauli,Maharashtra,Medium,2023-10-03,True,True
125873,2486,2022-07-18,completed,Bidar,Bihar,613654.83,Kismat,Chandran,ishaan64@example.org,9931769708,49,Female,Bidar,Bihar,Low,2023-11-27,True,True
125897,17020,2023-06-10,pending,Noida,Gujarat,350021.05,Eshani,Comar,dvig@example.org,914265617453,18,Female,Noida,Gujarat,Low,2023-06-21,True,True
125915,15609,2022-08-08,completed,Thane,Punjab,425518.07,Piya,Solanki,kartiksarin@example.com,1239502177,18,Female,Thane,Punjab,Low,2022-07-08,True,True
125948,17213,2024-09-25,completed,Berhampur,Maharashtra,431863.18,Jayesh,Khatri,emirratti@example.com,919623641707,33,Female,Berhampur,Maharashtra,Low,2024-08-21,True,True
125967,8223,2024-10-09,completed,Khandwa,Uttar Pradesh,357132.18,Kanav,Kaul,egarde@example.org,5787233598,39,Male,Khandwa,Uttar Pradesh,Premium,2023-02-13,True,True
126013,15732,2022-04-09,completed,Satna,Uttar Pradesh,335181.6,Miraya,Chada,shayak70@example.net,9894990237,18,Female,Satna,Uttar Pradesh,Low,2023-10-18,True,True
126014,198,2024-05-13,completed,Munger,Kerala,345363.53,Prerak,Kannan,odeep@example.com,211586938,26,Female,Munger,Kerala,Low,2024-03-22,True,True
126142,11571,2024-06-17,completed,Rajpur Sonarpur,Bihar,401424.07,Romil,Shah,njaggi@example.com,1969328459,18,Male,Rajpur Sonarpur,Bihar,Medium,2023-04-20,True,True
126190,14211,2022-11-26,completed,Aizawl,Bihar,339877.22,Manjari,Dara,batraheer@example.com,155776200,30,Male,Aizawl,Bihar,Low,2023-09-23,True,True
126198,8623,2024-12-10,completed,Khammam,Madhya Pradesh,435798.08,Madhup,Randhawa,prerak87@example.com,3506896591,18,Female,Khammam,Madhya Pradesh,Low,2022-06-21,True,True
126273,12374,2023-12-20,completed,Phagwara,West Bengal,345245.66,Akarsh,Vala,bvohra@example.net,3041990211,32,Male,Phagwara,West Bengal,High,2024-04-12,True,True
126286,1818,2023-01-11,completed,Bidar,Madhya Pradesh,362337.56,Miraya,Mammen,ayesha88@example.com,918206322801,27,Female,Bidar,Madhya Pradesh,Low,2024-06-15,True,True
126333,2761,2022-09-25,completed,Meerut,Rajasthan,706037.56,Taran,Arora,ysingh@example.com,7826487130,27,Female,Meerut,Rajasthan,High,2022-10-01,True,True
126369,15668,2024-12-20,completed,Kirari Suleman Nagar,Madhya Pradesh,323538.75,Eva,Sengupta,dharmajan46@example.net,279303351,49,Male,Kirari Suleman Nagar,Madhya Pradesh,High,2023-06-17,True,True
126391,16953,2022-06-07,completed,Kolhapur,Maharashtra,616240.51,Anaya,Vasa,emir86@example.org,917301353264,41,Male,Kolhapur,Maharashtra,Low,2024-05-30,True,True
126422,16040,2022-03-01,completed,Karnal,Uttar Pradesh,403355.06,Zain,Goyal,sarinjivin@example.org,4476519109,18,Male,Karnal,Uttar Pradesh,Medium,2022-04-14,True,True
126436,3840,2023-11-03,completed,Bhalswa Jahangir Pur,Kerala,445579.27,Parinaaz,Bajwa,gandhishanaya@example.net,2632310785,26,Male,Bhalswa Jahangir Pur,Kerala,Medium,2024-03-10,True,True
126443,1279,2023-06-25,completed,South Dumdum,Maharashtra,371797.69,Krish,Sandhu,edass@example.com,918375307681,33,Female,South Dumdum,Maharashtra,Low,2023-03-22,True,True
126463,4557,2023-04-11,completed,Guna,Maharashtra,371451.52,Alia,De,kkalla@example.org,8938359301,20,Female,Guna,Maharashtra,High,2023-01-31,True,True
126507,11140,2022-11-23,delivered,Bijapur,Rajasthan,374241.47,Purab,Rastogi,divitbhakta@example.com,9186046305,36,Female,Bijapur,Rajasthan,Low,2024-02-05,True,True
126612,5948,2023-02-18,completed,Berhampore,Karnataka,445436.36,Dhanush,Sangha,msachdev@example.net,3655323273,39,Female,Berhampore,Karnataka,Low,2024-07-20,True,True
126706,9302,2024-09-15,completed,Bhind,Madhya Pradesh,405895.91,Raunak,Gaba,lakshitkala@example.org,115467743,38,Female,Bhind,Madhya Pradesh,High,2023-11-26,True,True
126736,2579,2024-06-16,completed,Ratlam,Gujarat,444941.39,Bhamini,Tiwari,nram@example.org,8792746226,54,Female,Ratlam,Gujarat,High,2022-10-30,True,True
126798,10836,2023-10-23,completed,Chinsurah,Madhya Pradesh,418735.75,Amani,Chaudry,grovertiya@example.com,918562399008,29,Female,Chinsurah,Madhya Pradesh,Low,2023-09-16,True,True
126810,4958,2023-08-27,completed,Mahbubnagar,Rajasthan,423150.58,Hunar,Rajagopalan,kashvirana@example.net,911968621137,31,Male,Mahbubnagar,Rajasthan,High,2023-10-28,True,True
126840,5837,2024-11-09,completed,Bilaspur,Tamil Nadu,363083.92,Kimaya,Contractor,hansh04@example.net,6330112051,53,Female,Bilaspur,Tamil Nadu,Premium,2024-11-08,True,True
126888,12511,2022-08-26,completed,Rajkot,Kerala,425794.59,Shlok,Dhar,indranilkota@example.org,912952740505,25,Male,Rajkot,Kerala,Medium,2024-08-09,False,True
126902,17360,2022-03-01,completed,Latur,Gujarat,451430.5,Samaira,Bandi,azad80@example.com,1395778719,56,Female,Latur,Gujarat,Low,2022-08-23,True,True
126957,2556,2023-01-09,delivered,Kolkata,Delhi,358280.46,Umang,Kothari,nayantara80@example.net,3714926273,18,Female,Kolkata,Delhi,Low,2024-10-02,True,True
126970,11048,2024-06-01,completed,Nashik,West Bengal,480576.87,Taran,Batta,ritvikbalan@example.com,9611751039,31,Female,Nashik,West Bengal,Premium,2022-07-13,True,True
126981,16607,2024-12-09,shipped,Warangal,West Bengal,526343.2,Aarna,Krishnamurthy,malhotradevansh@example.net,917882063833,42,Male,Warangal,West Bengal,Low,2024-06-08,True,True
127032,799,2023-07-29,completed,Imphal,Telangana,324497.69,Kanav,Goda,tatapiya@example.com,8828503172,30,Female,Imphal,Telangana,High,2022-04-24,True,True
127049,5844,2024-08-03,delivered,Cuttack,Bihar,636501.46,Diya,Varty,sbhat@example.org,6539347970,24,Male,Cuttack,Bihar,Low,2024-03-21,True,True
127084,4808,2022-12-24,processing,Firozabad,Maharashtra,573531.69,Rohan,Dhawan,vihaan22@example.com,9281727243,39,Male,Firozabad,Maharashtra,High,2023-12-28,True,True
127124,18508,2024-09-22,pending,Nadiad,West Bengal,349290.58,Yashvi,Rana,stuvan64@example.com,912124670828,59,Female,Nadiad,West Bengal,Medium,2022-10-14,True,True
127125,2616,2024-08-20,processing,Darbhanga,Bihar,870066.76,Amira,Bawa,kimaya23@example.net,368085884,39,Female,Darbhanga,Bihar,Low,2022-11-22,True,True
127170,8904,2022-06-28,completed,Shimoga,Uttar Pradesh,427745.15,Nayantara,Banerjee,drishyasampath@example.org,914270980774,18,Male,Shimoga,Uttar Pradesh,Low,2022-05-11,True,True
127175,16796,2023-04-16,completed,Kolkata,Kerala,404435.28,Faiyaz,Keer,aarna21@example.com,917928415931,33,Female,Kolkata,Kerala,Low,2023-04-28,True,True
127191,17817,2024-08-23,completed,Sultan Pur Majra,Tamil Nadu,573457.79,Miraya,Shankar,reyansh71@example.com,915502370912,50,Male,Sultan Pur Majra,Tamil Nadu,High,2022-12-13,True,True
127213,36,2024-03-20,cancelled,Ahmedabad,West Bengal,397265.13,Prisha,Thakur,ehsaansarin@example.com,9190586518,37,Male,Ahmedabad,West Bengal,Medium,2023-10-15,True,True
127241,12765,2024-09-15,cancelled,Srinagar,Tamil Nadu,377764.9,Nakul,Biswas,manikya65@example.org,915297893224,28,Male,Srinagar,Tamil Nadu,High,2024-01-26,True,True
127289,5948,2024-04-11,completed,Berhampore,Karnataka,356459.74,Dhanush,Sangha,msachdev@example.net,3655323273,39,Female,Berhampore,Karnataka,Low,2024-07-20,True,True
127301,3745,2023-02-01,shipped,Asansol,Bihar,374682.45,Nitara,Gupta,kimaya29@example.org,383942713,38,Female,Asansol,Bihar,High,2023-04-08,True,True
127329,4408,2023-02-22,completed,Pallavaram,Maharashtra,639201.58,Yashvi,Varty,chirag30@example.net,9962942649,26,Female,Pallavaram,Maharashtra,Medium,2022-01-26,False,True
127368,3023,2022-01-25,completed,Sasaram,Uttar Pradesh,449866.75,Yasmin,Khare,yuvaan84@example.net,8507867253,41,Male,Sasaram,Uttar Pradesh,Low,2022-06-16,True,True
127392,17151,2024-09-13,completed,Hyderabad,Uttar Pradesh,374058.08,Vidur,Kapur,routindranil@example.org,136095659,32,Female,Hyderabad,Uttar Pradesh,High,2024-05-05,True,True
127395,2462,2023-09-12,completed,Aurangabad,Uttar Pradesh,548332.55,Aarna,Tandon,hiranguha@example.net,918099371519,41,Female,Aurangabad,Uttar Pradesh,Medium,2023-11-29,True,True
127513,18522,2023-11-03,completed,Jalna,Uttar Pradesh,374346.51,Jayesh,Karan,thakerkashvi@example.com,911104363026,34,Female,Jalna,Uttar Pradesh,Premium,2024-09-04,True,True
127546,11723,2024-07-31,cancelled,Gorakhpur,Madhya Pradesh,668562.5,Advika,Chad,yatwal@example.net,6832744426,27,Male,Gorakhpur,Madhya Pradesh,Medium,2022-02-05,True,True
127558,12907,2024-10-31,delivered,Asansol,Maharashtra,340192.31,Mehul,Bala,kgrewal@example.org,1873910500,18,Female,Asansol,Maharashtra,Medium,2024-11-26,True,True
127579,9697,2023-07-31,cancelled,Rourkela,West Bengal,396072.56,Dishani,Mane,vardaniya34@example.net,914172203564,48,Female,Rourkela,West Bengal,Low,2023-02-28,True,True
127684,17196,2023-08-02,completed,Morbi,Madhya Pradesh,618860.1,Piya,Ben,borraseher@example.com,2696552631,38,Female,Morbi,Madhya Pradesh,Medium,2024-02-09,True,True
127694,15472,2023-11-06,completed,Surendranagar Dudhrej,Uttar Pradesh,730161.71,Yuvaan,Kunda,bhatiavivaan@example.net,2918530652,38,Female,Surendranagar Dudhrej,Uttar Pradesh,High,2023-12-11,True,True
127705,5391,2023-11-09,pending,Surendranagar Dudhrej,Punjab,644723.72,Seher,Kanda,kshere@example.net,1468989632,38,Female,Surendranagar Dudhrej,Punjab,Medium,2023-06-08,True,True
127766,16406,2023-07-10,completed,Lucknow,Uttar Pradesh,533468.11,Purab,Ramanathan,ayesha78@example.org,916930625705,37,Male,Lucknow,Uttar Pradesh,Low,2022-04-14,True,True
127828,6987,2024-12-18,shipped,Malegaon,Uttar Pradesh,502379.93,Eshani,Garde,devansh09@example.com,2971306667,27,Male,Malegaon,Uttar Pradesh,Low,2023-10-14,True,True
127861,14967,2024-05-14,completed,Avadi,Telangana,344562.5,Divyansh,Gill,croy@example.org,9774238715,18,Male,Avadi,Telangana,Low,2022-04-11,True,True
127904,10582,2023-08-01,cancelled,Navi Mumbai,Bihar,402395.16,Dishani,Shah,rattanarhaan@example.org,8966224318,51,Female,Navi Mumbai,Bihar,Low,2024-11-29,True,True
127924,16019,2022-02-16,delivered,Nangloi Jat,Karnataka,494012.79,Indrajit,Kibe,obose@example.net,7657367030,18,Female,Nangloi Jat,Karnataka,High,2024-08-07,True,True
127977,10945,2023-09-15,completed,Meerut,Punjab,383451.39,Badal,Dewan,jdash@example.org,1782505821,18,Male,Meerut,Punjab,Low,2023-11-09,True,True
128029,8390,2023-04-20,completed,Amroha,Uttar Pradesh,509604.2,Baiju,Datta,vidurvaidya@example.org,2413774973,26,Male,Amroha,Uttar Pradesh,Low,2024-05-20,True,True
128066,3688,2023-07-08,completed,Dhule,Uttar Pradesh,417720.94,Hiran,Dixit,samrakismat@example.net,5778734137,51,Male,Dhule,Uttar Pradesh,Medium,2022-03-03,True,True
128121,4736,2024-12-07,completed,Tiruppur,Madhya Pradesh,689613.23,Amani,Wadhwa,ramakrishnanhiran@example.net,8075009670,41,Female,Tiruppur,Madhya Pradesh,High,2024-03-19,True,True
128152,12307,2024-06-15,delivered,Mahbubnagar,Maharashtra,504172.66,Hridaan,Kaul,chatterjeezeeshan@example.com,8193288191,35,Male,Mahbubnagar,Maharashtra,High,2022-04-03,True,True
128203,10873,2023-10-05,cancelled,Sambalpur,Gujarat,534037.14,Shaan,Wable,aarna75@example.net,8751493044,42,Male,Sambalpur,Gujarat,Medium,2023-02-18,True,True
128228,11711,2023-05-26,shipped,Ulhasnagar,Karnataka,329076.99,Jivin,Varma,hazelrajan@example.net,916963387615,18,Male,Ulhasnagar,Karnataka,High,2023-03-08,True,True
128297,14277,2022-05-26,shipped,Burhanpur,Uttar Pradesh,455658.72,Madhup,Gulati,onkar87@example.com,912160236418,34,Male,Burhanpur,Uttar Pradesh,Low,2023-08-27,True,True
128309,7238,2024-10-11,completed,Hajipur,Maharashtra,378527.1,Dharmajan,Jhaveri,kimaya20@example.org,914912104476,28,Female,Hajipur,Maharashtra,High,2023-06-07,True,True
128380,9024,2024-10-28,delivered,Maheshtala,Uttar Pradesh,622946.33,Taimur,Raju,latapihu@example.org,6638902509,20,Female,Maheshtala,Uttar Pradesh,Premium,2024-06-18,True,True
128394,3904,2024-08-27,completed,Hajipur,Uttar Pradesh,450037.65,Arnav,Madan,jhakimaya@example.org,915034206289,40,Male,Hajipur,Uttar Pradesh,Medium,2022-01-14,True,True
128403,15353,2023-05-17,completed,Mehsana,Uttar Pradesh,376978.72,Hazel,Shere,bhasinmyra@example.net,912346696421,38,Female,Mehsana,Uttar Pradesh,High,2022-06-25,True,True
128437,18247,2024-01-02,completed,Kamarhati,Uttar Pradesh,354675.21,Madhup,Vaidya,tiyachaudhry@example.com,8478180559,23,Male,Kamarhati,Uttar Pradesh,High,2023-11-25,True,True
128501,7588,2022-06-05,completed,Khammam,Kerala,339322.47,Adira,Kamdar,vbutala@example.net,913930375355,37,Female,Khammam,Kerala,Medium,2023-06-04,True,True
128687,10705,2024-07-17,cancelled,Pimpri-Chinchwad,Maharashtra,544555.41,Kaira,Maharaj,gkarnik@example.net,1595539525,23,Male,Pimpri-Chinchwad,Maharashtra,Premium,2023-12-26,True,True
128689,9943,2022-04-03,completed,Jalandhar,Tamil Nadu,419211.92,Aayush,Dutt,dattaaarush@example.com,9886081118,37,Female,Jalandhar,Tamil Nadu,Low,2023-07-11,True,True
128695,3057,2023-09-24,delivered,Bulandshahr,Uttar Pradesh,611224.29,Indranil,Dugal,eva70@example.org,911117517335,23,Male,Bulandshahr,Uttar Pradesh,Medium,2022-08-09,True,True
128715,3502,2024-04-22,shipped,Agartala,Maharashtra,473172.78,Neysa,Mane,lyohannan@example.com,911508108667,41,Female,Agartala,Maharashtra,Premium,2024-11-16,True,True
128716,13187,2022-11-29,completed,Vellore,Uttar Pradesh,356776.32,Hunar,Bhagat,yuvraj-26@example.org,913705416508,22,Male,Vellore,Uttar Pradesh,Medium,2024-07-14,True,True
128857,4274,2022-11-15,completed,Jabalpur,Madhya Pradesh,345317.77,Ishaan,Wable,manikyalanka@example.com,4611795495,32,Female,Jabalpur,Madhya Pradesh,Low,2024-11-23,True,True
128879,11025,2022-07-15,delivered,Varanasi,West Bengal,375503.39,Anya,Gopal,subramaniansuhana@example.net,5782504598,23,Female,Varanasi,West Bengal,Low,2023-03-12,True,True
128963,1405,2023-03-23,completed,Loni,Kerala,542617.68,Nitya,Lal,uedwin@example.com,5124764000,60,Female,Loni,Kerala,High,2023-11-25,False,True
128967,1978,2022-08-13,completed,Medininagar,Uttar Pradesh,382201.71,Ishita,Verma,somanya@example.net,915383385693,38,Male,Medininagar,Uttar Pradesh,Low,2022-07-07,True,True
129002,10643,2022-01-20,completed,Vadodara,Uttar Pradesh,640493.76,Zoya,Dugal,zainasavant@example.org,7049403538,24,Female,Vadodara,Uttar Pradesh,Premium,2024-05-20,True,True
129003,1001,2022-03-08,shipped,Mahbubnagar,Uttar Pradesh,376976.02,Advik,Rao,indrajit14@example.org,915276981987,36,Female,Mahbubnagar,Uttar Pradesh,Medium,2022-07-24,True,True
129010,16273,2023-02-28,cancelled,Rajahmundry,West Bengal,444608.09,Uthkarsh,Bumb,jbal@example.net,912951825857,25,Male,Rajahmundry,West Bengal,Low,2022-03-31,True,True
129026,12321,2023-04-12,pending,Purnia,Tamil Nadu,361762.86,Mamooty,Sharaf,armaan15@example.net,913306430064,21,Female,Purnia,Tamil Nadu,Low,2022-03-24,False,True
129049,15268,2023-01-15,delivered,Hindupur,Uttar Pradesh,346202.55,Khushi,Talwar,issaczain@example.net,918603186631,30,Female,Hindupur,Uttar Pradesh,Medium,2022-11-06,True,True
129092,13425,2023-12-22,delivered,Ongole,Maharashtra,391528.97,Madhup,Borra,jivin22@example.net,5967720120,36,Female,Ongole,Maharashtra,Medium,2024-05-17,True,True
129139,16584,2023-01-22,completed,Navi Mumbai,West Bengal,552823.79,Rasha,Agate,anyaramesh@example.net,1954064969,34,Male,Navi Mumbai,West Bengal,Low,2024-10-31,True,True
129160,1832,2024-05-25,shipped,Anantapuram,Tamil Nadu,446929.24,Rohan,Randhawa,gkuruvilla@example.org,4990803586,35,Male,Anantapuram,Tamil Nadu,Low,2022-03-12,True,True
129171,4529,2022-10-12,completed,Aizawl,Bihar,499794.48,Yuvraj ,Doctor,lsaraf@example.net,5069672064,40,Female,Aizawl,Bihar,Medium,2022-01-09,True,True
129177,313,2024-01-02,completed,Machilipatnam,Uttar Pradesh,584358.33,Arhaan,Jayaraman,deshmukhzain@example.org,3312797573,45,Male,Machilipatnam,Uttar Pradesh,Low,2022-03-06,True,True
129193,12688,2022-08-14,delivered,Mehsana,Rajasthan,468489.12,Tushar,Bhagat,mandalzeeshan@example.com,3988792335,20,Male,Mehsana,Rajasthan,High,2023-12-20,True,True
129248,19562,2024-02-01,completed,New Delhi,Uttar Pradesh,323432.52,Lakshit,Zachariah,armaansankaran@example.org,3111531346,18,Male,New Delhi,Uttar Pradesh,Medium,2022-07-16,True,True
129259,1904,2023-02-12,completed,Ghaziabad,Punjab,596738.79,Hunar,Sabharwal,purabkaul@example.com,7512583799,51,Male,Ghaziabad,Punjab,Medium,2023-07-11,True,True
129277,18286,2022-11-01,shipped,Ujjain,Uttar Pradesh,391595.93,Taimur,Tella,diyachaudhuri@example.net,910881002944,45,Male,Ujjain,Uttar Pradesh,Low,2024-12-11,True,True
129365,8030,2022-10-08,completed,Tirunelveli,Kerala,355128.26,Lakshit,Garg,xrana@example.net,1720771882,30,Female,Tirunelveli,Kerala,Medium,2024-01-01,False,True
129434,5979,2024-01-14,completed,Bhagalpur,Maharashtra,326079.64,Shamik,Chand,divijgaba@example.net,9832242849,27,Female,Bhagalpur,Maharashtra,Low,2024-04-13,True,True
129464,1785,2024-08-07,delivered,Amritsar,Rajasthan,415749.72,Mannat,Kapur,maharajritvik@example.org,7416279636,18,Male,Amritsar,Rajasthan,Low,2022-09-01,False,True
129479,6324,2024-01-17,pending,Silchar,West Bengal,360318.72,Urvi,Gandhi,veerwali@example.com,918610322564,36,Male,Silchar,West Bengal,Low,2024-04-04,True,True
129498,2244,2023-09-03,completed,Karawal Nagar,Uttar Pradesh,571745.75,Mishti,Bal,rhea36@example.net,912591642301,26,Female,Karawal Nagar,Uttar Pradesh,Low,2023-03-14,False,True
129578,4940,2023-07-13,completed,Coimbatore,Maharashtra,519070.44,Hunar,Gupta,adah83@example.com,910045165591,22,Male,Coimbatore,Maharashtra,Medium,2023-12-30,True,True
129596,14753,2024-05-12,completed,Durgapur,Tamil Nadu,400568.08,Faiyaz,Mahajan,sridharsamaira@example.net,7000900382,27,Female,Durgapur,Tamil Nadu,High,2024-12-11,True,True
129682,14333,2023-03-13,completed,Bhubaneswar,Telangana,397299.47,Indrans,Sandal,hsrinivasan@example.com,913459655089,23,Female,Bhubaneswar,Telangana,Medium,2024-11-10,True,True
129688,3363,2024-12-19,shipped,Jodhpur,Uttar Pradesh,384392.74,Lakshit,Rout,parinaaz49@example.com,7484856944,40,Male,Jodhpur,Uttar Pradesh,Low,2024-12-22,True,True
129692,15938,2022-11-21,completed,Loni,West Bengal,496620.8,Baiju,Sunder,reyansh50@example.net,7619320647,57,Male,Loni,West Bengal,Low,2024-09-23,True,True
129736,2533,2023-01-24,completed,Jamnagar,Madhya Pradesh,708687.21,Riaan,Behl,akarshsaxena@example.org,4045156993,47,Female,Jamnagar,Madhya Pradesh,Low,2024-01-05,True,True
130014,5939,2023-03-25,shipped,Jalna,Punjab,465213.9,Advika,Mane,tkar@example.org,914252769595,45,Male,Jalna,Punjab,High,2024-10-11,False,True
130113,8584,2022-04-14,completed,Jaunpur,West Bengal,342624.07,Rohan,Ben,yakshit59@example.com,2071380123,41,Female,Jaunpur,West Bengal,Low,2023-08-26,True,True
130158,8843,2022-09-18,completed,Gurgaon,Bihar,415292.99,Lavanya,Soni,balazeeshan@example.net,3219260360,42,Female,Gurgaon,Bihar,Low,2022-11-13,True,True
130167,10128,2023-08-01,shipped,Akola,Maharashtra,329203.89,Taran,Seth,vardaniya82@example.com,8047981734,54,Female,Akola,Maharashtra,Medium,2022-11-16,True,True
130170,10343,2024-06-16,cancelled,Sagar,Bihar,470810.98,Arhaan,Kala,khushiwable@example.com,3937958813,29,Female,Sagar,Bihar,Low,2024-02-23,True,True
130174,2849,2024-09-23,completed,Rewa,Karnataka,338496.76,Zaina,Dey,brahmbhattmannat@example.com,468869890,30,Female,Rewa,Karnataka,Low,2022-11-06,True,True
130218,13298,2023-02-10,delivered,Bijapur,Maharashtra,647185.7,Mahika,Shan,shanayadoctor@example.net,9624438633,48,Male,Bijapur,Maharashtra,Medium,2022-09-11,True,True
130248,9426,2022-08-27,processing,Ozhukarai,Uttar Pradesh,391460.47,Ryan,Halder,akeer@example.net,6957788582,26,Male,Ozhukarai,Uttar Pradesh,Low,2022-05-24,True,True
130264,8327,2024-10-18,delivered,Baranagar,Kerala,488881.64,Kaira,Raval,xbrar@example.org,7369212292,63,Male,Baranagar,Kerala,Medium,2022-03-21,True,True
130277,15638,2023-12-14,completed,Bhalswa Jahangir Pur,Karnataka,420772.86,Shamik,Borah,ritvikdas@example.org,910490243901,31,Female,Bhalswa Jahangir Pur,Karnataka,High,2023-12-09,True,True
130278,12154,2022-02-28,completed,Aligarh,Bihar,506832.68,Ivana,Mangal,sara86@example.net,4447400675,36,Male,Aligarh,Bihar,Medium,2023-08-01,True,True
130304,1023,2023-11-08,completed,Proddatur,Karnataka,597667.48,Adah,Gupta,lakshay80@example.net,917481242114,55,Male,Proddatur,Karnataka,Medium,2024-11-27,True,True
130332,10652,2022-02-13,completed,Bulandshahr,Punjab,480466.12,Mannat,Rajan,nakul74@example.org,5764437428,46,Male,Bulandshahr,Punjab,Medium,2022-02-21,True,True
130346,9841,2022-11-03,completed,Patna,West Bengal,363449.37,Vidur,Joshi,bassianay@example.org,910173469044,46,Female,Patna,West Bengal,Medium,2024-04-21,True,True
130361,8656,2023-03-28,completed,Mirzapur,Tamil Nadu,328294.91,Dhanuk,Wali,vidur05@example.com,3574901626,46,Male,Mirzapur,Tamil Nadu,Medium,2024-06-29,True,True
130379,1126,2024-02-01,completed,Bathinda,Maharashtra,384774.95,Nakul,Barad,sastrytejas@example.net,7605457694,57,Female,Bathinda,Maharashtra,Low,2023-12-06,True,True
130411,14310,2023-06-12,completed,Baranagar,Kerala,544670.07,Bhamini,Balay,mirayaramachandran@example.com,9212997935,46,Female,Baranagar,Kerala,Low,2023-10-01,True,True
130449,5329,2022-08-19,processing,Avadi,Uttar Pradesh,445234.84,Bhamini,Ghose,tsalvi@example.net,8769704220,29,Male,Avadi,Uttar Pradesh,High,2023-03-12,True,True
130614,4752,2023-04-30,completed,Rewa,Telangana,605564.61,Ryan,Batra,anahitavarughese@example.net,918291271643,41,Female,Rewa,Telangana,Medium,2024-08-21,True,True
130625,7604,2022-08-31,completed,Hapur,Uttar Pradesh,361799.78,Vedika,Vora,vidur67@example.org,918819126220,50,Female,Hapur,Uttar Pradesh,Medium,2022-08-22,True,True
130644,7477,2023-11-29,pending,Kota,Maharashtra,416294.24,Shalv,Kumer,vyassamaira@example.org,6365119166,44,Female,Kota,Maharashtra,Medium,2023-03-18,True,True
130721,3995,2024-08-08,completed,Jabalpur,Tamil Nadu,325919.29,Ishita,Khatri,mahika90@example.com,8419482464,44,Female,Jabalpur,Tamil Nadu,Medium,2024-04-01,True,True
130740,217,2023-03-05,completed,Bhiwandi,Kerala,359744.78,Sana,Apte,gatikgoswami@example.net,648909010,43,Female,Bhiwandi,Kerala,Medium,2023-10-10,True,True
130774,3427,2024-04-28,delivered,Jodhpur,Rajasthan,388369.27,Yasmin,Sahota,nkunda@example.org,911729409937,29,Female,Jodhpur,Rajasthan,High,2022-11-28,True,True
130781,3748,2023-02-23,shipped,Raurkela Industrial Township,Uttar Pradesh,388004.47,Sana,Bains,pchawla@example.com,5997949756,45,Female,Raurkela Industrial Township,Uttar Pradesh,Low,2023-10-13,True,True
130866,18663,2022-11-19,shipped,Bettiah,Karnataka,442788.39,Hiran,Ramanathan,chokshianya@example.net,4805305541,18,Female,Bettiah,Karnataka,Low,2023-10-17,True,True
130974,13829,2022-06-09,completed,Gopalpur,Uttar Pradesh,385440.86,Kashvi,Dalal,igolla@example.net,4421961765,32,Female,Gopalpur,Uttar Pradesh,Premium,2024-03-21,True,True
131022,18057,2023-04-12,completed,Mau,Telangana,698465.49,Nitara,Hari,biju97@example.org,910883571313,30,Male,Mau,Telangana,Low,2023-01-17,True,True
131095,14484,2023-10-09,completed,Tumkur,Uttar Pradesh,380483.03,Azad,Varughese,misha06@example.net,1536413029,20,Female,Tumkur,Uttar Pradesh,Low,2022-05-28,True,True
131099,13794,2024-08-29,delivered,Muzaffarpur,Rajasthan,441953.8,Oorja,Chakraborty,kavya73@example.net,915260343938,18,Male,Muzaffarpur,Rajasthan,Medium,2023-03-22,True,True
131120,19346,2023-09-18,shipped,Hubli–Dharwad,Uttar Pradesh,501323.72,Vanya,Gera,farhanvora@example.org,918824434027,18,Female,Hubli–Dharwad,Uttar Pradesh,Medium,2022-11-12,True,True
131138,6334,2024-11-27,completed,Singrauli,Delhi,436043.35,Ayesha,Bassi,gokulvohra@example.net,6292892371,61,Female,Singrauli,Delhi,Medium,2022-01-03,True,True
131180,3443,2022-05-31,completed,Silchar,Karnataka,423347.1,Tushar,Bhatnagar,lswamy@example.org,910854631646,54,Female,Silchar,Karnataka,Low,2024-12-02,True,True
131264,2911,2022-09-29,cancelled,Bhubaneswar,Madhya Pradesh,386905.62,Purab,Dhar,issacneysa@example.org,2448968460,18,Male,Bhubaneswar,Madhya Pradesh,Low,2022-09-21,True,True
131286,14722,2022-08-20,completed,Ujjain,Uttar Pradesh,644797.46,Vardaniya,Khanna,bhavin52@example.net,180595272,36,Male,Ujjain,Uttar Pradesh,Low,2024-11-12,True,True
131294,7666,2022-10-06,processing,Aizawl,Kerala,451438.77,Siya,Jaggi,reyanshupadhyay@example.com,6618206090,28,Female,Aizawl,Kerala,Low,2024-02-29,True,True
131297,18874,2023-02-21,completed,Dehradun,West Bengal,352330.49,Rhea,Kamdar,gcheema@example.net,559423165,41,Male,Dehradun,West Bengal,High,2023-06-04,True,True
131298,3749,2023-04-10,delivered,Rajpur Sonarpur,Maharashtra,430061.57,Ranbir,Gulati,ykota@example.com,4913481694,32,Male,Rajpur Sonarpur,Maharashtra,Medium,2022-09-15,True,True
131300,12211,2024-07-13,completed,Morena,Uttar Pradesh,473924.11,Shalv,Krishnamurthy,bavahunar@example.org,5833873949,21,Male,Morena,Uttar Pradesh,Medium,2024-10-29,True,True
131301,19076,2022-11-27,completed,Rampur,Uttar Pradesh,363554.51,Ritvik,Badal,ubedi@example.com,3753473496,48,Female,Rampur,Uttar Pradesh,Medium,2022-07-20,True,True
131391,315,2024-05-14,delivered,Pudukkottai,Maharashtra,335241.64,Vivaan,Shah,mallickvidur@example.net,347644726,31,Male,Pudukkottai,Maharashtra,Medium,2022-03-26,True,True
131554,6458,2022-01-05,pending,Saharanpur,Bihar,373395.51,Ivana,Bal,sabharwalsamaira@example.org,6809648603,38,Female,Saharanpur,Bihar,Medium,2022-08-23,True,True
131606,5222,2024-06-11,cancelled,Nashik,Uttar Pradesh,343694.18,Kimaya,Bahl,hsachdeva@example.org,919728580208,35,Male,Nashik,Uttar Pradesh,Low,2024-12-11,True,True
131619,5848,2022-06-20,completed,Berhampur,Madhya Pradesh,354444.92,Ivana,Apte,odugar@example.com,9482716821,37,Male,Berhampur,Madhya Pradesh,Medium,2024-05-01,True,True
131637,7257,2022-02-08,processing,Nagaon,West Bengal,516934.96,Nehmat,Balasubramanian,qjani@example.net,919723902709,41,Female,Nagaon,West Bengal,Low,2023-08-04,True,True
131705,5257,2024-04-14,completed,South Dumdum,Madhya Pradesh,559883.83,Pari,Butala,chandraindrans@example.com,916144380515,33,Female,South Dumdum,Madhya Pradesh,High,2023-11-28,True,True
131716,13040,2022-02-18,completed,Khora ,Rajasthan,472900.28,Uthkarsh,Varty,shayak61@example.com,5183497677,55,Male,Khora ,Rajasthan,Low,2022-07-12,True,True
131767,17216,2024-07-05,processing,Aizawl,Rajasthan,384296.17,Riaan,Datta,sara50@example.org,4912366081,18,Male,Aizawl,Rajasthan,Medium,2024-12-30,True,True
131811,16906,2023-03-08,completed,Alwar,Bihar,367379.36,Hunar,Sridhar,eshani06@example.net,640402916,26,Female,Alwar,Bihar,Low,2022-10-06,True,True
131814,12269,2024-01-04,completed,Mango,Punjab,593011.48,Romil,Hora,galaarmaan@example.net,9534306502,26,Male,Mango,Punjab,Low,2024-12-27,True,True
131816,5910,2024-12-02,completed,Bongaigaon,Delhi,349420.31,Nitara,Tank,venkataramananaya@example.org,910658385277,59,Male,Bongaigaon,Delhi,High,2022-10-13,False,True
131830,15873,2024-08-24,delivered,Khandwa,Uttar Pradesh,495683.58,Tejas,Cherian,darshit93@example.net,1318275792,39,Female,Khandwa,Uttar Pradesh,High,2024-11-05,True,True
131848,8900,2024-12-10,completed,Indore,Maharashtra,517589.54,Hiran,Sant,sankaranzoya@example.org,9704637953,33,Male,Indore,Maharashtra,Medium,2024-07-27,True,True
131882,14872,2022-04-26,completed,Shimla,Uttar Pradesh,495173.52,Nirvi,Mander,odey@example.net,910360809824,37,Female,Shimla,Uttar Pradesh,Low,2022-07-15,True,True
131900,12294,2023-12-04,completed,Meerut,Uttar Pradesh,514427.78,Kabir,Chaudhary,samihamammen@example.org,3380954584,28,Female,Meerut,Uttar Pradesh,High,2023-10-04,True,True
131902,9207,2022-09-08,delivered,Tumkur,Rajasthan,364721.17,Samarth,Dutta,sarnataimur@example.org,6373692303,23,Female,Tumkur,Rajasthan,Premium,2024-06-26,True,True
131936,10237,2024-01-10,processing,Adoni,Bihar,443446.48,Shayak,Dubey,indrans13@example.com,7275803203,54,Male,Adoni,Bihar,Medium,2022-03-14,True,True
131987,12374,2024-05-25,completed,Phagwara,West Bengal,381962.52,Akarsh,Vala,bvohra@example.net,3041990211,32,Male,Phagwara,West Bengal,High,2024-04-12,True,True
132110,6830,2024-06-28,delivered,Malda,Rajasthan,388429.62,Anahi,Borra,bakshiishaan@example.com,8945067550,18,Male,Malda,Rajasthan,Low,2023-10-28,True,True
132124,3337,2024-10-09,completed,Indore,Gujarat,330562.5,Akarsh,Kuruvilla,balanuthkarsh@example.com,910917965105,65,Male,Indore,Gujarat,Medium,2024-04-19,True,True
132207,18354,2024-07-11,shipped,Hajipur,Karnataka,492608.8,Shray,Badal,ojas20@example.org,5867057234,22,Female,Hajipur,Karnataka,Low,2024-03-25,True,True
132209,10145,2023-10-30,completed,Latur,Bihar,420903.34,Kimaya,Varughese,vihaan82@example.net,1716921928,40,Female,Latur,Bihar,Low,2024-09-19,True,True
132287,8566,2023-06-09,completed,Suryapet,Bihar,371316.06,Jivin,Virk,wray@example.org,919105558943,41,Female,Suryapet,Bihar,Medium,2023-06-28,True,True
132384,10205,2024-11-13,completed,Kolhapur,Gujarat,326549.67,Aaina,Acharya,shlok19@example.org,5048920070,23,Male,Kolhapur,Gujarat,High,2023-02-26,True,True
132387,3762,2023-04-05,completed,Sasaram,Uttar Pradesh,415413.31,Nirvaan,Kala,chirag75@example.org,75658255,39,Male,Sasaram,Uttar Pradesh,Medium,2023-01-06,True,True
132395,16297,2024-11-25,shipped,Shivpuri,Delhi,593378.13,Advika,Saini,mishti79@example.com,5669248946,46,Male,Shivpuri,Delhi,Medium,2024-10-10,True,True
132397,18298,2023-01-13,delivered,Kavali,Bihar,441422.09,Kiara,Bhavsar,manikyagrover@example.org,8527005550,33,Male,Kavali,Bihar,High,2024-09-10,True,True
132403,16324,2024-10-22,shipped,Aizawl,Tamil Nadu,495080.5,Anya,Sen,reddymannat@example.org,915959147097,28,Female,Aizawl,Tamil Nadu,Medium,2022-12-04,True,True
132463,2817,2023-01-23,delivered,Katni,Telangana,360964.32,Nirvi,Sagar,ehayre@example.org,863339950,38,Female,Katni,Telangana,Low,2024-12-26,True,True
132488,12658,2024-09-11,completed,Purnia,Tamil Nadu,349958.29,Mohanlal,Dayal,kmallick@example.net,8584176914,23,Male,Purnia,Tamil Nadu,Premium,2023-01-22,True,True
132503,15105,2023-04-16,completed,Sagar,Rajasthan,389886.48,Riya,Doshi,saanvibuch@example.com,8891271297,20,Male,Sagar,Rajasthan,Medium,2024-05-16,True,True
132564,12534,2023-11-05,completed,Solapur,Uttar Pradesh,431259.58,Yashvi,Ghosh,sgoda@example.net,2354001347,39,Male,Solapur,Uttar Pradesh,Low,2023-09-03,True,True
132566,12403,2023-06-04,completed,Shimla,Rajasthan,541689.35,Arhaan,Kashyap,reyanshbanerjee@example.org,4724434674,49,Male,Shimla,Rajasthan,High,2022-04-28,True,True
132573,13707,2023-03-07,completed,Buxar,Tamil Nadu,502456.55,Anya,Chad,adatta@example.com,772699781,27,Male,Buxar,Tamil Nadu,High,2024-08-31,True,True
132586,12951,2024-02-12,completed,Rourkela,Bihar,327012.02,Sara,Date,abir@example.net,6804317741,26,Female,Rourkela,Bihar,Medium,2023-07-29,True,True
132589,14741,2024-12-11,completed,Yamunanagar,Uttar Pradesh,444248.85,Vritika,Kumer,damini54@example.net,7472260203,43,Female,Yamunanagar,Uttar Pradesh,Medium,2024-06-15,True,True
132640,4739,2023-04-05,completed,Raipur,Rajasthan,570516.22,Priyansh,Choudhry,chawlariaan@example.com,5163888328,32,Male,Raipur,Rajasthan,Low,2022-03-04,False,True
132673,13722,2022-05-20,completed,Aizawl,Madhya Pradesh,496382.22,Priyansh,Konda,ramankiaan@example.net,918080820731,18,Male,Aizawl,Madhya Pradesh,Medium,2022-06-05,True,True
132677,8083,2023-02-27,shipped,Saharsa,Bihar,444782.06,Mannat,Saran,dhanukissac@example.org,8061489801,38,Male,Saharsa,Bihar,Medium,2024-10-22,True,True
132796,15184,2022-04-03,shipped,Howrah,Uttar Pradesh,425794.33,Indrans,Shenoy,fgrover@example.org,918077927201,35,Male,Howrah,Uttar Pradesh,High,2024-04-24,True,True
132804,17254,2022-05-13,completed,Eluru,Bihar,349694.5,Sahil,Chandran,tarashaan@example.net,6573310755,18,Female,Eluru,Bihar,Low,2022-04-08,True,True
132810,3378,2022-03-12,delivered,Munger,Maharashtra,450436.99,Lakshay,Seth,dbala@example.org,918849939288,41,Male,Munger,Maharashtra,High,2024-02-25,True,True
132816,19862,2024-12-08,processing,Mysore,Tamil Nadu,504423.84,Samarth,Rao,zachariaalisha@example.com,3279260619,43,Male,Mysore,Tamil Nadu,High,2022-01-17,True,True
132852,6426,2024-07-08,completed,Hospet,Tamil Nadu,446071.08,Seher,Dar,singhalaayush@example.org,3752994558,32,Male,Hospet,Tamil Nadu,Medium,2023-05-18,True,True
132918,12368,2024-10-03,completed,Sangli-Miraj & Kupwad,West Bengal,327083.76,Ranbir,Kohli,nirvaan42@example.org,2381756577,29,Male,Sangli-Miraj & Kupwad,West Bengal,High,2023-05-07,True,True
132959,16933,2024-04-21,completed,Barasat,West Bengal,604773.8,Amani,Karan,sabharwalfateh@example.net,916568413925,18,Male,Barasat,West Bengal,Medium,2022-01-12,True,True
133018,397,2023-04-19,completed,Begusarai,Punjab,351538.27,Himmat,Kota,renee48@example.net,911571647947,20,Female,Begusarai,Punjab,Low,2023-09-25,True,True
133022,14697,2023-05-09,completed,Rajahmundry,Telangana,575177.09,Bhamini,Borra,thamanishita@example.org,2399081844,33,Female,Rajahmundry,Telangana,Low,2024-02-08,True,True
133089,3222,2024-12-24,processing,Dharmavaram,Bihar,558999.35,Vivaan,Ramakrishnan,soodkimaya@example.net,918386488362,22,Male,Dharmavaram,Bihar,Medium,2023-10-07,True,True
133091,19063,2024-07-05,completed,Imphal,West Bengal,660928.73,Shaan,Saini,misha56@example.com,5127760407,44,Male,Imphal,West Bengal,Low,2024-08-31,True,True
133094,7096,2023-03-08,delivered,Darbhanga,Bihar,370886.13,Zeeshan,Bhavsar,obhatnagar@example.net,6296558174,66,Female,Darbhanga,Bihar,Low,2023-02-09,True,True
133113,2828,2024-10-16,cancelled,Nellore,Uttar Pradesh,506583.81,Nehmat,Dora,ugokhale@example.com,2189568864,40,Male,Nellore,Uttar Pradesh,Low,2024-11-04,False,True
133149,7636,2024-03-12,delivered,Raipur,Uttar Pradesh,564348.83,Aniruddh,Bhasin,oorjakibe@example.org,8179641920,34,Male,Raipur,Uttar Pradesh,Low,2023-04-03,True,True
133151,9444,2023-06-23,completed,Bellary,Uttar Pradesh,569697.28,Taran,Kibe,goeleshani@example.org,911137479413,47,Female,Bellary,Uttar Pradesh,Low,2022-05-07,True,True
133160,9077,2023-10-09,delivered,Ballia,Bihar,477518.22,Tejas,Toor,iyervardaniya@example.net,8879972242,29,Female,Ballia,Bihar,Medium,2022-10-30,True,True
133246,1643,2023-03-13,completed,Gwalior,Punjab,391153.77,Jayant,Sule,prerakahuja@example.com,4747695090,43,Female,Gwalior,Punjab,Premium,2024-09-12,True,True
133251,15708,2022-12-09,delivered,Hosur,Rajasthan,326808.22,Dharmajan,Arya,zarabhat@example.org,2071123241,20,Male,Hosur,Rajasthan,High,2024-04-19,True,True
133295,2893,2024-07-26,completed,Hazaribagh,Tamil Nadu,524199.61,Zara,Sekhon,darshit11@example.com,8723903715,36,Female,Hazaribagh,Tamil Nadu,Low,2023-09-15,True,True
133334,8633,2023-08-09,completed,Bikaner,Bihar,568257.42,Oorja,Wable,qmannan@example.net,4808707989,24,Male,Bikaner,Bihar,Medium,2022-11-19,True,True
133375,318,2023-04-20,pending,Mira-Bhayandar,Uttar Pradesh,409957.72,Vaibhav,Bains,shamikmandal@example.net,912220644742,30,Male,Mira-Bhayandar,Uttar Pradesh,Low,2022-11-12,True,True
133416,3726,2024-04-12,shipped,Pudukkottai,Maharashtra,494667.05,Umang,Karnik,sarinvaibhav@example.net,4023134268,28,Female,Pudukkottai,Maharashtra,High,2024-10-13,True,True
133433,3409,2022-05-20,processing,Pimpri-Chinchwad,Maharashtra,334091.19,Parinaaz,Sethi,agrawaljhanvi@example.org,914187155039,29,Male,Pimpri-Chinchwad,Maharashtra,Low,2022-12-23,False,True
133468,622,2023-04-19,shipped,Thanjavur,Tamil Nadu,373843.9,Rati,Rastogi,tshankar@example.net,912512257207,24,Female,Thanjavur,Tamil Nadu,Low,2022-02-02,True,True
133494,6453,2022-01-04,pending,Jalandhar,Tamil Nadu,366645.19,Amani,Raju,bhamini50@example.net,2462165700,50,Male,Jalandhar,Tamil Nadu,Medium,2022-04-10,True,True
133506,6788,2022-04-13,completed,Yamunanagar,Maharashtra,626546.4,Samiha,Barad,alisha93@example.com,2366594232,50,Male,Yamunanagar,Maharashtra,Low,2022-04-13,True,True
133577,6685,2024-12-25,completed,Raichur,Rajasthan,447529.31,Tanya,Dugar,groveryuvraj@example.com,97753738,35,Female,Raichur,Rajasthan,Medium,2024-11-25,True,True
133625,1501,2022-08-20,completed,Srinagar,Delhi,438208.46,Reyansh,Vaidya,mahikadugal@example.org,910037539892,32,Female,Srinagar,Delhi,Medium,2022-11-18,True,True
133661,18699,2022-11-29,completed,Khammam,Uttar Pradesh,452439.68,Indranil,Bera,bhatbaiju@example.net,8628337395,52,Male,Khammam,Uttar Pradesh,Low,2023-06-11,True,True
133799,7039,2022-12-24,completed,Chinsurah,Punjab,472610.74,Vanya,Keer,ocomar@example.org,917125181199,30,Female,Chinsurah,Punjab,Low,2024-04-20,True,True
133849,6373,2024-09-06,delivered,Bareilly,Karnataka,488030.59,Tarini,Barad,kaurora@example.org,917949382328,48,Male,Bareilly,Karnataka,Medium,2023-06-29,True,True
133855,13556,2023-10-03,completed,Singrauli,Rajasthan,389317.69,Anahi,Jha,kartik67@example.com,1401552056,37,Male,Singrauli,Rajasthan,Medium,2022-05-05,True,True
133890,12159,2024-06-02,completed,Nagpur,Maharashtra,338919.34,Anaya,Loyal,emir37@example.com,9078969009,43,Female,Nagpur,Maharashtra,Medium,2024-04-19,True,True
133918,19267,2022-04-11,completed,Jamnagar,Uttar Pradesh,391966.07,Amira,Sinha,farhan99@example.com,1285713814,49,Female,Jamnagar,Uttar Pradesh,Medium,2022-01-02,True,True
133947,7301,2024-05-31,completed,Kamarhati,Bihar,395372.34,Heer,Manne,bhardwajriya@example.net,912207907834,23,Female,Kamarhati,Bihar,Premium,2023-10-01,True,True
133955,1212,2024-07-07,shipped,Berhampur,Bihar,332820.29,Dharmajan,Kapur,balashayak@example.org,549147744,31,Female,Berhampur,Bihar,Low,2023-07-23,False,True
134010,14970,2023-11-02,delivered,Deoghar,Madhya Pradesh,460499.57,Advika,Date,charvijha@example.org,914705548558,46,Female,Deoghar,Madhya Pradesh,High,2022-06-16,True,True
134057,1082,2024-04-06,shipped,Lucknow,Tamil Nadu,341973.38,Nitara,Rege,nsrinivas@example.org,596257197,33,Female,Lucknow,Tamil Nadu,Medium,2024-12-12,True,True
134107,7058,2022-04-29,completed,Barasat,Gujarat,443415.39,Indranil,Bumb,arhaantak@example.net,3604144920,33,Female,Barasat,Gujarat,Low,2022-12-23,False,True
134130,7798,2023-10-04,delivered,Anantapuram,Madhya Pradesh,603787.19,Divit,Sengupta,avala@example.net,919162850000,21,Female,Anantapuram,Madhya Pradesh,Low,2024-10-22,True,True
134149,5121,2023-08-15,pending,Unnao,Uttar Pradesh,738008.4,Tara,Shah,slalla@example.com,6552013320,33,Male,Unnao,Uttar Pradesh,Low,2022-11-12,True,True
134249,17882,2023-01-24,completed,Ambala,Bihar,417724.72,Ivana,Chowdhury,rati34@example.org,9535910034,42,Female,Ambala,Bihar,Medium,2023-10-15,True,True
134291,11739,2022-03-19,shipped,Kozhikode,Karnataka,340426.09,Suhana,Brar,zain86@example.com,916894353404,32,Female,Kozhikode,Karnataka,Low,2022-12-05,True,True
134319,10189,2022-12-29,completed,Jodhpur,West Bengal,498636.62,Jivin,Batta,anyachoudhury@example.com,9482518134,30,Female,Jodhpur,West Bengal,High,2022-03-27,True,True
134346,19050,2023-04-05,shipped,Guntakal,Gujarat,419472.92,Shray,Setty,khoslaalisha@example.net,6192831232,33,Female,Guntakal,Gujarat,Medium,2023-05-20,True,True
134498,6006,2022-12-05,completed,Pali,Maharashtra,518249.49,Navya,Bala,shankarjayesh@example.com,916695343295,34,Female,Pali,Maharashtra,Medium,2024-10-19,True,True
134508,8754,2022-06-26,processing,Hosur,Telangana,585329.8,Rania,Lad,chaudharyromil@example.org,414675271,42,Female,Hosur,Telangana,High,2023-09-21,True,True
134576,12418,2024-09-09,processing,Bhiwani,Uttar Pradesh,323860.63,Prerak,Chadha,hrishita60@example.net,916585893057,56,Male,Bhiwani,Uttar Pradesh,Medium,2022-07-09,False,True
134630,655,2023-06-30,completed,Mau,Maharashtra,350939.38,Lagan,Gupta,nirvikale@example.net,914085095493,30,Female,Mau,Maharashtra,Medium,2024-08-23,True,True
134636,9493,2022-01-08,completed,Ahmednagar,Uttar Pradesh,391077.42,Lakshay,Sarin,dsarna@example.net,917632485784,29,Female,Ahmednagar,Uttar Pradesh,Low,2022-10-17,True,True
134647,12607,2024-07-16,completed,Hyderabad,Uttar Pradesh,534850.0,Tara,Hari,vritika40@example.net,8943251847,30,Female,Hyderabad,Uttar Pradesh,Low,2023-10-10,True,True
134694,13005,2022-09-04,cancelled,Munger,Uttar Pradesh,427382.13,Hazel,Barad,lmannan@example.com,912523153201,33,Female,Munger,Uttar Pradesh,Medium,2022-11-15,True,True
134708,13834,2023-12-16,completed,Madurai,Uttar Pradesh,589490.27,Navya,Anne,anayasami@example.org,917178670712,50,Male,Madurai,Uttar Pradesh,Low,2024-08-13,True,True
134715,12458,2022-02-19,completed,Madhyamgram,West Bengal,370874.2,Inaaya ,Chahal,anikakalita@example.com,7140005539,63,Female,Madhyamgram,West Bengal,Medium,2023-01-23,True,True
134759,15217,2022-02-07,completed,Jalgaon,Uttar Pradesh,341316.95,Adah,Bava,vedikamagar@example.net,9329297620,32,Male,Jalgaon,Uttar Pradesh,Medium,2022-07-03,True,True
134772,870,2024-10-03,completed,Mau,West Bengal,473323.73,Kismat,Lad,charvi16@example.net,916181205464,30,Male,Mau,West Bengal,Medium,2023-04-17,True,True
134813,17957,2024-07-28,shipped,Kamarhati,West Bengal,495303.44,Miraan,Sule,tripathiprerak@example.org,917449839629,21,Male,Kamarhati,West Bengal,High,2024-09-19,True,True
134856,5554,2023-10-18,delivered,Kakinada,Madhya Pradesh,428213.62,Dharmajan,Deep,samiha92@example.org,1167747731,41,Female,Kakinada,Madhya Pradesh,Low,2023-02-20,True,True
134883,16808,2024-04-08,delivered,Bhind,Tamil Nadu,354693.44,Emir,Goda,yashvi62@example.com,1643286238,40,Female,Bhind,Tamil Nadu,High,2022-12-08,True,True
134931,12860,2022-11-26,delivered,Amravati,West Bengal,466108.93,Nakul,Sahni,vardaniya82@example.net,916629824232,18,Male,Amravati,West Bengal,Low,2023-01-05,True,True
134965,4459,2022-05-24,completed,Darbhanga,Rajasthan,379286.84,Ela,Bhargava,vardaniya32@example.com,639818085,28,Male,Darbhanga,Rajasthan,Low,2022-09-25,True,True
134986,11713,2024-03-17,completed,Ahmednagar,Rajasthan,498335.56,Indrans,Ghosh,kimayachana@example.com,916356450573,26,Male,Ahmednagar,Rajasthan,Medium,2022-02-26,True,True
135156,6402,2022-11-17,completed,Kollam,Maharashtra,374468.78,Shlok,Apte,ckrishnamurthy@example.org,6164131848,36,Male,Kollam,Maharashtra,Medium,2022-07-21,True,True
135280,16295,2023-05-30,completed,Karaikudi,West Bengal,371316.06,Adah,Dora,lbhardwaj@example.org,912695730640,35,Female,Karaikudi,West Bengal,High,2023-04-01,True,True
135305,10302,2022-10-03,completed,Salem,Delhi,324599.18,Inaaya ,Kala,ichanda@example.com,1791850544,18,Female,Salem,Delhi,High,2022-10-15,True,True
135349,2548,2024-04-25,completed,Bahraich,Tamil Nadu,346646.46,Bhavin,Dutta,rravi@example.com,910878037825,51,Male,Bahraich,Tamil Nadu,Low,2022-06-16,True,True
135396,16756,2024-12-04,completed,Hapur,Rajasthan,343206.98,Diya,Lad,advika92@example.org,9677944425,32,Male,Hapur,Rajasthan,Premium,2023-09-28,True,True
135402,2278,2024-02-05,completed,Durgapur,Kerala,539318.23,Samar,Kumar,pbal@example.net,5633389234,49,Female,Durgapur,Kerala,Low,2023-03-10,True,True
135458,11087,2024-12-28,completed,Hindupur,Kerala,358116.17,Lakshay,Hora,advikavarkey@example.org,7419230348,33,Male,Hindupur,Kerala,Medium,2022-05-26,False,True
135523,17481,2023-10-16,pending,Hubli–Dharwad,Maharashtra,502790.46,Emir,Baria,amanikeer@example.com,1503259899,28,Female,Hubli–Dharwad,Maharashtra,High,2022-01-25,True,True
135539,19521,2023-10-07,completed,Gorakhpur,Karnataka,374862.22,Adira,Badal,wableamani@example.com,6053917409,18,Male,Gorakhpur,Karnataka,Medium,2022-04-23,True,True
135543,17567,2024-08-07,completed,Ajmer,Uttar Pradesh,411327.33,Tara,Dyal,mishatrivedi@example.net,911721034378,42,Male,Ajmer,Uttar Pradesh,Medium,2023-08-26,True,True
135565,11745,2023-02-24,completed,Amritsar,Maharashtra,592989.8,Farhan,Varughese,trishajha@example.org,2836611306,35,Male,Amritsar,Maharashtra,Low,2023-09-18,True,True
135567,14018,2024-10-12,pending,Bijapur,Uttar Pradesh,382421.17,Ayesha,Chakraborty,gardezain@example.com,917800264337,53,Male,Bijapur,Uttar Pradesh,Medium,2022-03-17,True,True
135584,12673,2024-12-16,shipped,Bangalore,Madhya Pradesh,327162.2,Nitara,Sridhar,nbalasubramanian@example.org,5891546671,38,Male,Bangalore,Madhya Pradesh,Medium,2024-03-01,True,True
135683,4431,2023-08-30,completed,Salem,Madhya Pradesh,339116.69,Alisha,Sarna,ishaan90@example.net,913916102811,31,Female,Salem,Madhya Pradesh,Low,2024-02-01,True,True
135727,10785,2023-06-09,completed,Nagpur,Kerala,485447.34,Aayush,Mani,divit81@example.com,919275908535,18,Male,Nagpur,Kerala,Medium,2023-01-26,False,True
135936,8764,2022-07-10,completed,Bathinda,Uttar Pradesh,473317.75,Ishita,Agarwal,anahitakrishnan@example.net,917485623419,28,Male,Bathinda,Uttar Pradesh,Medium,2022-04-14,True,True
135957,16688,2023-09-15,completed,Chennai,Kerala,361787.87,Neelofar,Srinivas,suhanachoudhry@example.net,916433285700,31,Female,Chennai,Kerala,Low,2022-10-15,True,True
135980,16385,2023-04-26,completed,Hyderabad,Karnataka,447508.25,Dhanush,Subramanian,kuruvillaanahi@example.net,911371054622,36,Female,Hyderabad,Karnataka,Premium,2022-06-18,True,True
135991,1989,2023-04-06,completed,Gwalior,Kerala,409194.13,Prerak,Rao,anvichanda@example.net,919031788364,38,Male,Gwalior,Kerala,Low,2023-10-27,True,True
136123,14606,2023-09-14,shipped,Karawal Nagar,Punjab,381493.52,Damini,Chad,kairachada@example.com,8764660727,37,Male,Karawal Nagar,Punjab,High,2023-12-29,True,True
136129,16864,2024-08-02,cancelled,Jamalpur,Maharashtra,336654.74,Arhaan,Uppal,toormahika@example.net,6090924197,46,Male,Jamalpur,Maharashtra,Medium,2022-03-25,True,True
136145,13526,2024-09-06,completed,Pondicherry,Maharashtra,618860.1,Ivan,Bhat,raghavsahni@example.net,1333494822,33,Male,Pondicherry,Maharashtra,Medium,2024-01-14,True,True
136173,13263,2024-08-11,completed,Sultan Pur Majra,Tamil Nadu,366453.22,Veer,Krishnan,jivin30@example.com,912369436905,18,Male,Sultan Pur Majra,Tamil Nadu,Low,2023-11-16,True,True
136179,281,2024-03-23,completed,Chennai,Rajasthan,381534.53,Pranay,Brahmbhatt,aayush08@example.org,4780774064,42,Male,Chennai,Rajasthan,High,2024-05-01,True,True
136215,8325,2024-04-02,completed,Shivpuri,Maharashtra,330759.44,Khushi,Comar,zoya05@example.org,913827874260,45,Female,Shivpuri,Maharashtra,High,2023-07-23,True,True
136221,2428,2022-10-19,completed,Bijapur,Karnataka,591125.35,Onkar,Bahl,divankiara@example.net,3847543188,18,Female,Bijapur,Karnataka,Low,2023-07-15,True,True
136309,17956,2024-10-05,completed,Bhiwandi,Tamil Nadu,607131.37,Dhruv,Boase,anahitatrivedi@example.com,916310186125,64,Female,Bhiwandi,Tamil Nadu,High,2024-06-09,True,True
136405,16099,2023-08-15,completed,Bihar Sharif,Karnataka,460547.6,Nehmat,Desai,anvi81@example.com,343230694,22,Male,Bihar Sharif,Karnataka,Medium,2024-01-08,True,True
136406,19993,2024-11-20,completed,Patiala,Bihar,446051.76,Siya,Desai,geratrisha@example.net,2801037384,24,Male,Patiala,Bihar,Low,2022-04-12,True,True
136424,10731,2024-03-18,shipped,Chapra,Kerala,392733.77,Rohan,Gour,anikadey@example.org,9685509460,43,Male,Chapra,Kerala,Low,2022-08-12,True,True
136567,12288,2022-11-21,shipped,Nadiad,Uttar Pradesh,498513.42,Seher,Dayal,devanshbuch@example.net,1346063035,18,Male,Nadiad,Uttar Pradesh,High,2023-03-18,True,True
136620,18950,2024-08-29,completed,Etawah,Delhi,718017.21,Vanya,Raja,raunakramaswamy@example.org,799869698,25,Male,Etawah,Delhi,High,2022-06-09,True,True
136625,14917,2022-11-26,processing,Berhampur,Uttar Pradesh,397432.26,Mahika,Sachar,umangdesai@example.net,6719346610,18,Male,Berhampur,Uttar Pradesh,High,2023-10-31,True,True
136667,14959,2024-04-30,completed,Rajahmundry,Maharashtra,348354.05,Samarth,Sankaran,aarush98@example.net,912630663729,38,Female,Rajahmundry,Maharashtra,Low,2024-12-14,True,True
136674,6382,2024-04-14,delivered,Rewa,West Bengal,332230.47,Bhamini,Sarma,kiarakaur@example.org,910338948037,18,Male,Rewa,West Bengal,Premium,2022-04-13,True,True
136717,15725,2023-05-02,delivered,Dewas,Bihar,341490.18,Kiaan,Cherian,jsidhu@example.net,5703946026,29,Male,Dewas,Bihar,Medium,2022-08-08,True,True
136779,15084,2024-05-29,completed,Surendranagar Dudhrej,Tamil Nadu,363610.3,Nehmat,Bala,msingh@example.org,1810807337,43,Female,Surendranagar Dudhrej,Tamil Nadu,Low,2024-01-07,True,True
136789,15874,2024-03-13,completed,Siwan,Uttar Pradesh,639085.65,Jivika,Chakrabarti,miraya95@example.org,7425568363,27,Male,Siwan,Uttar Pradesh,Medium,2022-10-06,True,True
136794,14637,2024-08-30,shipped,Anantapuram,Uttar Pradesh,727529.11,Piya,Atwal,lankamadhup@example.com,913465349422,18,Male,Anantapuram,Uttar Pradesh,Medium,2024-02-22,True,True
136824,14152,2022-11-13,processing,Kakinada,West Bengal,473244.15,Saanvi,Thaman,advikasami@example.net,9576112646,36,Female,Kakinada,West Bengal,High,2023-08-04,True,True
136859,15555,2024-09-04,completed,Kochi,West Bengal,470444.88,Manikya,Chawla,nedwin@example.com,918492569349,43,Male,Kochi,West Bengal,Medium,2024-06-15,True,True
136904,17575,2024-08-25,shipped,Ghaziabad,Madhya Pradesh,579106.95,Nitya,Srinivasan,baralbaiju@example.net,912790011009,36,Male,Ghaziabad,Madhya Pradesh,Low,2022-01-31,True,True
137019,4806,2022-06-23,completed,Amroha,West Bengal,360349.59,Sumer,Sagar,nehmat26@example.com,6934432228,21,Female,Amroha,West Bengal,High,2022-09-23,True,True
137025,7275,2023-03-19,shipped,Howrah,Tamil Nadu,660696.47,Trisha,Biswas,emirgour@example.org,5135924681,37,Male,Howrah,Tamil Nadu,High,2024-06-18,True,True
137037,2481,2024-11-20,shipped,Darbhanga,Madhya Pradesh,338182.09,Aaina,Dhaliwal,tara89@example.org,4183281137,35,Male,Darbhanga,Madhya Pradesh,Premium,2024-11-26,True,True
137048,15809,2023-11-05,completed,Salem,Bihar,448501.28,Zain,Kota,anvitella@example.net,2190696019,34,Female,Salem,Bihar,Low,2024-03-14,True,True
137081,17830,2022-10-14,completed,Firozabad,Tamil Nadu,594404.08,Urvi,Saini,jbedi@example.com,912727604058,46,Female,Firozabad,Tamil Nadu,Low,2023-10-27,True,True
137087,8515,2024-08-19,completed,Chapra,Rajasthan,425560.22,Gokul,Grover,thakermanikya@example.org,3209422626,47,Female,Chapra,Rajasthan,Medium,2023-12-27,True,True
137097,17294,2024-12-08,completed,Phagwara,Karnataka,338267.26,Ela,Varma,jchaudhry@example.net,910016356140,40,Female,Phagwara,Karnataka,Medium,2024-09-12,True,True
137105,7937,2023-09-14,completed,Madurai,Karnataka,408967.97,Uthkarsh,Keer,ira45@example.org,917135768074,37,Female,Madurai,Karnataka,Low,2022-02-24,False,True
137116,15065,2024-06-07,completed,Alappuzha,Uttar Pradesh,518151.1,Aayush,Vora,dhanush76@example.org,919505566380,65,Female,Alappuzha,Uttar Pradesh,Medium,2023-10-25,True,True
137140,14852,2024-10-09,shipped,Gaya,Madhya Pradesh,508016.18,Hrishita,Randhawa,wgaba@example.net,9729912547,19,Female,Gaya,Madhya Pradesh,Low,2023-01-12,True,True
137168,12674,2024-03-31,completed,Suryapet,Delhi,453763.27,Raunak,Sathe,rania79@example.org,911397427737,31,Male,Suryapet,Delhi,Premium,2024-08-18,True,True
137216,8477,2022-01-15,delivered,Bokaro,Madhya Pradesh,613860.26,Ayesha,Khurana,xdua@example.com,6065418297,23,Male,Bokaro,Madhya Pradesh,Low,2023-02-17,True,True
137223,12182,2024-01-20,completed,Asansol,Karnataka,457029.44,Jiya,Deo,sarinela@example.net,1009514040,44,Male,Asansol,Karnataka,Medium,2024-04-18,True,True
137265,12044,2022-05-24,completed,Amritsar,Bihar,336639.32,Hridaan,Agarwal,wmajumdar@example.org,8935660393,19,Female,Amritsar,Bihar,High,2023-06-09,True,True
137266,9687,2024-07-06,pending,Ichalkaranji,West Bengal,436175.0,Oorja,Gulati,vaidyalagan@example.com,9644613907,56,Male,Ichalkaranji,West Bengal,Low,2023-01-23,True,True
137311,14050,2023-11-03,completed,Thrissur,West Bengal,371530.73,Devansh,Bail,raniasami@example.com,6388972259,28,Female,Thrissur,West Bengal,Medium,2022-03-05,True,True
137312,9638,2024-05-13,shipped,Shimoga,Maharashtra,375002.16,Zara,Wason,aarush10@example.net,915150727200,33,Female,Shimoga,Maharashtra,Low,2023-08-01,True,True
137363,19873,2024-02-02,cancelled,Kozhikode,Karnataka,345644.59,Samar,Thaman,shankerzara@example.net,919909715831,23,Female,Kozhikode,Karnataka,Medium,2022-12-26,True,True
137383,13125,2022-11-18,completed,Machilipatnam,Maharashtra,391749.97,Drishya,Khare,sanabuch@example.org,915259890518,18,Female,Machilipatnam,Maharashtra,Low,2022-07-11,True,True
137430,19636,2024-11-07,delivered,Mehsana,West Bengal,326338.67,Pari,Kade,gabazaina@example.org,2496726434,47,Female,Mehsana,West Bengal,Low,2024-10-18,True,True
137444,14628,2024-09-16,delivered,Hosur,Gujarat,499036.25,Hridaan,Sankaran,arnavbhargava@example.net,2676175486,57,Male,Hosur,Gujarat,Low,2022-04-05,True,True
137447,7689,2024-04-17,completed,Amroha,Uttar Pradesh,383451.39,Baiju,Reddy,venkateshadvik@example.org,1416475161,38,Male,Amroha,Uttar Pradesh,High,2024-11-26,True,True
137456,19882,2022-12-11,completed,Unnao,West Bengal,359268.6,Purab,Bhat,zaina14@example.org,2885282556,37,Female,Unnao,West Bengal,Low,2023-01-14,True,True
137484,9323,2024-05-14,completed,Siwan,Rajasthan,457766.06,Kimaya,Krishnan,sunderindrans@example.net,7521752666,40,Male,Siwan,Rajasthan,Low,2023-07-02,True,True
137522,1563,2024-05-22,completed,Mysore,Tamil Nadu,354499.96,Renee,Sengupta,okannan@example.net,912343888048,29,Male,Mysore,Tamil Nadu,Medium,2024-10-18,True,True
137653,18310,2022-03-14,completed,Udaipur,Gujarat,707715.17,Ahana ,Bhattacharyya,jhajivin@example.org,6750584508,44,Female,Udaipur,Gujarat,Low,2022-10-26,True,True
137664,13089,2022-03-06,shipped,Rampur,Kerala,501855.15,Khushi,Raju,vbose@example.com,915186640378,41,Male,Rampur,Kerala,Low,2024-04-16,True,True
137677,3090,2024-04-02,processing,Patna,Uttar Pradesh,565729.8,Nayantara,Mani,nirvaan12@example.org,918590400241,37,Female,Patna,Uttar Pradesh,High,2022-11-30,True,True
137706,15819,2024-07-14,shipped,Haldia,Tamil Nadu,377907.27,Yakshit,Chawla,doshiuthkarsh@example.net,4966022028,25,Male,Haldia,Tamil Nadu,High,2024-03-03,True,True
137772,2651,2023-04-26,completed,Raiganj,Karnataka,337602.17,Dhanuk,Chandra,pari71@example.com,8261114762,24,Male,Raiganj,Karnataka,Low,2022-11-15,True,True
137782,18499,2023-12-03,completed,Nashik,Bihar,370843.72,Yuvraj ,Sharaf,alia84@example.net,7761149914,51,Female,Nashik,Bihar,Low,2023-10-21,True,True
137789,4588,2022-11-19,completed,Thoothukudi,Gujarat,422027.25,Tejas,Khalsa,khannaadira@example.org,9672892576,58,Female,Thoothukudi,Gujarat,Low,2023-06-07,False,True
137805,13405,2022-10-27,processing,Katni,West Bengal,335463.47,Kaira,Wagle,ysharma@example.com,3670734777,42,Male,Katni,West Bengal,Low,2024-12-30,True,True
137812,302,2022-10-17,shipped,Gorakhpur,Delhi,328758.0,Jhanvi,Chaudhary,phora@example.net,918983314659,56,Female,Gorakhpur,Delhi,Low,2024-11-09,True,True
137817,17513,2024-11-14,delivered,Berhampore,Bihar,462559.53,Divij,Chanda,fateh10@example.net,3743017408,27,Male,Berhampore,Bihar,Low,2024-03-12,True,True
137837,6395,2024-01-18,completed,Khammam,Bihar,354143.93,Riaan,Ramachandran,samairakata@example.net,918507900894,46,Female,Khammam,Bihar,High,2024-02-07,True,True
137850,18633,2024-03-07,processing,Parbhani,Telangana,576046.16,Miraan,Rege,ovasa@example.net,913164435973,33,Female,Parbhani,Telangana,Low,2022-08-05,True,True
137917,12968,2024-12-07,cancelled,Thrissur,Madhya Pradesh,425794.59,Ishita,Dhar,riaansawhney@example.net,1616788911,27,Female,Thrissur,Madhya Pradesh,Premium,2022-05-05,True,True
137934,16803,2022-03-31,completed,Nizamabad,Karnataka,495088.08,Armaan,Bhatnagar,contractorakarsh@example.net,7602682977,45,Female,Nizamabad,Karnataka,High,2023-09-21,True,True
137956,15854,2024-03-05,delivered,Mysore,Karnataka,348613.57,Aradhya,Bora,ydugar@example.net,915883291634,34,Female,Mysore,Karnataka,High,2024-11-03,True,True
138003,16091,2022-07-11,shipped,Tirupati,Delhi,409296.65,Biju,Khare,sehgalsamiha@example.net,824993783,24,Male,Tirupati,Delhi,Premium,2023-12-11,True,True
138092,1358,2022-01-20,completed,Muzaffarpur,Maharashtra,373888.52,Hansh,Babu,urout@example.net,4224059208,44,Female,Muzaffarpur,Maharashtra,High,2023-06-08,True,True
138104,14387,2024-07-14,completed,Gandhinagar,Bihar,480469.28,Emir,Devi,sibaldhruv@example.org,6036866929,37,Male,Gandhinagar,Bihar,Medium,2022-01-25,True,True
138139,5981,2022-11-14,completed,Machilipatnam,Bihar,513198.15,Mannat,Sha,yuvaan19@example.com,2178940266,18,Female,Machilipatnam,Bihar,Low,2023-05-02,True,True
138184,15572,2023-09-04,completed,Bhusawal,Uttar Pradesh,373997.19,Tarini,Gulati,rohan61@example.com,6398192469,32,Female,Bhusawal,Uttar Pradesh,Low,2024-12-06,True,True
138382,11436,2022-11-04,delivered,Davanagere,Karnataka,380372.1,Ranbir,Barad,ldar@example.org,928702715,32,Female,Davanagere,Karnataka,Low,2023-09-12,True,True
138406,1129,2023-10-01,delivered,Shimoga,Bihar,630446.11,Hridaan,Edwin,kashvi66@example.com,2130742359,35,Male,Shimoga,Bihar,High,2022-10-10,True,True
138413,4437,2023-08-11,completed,Shivpuri,Punjab,605620.67,Dhanush,Borra,gluthra@example.net,8506345856,52,Female,Shivpuri,Punjab,Medium,2022-04-09,True,True
138457,15584,2024-06-22,completed,Kanpur,Rajasthan,339988.41,Anaya,Das,bailkabir@example.org,9463960150,53,Female,Kanpur,Rajasthan,Low,2024-03-21,True,True
138460,17634,2023-11-17,completed,Morbi,Madhya Pradesh,502005.47,Nitara,Dara,bramakrishnan@example.net,8204883288,43,Male,Morbi,Madhya Pradesh,Low,2022-04-11,True,True
138484,10742,2022-05-03,completed,Jalna,Uttar Pradesh,501377.26,Yuvraj ,Barad,manikyavala@example.net,3458755485,37,Male,Jalna,Uttar Pradesh,Medium,2024-09-27,True,True
138567,18176,2022-08-12,completed,Panihati,West Bengal,326420.15,Hiran,Kamdar,pcomar@example.com,5066938175,50,Male,Panihati,West Bengal,High,2024-07-18,True,True
138573,8862,2024-09-06,completed,Mumbai,Maharashtra,565904.17,Indranil,Srivastava,baiju14@example.com,1392332093,28,Male,Mumbai,Maharashtra,High,2023-06-13,True,True
138597,13839,2022-02-15,cancelled,Korba,Uttar Pradesh,376790.27,Himmat,Brar,riaan19@example.net,918229190099,31,Female,Korba,Uttar Pradesh,Medium,2022-10-05,True,True
138641,585,2022-01-12,completed,Jehanabad,Tamil Nadu,380597.54,Saksham,Chad,ishaan14@example.net,5112747472,52,Male,Jehanabad,Tamil Nadu,Medium,2024-01-29,True,True
138666,4951,2024-03-22,shipped,Guwahati,Karnataka,591125.35,Gokul,Mani,igokhale@example.org,911986447133,41,Female,Guwahati,Karnataka,Medium,2024-03-18,True,True
138667,9152,2024-10-07,completed,Jalgaon,Madhya Pradesh,478594.75,Aayush,Kala,anayaramanathan@example.net,6172150018,44,Male,Jalgaon,Madhya Pradesh,Medium,2024-11-30,True,True
138668,1749,2022-05-25,completed,Bhalswa Jahangir Pur,Karnataka,401061.68,Kavya,Bhatt,jlall@example.com,7909863615,34,Female,Bhalswa Jahangir Pur,Karnataka,High,2023-08-31,True,True
138692,8290,2022-04-06,completed,Amritsar,Madhya Pradesh,454180.9,Vihaan,Kaur,vardaniyamaster@example.net,914286364238,23,Male,Amritsar,Madhya Pradesh,Medium,2023-11-26,True,True
138723,14219,2022-02-27,completed,Coimbatore,Uttar Pradesh,373981.81,Gatik,Sunder,xthaman@example.com,2716002847,55,Female,Coimbatore,Uttar Pradesh,Low,2022-09-16,True,True
138769,2097,2022-08-19,completed,Bilaspur,West Bengal,411771.53,Kaira,Buch,anahita04@example.net,911301864323,50,Male,Bilaspur,West Bengal,Low,2023-07-10,True,True
138775,1737,2023-10-16,completed,Hazaribagh,Uttar Pradesh,430333.44,Indranil,Tata,senguptanavya@example.net,914723735640,38,Male,Hazaribagh,Uttar Pradesh,Low,2022-12-13,True,True
138946,6974,2022-12-02,delivered,North Dumdum,Tamil Nadu,577380.17,Lavanya,Batra,lagan44@example.com,7033730522,30,Female,North Dumdum,Tamil Nadu,Medium,2022-08-20,True,True
138979,15653,2023-02-11,completed,Tenali,Tamil Nadu,474189.16,Riya,Boase,doraishita@example.net,7429449954,19,Female,Tenali,Tamil Nadu,Low,2023-11-26,False,True
138998,7773,2024-10-25,completed,Madurai,Maharashtra,723474.28,Zaina,Ratta,subramaniamanya@example.com,8603998337,36,Female,Madurai,Maharashtra,Medium,2023-01-11,False,True
139094,3589,2022-12-10,pending,Visakhapatnam,Maharashtra,561908.49,Tarini,Choudhury,anahiaurora@example.com,5038607294,28,Female,Visakhapatnam,Maharashtra,Medium,2023-09-30,True,True
139101,11001,2024-01-13,completed,Rajahmundry,Rajasthan,410875.44,Nirvaan,Bhatia,khuranaindranil@example.net,917616052086,43,Female,Rajahmundry,Rajasthan,Low,2022-07-22,True,True
139175,10979,2022-04-22,completed,Ratlam,Uttar Pradesh,439443.42,Myra,Chaudhari,kanav85@example.com,9704253545,29,Male,Ratlam,Uttar Pradesh,Medium,2022-04-19,True,True
139179,9230,2024-12-07,delivered,Amroha,Gujarat,337567.9,Neelofar,Venkatesh,navyabala@example.org,4351687596,28,Male,Amroha,Gujarat,Medium,2022-12-08,True,True
139191,9378,2022-09-28,pending,Farrukhabad,Madhya Pradesh,475973.56,Manjari,Bobal,tiya95@example.com,2578210168,27,Male,Farrukhabad,Madhya Pradesh,Medium,2022-06-14,True,True
139238,2509,2024-08-21,completed,Patna,Maharashtra,339192.59,Kiara,Kala,kbala@example.net,1435804711,24,Male,Patna,Maharashtra,Medium,2023-04-16,True,True
139317,19307,2022-02-14,completed,Nangloi Jat,Gujarat,450557.03,Darshit,Sheth,lakshaykhare@example.org,9146825646,49,Male,Nangloi Jat,Gujarat,Low,2022-03-19,True,True
139327,12846,2022-08-30,completed,Bettiah,Uttar Pradesh,701625.8,Aradhya,Saxena,yakshitshroff@example.org,5948087922,18,Male,Bettiah,Uttar Pradesh,Medium,2024-05-29,True,True
139355,13688,2024-02-08,shipped,Aurangabad,Uttar Pradesh,368883.78,Aaryahi,Devi,yuvaan72@example.org,9440686484,33,Female,Aurangabad,Uttar Pradesh,High,2022-04-10,True,True
139420,13405,2022-12-03,shipped,Katni,West Bengal,427886.92,Kaira,Wagle,ysharma@example.com,3670734777,42,Male,Katni,West Bengal,Low,2024-12-30,True,True
139424,11511,2023-02-08,completed,Bhubaneswar,Maharashtra,330973.29,Chirag,Gopal,borasana@example.net,4029549970,34,Female,Bhubaneswar,Maharashtra,Medium,2022-05-08,True,True
139451,6163,2022-03-30,completed,Hindupur,Maharashtra,426587.11,Lagan,Jayaraman,gargaarav@example.com,911441204746,35,Male,Hindupur,Maharashtra,Medium,2023-05-28,True,True
139459,9422,2024-12-21,completed,Khora ,Punjab,481712.27,Sahil,Anand,gatik48@example.org,7867001766,46,Female,Khora ,Punjab,Low,2022-04-23,True,True
139568,6538,2024-09-30,shipped,Malda,Maharashtra,449849.95,Nirvi,Dash,dassaaina@example.net,915706563200,43,Female,Malda,Maharashtra,High,2023-04-01,True,True
139718,5718,2024-06-03,shipped,Gandhinagar,Uttar Pradesh,342352.07,Shaan,Chand,ubarad@example.net,2681056250,27,Male,Gandhinagar,Uttar Pradesh,High,2024-05-01,True,True
139745,17238,2024-07-04,completed,Anand,Delhi,461231.84,Shayak,Atwal,krishmiraya@example.com,2548917407,29,Male,Anand,Delhi,Medium,2023-09-06,True,True
139750,12622,2024-06-24,completed,Bhimavaram,Bihar,370874.2,Madhav,Dhar,oorjachandra@example.com,6208881993,31,Male,Bhimavaram,Bihar,Low,2023-07-28,False,True
139756,9133,2023-06-14,delivered,Pondicherry,Telangana,418202.2,Amira,Kumer,ghoshishita@example.org,6929904360,31,Male,Pondicherry,Telangana,Low,2023-05-31,True,True
139758,15683,2024-10-05,completed,Bhilai,Maharashtra,388973.0,Myra,Borde,mammenchirag@example.org,916854623116,42,Male,Bhilai,Maharashtra,Low,2024-05-26,True,True
139775,997,2023-03-03,completed,Kadapa,Bihar,328482.38,Madhup,Vig,shloklanka@example.net,5138186550,35,Female,Kadapa,Bihar,High,2023-02-13,True,True
139875,2080,2023-09-14,pending,Erode,Rajasthan,345278.02,Advik,Loke,pbuch@example.org,5940038180,37,Female,Erode,Rajasthan,Low,2023-04-08,True,True
139959,17659,2022-03-09,completed,Proddatur,Rajasthan,358625.78,Misha,Chandra,onkarthakur@example.net,1566972642,49,Female,Proddatur,Rajasthan,Medium,2022-01-10,True,True
140082,19954,2024-01-11,cancelled,Vasai-Virar,Telangana,347074.08,Bhavin,Lalla,olall@example.net,6612027474,54,Male,Vasai-Virar,Telangana,Low,2023-10-28,True,True
140092,13117,2022-11-03,completed,Jehanabad,Bihar,384572.07,Madhup,Goda,mallshalv@example.com,914128615193,20,Male,Jehanabad,Bihar,High,2024-10-09,True,True
140166,5961,2024-10-04,completed,Kalyan-Dombivli,Bihar,348994.91,Anahi,Verma,hunarsehgal@example.org,534202634,22,Female,Kalyan-Dombivli,Bihar,Low,2024-01-30,True,True
140174,11313,2023-04-17,pending,Tiruvottiyur,Tamil Nadu,383926.19,Gatik,Savant,choudharyayesha@example.com,6700470384,55,Male,Tiruvottiyur,Tamil Nadu,Medium,2024-04-08,True,True
140223,18861,2022-01-18,completed,Coimbatore,Uttar Pradesh,476763.76,Mishti,Ray,shahdishani@example.com,5983906387,45,Male,Coimbatore,Uttar Pradesh,Low,2023-09-24,False,True
140230,1318,2024-07-08,completed,Ahmedabad,Karnataka,345509.65,Stuvan,Agrawal,lokejivin@example.com,6247286394,43,Female,Ahmedabad,Karnataka,Low,2022-05-21,True,True
140239,5480,2023-04-14,completed,Bilaspur,Madhya Pradesh,387167.55,Adah,Anand,kismatbaria@example.net,910512719810,55,Female,Bilaspur,Madhya Pradesh,Low,2023-09-25,True,True
140348,14921,2024-04-24,completed,Udaipur,Punjab,702999.6,Azad,Hayer,kartikkurian@example.com,7866240796,37,Male,Udaipur,Punjab,Premium,2022-02-17,True,True
140368,7479,2024-10-14,shipped,Jorhat,Gujarat,610355.46,Urvi,Shan,kashvi49@example.net,8656700422,44,Female,Jorhat,Gujarat,Low,2022-11-20,True,True
140390,17359,2023-10-17,completed,Shimla,Uttar Pradesh,555311.06,Shlok,Comar,balaayesha@example.net,4962113980,34,Male,Shimla,Uttar Pradesh,Medium,2024-01-09,True,True
140562,3943,2023-10-31,completed,Faridabad,Uttar Pradesh,383347.98,Indranil,Gulati,devansh43@example.com,2009125853,40,Male,Faridabad,Uttar Pradesh,Low,2022-07-28,True,True
140573,13297,2022-06-10,completed,Dibrugarh,Maharashtra,871402.11,Farhan,Kant,guptavihaan@example.com,2293178273,38,Female,Dibrugarh,Maharashtra,High,2023-09-27,False,True
140590,9876,2022-11-05,completed,Pune,Tamil Nadu,331246.0,Ishaan,Magar,biju75@example.net,911234282604,18,Male,Pune,Tamil Nadu,Medium,2022-02-08,True,True
140614,15384,2024-04-14,processing,Tadepalligudem,West Bengal,357520.98,Hiran,Bali,faiyazseshadri@example.org,4209044169,18,Male,Tadepalligudem,West Bengal,High,2022-12-31,True,True
140621,14298,2023-12-08,cancelled,Surat,Uttar Pradesh,384372.9,Yuvaan,Yogi,bdugar@example.org,910120664463,19,Female,Surat,Uttar Pradesh,Low,2022-12-20,True,True
140623,8784,2023-03-24,completed,Pudukkottai,Uttar Pradesh,329114.8,Lavanya,Sur,ayeshaseth@example.net,5682734586,41,Female,Pudukkottai,Uttar Pradesh,Low,2024-02-17,True,True
140644,9119,2023-01-09,completed,Bathinda,Uttar Pradesh,332830.5,Aradhya,Subramaniam,kashvi13@example.com,2949626001,48,Male,Bathinda,Uttar Pradesh,High,2024-01-10,True,True
140665,2192,2022-10-01,completed,Bharatpur,West Bengal,387441.16,Taran,Bhagat,shethindranil@example.org,914063680199,36,Male,Bharatpur,West Bengal,Low,2022-02-15,True,True
140678,6269,2024-01-15,completed,Begusarai,Uttar Pradesh,483994.18,Tara,Virk,loyalzara@example.com,4068443510,27,Female,Begusarai,Uttar Pradesh,Low,2023-01-14,True,True
140698,1277,2024-03-21,completed,Nagaon,Madhya Pradesh,420122.13,Shalv,Vig,aayush11@example.org,5358210728,59,Female,Nagaon,Madhya Pradesh,Low,2022-01-06,True,True
140708,9568,2023-05-12,pending,Pallavaram,West Bengal,476759.48,Damini,Kalla,mahaldivij@example.org,4487890290,33,Male,Pallavaram,West Bengal,High,2023-09-07,True,True
140714,4116,2023-11-10,completed,Warangal,Maharashtra,514367.58,Nitara,Setty,mannshayak@example.org,8095990560,29,Male,Warangal,Maharashtra,Low,2023-08-29,True,True
140758,19731,2024-04-06,pending,Kavali,West Bengal,457081.79,Vihaan,Swaminathan,wbadal@example.net,916425657163,41,Male,Kavali,West Bengal,High,2023-04-04,True,True
140824,11313,2023-01-20,pending,Tiruvottiyur,Tamil Nadu,444729.35,Gatik,Savant,choudharyayesha@example.com,6700470384,55,Male,Tiruvottiyur,Tamil Nadu,Medium,2024-04-08,True,True
140833,7298,2023-03-18,completed,Delhi,Gujarat,591446.35,Jayant,Sarraf,sara75@example.com,2159783855,55,Female,Delhi,Gujarat,Low,2024-05-12,True,True
140840,9152,2023-10-29,completed,Jalgaon,Madhya Pradesh,567242.35,Aayush,Kala,anayaramanathan@example.net,6172150018,44,Male,Jalgaon,Madhya Pradesh,Medium,2024-11-30,True,True
140893,165,2023-12-28,shipped,Muzaffarpur,Maharashtra,388472.13,Aarav,Kala,prishabhatti@example.net,2415415206,54,Female,Muzaffarpur,Maharashtra,Medium,2023-10-29,True,True
141025,15350,2022-03-23,completed,Jammu,Madhya Pradesh,417075.6,Dhanush,Majumdar,goswamimiraya@example.net,7676288141,20,Female,Jammu,Madhya Pradesh,High,2022-08-07,True,True
141052,7091,2023-02-01,delivered,Nanded,Rajasthan,568674.58,Anahi,Mangat,jayandasgupta@example.org,5265822806,20,Female,Nanded,Rajasthan,Medium,2022-02-03,True,True
141061,19580,2022-06-24,completed,Machilipatnam,Uttar Pradesh,424580.73,Ranbir,Setty,jvora@example.net,7892938497,26,Male,Machilipatnam,Uttar Pradesh,High,2022-05-02,True,True
141084,6560,2024-04-28,shipped,Serampore,Uttar Pradesh,483006.92,Indrans,Mangat,kairaramesh@example.net,8740802085,37,Male,Serampore,Uttar Pradesh,Medium,2023-04-05,True,True
141109,13799,2022-11-14,pending,Ramgarh,Gujarat,762619.99,Nayantara,Bhavsar,kiarasagar@example.org,9339315132,21,Female,Ramgarh,Gujarat,Low,2024-09-22,True,True
141215,9998,2023-06-20,shipped,Sambhal,Maharashtra,372581.87,Mishti,Jha,xtailor@example.com,3500560096,40,Male,Sambhal,Maharashtra,Low,2024-08-24,True,True
141220,2167,2022-07-13,completed,Shivpuri,Madhya Pradesh,456706.71,Aayush,Manda,kabirwali@example.org,1455795372,33,Male,Shivpuri,Madhya Pradesh,Medium,2023-09-08,True,True
141235,4428,2024-10-01,completed,Jorhat,Maharashtra,536272.66,Dishani,Chokshi,sarkartanya@example.org,919757034097,18,Female,Jorhat,Maharashtra,Low,2022-05-26,True,True
141262,8497,2024-10-14,completed,Bareilly,Punjab,575436.59,Miraya,Choudhry,reddyvidur@example.net,8678970907,26,Female,Bareilly,Punjab,Medium,2022-04-23,True,True
141337,3380,2024-05-19,completed,South Dumdum,Gujarat,592331.8,Onkar,Vig,kalitavedika@example.org,7072742005,22,Female,South Dumdum,Gujarat,Medium,2024-10-06,True,True
141376,2404,2023-05-21,completed,Sikar,Tamil Nadu,495080.5,Ehsaan,Dora,sankarkashvi@example.com,917099873170,18,Male,Sikar,Tamil Nadu,High,2023-09-24,True,True
141383,3463,2024-09-12,pending,Amaravati,Gujarat,472900.28,Keya,Kota,uppalazad@example.org,443305098,29,Male,Amaravati,Gujarat,High,2024-07-01,True,True
141454,7040,2023-02-21,processing,Kochi,Karnataka,346596.86,Lavanya,Sabharwal,magarvidur@example.org,4313872167,35,Male,Kochi,Karnataka,Low,2023-05-19,True,True
141475,4417,2023-11-09,completed,Panihati,Delhi,334077.27,Priyansh,Raju,sachdevalakshay@example.org,911393605720,38,Female,Panihati,Delhi,Medium,2022-05-18,True,True
141481,2085,2023-10-12,completed,Begusarai,Madhya Pradesh,349626.82,Pihu,Bhatt,kimayagokhale@example.com,7217618989,41,Male,Begusarai,Madhya Pradesh,Medium,2023-12-07,False,True
141505,10255,2024-07-03,completed,Tenali,Delhi,473337.54,Yuvraj ,Sagar,parinaaz87@example.org,917674124103,37,Male,Tenali,Delhi,Medium,2023-03-05,True,True
141600,14249,2023-03-31,cancelled,Orai,Delhi,333198.53,Divyansh,Bajaj,aarnasarin@example.com,914339464032,20,Male,Orai,Delhi,Premium,2023-01-25,True,True
141631,17957,2024-10-07,pending,Kamarhati,West Bengal,325670.92,Miraan,Sule,tripathiprerak@example.org,917449839629,21,Male,Kamarhati,West Bengal,High,2024-09-19,True,True
141739,7514,2024-11-12,completed,Durgapur,Uttar Pradesh,456475.85,Neelofar,Bhavsar,rchaudhuri@example.org,1997013541,29,Male,Durgapur,Uttar Pradesh,Medium,2023-12-29,True,True
141805,14347,2023-12-09,completed,Delhi,Karnataka,373322.42,Stuvan,Goswami,sabharwalnitya@example.org,8621807806,27,Female,Delhi,Karnataka,Medium,2022-10-13,True,True
141873,10972,2023-05-30,completed,Jabalpur,Bihar,443056.15,Amani,Mander,sidhualia@example.com,912782812608,27,Female,Jabalpur,Bihar,Medium,2022-12-11,False,True
141935,5119,2024-09-22,completed,New Delhi,Karnataka,381037.6,Reyansh,Suri,ushere@example.org,5066654079,30,Female,New Delhi,Karnataka,High,2024-10-17,True,True
141993,14531,2023-12-16,completed,Ballia,Uttar Pradesh,402073.07,Lavanya,Garg,kannanritvik@example.net,1052704176,23,Male,Ballia,Uttar Pradesh,Medium,2023-02-09,True,True
142076,11118,2024-12-04,completed,Pali,Bihar,453802.31,Shaan,Devi,bhagatmohanlal@example.com,4559285809,50,Female,Pali,Bihar,Low,2023-09-08,True,True
142096,19731,2022-06-14,completed,Kavali,West Bengal,342642.99,Vihaan,Swaminathan,wbadal@example.net,916425657163,41,Male,Kavali,West Bengal,High,2023-04-04,True,True
142120,1065,2024-10-22,completed,Proddatur,Rajasthan,439337.25,Manikya,Kale,rasha96@example.net,917852548242,37,Male,Proddatur,Rajasthan,Low,2024-12-15,True,True
142180,17170,2024-11-11,completed,Ahmedabad,Uttar Pradesh,414954.48,Stuvan,Raju,bhavin19@example.com,9289760202,20,Female,Ahmedabad,Uttar Pradesh,High,2022-09-06,True,True
142193,19039,2024-05-04,pending,Tiruvottiyur,West Bengal,460471.79,Anahita,Agarwal,tarini60@example.net,7259848668,54,Male,Tiruvottiyur,West Bengal,Medium,2022-02-25,True,True
142209,8876,2023-04-10,completed,Bijapur,Rajasthan,405374.6,Ishaan,Barad,jayan70@example.org,918155866140,28,Male,Bijapur,Rajasthan,Medium,2024-01-30,True,True
142229,10558,2022-11-29,cancelled,Tezpur,Uttar Pradesh,608439.09,Riya,Sood,miraan10@example.com,2292481989,42,Male,Tezpur,Uttar Pradesh,High,2022-07-06,True,True
142252,15653,2024-11-11,completed,Tenali,Tamil Nadu,454913.71,Riya,Boase,doraishita@example.net,7429449954,19,Female,Tenali,Tamil Nadu,Low,2023-11-26,False,True
142269,16882,2022-09-17,completed,Meerut,Maharashtra,587917.1,Rhea,Guha,manjaricheema@example.com,915138775329,39,Female,Meerut,Maharashtra,Medium,2024-09-11,True,True
142282,15697,2022-01-15,processing,Raurkela Industrial Township,Gujarat,383451.39,Aarav,Badami,ishaanchander@example.net,915396599037,37,Female,Raurkela Industrial Township,Gujarat,Low,2022-02-10,True,True
142359,13028,2024-08-29,shipped,Khandwa,Karnataka,472900.28,Ivan,Bhatt,yuvraj-bala@example.org,910818559157,18,Female,Khandwa,Karnataka,Premium,2024-03-07,True,True
142390,9039,2022-04-12,delivered,Vijayawada,Gujarat,625898.18,Shalv,Anne,fsaini@example.net,1418479619,45,Male,Vijayawada,Gujarat,Low,2023-03-04,True,True
142508,18520,2024-09-17,pending,Raiganj,Karnataka,514216.31,Adah,Goda,gkashyap@example.com,913153723478,45,Female,Raiganj,Karnataka,Low,2022-09-02,True,True
142519,7521,2023-09-24,completed,Imphal,Bihar,438865.54,Yuvraj ,Sangha,pranaysampath@example.net,1209876941,29,Male,Imphal,Bihar,Low,2024-10-21,False,True
142562,2868,2022-11-18,pending,Cuttack,Uttar Pradesh,399952.55,Shlok,Warrior,seherjoshi@example.org,6439453497,25,Male,Cuttack,Uttar Pradesh,Medium,2022-04-02,True,True
142637,5134,2023-12-31,completed,Kolhapur,Madhya Pradesh,397571.72,Jhanvi,Bahl,chirag86@example.com,7385648800,52,Male,Kolhapur,Madhya Pradesh,Low,2023-05-20,True,True
142691,6821,2023-03-07,completed,Tinsukia,Gujarat,385595.3,Arnav,Konda,barmansuhana@example.org,919850452056,39,Male,Tinsukia,Gujarat,Premium,2023-12-20,True,True
142699,3381,2022-10-25,pending,Bhimavaram,Uttar Pradesh,366956.88,Miraya,Din,waliahana@example.net,3977881048,48,Male,Bhimavaram,Uttar Pradesh,High,2022-06-05,False,True
142728,13318,2024-10-01,delivered,Bihar Sharif,West Bengal,345925.16,Ela,Babu,samiha72@example.org,912999249732,21,Male,Bihar Sharif,West Bengal,High,2023-08-17,True,True
142730,4271,2022-05-28,delivered,Hosur,Rajasthan,524637.34,Nitara,Viswanathan,sainiindrajit@example.com,910029890426,53,Male,Hosur,Rajasthan,High,2024-01-14,True,True
142761,9181,2024-02-12,completed,Singrauli,Telangana,432050.26,Aaina,Baria,esaini@example.net,5246746740,50,Female,Singrauli,Telangana,High,2023-05-03,True,True
142771,869,2023-03-09,completed,Sangli-Miraj & Kupwad,Maharashtra,399144.57,Biju,Shetty,ubail@example.com,913567932798,22,Male,Sangli-Miraj & Kupwad,Maharashtra,Medium,2023-01-10,True,True
142808,8289,2023-12-26,processing,Pune,Bihar,355724.83,Manjari,Taneja,seheraggarwal@example.net,7097495210,43,Male,Pune,Bihar,Low,2024-06-11,True,True
142879,13095,2022-04-11,completed,South Dumdum,Uttar Pradesh,334963.2,Jayesh,Mani,amani46@example.org,918011125602,25,Male,South Dumdum,Uttar Pradesh,Medium,2023-08-19,True,True
142930,12604,2023-06-10,completed,Khora ,Karnataka,329258.74,Aarav,Baral,nishith56@example.net,8820747677,55,Female,Khora ,Karnataka,Medium,2022-01-10,True,True
142939,8502,2024-04-03,delivered,Guna,Telangana,367640.77,Emir,Malhotra,idesai@example.com,3761750831,27,Male,Guna,Telangana,Low,2024-01-20,True,True
142992,173,2024-10-07,completed,Agartala,Maharashtra,459636.38,Mahika,Bala,nitya21@example.org,2027588425,27,Female,Agartala,Maharashtra,Low,2022-07-03,True,True
143008,17889,2022-09-08,delivered,Giridih,Uttar Pradesh,392773.99,Manjari,Seth,cdora@example.com,6436115235,30,Female,Giridih,Uttar Pradesh,High,2022-07-23,True,True
143010,17126,2022-08-21,delivered,Begusarai,Uttar Pradesh,507903.12,Rhea,Mand,anika47@example.com,919301734786,49,Male,Begusarai,Uttar Pradesh,Low,2023-09-25,True,True
143033,14643,2024-05-08,completed,Ambarnath,Uttar Pradesh,389302.12,Anya,Karpe,aayushviswanathan@example.org,9714340934,67,Female,Ambarnath,Uttar Pradesh,Low,2022-10-25,True,True
143060,9970,2023-08-06,completed,Karimnagar,Maharashtra,450010.58,Bhavin,Chaudry,vidursathe@example.org,822502950,30,Male,Karimnagar,Maharashtra,Premium,2024-11-29,True,True
143111,9198,2023-09-21,completed,Mysore,Maharashtra,398363.91,Pihu,Uppal,gbadal@example.net,6407940966,40,Female,Mysore,Maharashtra,Low,2024-09-22,True,True
143150,4505,2022-03-15,completed,Aizawl,Punjab,517106.16,Ehsaan,Chanda,kgulati@example.net,3005476424,28,Male,Aizawl,Punjab,Low,2022-08-09,True,True
143172,4555,2022-07-18,delivered,Chinsurah,Maharashtra,416485.69,Hazel,Jha,gangulyabram@example.org,907861140,23,Male,Chinsurah,Maharashtra,High,2023-12-04,True,True
143314,6805,2023-03-22,completed,Jalna,Uttar Pradesh,516254.82,Rati,Saxena,nirvi62@example.com,9887790918,28,Female,Jalna,Uttar Pradesh,Low,2024-11-19,True,True
143320,14100,2023-07-07,delivered,Bijapur,Rajasthan,756616.62,Nirvaan,Krishna,purab71@example.net,1117628144,32,Male,Bijapur,Rajasthan,High,2024-05-20,True,True
143348,10647,2024-03-20,completed,Amaravati,Bihar,362572.59,Mannat,Mandal,wbail@example.net,918750982723,34,Female,Amaravati,Bihar,Medium,2023-08-13,True,True
143380,9960,2022-04-13,completed,Pali,Uttar Pradesh,435855.13,Jayesh,Sha,boraanahi@example.com,918069298151,31,Male,Pali,Uttar Pradesh,Medium,2022-11-21,True,True
143415,15677,2024-03-16,pending,Chandigarh,Gujarat,572719.15,Emir,Sagar,emirtailor@example.net,914981114058,21,Male,Chandigarh,Gujarat,Medium,2024-08-13,True,True
143428,10620,2024-06-11,completed,Sasaram,West Bengal,516403.76,Samiha,Savant,romil21@example.com,2026617865,18,Male,Sasaram,West Bengal,Medium,2022-08-12,True,True
143432,18642,2024-05-22,completed,Gudivada,Maharashtra,364497.1,Nishith,Ravi,aradhyasunder@example.net,1662356875,42,Male,Gudivada,Maharashtra,Low,2023-12-15,True,True
143519,16334,2024-08-29,pending,Allahabad,Maharashtra,543895.43,Drishya,Gour,emir72@example.com,8668520825,38,Female,Allahabad,Maharashtra,High,2022-06-21,True,True
143523,1795,2024-08-26,processing,Mangalore,Uttar Pradesh,345030.8,Raghav,Lata,daniakarsh@example.com,8809718614,30,Female,Mangalore,Uttar Pradesh,Medium,2024-08-04,True,True
143527,17149,2024-08-02,completed,Bhagalpur,Uttar Pradesh,643683.4,Gokul,Joshi,aarushtiwari@example.net,2398417077,30,Male,Bhagalpur,Uttar Pradesh,Medium,2023-03-11,True,True
143653,11742,2022-10-16,completed,Varanasi,Tamil Nadu,420938.18,Alisha,Sahota,jayesh56@example.org,4633651709,29,Male,Varanasi,Tamil Nadu,Low,2023-08-24,True,True
143663,17564,2024-12-05,completed,Ajmer,West Bengal,465855.46,Rania,Kamdar,choudhrytushar@example.net,5468640557,21,Female,Ajmer,West Bengal,Medium,2024-09-13,False,True
143705,14437,2023-11-30,pending,Varanasi,Rajasthan,396064.4,Zaina,Sha,balasubramanianmannat@example.net,5912763088,36,Male,Varanasi,Rajasthan,High,2022-07-30,True,True
143769,4851,2022-07-17,completed,Mahbubnagar,Bihar,359031.27,Badal,Brar,dhanushmani@example.org,9804460079,36,Female,Mahbubnagar,Bihar,Medium,2023-01-28,True,True
143780,18303,2024-10-18,completed,Tirunelveli,Madhya Pradesh,423505.52,Sana,Bajwa,ramaayush@example.org,7417923833,41,Female,Tirunelveli,Madhya Pradesh,High,2023-07-23,True,True
143808,15523,2024-11-24,completed,Chennai,West Bengal,384723.23,Aaryahi,Bhagat,hkhare@example.org,8361644630,36,Male,Chennai,West Bengal,Medium,2024-12-19,False,True
143814,6535,2022-09-13,completed,Guna,Uttar Pradesh,485620.18,Onkar,Lata,nluthra@example.net,8392926713,26,Male,Guna,Uttar Pradesh,Medium,2024-05-11,False,True
143825,6302,2023-05-12,delivered,Ozhukarai,Bihar,327162.2,Riaan,Tandon,bhaminisharaf@example.org,1674742768,48,Male,Ozhukarai,Bihar,Low,2022-05-10,True,True
143870,19807,2023-07-29,cancelled,Davanagere,Madhya Pradesh,363079.06,Drishya,Chaudhary,adira48@example.net,8467696253,18,Female,Davanagere,Madhya Pradesh,High,2023-08-04,True,True
143925,7197,2023-03-17,completed,Kulti,Bihar,474887.7,Rasha,Cherian,hiranmadan@example.com,2041387795,37,Female,Kulti,Bihar,Medium,2024-10-04,True,True
143966,2300,2022-07-22,completed,Srikakulam,Rajasthan,519909.77,Diya,Varma,gsahota@example.com,518237721,18,Male,Srikakulam,Rajasthan,High,2022-03-22,True,True
143973,5438,2024-05-12,shipped,Kakinada,Gujarat,446002.1,Prisha,Chowdhury,neelofar78@example.com,6505476744,49,Female,Kakinada,Gujarat,Medium,2022-05-08,False,True
143995,15540,2023-05-27,completed,Sultan Pur Majra,Kerala,333806.73,Manikya,Gala,vmadan@example.org,911846287472,40,Male,Sultan Pur Majra,Kerala,Low,2024-10-05,True,True
144012,16524,2022-10-31,completed,Ahmedabad,Kerala,493392.27,Nehmat,Ramesh,dramesh@example.com,4734395459,50,Female,Ahmedabad,Kerala,Low,2022-10-24,True,True
144027,4565,2024-09-05,delivered,Akola,Telangana,596150.56,Anahita,Bains,raunak33@example.org,912595432443,32,Male,Akola,Telangana,Low,2022-04-03,True,True
144063,19661,2023-11-12,completed,Bhusawal,Maharashtra,472175.82,Inaaya ,Bhasin,fdash@example.com,1764239131,29,Female,Bhusawal,Maharashtra,Medium,2023-09-29,True,True
144099,10440,2022-10-09,cancelled,Hazaribagh,Uttar Pradesh,337202.5,Prerak,Savant,chirag28@example.net,916133599391,44,Male,Hazaribagh,Uttar Pradesh,Low,2024-02-16,True,True
144116,1174,2024-10-30,processing,Kamarhati,Madhya Pradesh,372944.98,Badal,Bhasin,ckunda@example.org,5869017074,45,Male,Kamarhati,Madhya Pradesh,Medium,2024-07-18,True,True
144124,6339,2023-07-10,shipped,Bangalore,Uttar Pradesh,451882.22,Onkar,Baria,ycontractor@example.org,532438004,18,Male,Bangalore,Uttar Pradesh,Low,2024-01-12,True,True
144150,8051,2022-02-22,completed,Sambalpur,Karnataka,539918.79,Gokul,Bera,gollaishita@example.org,9601593576,22,Female,Sambalpur,Karnataka,Medium,2024-05-02,True,True
144237,17553,2023-10-31,cancelled,Chittoor,Madhya Pradesh,334077.27,Piya,Uppal,ehsaan69@example.com,915580070707,28,Male,Chittoor,Madhya Pradesh,Medium,2024-06-20,True,True
144246,18670,2024-04-25,completed,Kolkata,Bihar,644505.76,Trisha,Doshi,jvarkey@example.org,764621206,30,Male,Kolkata,Bihar,Low,2022-02-11,True,True
144266,5597,2023-07-19,cancelled,Berhampore,Uttar Pradesh,443056.15,Shray,Kuruvilla,jhamehul@example.net,818328159,44,Female,Berhampore,Uttar Pradesh,Low,2022-10-04,True,True
144272,2680,2024-11-30,completed,Munger,Bihar,695503.77,Ishaan,Basak,raghavvarghese@example.net,5799900725,35,Female,Munger,Bihar,Medium,2024-05-15,True,True
144408,16169,2022-11-18,completed,Hospet,Gujarat,367688.98,Urvi,Karan,tara84@example.com,4296954388,26,Male,Hospet,Gujarat,Low,2022-05-30,True,True
144473,12556,2022-06-15,processing,Salem,Tamil Nadu,660162.19,Renee,Kibe,ravalzoya@example.net,912750687283,23,Female,Salem,Tamil Nadu,High,2024-09-24,True,True
144520,11046,2023-11-04,shipped,Mira-Bhayandar,West Bengal,325564.86,Damini,Thaker,anandahana@example.net,736943723,18,Male,Mira-Bhayandar,West Bengal,Low,2024-11-14,True,True
144528,16235,2023-08-01,completed,Junagadh,Madhya Pradesh,591125.35,Aaina,Kakar,ilata@example.net,912236107571,29,Female,Junagadh,Madhya Pradesh,High,2024-01-31,True,True
144566,4953,2022-07-04,completed,Bokaro,Bihar,532063.93,Drishya,Kara,ekrish@example.com,911090933207,18,Female,Bokaro,Bihar,Low,2023-07-20,True,True
144602,16453,2023-08-27,completed,Eluru,Madhya Pradesh,479611.73,Shayak,Sibal,sundaramuthkarsh@example.com,912727870285,61,Male,Eluru,Madhya Pradesh,Low,2022-12-23,True,True
144644,16439,2023-09-11,processing,Ahmedabad,Tamil Nadu,327409.03,Anahi,Roy,satheneelofar@example.org,918605875911,47,Male,Ahmedabad,Tamil Nadu,Low,2023-03-22,False,True
144657,7290,2024-11-30,completed,Jamshedpur,Gujarat,331742.3,Anahi,Sharma,eshani40@example.com,918252822528,33,Female,Jamshedpur,Gujarat,Low,2023-05-25,True,True
144690,10264,2024-07-15,completed,Jamalpur,West Bengal,371316.06,Nehmat,Doctor,bhallaadvik@example.org,844059172,25,Male,Jamalpur,West Bengal,Low,2023-08-29,True,True
144710,6943,2024-01-05,completed,Barasat,Uttar Pradesh,525295.76,Dharmajan,Kar,yuvaan98@example.com,6367072413,38,Female,Barasat,Uttar Pradesh,Medium,2024-10-26,True,True
144750,11706,2022-12-18,shipped,Nellore,Uttar Pradesh,390171.64,Madhav,Sandal,dhaliwalzara@example.net,3198384035,44,Male,Nellore,Uttar Pradesh,Low,2022-07-18,True,True
144789,1919,2024-08-14,delivered,Baranagar,Punjab,474058.98,Mannat,Golla,divij76@example.org,937164581,37,Female,Baranagar,Punjab,Low,2023-06-28,True,True
144812,13262,2022-10-28,completed,Sambalpur,West Bengal,565779.08,Anahi,Lala,katanakul@example.com,9737876995,34,Male,Sambalpur,West Bengal,High,2022-02-01,True,True
145025,13315,2022-08-07,completed,Gangtok,Telangana,384870.51,Nehmat,Ranganathan,ivanaguha@example.com,6937364846,50,Female,Gangtok,Telangana,Medium,2022-07-13,True,True
145156,19863,2023-12-11,cancelled,Karimnagar,West Bengal,545014.28,Nayantara,Bali,keyachakraborty@example.org,7781671478,30,Female,Karimnagar,West Bengal,Medium,2023-08-06,True,True
145248,2232,2022-05-01,completed,Meerut,Bihar,670614.77,Adira,Brar,zachariahaaina@example.com,3427973029,32,Female,Meerut,Bihar,Low,2023-11-10,True,True
145307,1483,2022-03-09,completed,Imphal,Karnataka,479516.72,Charvi,Mammen,samramanikya@example.com,9121397436,50,Male,Imphal,Karnataka,High,2023-05-31,True,True
145313,17468,2024-12-09,delivered,Hindupur,Maharashtra,338339.3,Ritvik,Bhat,wyogi@example.org,5209457410,34,Male,Hindupur,Maharashtra,High,2024-02-10,True,True
145335,16917,2024-05-29,completed,Sri Ganganagar,Tamil Nadu,588977.89,Oorja,Bahri,ghoshanahita@example.org,5269671567,29,Female,Sri Ganganagar,Tamil Nadu,Low,2024-05-28,True,True
145340,2039,2024-09-28,completed,Bhavnagar,Punjab,650404.74,Mahika,Wali,adiratripathi@example.org,1949081700,27,Female,Bhavnagar,Punjab,Low,2024-02-16,True,True
145341,7525,2022-05-31,shipped,Baranagar,Tamil Nadu,428084.45,Sana,Gokhale,kalenirvi@example.org,8764373918,19,Male,Baranagar,Tamil Nadu,High,2023-05-13,False,True
145478,11149,2023-01-20,pending,Raiganj,Karnataka,561073.81,Riya,Bhattacharyya,samarthbobal@example.com,913553993269,33,Female,Raiganj,Karnataka,Low,2023-04-04,True,True
145496,17876,2022-08-27,completed,Faridabad,Karnataka,494482.52,Darshit,Sanghvi,tara14@example.org,8161865014,39,Female,Faridabad,Karnataka,High,2024-09-09,False,True
145513,11842,2022-02-08,completed,Lucknow,Rajasthan,468475.79,Gatik,Balay,karpezaina@example.org,7545208777,41,Female,Lucknow,Rajasthan,Low,2022-10-17,True,True
145581,3676,2024-05-01,completed,Kochi,Maharashtra,383956.1,Saksham,Goel,ovarty@example.org,6023521792,39,Female,Kochi,Maharashtra,Low,2024-05-17,True,True
145607,11453,2022-10-17,completed,Sonipat,Maharashtra,416219.39,Anya,Shanker,deolivana@example.net,915266328054,24,Female,Sonipat,Maharashtra,Low,2024-02-04,True,True
145617,4737,2024-08-07,completed,Thiruvananthapuram,Karnataka,543411.09,Eva,Sathe,kalajivika@example.com,913828789917,37,Male,Thiruvananthapuram,Karnataka,Low,2023-06-10,True,True
145777,1569,2022-03-03,completed,Faridabad,Rajasthan,652830.83,Hiran,Mandal,akohli@example.com,4599153044,40,Male,Faridabad,Rajasthan,Medium,2022-01-17,True,True
145831,10533,2024-11-13,delivered,Bhusawal,Uttar Pradesh,396602.97,Chirag,Bir,mannesana@example.com,9355817250,38,Female,Bhusawal,Uttar Pradesh,Low,2024-01-07,True,True
145863,5684,2022-09-13,completed,Bongaigaon,Punjab,419404.72,Dishani,Dave,eshanimanda@example.org,2428112362,40,Female,Bongaigaon,Punjab,Medium,2022-08-24,True,True
146049,4572,2024-06-07,completed,Rourkela,Telangana,523691.61,Manikya,Chacko,tellabadal@example.org,912493415822,22,Male,Rourkela,Telangana,Low,2022-05-11,True,True
146080,5178,2022-01-29,completed,Saharsa,Tamil Nadu,524295.24,Onkar,Johal,fsoman@example.com,1498386488,29,Male,Saharsa,Tamil Nadu,Medium,2024-12-06,True,True
146103,16865,2023-10-19,completed,Nashik,Tamil Nadu,565374.47,Dhanuk,Yogi,dmallick@example.net,6375633544,32,Female,Nashik,Tamil Nadu,Low,2024-08-19,True,True
146109,455,2024-08-06,completed,Bhopal,Telangana,553939.59,Tushar,Bhargava,hbhakta@example.com,4082154544,22,Female,Bhopal,Telangana,Low,2022-08-10,False,True
146122,12397,2024-05-19,completed,Karnal,Tamil Nadu,616039.44,Riya,Seshadri,hunarcontractor@example.net,8902859063,22,Female,Karnal,Tamil Nadu,Low,2022-05-09,True,True
146156,4185,2022-10-26,cancelled,Bally,Uttar Pradesh,530832.7,Vivaan,Chaudhuri,elala@example.net,918689383954,42,Female,Bally,Uttar Pradesh,High,2024-09-01,True,True
146226,3649,2022-08-22,completed,Silchar,Uttar Pradesh,471223.4,Gatik,Bala,sandhujiya@example.com,9222492444,31,Female,Silchar,Uttar Pradesh,Medium,2023-11-03,True,True
146253,8946,2024-01-11,shipped,Bulandshahr,Bihar,747953.01,Rohan,Thakur,kakarbadal@example.com,918848382061,42,Male,Bulandshahr,Bihar,High,2022-03-04,True,True
146300,12977,2024-04-07,completed,Visakhapatnam,Maharashtra,341947.8,Tiya,Kalita,tbhalla@example.org,5321704859,39,Male,Visakhapatnam,Maharashtra,Premium,2023-03-15,True,True
146308,18958,2024-09-21,completed,Avadi,Bihar,494836.74,Kaira,Deol,wdewan@example.com,915344448918,35,Male,Avadi,Bihar,High,2023-08-16,True,True
146313,8412,2022-01-01,completed,Bhalswa Jahangir Pur,Uttar Pradesh,341554.73,Diya,Dora,dramaswamy@example.org,8898767398,40,Male,Bhalswa Jahangir Pur,Uttar Pradesh,High,2024-01-23,True,True
146378,10979,2024-08-20,completed,Ratlam,Uttar Pradesh,429645.53,Myra,Chaudhari,kanav85@example.com,9704253545,29,Male,Ratlam,Uttar Pradesh,Medium,2022-04-19,True,True
146392,4492,2023-03-18,completed,Jamnagar,Rajasthan,507525.49,Rhea,Sehgal,nitarasharma@example.net,8477146733,31,Male,Jamnagar,Rajasthan,Medium,2022-07-09,True,True
146420,14752,2024-01-06,completed,Burhanpur,Gujarat,515719.13,Amira,Bajwa,vaibhavkhanna@example.net,915521160952,62,Female,Burhanpur,Gujarat,Low,2024-10-14,True,True
146435,8802,2022-10-23,completed,Munger,Punjab,484454.62,Nishith,Khanna,bakshizaina@example.org,2239263754,43,Female,Munger,Punjab,Low,2023-01-25,True,True
146436,1318,2024-12-23,cancelled,Ahmedabad,Karnataka,567702.9,Stuvan,Agrawal,lokejivin@example.com,6247286394,43,Female,Ahmedabad,Karnataka,Low,2022-05-21,True,True
146518,18670,2024-06-23,processing,Kolkata,Bihar,390522.0,Trisha,Doshi,jvarkey@example.org,764621206,30,Male,Kolkata,Bihar,Low,2022-02-11,True,True
146550,10452,2024-10-20,pending,Pune,Maharashtra,339108.3,Shayak,Chahal,hsanghvi@example.net,8314676207,18,Female,Pune,Maharashtra,Low,2022-08-28,True,True
146586,12060,2024-03-06,completed,Raichur,Maharashtra,389033.14,Elakshi,Barman,aradhya62@example.com,911178519180,31,Male,Raichur,Maharashtra,Premium,2023-09-28,False,True
146623,1552,2024-11-13,completed,Chandrapur,Tamil Nadu,350661.96,Nakul,Bose,vasanitara@example.com,5870894326,40,Male,Chandrapur,Tamil Nadu,Low,2023-04-13,True,True
146697,1481,2024-10-03,completed,Firozabad,Uttar Pradesh,342772.08,Aniruddh,Bhatt,varghesedevansh@example.org,1945341952,18,Female,Firozabad,Uttar Pradesh,High,2023-03-24,True,True
146723,2168,2024-05-24,completed,Mangalore,Maharashtra,512549.37,Zain,Bajaj,darshit42@example.com,3029708137,29,Female,Mangalore,Maharashtra,High,2024-07-06,True,True
146779,11751,2024-07-23,completed,Allahabad,Madhya Pradesh,406497.63,Kaira,Lad,kamdarchirag@example.com,915004514575,41,Female,Allahabad,Madhya Pradesh,Low,2024-07-16,True,True
146812,16034,2024-04-09,completed,Gopalpur,Karnataka,495613.52,Chirag,Rau,vaibhav28@example.com,3370851864,50,Female,Gopalpur,Karnataka,Medium,2023-06-20,True,True
146845,4689,2023-05-19,completed,Madhyamgram,Gujarat,350510.3,Tanya,Behl,ubhatt@example.net,916136243419,45,Female,Madhyamgram,Gujarat,High,2024-11-07,True,True
146861,5720,2022-06-11,completed,Aurangabad,Delhi,432234.46,Advik,Agarwal,bhamini66@example.net,4592680873,45,Male,Aurangabad,Delhi,High,2022-03-14,False,True
146886,1428,2024-01-05,completed,Barasat,Maharashtra,612019.68,Mishti,Sheth,xtank@example.net,1097797802,40,Female,Barasat,Maharashtra,Premium,2024-09-01,True,True
146900,16566,2022-08-12,completed,Barasat,Tamil Nadu,420753.38,Samar,Varkey,ahana-59@example.org,5662278209,45,Male,Barasat,Tamil Nadu,High,2023-08-03,True,True
146979,10081,2023-12-17,completed,Bihar Sharif,Maharashtra,359349.34,Vaibhav,Bawa,madhav98@example.net,1785785015,30,Female,Bihar Sharif,Maharashtra,High,2022-01-21,True,True
147012,12894,2022-08-06,completed,Pali,Maharashtra,367274.13,Yuvraj ,Sur,pihu58@example.net,918879850250,27,Male,Pali,Maharashtra,High,2023-11-13,True,True
147032,4882,2023-10-14,completed,Gurgaon,Gujarat,390602.87,Bhamini,Shankar,reneebhagat@example.org,5497075149,31,Female,Gurgaon,Gujarat,Medium,2024-02-09,True,True
147104,19875,2024-05-31,shipped,Mumbai,Uttar Pradesh,372046.02,Bhamini,Shankar,aarna70@example.net,8297515135,39,Male,Mumbai,Uttar Pradesh,Medium,2023-07-18,True,True
147162,2513,2023-02-11,completed,Pallavaram,Rajasthan,398750.54,Rohan,Mand,halderbhavin@example.com,197557082,45,Male,Pallavaram,Rajasthan,Medium,2024-05-01,True,True
147173,8115,2023-06-03,completed,Solapur,Bihar,393209.88,Nishith,Kalla,cgulati@example.com,9490680480,18,Male,Solapur,Bihar,Low,2022-01-21,True,True
147206,5089,2023-04-21,completed,Hindupur,Karnataka,354651.25,Vedika,Sheth,mamooty27@example.com,7705503718,48,Male,Hindupur,Karnataka,High,2023-08-17,True,True
147209,16931,2023-03-10,completed,Bardhaman,Maharashtra,494177.21,Ivan,Bakshi,kabirvarkey@example.net,5770803391,26,Female,Bardhaman,Maharashtra,Medium,2024-11-15,True,True
147297,6454,2024-08-13,shipped,Rewa,Tamil Nadu,479314.24,Ira,Sharma,jivinkhalsa@example.org,913175513482,36,Female,Rewa,Tamil Nadu,Low,2023-11-19,True,True
147306,7027,2022-10-17,shipped,Chandrapur,Uttar Pradesh,591763.98,Jayan,Batta,lataoorja@example.org,915482363019,42,Male,Chandrapur,Uttar Pradesh,High,2022-08-12,True,True
147320,11841,2022-05-12,completed,Siliguri,Rajasthan,528935.61,Parinaaz,Saxena,nakul05@example.com,6853048339,31,Male,Siliguri,Rajasthan,Low,2023-03-14,True,True
147347,2052,2023-10-06,pending,Shimoga,Telangana,416246.51,Kashvi,Bedi,yloyal@example.com,918855069439,20,Male,Shimoga,Telangana,High,2022-06-14,True,True
147364,16045,2024-07-08,completed,Kakinada,Telangana,747866.97,Navya,Acharya,singhalyashvi@example.org,9378093556,31,Male,Kakinada,Telangana,Low,2022-10-24,True,True
147375,17583,2022-09-30,completed,Phagwara,West Bengal,434269.74,Mehul,Mall,eshani71@example.org,4220714250,24,Female,Phagwara,West Bengal,Low,2023-11-14,True,True
147576,10018,2024-04-17,completed,Ichalkaranji,Maharashtra,464371.94,Arnav,Viswanathan,tmallick@example.com,1060644126,29,Male,Ichalkaranji,Maharashtra,High,2022-04-22,True,True
147581,10305,2023-10-12,completed,Jorhat,Bihar,445579.27,Shlok,Thaker,dsachar@example.net,6045691669,40,Female,Jorhat,Bihar,Low,2022-08-26,True,True
147583,13006,2023-03-13,processing,Bhatpara,Uttar Pradesh,360465.09,Damini,Kamdar,inaaya-79@example.net,4431830351,18,Male,Bhatpara,Uttar Pradesh,Low,2023-11-23,False,True
147623,5512,2024-08-28,completed,Imphal,Uttar Pradesh,383451.39,Dhanuk,Banerjee,aaryahi25@example.net,4128094930,33,Male,Imphal,Uttar Pradesh,Medium,2022-11-26,True,True
147665,15407,2022-12-25,completed,Chandrapur,Uttar Pradesh,639085.65,Raunak,Venkataraman,deozoya@example.org,910081185020,47,Male,Chandrapur,Uttar Pradesh,Low,2024-01-07,True,True
147737,14978,2023-10-21,cancelled,Karimnagar,Rajasthan,636501.46,Vritika,Zachariah,mishtikhurana@example.com,8461713064,18,Male,Karimnagar,Rajasthan,High,2023-12-16,True,True
147750,18058,2022-08-03,completed,Jalandhar,West Bengal,454259.7,Sara,Batta,qtalwar@example.org,914888381575,26,Female,Jalandhar,West Bengal,High,2022-01-20,True,True
147770,8699,2022-07-26,completed,Guwahati,Madhya Pradesh,352586.29,Devansh,Sarraf,whanda@example.com,7040306804,48,Female,Guwahati,Madhya Pradesh,High,2024-04-20,True,True
147824,8458,2024-06-01,cancelled,Aizawl,Delhi,520161.23,Piya,Dada,samarbehl@example.com,130504672,33,Female,Aizawl,Delhi,Medium,2022-09-13,True,True
147854,8071,2022-08-02,completed,Kharagpur,Maharashtra,616031.62,Eva,Deo,varugheseromil@example.org,4838268160,49,Female,Kharagpur,Maharashtra,Medium,2023-10-01,True,True
147863,13728,2023-07-04,completed,Kishanganj,Uttar Pradesh,413397.4,Saksham,Dora,bhasininaaya@example.com,915493885208,52,Female,Kishanganj,Uttar Pradesh,Medium,2024-09-14,True,True
147887,15523,2023-01-29,shipped,Chennai,West Bengal,445572.45,Aaryahi,Bhagat,hkhare@example.org,8361644630,36,Male,Chennai,West Bengal,Medium,2024-12-19,False,True
147888,11443,2022-05-05,completed,Gorakhpur,Bihar,448310.2,Samiha,Bakshi,saxenanishith@example.org,7434941536,45,Male,Gorakhpur,Bihar,High,2022-07-31,True,True
147894,4447,2022-01-21,completed,Tiruvottiyur,Uttar Pradesh,630810.34,Piya,Dhar,ddave@example.net,9817361885,39,Female,Tiruvottiyur,Uttar Pradesh,Medium,2022-08-20,True,True
147924,7275,2024-07-02,completed,Howrah,Tamil Nadu,502516.88,Trisha,Biswas,emirgour@example.org,5135924681,37,Male,Howrah,Tamil Nadu,High,2024-06-18,True,True
147972,6162,2024-10-20,completed,Vellore,West Bengal,396070.46,Alia,Saxena,sampathshayak@example.com,913317946238,23,Male,Vellore,West Bengal,Medium,2024-09-09,True,True
148006,11461,2023-02-26,delivered,Aizawl,Bihar,530618.3,Miraya,Maharaj,hegdeshray@example.org,5250459339,55,Female,Aizawl,Bihar,Medium,2024-05-03,True,True
148027,6593,2023-09-21,completed,Indore,Maharashtra,332275.85,Keya,Bhattacharyya,samihaahuja@example.com,5886393124,62,Female,Indore,Maharashtra,High,2024-08-24,False,True
148087,6208,2024-12-14,completed,Phagwara,Telangana,407301.13,Urvi,Varkey,yzachariah@example.org,2834754800,43,Female,Phagwara,Telangana,Medium,2022-05-24,True,True
148091,546,2024-08-26,completed,Khandwa,Maharashtra,358192.9,Ishita,Koshy,kalaparinaaz@example.net,2778816093,43,Female,Khandwa,Maharashtra,Medium,2024-12-27,True,True
148097,1070,2023-03-02,pending,Amritsar,Bihar,401887.34,Anika,Krishnan,drishya16@example.com,914445446083,37,Female,Amritsar,Bihar,Medium,2024-01-09,True,True
148140,12527,2022-06-19,completed,Tiruchirappalli,Telangana,345196.49,Shalv,Sridhar,aliamannan@example.org,915274904315,34,Male,Tiruchirappalli,Telangana,High,2022-01-29,True,True
148178,9987,2024-04-20,completed,Ratlam,Karnataka,525497.04,Trisha,Agarwal,faiyazmahal@example.net,917114189189,50,Male,Ratlam,Karnataka,Low,2022-08-07,True,True
148188,14852,2022-09-04,completed,Gaya,Madhya Pradesh,355876.09,Hrishita,Randhawa,wgaba@example.net,9729912547,19,Female,Gaya,Madhya Pradesh,Low,2023-01-12,True,True
148278,3345,2023-03-29,delivered,Bangalore,Rajasthan,437184.62,Vidur,Sharaf,wkibe@example.net,914420315799,29,Female,Bangalore,Rajasthan,Medium,2023-09-21,True,True
148293,19685,2024-01-14,delivered,Patna,Tamil Nadu,402418.71,Shaan,Srivastava,chirag36@example.com,918980967771,39,Female,Patna,Tamil Nadu,High,2024-01-05,True,True
148350,10226,2024-11-13,completed,Sultan Pur Majra,Rajasthan,727378.88,Vihaan,Tandon,tiya00@example.com,917844187148,38,Female,Sultan Pur Majra,Rajasthan,Medium,2022-06-02,True,True
148376,13176,2024-06-13,completed,Tiruppur,West Bengal,500585.65,Anaya,Dass,bobalsumer@example.org,5461519024,41,Male,Tiruppur,West Bengal,Medium,2022-10-25,True,True
148390,9931,2023-11-20,shipped,Dehri,Maharashtra,440606.36,Anay,Ganesh,taran34@example.org,7546986823,52,Female,Dehri,Maharashtra,Medium,2024-10-12,True,True
148409,12671,2024-12-11,delivered,Bijapur,Madhya Pradesh,395245.87,Lagan,Bava,slanka@example.com,3371315512,41,Male,Bijapur,Madhya Pradesh,Low,2022-03-22,True,True
148528,5871,2022-10-07,completed,Satara,Madhya Pradesh,502456.55,Zain,Saran,ghoshyuvaan@example.org,400455252,51,Female,Satara,Madhya Pradesh,Low,2023-03-09,True,True
148647,6538,2023-08-24,completed,Malda,Maharashtra,443971.4,Nirvi,Dash,dassaaina@example.net,915706563200,43,Female,Malda,Maharashtra,High,2023-04-01,True,True
148691,386,2022-08-28,completed,Dewas,Maharashtra,432214.41,Krish,Chander,jdhillon@example.com,914947873002,34,Male,Dewas,Maharashtra,Low,2024-09-22,False,True
148729,960,2024-02-10,completed,Jamalpur,Uttar Pradesh,707223.85,Anahi,Krishna,jsood@example.net,23009156,32,Male,Jamalpur,Uttar Pradesh,Low,2022-07-18,True,True
148779,19440,2024-10-12,completed,Bhusawal,Karnataka,390108.33,Hunar,Chada,badalshukla@example.com,914084160466,42,Male,Bhusawal,Karnataka,Medium,2024-01-21,True,True
148826,7825,2023-05-01,completed,Panipat,Tamil Nadu,345769.68,Akarsh,Mallick,xdewan@example.net,2443558571,54,Female,Panipat,Tamil Nadu,Low,2023-05-13,False,True
148828,4283,2023-07-21,completed,Jabalpur,Uttar Pradesh,396064.4,Rhea,Rajagopal,priyansh72@example.com,914557699987,38,Female,Jabalpur,Uttar Pradesh,Low,2022-06-12,True,True
148834,15925,2024-07-08,completed,Durg,Tamil Nadu,352690.2,Darshit,Virk,shayak42@example.net,8467081599,42,Female,Durg,Tamil Nadu,Medium,2022-08-06,True,True
148854,8007,2023-03-20,completed,South Dumdum,West Bengal,610971.64,Rhea,Ganguly,kohlidrishya@example.com,2283076375,34,Female,South Dumdum,West Bengal,Low,2022-05-10,True,True
149007,17657,2023-08-31,shipped,Mahbubnagar,Telangana,410020.16,Emir,Gole,lsandal@example.net,8982490448,55,Female,Mahbubnagar,Telangana,Low,2024-12-27,True,True
149029,4786,2022-02-09,completed,Bongaigaon,Telangana,408952.75,Indrans,Rana,vaibhavsingh@example.com,8349960520,58,Male,Bongaigaon,Telangana,High,2024-04-26,True,True
149030,6671,2022-07-29,completed,Hosur,Rajasthan,601515.99,Raghav,Venkataraman,sainisiya@example.com,7151392341,44,Female,Hosur,Rajasthan,Medium,2023-11-08,True,True
149099,19233,2024-01-12,completed,Bathinda,Maharashtra,646317.61,Ritvik,Mann,edwinnitara@example.net,8215357259,45,Male,Bathinda,Maharashtra,Low,2024-01-07,True,True
149136,3711,2023-10-09,completed,Mathura,Madhya Pradesh,351352.39,Damini,Ratti,ravelindrans@example.com,918279414550,30,Female,Mathura,Madhya Pradesh,Medium,2022-11-24,True,True
149165,7758,2024-12-26,completed,Bijapur,Delhi,428348.69,Ela,Dubey,fdhingra@example.org,7350986130,40,Female,Bijapur,Delhi,Low,2023-12-24,True,True
149166,13282,2022-02-11,completed,Chandigarh,Gujarat,452778.54,Sahil,Cheema,gkaran@example.org,1745956757,53,Male,Chandigarh,Gujarat,Low,2023-08-30,True,True
149196,5112,2023-05-22,completed,Morena,Uttar Pradesh,518976.95,Vritika,Borde,hbhalla@example.com,918146358080,24,Male,Morena,Uttar Pradesh,Medium,2024-07-07,True,True
149219,9830,2024-10-07,cancelled,Bahraich,Tamil Nadu,591125.35,Nitara,Raj,qchana@example.net,916161557281,36,Male,Bahraich,Tamil Nadu,Low,2024-08-19,True,True
149248,13677,2022-10-09,pending,Vijayanagaram,Delhi,342348.55,Saira,Dasgupta,jhanvi51@example.org,9940823813,37,Female,Vijayanagaram,Delhi,Low,2023-03-21,True,True
149255,4886,2022-01-29,shipped,Bellary,Madhya Pradesh,366364.06,Zoya,Borra,xsarin@example.net,7943205000,36,Male,Bellary,Madhya Pradesh,Low,2023-08-29,True,True
149308,8303,2023-05-16,delivered,Bhubaneswar,Gujarat,382643.12,Mishti,Yohannan,evamann@example.com,914104048620,62,Male,Bhubaneswar,Gujarat,High,2022-01-04,True,True
149312,4090,2022-02-03,completed,Adoni,Karnataka,373424.13,Rati,Sant,eshani92@example.com,1259833991,49,Female,Adoni,Karnataka,Medium,2022-11-29,False,True
149352,19731,2022-04-19,completed,Kavali,West Bengal,376918.03,Vihaan,Swaminathan,wbadal@example.net,916425657163,41,Male,Kavali,West Bengal,High,2023-04-04,True,True
149368,5174,2023-04-17,completed,Sambhal,Karnataka,406821.63,Veer,Singhal,seherlad@example.net,914661174953,49,Male,Sambhal,Karnataka,High,2023-12-18,True,True
149449,17730,2022-10-08,completed,Thiruvananthapuram,Maharashtra,600892.24,Neelofar,Sharma,tsharma@example.org,4871481082,55,Female,Thiruvananthapuram,Maharashtra,High,2022-06-03,True,True
149506,15492,2024-09-01,completed,Kishanganj,Delhi,404330.98,Baiju,Sami,shamik17@example.org,6503179902,33,Female,Kishanganj,Delhi,Medium,2024-05-24,True,True
149529,6897,2023-01-26,completed,Nanded,Kerala,521031.02,Baiju,Iyer,aswaminathan@example.org,5090301862,18,Male,Nanded,Kerala,Low,2024-11-17,True,True
149557,19662,2022-11-27,delivered,Gulbarga,Uttar Pradesh,328336.76,Veer,Shan,adyal@example.com,4952596252,43,Female,Gulbarga,Uttar Pradesh,Medium,2024-08-13,True,True
149637,8985,2022-05-03,delivered,Fatehpur,Uttar Pradesh,434651.14,Mohanlal,Kale,shettytrisha@example.org,919801650746,36,Male,Fatehpur,Uttar Pradesh,High,2024-11-19,True,True
149652,17795,2023-01-23,completed,Akola,Rajasthan,587352.47,Baiju,Virk,taimurkhalsa@example.com,6069383424,41,Male,Akola,Rajasthan,Medium,2022-10-09,True,True
149682,2397,2022-04-04,shipped,Saharanpur,Bihar,513313.67,Hansh,Goel,dinarnav@example.org,8988108558,42,Male,Saharanpur,Bihar,Low,2022-11-25,True,True
149763,10676,2022-11-14,completed,Gandhinagar,Uttar Pradesh,619663.8,Lakshit,Handa,fgolla@example.com,6279027977,40,Female,Gandhinagar,Uttar Pradesh,Low,2023-11-29,True,True
149834,11421,2022-06-13,cancelled,Ongole,Kerala,452127.86,Rohan,Chana,bahrianahita@example.net,918237161898,23,Male,Ongole,Kerala,High,2023-05-05,True,True
149849,13562,2022-03-25,completed,Tiruppur,Bihar,484742.57,Alisha,Hegde,fsahni@example.com,2702371944,35,Male,Tiruppur,Bihar,Medium,2023-08-15,True,True
149857,1813,2024-02-04,cancelled,Khandwa,Karnataka,405095.15,Yuvraj ,Varughese,kashvisengupta@example.net,914600823696,23,Male,Khandwa,Karnataka,Low,2024-05-24,True,True
149860,3811,2023-03-09,completed,Udupi,Karnataka,604528.73,Anvi,Gala,advikshroff@example.net,7722696673,57,Female,Udupi,Karnataka,Low,2023-05-05,True,True
149908,9354,2023-10-24,completed,Anantapur,West Bengal,533697.9,Advik,Lad,dhruvedwin@example.org,911509952489,35,Female,Anantapur,West Bengal,Low,2022-10-14,True,True
149911,2153,2023-06-17,delivered,Udaipur,Bihar,537453.13,Raghav,Warrior,bijubobal@example.com,4350745093,32,Female,Udaipur,Bihar,Medium,2024-03-11,True,True
149913,14452,2024-10-09,processing,Thanjavur,Karnataka,382672.9,Saira,Sarna,ubhargava@example.org,918951509531,27,Female,Thanjavur,Karnataka,Low,2022-03-11,True,True
149923,6480,2023-11-03,completed,Ichalkaranji,Madhya Pradesh,746893.93,Sahil,Korpal,osekhon@example.com,888250660,26,Female,Ichalkaranji,Madhya Pradesh,Medium,2023-09-18,True,True
149928,4338,2024-08-30,completed,Indore,Bihar,588095.72,Nitara,Sachar,zarakalita@example.org,917322699272,21,Male,Indore,Bihar,Medium,2022-07-22,True,True
149936,5903,2024-12-11,completed,Kolhapur,Punjab,354675.21,Zara,Vasa,veerborah@example.com,918926026249,21,Female,Kolhapur,Punjab,High,2023-04-20,True,True
149938,5579,2023-05-12,shipped,Muzaffarnagar,Uttar Pradesh,429718.09,Nirvaan,Issac,xbains@example.org,9445249054,46,Female,Muzaffarnagar,Uttar Pradesh,Low,2022-09-08,True,True
149943,6023,2023-12-22,completed,Aizawl,Gujarat,369419.0,Oorja,Walia,manjari00@example.org,322969893,20,Male,Aizawl,Gujarat,Premium,2023-05-19,True,True
149972,2685,2024-08-10,completed,Baranagar,Maharashtra,368180.32,Keya,Hayre,ladtiya@example.com,6391418359,47,Male,Baranagar,Maharashtra,Low,2024-08-05,True,True
150007,11795,2023-11-02,cancelled,Shahjahanpur,Bihar,416852.34,Jivin,Din,ishita56@example.org,919594303611,19,Male,Shahjahanpur,Bihar,Medium,2022-06-05,True,True
150029,18428,2024-01-16,completed,Dhule,Bihar,418989.84,Anaya,Kumar,asom@example.com,910735207316,53,Female,Dhule,Bihar,Medium,2024-10-18,True,True
150056,4691,2023-02-13,completed,Kumbakonam,Uttar Pradesh,370874.2,Aayush,Vasa,vsoni@example.org,8610844760,50,Male,Kumbakonam,Uttar Pradesh,Medium,2024-07-23,True,True
150076,19109,2024-10-06,cancelled,Mathura,Rajasthan,490740.46,Miraan,Bedi,raunakiyer@example.com,916085849121,24,Female,Mathura,Rajasthan,High,2024-06-19,True,True
150115,17920,2023-04-11,completed,Bharatpur,Maharashtra,668004.15,Zeeshan,Khalsa,cheemakeya@example.net,918637421079,49,Male,Bharatpur,Maharashtra,Premium,2024-08-07,True,True
150126,2575,2023-05-24,completed,Ongole,Uttar Pradesh,389844.56,Alisha,Sekhon,eshanibutala@example.com,919016515995,41,Male,Ongole,Uttar Pradesh,Low,2023-03-18,True,True
150171,7801,2023-08-29,completed,Vadodara,Uttar Pradesh,353745.01,Siya,Barad,nswaminathan@example.com,913735919026,31,Female,Vadodara,Uttar Pradesh,Low,2024-04-10,True,True
150202,2764,2023-07-22,completed,Jhansi,Gujarat,356723.6,Ehsaan,Rajagopal,hsabharwal@example.org,7595594229,31,Female,Jhansi,Gujarat,Premium,2023-01-18,True,True
150287,7818,2023-12-27,delivered,Ahmedabad,Karnataka,400734.62,Anika,Ram,jayeshsibal@example.com,87417261,34,Male,Ahmedabad,Karnataka,Low,2023-10-19,True,True
150319,13421,2024-11-29,completed,Kumbakonam,Rajasthan,455405.24,Anvi,Devi,aarush48@example.com,916454628740,41,Female,Kumbakonam,Rajasthan,Medium,2023-12-25,True,True
150341,12891,2024-02-03,cancelled,Kharagpur,Karnataka,451927.79,Oorja,Ahuja,ymannan@example.com,919742918485,41,Male,Kharagpur,Karnataka,High,2022-04-27,True,True
150393,18211,2023-11-19,completed,Kakinada,Karnataka,621112.75,Jayant,Thaker,ivanbose@example.net,912646519796,26,Male,Kakinada,Karnataka,Medium,2023-08-22,True,True
150400,16824,2022-11-13,completed,Hajipur,Uttar Pradesh,701367.49,Saira,Raja,shanaya51@example.net,421863805,21,Male,Hajipur,Uttar Pradesh,Low,2024-07-13,True,True
150478,9637,2023-10-17,pending,Uluberia,Maharashtra,438378.34,Tejas,Mall,elakshi27@example.org,918101756099,18,Female,Uluberia,Maharashtra,Low,2022-09-12,False,True
150521,3608,2024-12-20,pending,Sambhal,West Bengal,340065.57,Onkar,Venkatesh,lavanyabutala@example.net,913324061869,34,Female,Sambhal,West Bengal,Medium,2022-02-01,True,True
150622,11084,2022-10-19,completed,Kollam,West Bengal,727198.4,Misha,Apte,mishti88@example.net,1835579202,30,Male,Kollam,West Bengal,Medium,2022-03-16,True,True
150635,16654,2023-11-17,completed,Narasaraopet,Uttar Pradesh,325472.25,Madhav,Srivastava,neelofar13@example.com,6176961457,31,Female,Narasaraopet,Uttar Pradesh,Low,2022-10-15,False,True
150669,151,2023-02-26,delivered,Hapur,Tamil Nadu,360995.53,Emir,Ahluwalia,dayalmadhup@example.net,8899375679,58,Female,Hapur,Tamil Nadu,Medium,2022-02-08,True,True
150690,4658,2024-04-04,completed,Anantapuram,Telangana,328719.36,Sana,Devi,anahitachadha@example.org,918958090151,36,Male,Anantapuram,Telangana,Low,2024-10-25,True,True
150820,9228,2024-06-18,cancelled,Anantapuram,Uttar Pradesh,370874.2,Sahil,Cheema,gramaswamy@example.com,1423516193,18,Male,Anantapuram,Uttar Pradesh,Low,2022-07-31,True,True
150830,13796,2022-01-26,processing,Tirupati,Uttar Pradesh,517687.59,Romil,Bakshi,dugarzain@example.org,2848371755,22,Female,Tirupati,Uttar Pradesh,Low,2024-08-04,True,True
150838,11496,2024-03-16,completed,Bangalore,Uttar Pradesh,347975.77,Advik,Koshy,kismatraval@example.org,911835880322,20,Male,Bangalore,Uttar Pradesh,Medium,2024-08-27,True,True
150848,17335,2023-09-23,completed,Saharanpur,Gujarat,391142.97,Vihaan,Kapoor,aaryahi57@example.org,8131318642,35,Male,Saharanpur,Gujarat,Premium,2022-08-10,True,True
150877,3511,2023-07-07,completed,Katni,Maharashtra,345106.25,Yuvaan,Srinivas,santhunar@example.org,6545656636,47,Female,Katni,Maharashtra,High,2022-10-30,True,True
150911,15590,2022-07-24,completed,Jaipur,Maharashtra,608111.15,Tushar,Venkataraman,kotaayesha@example.net,9361860984,27,Female,Jaipur,Maharashtra,Low,2023-01-21,True,True
150913,12080,2022-05-08,completed,Malda,Uttar Pradesh,754915.36,Dhanuk,Maharaj,larya@example.net,3340214491,36,Female,Malda,Uttar Pradesh,Low,2024-01-25,True,True
150921,1481,2023-10-27,completed,Firozabad,Uttar Pradesh,463686.74,Aniruddh,Bhatt,varghesedevansh@example.org,1945341952,18,Female,Firozabad,Uttar Pradesh,High,2023-03-24,True,True
150923,3848,2024-04-14,completed,Gudivada,Uttar Pradesh,791934.09,Dishani,Karnik,wdyal@example.com,8400421099,23,Female,Gudivada,Uttar Pradesh,Low,2024-12-17,True,True
150929,4861,2023-03-01,shipped,Bhind,Madhya Pradesh,645168.32,Krish,Brar,zeeshan21@example.org,7414055162,48,Male,Bhind,Madhya Pradesh,High,2022-08-24,True,True
150930,15942,2023-10-14,completed,Gangtok,Maharashtra,769258.46,Ritvik,Sridhar,lthaker@example.org,919175441413,18,Male,Gangtok,Maharashtra,High,2023-12-13,True,True
150941,6341,2023-02-16,completed,Hapur,Madhya Pradesh,371316.06,Zoya,Dhingra,ykothari@example.com,8179948995,24,Female,Hapur,Madhya Pradesh,Medium,2024-09-04,True,True
150966,17645,2024-11-28,completed,Munger,Telangana,511268.52,Mohanlal,Shah,umang50@example.net,5420470166,23,Male,Munger,Telangana,Medium,2023-12-26,True,True
150984,19208,2022-01-23,completed,Indore,Punjab,626591.15,Ryan,Gola,mangatazad@example.net,5763527645,40,Female,Indore,Punjab,Medium,2023-10-06,True,True
151027,7175,2024-03-13,completed,Kolkata,Uttar Pradesh,584539.96,Taimur,Arya,garapihu@example.net,915599697374,36,Female,Kolkata,Uttar Pradesh,Medium,2023-09-11,True,True
151099,15197,2024-12-10,processing,Panvel,Kerala,640709.59,Ela,Bhavsar,tatarenee@example.net,915685459789,61,Female,Panvel,Kerala,Low,2024-06-02,True,True
151245,475,2022-12-05,pending,Jalandhar,Maharashtra,388553.15,Rania,Bali,bijusuresh@example.com,914961108046,33,Male,Jalandhar,Maharashtra,Medium,2024-08-16,True,True
151275,19230,2024-10-31,completed,Suryapet,Punjab,445075.64,Yakshit,Kamdar,shamik38@example.org,1177685130,18,Male,Suryapet,Punjab,Medium,2022-11-08,True,True
151312,13911,2024-11-02,completed,Ajmer,Uttar Pradesh,529098.21,Ayesha,Sampath,nakuldeo@example.com,4427403073,47,Male,Ajmer,Uttar Pradesh,Medium,2024-02-03,True,True
151324,915,2023-09-24,completed,Amritsar,Rajasthan,513429.58,Ishaan,Zachariah,uchaudry@example.org,1448811210,31,Male,Amritsar,Rajasthan,Medium,2023-02-24,True,True
151439,10485,2023-10-15,completed,Jammu,Madhya Pradesh,338448.08,Shayak,Rajan,samar48@example.net,6879455381,28,Male,Jammu,Madhya Pradesh,Medium,2024-07-03,True,True
151450,10302,2023-07-21,completed,Salem,Delhi,1024349.82,Inaaya ,Kala,ichanda@example.com,1791850544,18,Female,Salem,Delhi,High,2022-10-15,True,True
151471,3867,2022-10-10,completed,Tumkur,Maharashtra,344972.25,Nitya,Chaudhary,horaivana@example.com,8786192022,31,Male,Tumkur,Maharashtra,Low,2022-03-12,True,True
151527,6587,2024-06-19,completed,Rohtak,West Bengal,336497.12,Anahita,Dua,gandhidishani@example.org,8707919158,43,Female,Rohtak,West Bengal,High,2023-07-10,True,True
151529,3826,2023-04-08,delivered,Medininagar,Gujarat,607195.02,Keya,Aurora,nitarasetty@example.org,7993330913,18,Female,Medininagar,Gujarat,Medium,2024-05-23,True,True
151548,8214,2024-04-02,completed,Saharsa,Rajasthan,409923.43,Anaya,Luthra,tararandhawa@example.net,1080765364,34,Male,Saharsa,Rajasthan,Low,2022-04-29,True,True
151574,19736,2023-03-08,completed,Adoni,Uttar Pradesh,356424.72,Neelofar,Chokshi,misha51@example.org,910677435032,33,Male,Adoni,Uttar Pradesh,Medium,2022-03-22,True,True
151620,5068,2023-11-28,pending,Sambhal,Bihar,334542.59,Taimur,Buch,seherchaudhuri@example.com,191650929,49,Female,Sambhal,Bihar,Premium,2024-12-16,True,True
151661,7768,2024-05-02,completed,Kumbakonam,Punjab,382433.45,Ritvik,Mannan,sumersundaram@example.com,913751420859,24,Male,Kumbakonam,Punjab,Medium,2022-12-01,True,True
151750,17294,2022-08-18,completed,Phagwara,Karnataka,485634.9,Ela,Varma,jchaudhry@example.net,910016356140,40,Female,Phagwara,Karnataka,Medium,2024-09-12,True,True
151798,2182,2024-06-27,completed,Hyderabad,Tamil Nadu,443056.15,Vardaniya,Venkatesh,xbhandari@example.org,4746911708,49,Male,Hyderabad,Tamil Nadu,Medium,2022-07-27,True,True
151807,11214,2023-12-03,completed,Kanpur,Tamil Nadu,340768.3,Samaira,Uppal,fsaran@example.org,7311980907,37,Female,Kanpur,Tamil Nadu,Medium,2022-02-14,True,True
151825,7280,2023-04-22,completed,Shimoga,Maharashtra,424334.31,Umang,Comar,nirvaan60@example.com,8556739538,18,Male,Shimoga,Maharashtra,Low,2024-11-09,True,True
151859,17729,2024-03-20,completed,Alappuzha,Bihar,417580.24,Ishita,Loke,cshetty@example.net,4679023044,26,Male,Alappuzha,Bihar,High,2022-07-16,True,True
151900,10699,2023-02-26,completed,Begusarai,West Bengal,481259.03,Prerak,Cherian,damini26@example.org,4693347065,19,Female,Begusarai,West Bengal,Low,2022-02-09,True,True
151909,3608,2024-10-08,delivered,Sambhal,West Bengal,518914.37,Onkar,Venkatesh,lavanyabutala@example.net,913324061869,34,Female,Sambhal,West Bengal,Medium,2022-02-01,True,True
151921,8200,2024-11-08,shipped,Bhimavaram,Punjab,347535.69,Vardaniya,Khurana,kiaansaran@example.org,910025781742,54,Male,Bhimavaram,Punjab,High,2023-10-26,True,True
151954,6832,2023-10-22,completed,Chapra,Karnataka,353644.07,Vihaan,Batra,anaya68@example.com,2498267753,48,Female,Chapra,Karnataka,Low,2022-11-03,True,True
151969,16786,2024-12-29,processing,Ballia,Uttar Pradesh,401605.73,Ritvik,Bains,mahajanjayan@example.net,7878849663,39,Female,Ballia,Uttar Pradesh,Low,2023-04-23,True,True
151983,344,2022-12-17,completed,Pudukkottai,Uttar Pradesh,336495.03,Anya,Sant,bobalsamiha@example.net,4781891371,19,Female,Pudukkottai,Uttar Pradesh,Low,2022-03-23,True,True
151989,7589,2022-09-14,completed,Barasat,Madhya Pradesh,636503.46,Ahana ,Gera,rajunishith@example.com,2694088125,27,Female,Barasat,Madhya Pradesh,Medium,2022-12-30,True,True
152028,13283,2022-12-04,completed,Tiruchirappalli,Maharashtra,593924.98,Kanav,Lall,ishitasoni@example.com,1101183131,29,Female,Tiruchirappalli,Maharashtra,Medium,2022-06-11,True,True
152041,3954,2024-08-10,completed,Khandwa,Maharashtra,373155.37,Mehul,Barad,emir22@example.net,5817729257,35,Male,Khandwa,Maharashtra,Low,2022-12-30,True,True
152098,18550,2024-04-30,completed,Shivpuri,Karnataka,335503.38,Vedika,Solanki,ojas94@example.net,911170739620,43,Male,Shivpuri,Karnataka,High,2024-05-16,True,True
152102,13029,2022-08-21,completed,Latur,Uttar Pradesh,742937.16,Dhruv,Ganesan,jsrinivas@example.com,915981647837,33,Female,Latur,Uttar Pradesh,Premium,2023-03-27,True,True
152141,3860,2023-05-09,completed,Shimla,West Bengal,373946.78,Anay,Bhatt,jayeshchatterjee@example.net,911399285814,28,Female,Shimla,West Bengal,Low,2022-12-29,False,True
152263,986,2022-01-23,completed,Sambhal,Madhya Pradesh,336236.55,Mehul,Vohra,farhanvala@example.net,918560539707,30,Female,Sambhal,Madhya Pradesh,High,2024-11-23,True,True
152298,16038,2024-03-08,completed,Muzaffarnagar,Karnataka,462672.35,Samarth,Vaidya,horakartik@example.com,2372578659,46,Female,Muzaffarnagar,Karnataka,Low,2022-11-23,False,True
152376,1074,2023-05-01,delivered,Gangtok,Gujarat,433205.75,Miraan,Dani,borrafaiyaz@example.net,8706293288,42,Female,Gangtok,Gujarat,Medium,2024-05-15,True,True
152417,1119,2023-12-21,completed,Bhopal,Maharashtra,339259.35,Akarsh,Sachdev,kismatbasu@example.com,1746902983,23,Male,Bhopal,Maharashtra,Medium,2023-02-14,True,True
152450,2093,2022-08-12,cancelled,Jodhpur,Bihar,865457.15,Vardaniya,Chadha,yuvaan17@example.com,7804104866,33,Female,Jodhpur,Bihar,Low,2024-03-21,True,True
152497,16419,2022-10-03,completed,Bilaspur,West Bengal,344289.44,Romil,Bandi,xanand@example.net,3817735829,30,Male,Bilaspur,West Bengal,High,2023-05-19,True,True
152556,7721,2024-01-31,completed,Sasaram,Uttar Pradesh,647513.41,Ishaan,Rajagopal,kallavritika@example.net,918747364047,36,Male,Sasaram,Uttar Pradesh,Medium,2022-03-29,True,True
152578,12550,2023-12-01,completed,Davanagere,Tamil Nadu,351793.35,Renee,Balay,ksekhon@example.com,913833434906,40,Female,Davanagere,Tamil Nadu,Low,2024-08-31,True,True
152626,16524,2023-07-15,shipped,Ahmedabad,Kerala,561089.52,Nehmat,Ramesh,dramesh@example.com,4734395459,50,Female,Ahmedabad,Kerala,Low,2022-10-24,True,True
152638,9370,2022-03-30,delivered,Darbhanga,Maharashtra,456514.18,Baiju,Bawa,shankarsamar@example.net,918730627213,42,Female,Darbhanga,Maharashtra,Low,2023-07-07,True,True
152706,13693,2024-12-23,completed,Fatehpur,Rajasthan,718499.17,Zaina,Venkatesh,hkari@example.com,29981603,40,Male,Fatehpur,Rajasthan,Medium,2022-10-12,True,True
152738,18271,2023-08-02,completed,North Dumdum,Bihar,614453.44,Parinaaz,Chakrabarti,kulkarniahana@example.com,1482294578,18,Female,North Dumdum,Bihar,Medium,2024-01-09,True,True
152936,16355,2024-03-30,cancelled,Madanapalle,Uttar Pradesh,410274.2,Riaan,Kurian,aroy@example.com,524807583,19,Female,Madanapalle,Uttar Pradesh,Medium,2024-04-06,True,True
153038,6656,2022-09-03,shipped,Bhilai,Uttar Pradesh,376597.73,Diya,Dugar,faiyazwalla@example.net,3486476963,37,Female,Bhilai,Uttar Pradesh,Medium,2023-11-20,True,True
153078,17498,2024-11-05,completed,Moradabad,Uttar Pradesh,443056.15,Ishaan,Dasgupta,jsibal@example.org,2810676256,43,Male,Moradabad,Uttar Pradesh,Medium,2024-05-13,True,True
153144,7499,2023-12-29,delivered,Dehri,Madhya Pradesh,471719.97,Abram,Luthra,vedika31@example.com,7259333816,33,Female,Dehri,Madhya Pradesh,High,2023-01-03,True,True
153162,12642,2024-04-29,completed,Uluberia,Madhya Pradesh,428474.82,Vritika,Lata,alia26@example.org,910413647522,63,Female,Uluberia,Madhya Pradesh,Premium,2023-01-01,True,True
153176,16999,2022-08-05,shipped,Howrah,Karnataka,375167.25,Sana,Kumar,ramivana@example.net,910994949497,20,Male,Howrah,Karnataka,Low,2024-01-18,True,True
153292,1457,2023-07-31,completed,Orai,Tamil Nadu,407855.01,Anika,Baria,nayantarakarnik@example.net,6383543468,28,Male,Orai,Tamil Nadu,Medium,2023-10-29,True,True
153295,19066,2023-05-17,pending,Ichalkaranji,Karnataka,349298.26,Manikya,Malhotra,jvasa@example.org,1090818753,28,Female,Ichalkaranji,Karnataka,High,2022-06-15,True,True
153308,16839,2024-08-25,completed,Jammu,Tamil Nadu,339986.58,Anay,Swaminathan,elakshi50@example.net,819957660,48,Female,Jammu,Tamil Nadu,High,2022-02-25,True,True
153422,14936,2023-04-01,shipped,Amritsar,Bihar,520404.05,Renee,Seth,ritvik13@example.org,449749561,46,Male,Amritsar,Bihar,Medium,2022-12-02,True,True
153458,5110,2022-05-31,delivered,Erode,Karnataka,336589.0,Nitara,Lad,prishadey@example.org,310846175,46,Male,Erode,Karnataka,Low,2023-05-04,True,True
153459,13929,2022-04-08,delivered,Navi Mumbai,Tamil Nadu,598802.45,Onkar,Biswas,kaulmisha@example.com,9353928200,33,Female,Navi Mumbai,Tamil Nadu,Low,2023-01-09,True,True
153486,18526,2024-01-05,completed,Bongaigaon,Tamil Nadu,333691.8,Dishani,Ahluwalia,dhaliwalishita@example.net,291556935,21,Female,Bongaigaon,Tamil Nadu,Low,2023-08-21,False,True
153494,10390,2022-08-07,processing,Allahabad,West Bengal,451250.47,Jhanvi,Bath,advik36@example.net,915555544382,18,Male,Allahabad,West Bengal,Low,2024-06-27,True,True
153507,16986,2023-11-09,completed,Ramagundam,West Bengal,449793.15,Ivan,Karpe,anyasharaf@example.org,912636943214,23,Male,Ramagundam,West Bengal,High,2023-11-13,True,True
153510,14250,2023-10-10,pending,Gurgaon,Rajasthan,336917.34,Darshit,Dugar,zgolla@example.com,6299652516,40,Male,Gurgaon,Rajasthan,High,2024-04-07,True,True
153571,12206,2024-11-11,completed,Singrauli,Uttar Pradesh,428554.97,Keya,Dube,vidur89@example.org,7933050144,42,Male,Singrauli,Uttar Pradesh,Medium,2022-01-04,True,True
153604,2299,2024-04-16,completed,Darbhanga,Karnataka,542888.02,Anay,Lal,qreddy@example.org,8632908505,34,Male,Darbhanga,Karnataka,Premium,2024-11-08,True,True
153615,5213,2022-02-11,delivered,Bihar Sharif,Uttar Pradesh,714986.97,Pari,Yogi,deyindranil@example.com,918274619816,54,Female,Bihar Sharif,Uttar Pradesh,Low,2022-12-30,True,True
153621,4645,2022-12-08,completed,Ludhiana,Uttar Pradesh,410737.77,Eshani,Vohra,advik48@example.net,910606708762,42,Female,Ludhiana,Uttar Pradesh,Low,2024-02-29,True,True
153726,11097,2023-02-15,pending,Mango,Bihar,328837.19,Kartik,Rama,vmaster@example.net,7417018348,50,Male,Mango,Bihar,Medium,2023-10-02,True,True
153727,1305,2024-06-12,completed,Malegaon,Kerala,333126.72,Umang,Soni,miraan90@example.com,8909322533,28,Male,Malegaon,Kerala,Low,2022-01-11,True,True
153823,5180,2022-08-24,completed,Motihari,Tamil Nadu,362355.25,Gokul,Wason,yuvraj-90@example.org,9681664017,34,Female,Motihari,Tamil Nadu,Low,2024-06-30,False,True
153853,11049,2022-11-14,completed,Cuttack,Karnataka,430935.62,Aarush,Jain,ckanda@example.net,919161888462,38,Female,Cuttack,Karnataka,Medium,2023-04-12,True,True
153886,2181,2022-10-16,pending,Bardhaman,Uttar Pradesh,347023.5,Prisha,Amble,sarkaraarush@example.net,919176532448,18,Female,Bardhaman,Uttar Pradesh,Low,2022-12-06,True,True
153901,11756,2024-10-21,delivered,Bhagalpur,Maharashtra,340608.59,Kiara,Ben,kismatshankar@example.net,912959864842,25,Male,Bhagalpur,Maharashtra,Low,2022-05-08,True,True
153971,4382,2023-03-19,delivered,Bahraich,Gujarat,396064.4,Lavanya,Kothari,aaravbahri@example.com,6329568986,45,Male,Bahraich,Gujarat,High,2023-04-27,True,True
153987,1100,2022-08-23,completed,Mango,Karnataka,328662.61,Faiyaz,Ganguly,sairachand@example.com,9479507407,36,Male,Mango,Karnataka,Low,2024-12-29,True,True
154038,8500,2022-06-13,shipped,Phagwara,Bihar,442650.11,Manjari,Manda,advik82@example.net,910196516207,40,Male,Phagwara,Bihar,Low,2022-12-30,True,True
154055,17270,2022-07-31,completed,Jaunpur,Maharashtra,378172.48,Nirvi,Zachariah,hansh15@example.net,914014114577,18,Male,Jaunpur,Maharashtra,High,2023-06-19,True,True
154108,2467,2024-05-30,processing,Tiruchirappalli,Bihar,376887.66,Shanaya,Badal,bsom@example.com,6706331191,18,Female,Tiruchirappalli,Bihar,Medium,2022-06-12,True,True
154131,5127,2024-12-30,delivered,Bongaigaon,Rajasthan,356457.96,Jivin,De,ryan17@example.org,5443961890,24,Female,Bongaigaon,Rajasthan,High,2022-10-23,True,True
154189,13395,2023-07-06,delivered,Baranagar,Madhya Pradesh,623333.07,Ritvik,Kade,ikunda@example.com,860944343,22,Male,Baranagar,Madhya Pradesh,High,2022-10-23,True,True
154292,6674,2022-11-27,completed,Sasaram,Uttar Pradesh,368606.0,Yuvaan,Kibe,doctorabram@example.com,7188668926,42,Female,Sasaram,Uttar Pradesh,High,2024-07-23,True,True
154386,9516,2023-08-22,shipped,Gwalior,Delhi,731429.7,Anya,Chandran,ela23@example.com,9549356818,28,Female,Gwalior,Delhi,High,2024-08-20,True,True
154421,16061,2024-04-23,cancelled,Ranchi,Maharashtra,638428.95,Shlok,Iyengar,kiaanchadha@example.com,917554158909,54,Male,Ranchi,Maharashtra,Low,2023-08-26,True,True
154439,18068,2022-07-13,completed,Allahabad,Telangana,515003.27,Prerak,Gole,surariya@example.net,519194830,30,Female,Allahabad,Telangana,Medium,2022-04-02,True,True
154460,1201,2022-04-22,completed,Silchar,Madhya Pradesh,598522.24,Vritika,Ramakrishnan,nitarareddy@example.net,521026270,18,Female,Silchar,Madhya Pradesh,Medium,2023-03-27,True,True
154531,18428,2022-06-03,completed,Dhule,Bihar,422192.3,Anaya,Kumar,asom@example.com,910735207316,53,Female,Dhule,Bihar,Medium,2024-10-18,True,True
154533,10402,2024-01-04,completed,Munger,Uttar Pradesh,371999.99,Uthkarsh,Dar,gbrahmbhatt@example.net,4581866255,30,Female,Munger,Uttar Pradesh,High,2023-10-14,True,True
154541,5822,2022-05-06,completed,Singrauli,Kerala,386792.98,Aarush,Bala,onkarbiswas@example.net,912562467751,34,Male,Singrauli,Kerala,Low,2023-09-26,True,True
154580,14744,2022-09-28,cancelled,Pondicherry,Uttar Pradesh,325441.12,Samar,Buch,tiyawalla@example.org,917516363898,26,Male,Pondicherry,Uttar Pradesh,High,2023-11-30,True,True
154652,19349,2023-10-25,shipped,Salem,Madhya Pradesh,510984.95,Gatik,Chaudry,taimur56@example.com,5116161503,53,Female,Salem,Madhya Pradesh,Medium,2022-10-30,True,True
154662,8269,2023-12-20,completed,Bellary,Uttar Pradesh,907635.94,Priyansh,Thakkar,kartikmani@example.org,4123078531,51,Female,Bellary,Uttar Pradesh,Low,2024-04-03,True,True
154773,10511,2022-05-25,completed,Berhampur,Maharashtra,329030.92,Saanvi,Talwar,ksuri@example.org,6704491324,36,Male,Berhampur,Maharashtra,High,2024-12-07,True,True
154819,3386,2022-09-01,completed,Dharmavaram,Tamil Nadu,455839.99,Sara,Guha,vmall@example.com,917164361116,56,Male,Dharmavaram,Tamil Nadu,Premium,2023-08-01,True,True
154821,8543,2023-11-17,shipped,Chapra,Uttar Pradesh,473348.38,Anahita,Goel,ivanaarya@example.org,7185219810,33,Female,Chapra,Uttar Pradesh,Medium,2022-03-13,True,True
154856,9649,2023-06-10,completed,Bhopal,Maharashtra,390618.1,Renee,Dave,emirsathe@example.net,916983240026,43,Male,Bhopal,Maharashtra,Low,2023-09-24,True,True
154886,7653,2024-06-16,shipped,Ghaziabad,Madhya Pradesh,480509.68,Ivan,Hari,nirvaankapoor@example.com,2193165370,19,Female,Ghaziabad,Madhya Pradesh,High,2024-04-12,True,True
154970,8222,2022-02-15,completed,Patiala,Kerala,361291.17,Romil,Bhatia,zaina11@example.com,917945733201,47,Female,Patiala,Kerala,Low,2023-03-10,True,True
154995,2666,2022-04-24,completed,Muzaffarnagar,Uttar Pradesh,387293.19,Nehmat,Sankar,navya13@example.com,9906574169,21,Female,Muzaffarnagar,Uttar Pradesh,Low,2023-10-08,True,True
155033,9393,2023-03-05,delivered,Agra,Telangana,367814.37,Jayesh,Sidhu,aaryahi30@example.net,1865188877,23,Female,Agra,Telangana,Low,2024-05-25,True,True
155094,16094,2022-05-08,completed,Bhubaneswar,Tamil Nadu,607372.9,Kavya,Dyal,abramsubramanian@example.org,925075365,44,Female,Bhubaneswar,Tamil Nadu,Medium,2023-09-19,True,True
155098,19407,2022-04-07,pending,Bharatpur,Kerala,343606.65,Mannat,Ramakrishnan,purab77@example.net,6913149075,39,Male,Bharatpur,Kerala,High,2022-04-22,True,True
155144,11538,2023-09-30,completed,Vellore,West Bengal,365982.55,Samarth,Baria,sunderyuvraj@example.com,6656785971,42,Male,Vellore,West Bengal,Medium,2023-09-23,True,True
155158,9251,2023-03-07,completed,Tezpur,Madhya Pradesh,445436.36,Aaina,Mani,prishaedwin@example.org,916771076800,28,Male,Tezpur,Madhya Pradesh,High,2024-01-02,True,True
155174,10490,2024-12-13,completed,Avadi,Gujarat,686584.73,Mamooty,Shere,onkar94@example.net,5183744026,23,Female,Avadi,Gujarat,Low,2023-02-05,True,True
155191,322,2024-05-19,processing,Moradabad,Maharashtra,565779.08,Darshit,Sibal,jupadhyay@example.org,7214586833,54,Female,Moradabad,Maharashtra,Low,2024-06-06,True,True
155287,4665,2024-12-13,completed,Chandigarh,Karnataka,387372.66,Biju,Hora,ranadishani@example.com,187166993,18,Female,Chandigarh,Karnataka,High,2022-03-27,True,True
155312,821,2024-06-01,shipped,Belgaum,Madhya Pradesh,440306.29,Hansh,Ghose,ishita37@example.com,1715810213,41,Female,Belgaum,Madhya Pradesh,Low,2023-08-04,True,True
155325,14002,2024-02-20,shipped,Berhampore,Bihar,448463.85,Ela,Goswami,chokshieshani@example.com,1984772697,45,Female,Berhampore,Bihar,Low,2022-06-08,True,True
155327,1844,2022-11-13,shipped,Proddatur,Bihar,695301.58,Myra,Sachar,raunakdixit@example.com,6311213807,32,Male,Proddatur,Bihar,Low,2024-01-29,True,True
155401,15291,2022-07-16,cancelled,Kumbakonam,Uttar Pradesh,660362.84,Arhaan,Lanka,qdar@example.net,1575089017,27,Female,Kumbakonam,Uttar Pradesh,Medium,2024-03-05,True,True
155423,8317,2024-04-24,completed,Chittoor,Uttar Pradesh,470582.09,Hunar,Madan,dharmajan67@example.org,1762747821,26,Female,Chittoor,Uttar Pradesh,Medium,2023-07-07,True,True
155426,2142,2023-03-06,completed,Hindupur,Madhya Pradesh,640300.04,Kiara,Mallick,dbora@example.com,4220618506,49,Female,Hindupur,Madhya Pradesh,Medium,2024-04-12,True,True
155447,16935,2023-04-14,completed,Muzaffarpur,West Bengal,429052.04,Kartik,Setty,yohannankeya@example.net,917493711525,34,Male,Muzaffarpur,West Bengal,Low,2022-09-30,True,True
155470,13787,2023-08-14,shipped,Ballia,Uttar Pradesh,383237.15,Aaryahi,Sharaf,bhamini59@example.org,915027338664,30,Male,Ballia,Uttar Pradesh,Medium,2024-11-03,True,True
155483,17971,2022-10-25,completed,Hyderabad,Uttar Pradesh,354444.92,Indranil,D’Alia,ishita08@example.org,3142445337,40,Female,Hyderabad,Uttar Pradesh,Medium,2022-02-04,True,True
155486,2682,2023-11-05,completed,Vijayawada,West Bengal,366680.9,Yakshit,Kibe,ykhurana@example.com,5932249673,30,Male,Vijayawada,West Bengal,Low,2024-07-04,True,True
155510,13438,2024-05-30,pending,Gorakhpur,Punjab,523365.85,Tanya,Mahajan,faiyazchacko@example.com,5434025773,32,Female,Gorakhpur,Punjab,Medium,2024-10-06,True,True
155559,2756,2024-07-02,processing,Singrauli,Bihar,479314.24,Gokul,Sridhar,vaibhavvarty@example.org,2494700251,28,Female,Singrauli,Bihar,Low,2024-10-08,True,True
155566,8919,2022-03-23,cancelled,Ghaziabad,Maharashtra,325314.92,Divyansh,Chadha,agarwallagan@example.org,919896532865,26,Male,Ghaziabad,Maharashtra,Low,2022-10-24,True,True
155676,2452,2022-08-03,completed,Kavali,Uttar Pradesh,559367.61,Damini,Bandi,alia26@example.com,639924161,57,Female,Kavali,Uttar Pradesh,High,2023-06-23,True,True
155707,3314,2023-06-15,completed,Rampur,Uttar Pradesh,377521.71,Siya,Baral,shlokdass@example.org,5287847590,58,Male,Rampur,Uttar Pradesh,Medium,2023-12-25,True,True
155721,12619,2023-08-23,completed,Sagar,Uttar Pradesh,555699.42,Vivaan,Sagar,desaialisha@example.org,206837339,42,Male,Sagar,Uttar Pradesh,High,2022-02-19,True,True
155851,88,2023-09-26,delivered,Begusarai,Maharashtra,379098.61,Parinaaz,Mangal,xkashyap@example.com,8862392407,24,Male,Begusarai,Maharashtra,Low,2022-06-09,False,True
156100,16082,2024-04-12,completed,Gwalior,Maharashtra,718737.47,Amani,Talwar,dtaneja@example.org,9131149007,46,Female,Gwalior,Maharashtra,Low,2024-05-23,True,True
156376,18655,2023-03-27,shipped,Berhampore,Uttar Pradesh,363371.89,Anay,Lanka,dhillontejas@example.net,9452729199,35,Male,Berhampore,Uttar Pradesh,Medium,2023-07-07,True,True
156381,5190,2022-01-21,completed,Navi Mumbai,Karnataka,516811.36,Baiju,Rao,sethjayant@example.org,8183691248,18,Female,Navi Mumbai,Karnataka,Low,2024-11-06,True,True
156416,2702,2024-03-13,completed,Guntakal,Karnataka,538541.87,Tara,Ghose,tiya46@example.net,1206906119,36,Female,Guntakal,Karnataka,Medium,2023-12-07,True,True
156422,9910,2022-01-31,processing,Nangloi Jat,West Bengal,705810.5,Hazel,Kumer,fbehl@example.net,4922684572,40,Female,Nangloi Jat,West Bengal,Low,2022-07-04,True,True
156427,1427,2022-08-04,shipped,Raipur,Maharashtra,347630.66,Diya,Luthra,ehsaanbarad@example.com,914701235036,38,Male,Raipur,Maharashtra,Medium,2023-05-19,True,True
156457,17814,2024-04-21,cancelled,Secunderabad,Uttar Pradesh,338986.29,Kiaan,Sandhu,tarakurian@example.org,9483946768,39,Male,Secunderabad,Uttar Pradesh,Low,2024-11-24,True,True
156464,3269,2023-06-21,delivered,Varanasi,Bihar,390376.53,Zoya,Chakraborty,jivinborah@example.com,8337622334,18,Female,Varanasi,Bihar,High,2022-06-29,True,True
156467,9729,2023-05-09,cancelled,Uluberia,Tamil Nadu,485937.73,Priyansh,Bora,cbandi@example.com,914342521381,18,Female,Uluberia,Tamil Nadu,High,2024-03-03,True,True
156493,748,2022-01-27,completed,Nangloi Jat,West Bengal,424871.2,Samarth,Kala,jgaba@example.net,3398741132,37,Male,Nangloi Jat,West Bengal,Premium,2024-07-10,True,True
156511,6928,2023-12-27,pending,Navi Mumbai,Madhya Pradesh,417060.22,Ritvik,Kadakia,royparinaaz@example.net,1132350213,23,Female,Navi Mumbai,Madhya Pradesh,Medium,2022-07-31,True,True
156537,6677,2022-01-07,delivered,Jhansi,Kerala,425329.84,Pranay,Kata,indrajitdada@example.com,913928288349,25,Female,Jhansi,Kerala,Low,2024-04-26,True,True
156604,10557,2024-12-01,completed,Deoghar,Bihar,366638.7,Diya,Dhar,deeprohan@example.com,914179421661,30,Male,Deoghar,Bihar,Medium,2022-04-14,True,True
156622,16411,2024-08-29,delivered,Sikar,Maharashtra,614247.26,Lakshay,Sachdeva,majumdarraghav@example.com,919946234379,36,Male,Sikar,Maharashtra,Medium,2023-01-04,True,True
156644,5186,2024-10-24,completed,Thoothukudi,Gujarat,495004.34,Dhanush,Behl,hansh66@example.com,913067739544,26,Male,Thoothukudi,Gujarat,Low,2023-07-06,True,True
156647,9366,2022-07-27,delivered,Visakhapatnam,Bihar,337654.2,Shayak,Mall,chaudrysuhana@example.org,7503832646,31,Male,Visakhapatnam,Bihar,Medium,2023-03-27,True,True
156656,18905,2024-01-30,cancelled,Shimoga,Bihar,560127.32,Hazel,Dasgupta,duttaonkar@example.org,918462184594,42,Female,Shimoga,Bihar,Premium,2023-02-15,True,True
156677,14269,2022-11-12,shipped,Arrah,Bihar,629933.55,Riaan,Devi,whayre@example.org,930480137,27,Female,Arrah,Bihar,High,2023-01-10,True,True
156697,12660,2023-02-02,completed,Bhiwani,Gujarat,462865.69,Mahika,Shere,nirvaangara@example.com,4596480643,41,Female,Bhiwani,Gujarat,High,2022-07-06,True,True
156757,5849,2024-12-09,shipped,Kishanganj,Bihar,472900.28,Sumer,Batta,mkalita@example.org,4983413457,47,Male,Kishanganj,Bihar,Medium,2022-06-08,True,True
156774,19940,2023-03-25,completed,Shimla,Rajasthan,386806.29,Anahita,Bhat,taimurdayal@example.org,6779410437,45,Male,Shimla,Rajasthan,Medium,2022-11-11,True,True
156802,7005,2024-09-07,completed,Dewas,Kerala,388860.88,Ivan,Dara,sharafkavya@example.org,2907058100,53,Male,Dewas,Kerala,Medium,2022-04-30,True,True
156915,3404,2023-03-25,completed,Khammam,Madhya Pradesh,644200.06,Anahita,Trivedi,mamootydada@example.com,918379023894,43,Male,Khammam,Madhya Pradesh,Medium,2023-11-10,False,True
156916,15978,2022-09-10,pending,Ozhukarai,Kerala,674317.2,Manikya,Kumer,daraehsaan@example.org,916066941717,45,Male,Ozhukarai,Kerala,High,2023-11-09,True,True
156944,19061,2022-03-04,delivered,Gandhidham,Tamil Nadu,356937.26,Samarth,Divan,pariahluwalia@example.net,8000963744,36,Female,Gandhidham,Tamil Nadu,Medium,2023-08-05,True,True
156955,18909,2022-02-02,processing,Avadi,Bihar,379720.28,Ivan,Kala,ytara@example.com,3838924054,39,Male,Avadi,Bihar,Medium,2024-11-17,True,True
157010,16460,2022-05-26,completed,Darbhanga,Punjab,376981.9,Umang,Dhar,samarthganesh@example.org,7415899511,36,Female,Darbhanga,Punjab,High,2023-06-25,True,True
157029,11834,2022-05-16,completed,Raebareli,Karnataka,447075.88,Arhaan,Batta,imann@example.com,6937663662,34,Male,Raebareli,Karnataka,Medium,2022-08-02,True,True
157067,8494,2024-02-29,delivered,Phagwara,Maharashtra,441990.06,Parinaaz,Singhal,nmander@example.net,5179035684,32,Male,Phagwara,Maharashtra,Low,2022-12-12,True,True
157113,15883,2024-02-18,completed,Thiruvananthapuram,Rajasthan,457462.11,Rati,Kuruvilla,edhillon@example.net,913015056130,35,Male,Thiruvananthapuram,Rajasthan,Medium,2024-09-25,True,True
157137,2904,2022-02-06,pending,Kalyan-Dombivli,Maharashtra,400017.83,Umang,Badal,mangatnakul@example.org,919569320506,31,Female,Kalyan-Dombivli,Maharashtra,Low,2023-09-09,True,True
157266,2111,2024-11-09,shipped,Malegaon,Uttar Pradesh,600582.65,Nirvaan,Kala,srivastavacharvi@example.net,9645495957,39,Female,Malegaon,Uttar Pradesh,Low,2023-11-28,True,True
157331,18539,2023-02-14,pending,Pimpri-Chinchwad,West Bengal,534230.43,Himmat,Lad,xdeo@example.com,3887380135,23,Female,Pimpri-Chinchwad,West Bengal,Low,2024-04-04,True,True
157344,9449,2023-02-24,pending,Karawal Nagar,Maharashtra,397897.85,Samiha,Krishnamurthy,nkarpe@example.net,9116527543,31,Male,Karawal Nagar,Maharashtra,Low,2023-01-22,True,True
157466,6214,2022-11-22,delivered,Haldia,Uttar Pradesh,453188.32,Veer,Chatterjee,ravalkismat@example.net,863093645,60,Female,Haldia,Uttar Pradesh,High,2024-07-07,True,True
157539,10878,2023-12-30,completed,Faridabad,West Bengal,734539.76,Drishya,Dugar,cdugal@example.com,5693428869,38,Male,Faridabad,West Bengal,Medium,2024-07-10,True,True
157585,6400,2024-06-16,delivered,Karimnagar,Bihar,420786.57,Priyansh,Salvi,dishani04@example.com,919288930599,37,Female,Karimnagar,Bihar,Low,2023-05-06,True,True
157622,475,2024-01-10,completed,Jalandhar,Maharashtra,543937.56,Rania,Bali,bijusuresh@example.com,914961108046,33,Male,Jalandhar,Maharashtra,Medium,2024-08-16,True,True
157665,3040,2023-09-16,completed,Vijayanagaram,Madhya Pradesh,389570.44,Tanya,Toor,kchahal@example.com,912964991047,34,Male,Vijayanagaram,Madhya Pradesh,High,2023-04-08,True,True
157705,13124,2023-03-04,completed,Bhiwandi,Kerala,447662.23,Darshit,Sethi,echerian@example.org,1406065635,18,Female,Bhiwandi,Kerala,High,2024-08-03,True,True
157743,10611,2024-08-24,delivered,Bathinda,Uttar Pradesh,448429.69,Raghav,Saxena,contractormohanlal@example.net,917797474697,30,Female,Bathinda,Uttar Pradesh,Medium,2023-07-12,True,True
157781,16234,2023-12-30,delivered,Mango,Uttar Pradesh,463462.44,Lagan,Setty,bumbahana@example.com,918387904619,45,Female,Mango,Uttar Pradesh,Low,2024-09-29,True,True
157783,2635,2024-07-11,completed,Kurnool,Telangana,643995.76,Mishti,Ranganathan,kalasaira@example.net,4735642729,35,Male,Kurnool,Telangana,Low,2023-10-04,True,True
157784,12689,2023-04-06,completed,Rajahmundry,West Bengal,329013.95,Vivaan,Thaker,srivastavanayantara@example.com,8520022983,18,Male,Rajahmundry,West Bengal,High,2022-10-24,True,True
157816,5980,2023-12-10,delivered,Karimnagar,Uttar Pradesh,429227.58,Vidur,Kadakia,abalay@example.org,910794509854,32,Female,Karimnagar,Uttar Pradesh,Medium,2024-01-03,True,True
157872,7695,2022-07-24,completed,Shimla,Uttar Pradesh,378060.01,Jivika,Tara,adalia@example.net,1519150468,56,Female,Shimla,Uttar Pradesh,Medium,2023-08-27,True,True
157928,1127,2023-10-31,delivered,Chinsurah,Bihar,323771.75,Yakshit,Raj,saira53@example.com,916597466986,30,Male,Chinsurah,Bihar,Medium,2022-11-21,True,True
157942,11947,2023-10-17,processing,Kishanganj,Maharashtra,350424.11,Damini,Gara,aaina32@example.com,9243599139,43,Female,Kishanganj,Maharashtra,Medium,2023-07-23,True,True
157952,13746,2024-04-02,processing,Narasaraopet,Karnataka,354736.43,Hazel,Dani,tankdishani@example.org,3563139757,20,Male,Narasaraopet,Karnataka,High,2024-01-14,True,True
157969,15767,2024-11-28,completed,Vijayawada,Uttar Pradesh,354444.92,Kabir,Kapur,anay89@example.net,916787809417,41,Male,Vijayawada,Uttar Pradesh,Low,2022-12-13,True,True
157982,9741,2022-10-12,completed,Begusarai,Madhya Pradesh,377611.08,Shanaya,Venkatesh,rattiriaan@example.net,917563947568,34,Male,Begusarai,Madhya Pradesh,Low,2024-08-10,True,True
157984,7138,2024-10-02,pending,Aurangabad,Delhi,529333.75,Biju,Deol,rattaanvi@example.org,910114884246,29,Female,Aurangabad,Delhi,Low,2022-11-07,True,True
157992,4949,2024-07-31,completed,Yamunanagar,Bihar,371974.57,Riya,Loyal,alisha72@example.net,333606359,33,Female,Yamunanagar,Bihar,Premium,2023-11-12,True,True
158002,1404,2024-01-03,delivered,Bathinda,Uttar Pradesh,455686.52,Inaaya ,Balan,zeeshanbarman@example.com,2016555786,36,Male,Bathinda,Uttar Pradesh,Medium,2024-02-15,True,True
158047,9280,2024-03-04,processing,Hindupur,Uttar Pradesh,347704.14,Kiaan,Ratti,nakul06@example.org,8529239985,37,Male,Hindupur,Uttar Pradesh,Low,2022-06-03,True,True
158080,8765,2023-04-26,completed,Fatehpur,Rajasthan,414152.28,Pari,Chandra,brahmbhattpihu@example.net,910084343797,18,Female,Fatehpur,Rajasthan,Low,2023-07-23,True,True
158100,6557,2023-09-01,completed,Kakinada,Uttar Pradesh,498228.46,Divit,Sahni,brarkashvi@example.com,4072051585,40,Female,Kakinada,Uttar Pradesh,Medium,2022-04-10,True,True
158108,5282,2024-11-19,completed,Satna,Uttar Pradesh,393209.61,Parinaaz,Goda,dharmajan98@example.net,912098993659,37,Male,Satna,Uttar Pradesh,Low,2022-09-19,False,True
158131,6895,2022-06-04,completed,Uluberia,Gujarat,404582.3,Vaibhav,Deo,obhalla@example.com,4405914987,27,Male,Uluberia,Gujarat,High,2024-10-06,True,True
158242,10769,2022-12-27,shipped,Tinsukia,Madhya Pradesh,400755.76,Krish,Mallick,ugarg@example.com,5859612912,26,Male,Tinsukia,Madhya Pradesh,Low,2024-02-15,True,True
158247,8572,2022-08-06,completed,Bongaigaon,Karnataka,560531.03,Saira,Suri,magargokul@example.org,5777322116,18,Female,Bongaigaon,Karnataka,High,2024-11-14,True,True
158260,5703,2023-02-11,completed,Ulhasnagar,Kerala,519933.77,Oorja,Barad,duttishaan@example.net,1562783123,28,Male,Ulhasnagar,Kerala,High,2024-08-12,True,True
158280,5956,2022-10-29,completed,Sagar,Uttar Pradesh,399178.26,Bhamini,Jaggi,kiaanben@example.net,5761102251,46,Male,Sagar,Uttar Pradesh,Medium,2023-09-21,True,True
158307,2149,2023-07-25,completed,Udupi,Maharashtra,464543.93,Eshani,Vasa,farhan79@example.com,916799010271,24,Female,Udupi,Maharashtra,Low,2023-05-01,True,True
158330,19903,2024-11-13,completed,New Delhi,Maharashtra,568143.41,Rhea,Rajagopal,sarnanirvi@example.com,919208126013,44,Female,New Delhi,Maharashtra,Medium,2022-05-21,True,True
158345,14054,2024-10-25,completed,Miryalaguda,Punjab,382088.34,Elakshi,Toor,annerohan@example.net,915410981541,18,Male,Miryalaguda,Punjab,Medium,2023-01-07,True,True
158381,9817,2024-02-20,shipped,Baranagar,Gujarat,370481.5,Kaira,Mannan,amblekimaya@example.com,918461099412,49,Male,Baranagar,Gujarat,Low,2022-08-23,True,True
158387,15918,2022-10-11,completed,Rajpur Sonarpur,Maharashtra,335864.7,Shanaya,Deo,ivan72@example.net,6522018178,28,Male,Rajpur Sonarpur,Maharashtra,Medium,2024-07-25,True,True
158402,3690,2023-11-18,cancelled,Tumkur,Delhi,440268.3,Tejas,Bumb,hazel53@example.com,9951541436,25,Female,Tumkur,Delhi,Medium,2023-01-08,True,True
158446,6573,2024-11-17,completed,Phusro,Uttar Pradesh,447980.5,Sahil,Doshi,dbahl@example.org,5482135497,29,Female,Phusro,Uttar Pradesh,Medium,2024-06-21,True,True
158504,12045,2024-10-02,completed,Amravati,West Bengal,567726.12,Damini,Bir,kimaya75@example.net,4594857000,29,Male,Amravati,West Bengal,Low,2023-10-08,True,True
158516,3138,2023-10-08,completed,Sri Ganganagar,Maharashtra,546998.2,Ryan,Kari,aliachada@example.net,913917619682,18,Female,Sri Ganganagar,Maharashtra,Low,2024-03-22,True,True
158520,1983,2024-08-27,pending,Thrissur,Punjab,373618.82,Farhan,Hayre,ela49@example.com,9738330614,28,Male,Thrissur,Punjab,High,2023-05-15,True,True
158590,17855,2024-04-23,completed,Bilaspur,Gujarat,466929.56,Pari,Raval,haggarwal@example.org,911867400202,50,Male,Bilaspur,Gujarat,High,2024-07-27,True,True
158625,15247,2023-05-16,completed,Bhatpara,Telangana,362964.86,Anahita,Deshmukh,ladanaya@example.org,4726262095,21,Male,Bhatpara,Telangana,High,2024-06-17,True,True
158742,9032,2023-11-01,completed,Bhiwandi,Delhi,354691.68,Rati,Basu,sandhubadal@example.org,6483307855,44,Female,Bhiwandi,Delhi,High,2022-01-26,True,True
158758,6614,2023-06-07,completed,Berhampur,Gujarat,356431.23,Gatik,D’Alia,contractorarnav@example.com,916952156056,32,Female,Berhampur,Gujarat,Low,2023-05-31,True,True
158789,8705,2024-08-25,completed,Sonipat,Rajasthan,329136.54,Eshani,Upadhyay,gatik19@example.com,8860230229,22,Male,Sonipat,Rajasthan,Low,2024-06-13,True,True
158791,5210,2023-07-04,pending,Imphal,Rajasthan,337531.16,Rohan,Sahni,gatik89@example.org,914822247155,49,Female,Imphal,Rajasthan,Low,2022-05-26,True,True
158830,4142,2024-10-05,delivered,Medininagar,West Bengal,457235.51,Rohan,Lal,baiju73@example.org,7916290772,44,Male,Medininagar,West Bengal,Premium,2022-07-19,True,True
158882,19443,2022-05-21,completed,Noida,Gujarat,354444.92,Pihu,Varty,anahitakeer@example.org,7527663358,18,Female,Noida,Gujarat,Low,2023-01-27,True,True
158930,5870,2024-01-05,completed,Begusarai,Maharashtra,429404.2,Jivin,Sule,gourrasha@example.com,915827991404,38,Male,Begusarai,Maharashtra,Low,2024-12-03,True,True
158992,18972,2023-09-05,completed,Bathinda,West Bengal,454717.14,Charvi,Randhawa,adah05@example.org,911199811580,35,Male,Bathinda,West Bengal,Medium,2022-05-25,True,True
159001,8172,2022-01-31,pending,Raebareli,Maharashtra,500378.92,Alisha,Deol,fsankar@example.net,919613168183,34,Female,Raebareli,Maharashtra,Low,2023-08-26,True,True
159026,9478,2023-08-06,completed,Tiruchirappalli,Uttar Pradesh,331425.18,Lagan,Banerjee,dassira@example.net,1741982802,29,Male,Tiruchirappalli,Uttar Pradesh,Low,2023-08-07,True,True
159036,8247,2024-04-02,completed,Jabalpur,Bihar,382570.61,Piya,Chopra,divij34@example.org,910730199896,25,Male,Jabalpur,Bihar,High,2022-08-27,True,True
159133,5914,2024-10-08,completed,Yamunanagar,Madhya Pradesh,387033.2,Kiaan,Behl,ikrishnamurthy@example.net,1399017855,37,Female,Yamunanagar,Madhya Pradesh,Medium,2023-05-30,True,True
159176,17989,2022-04-03,shipped,Phusro,Madhya Pradesh,522698.55,Elakshi,Shah,hunar03@example.com,913598369457,37,Female,Phusro,Madhya Pradesh,Medium,2023-11-08,True,True
159228,19044,2022-03-31,completed,Saharsa,Kerala,439959.71,Pranay,Bora,senmiraya@example.net,918401145649,50,Female,Saharsa,Kerala,High,2022-12-26,True,True
159253,10585,2024-07-23,shipped,Nagercoil,Maharashtra,515187.1,Dhanuk,Kuruvilla,pravi@example.org,918190533250,35,Female,Nagercoil,Maharashtra,Medium,2024-04-15,True,True
159271,10680,2024-07-03,completed,Ranchi,Maharashtra,492787.21,Anvi,Maharaj,rohantoor@example.org,2261404184,24,Female,Ranchi,Maharashtra,Medium,2024-06-01,True,True
159288,14463,2023-08-17,completed,Hyderabad,Uttar Pradesh,427987.74,Fateh,Hari,nbhagat@example.net,6966106749,30,Male,Hyderabad,Uttar Pradesh,Medium,2023-11-04,True,True
159327,19370,2024-01-04,completed,Jaipur,Maharashtra,357997.73,Madhav,Lad,raviyasmin@example.com,912266054328,33,Male,Jaipur,Maharashtra,Medium,2022-03-21,True,True
159369,16414,2024-08-29,completed,Ambarnath,Uttar Pradesh,413017.7,Lagan,Hari,ishitasant@example.org,916547769422,23,Male,Ambarnath,Uttar Pradesh,Low,2024-03-29,True,True
159375,19571,2024-02-27,completed,Sirsa,Uttar Pradesh,404906.82,Samiha,Dara,aaina22@example.net,911059276414,36,Female,Sirsa,Uttar Pradesh,High,2023-06-12,True,True
159392,18212,2024-11-16,shipped,Patna,Gujarat,719428.5,Navya,Kara,zeeshancheema@example.com,913890779971,42,Female,Patna,Gujarat,High,2022-04-19,True,True
159451,8076,2022-12-20,completed,Jamshedpur,West Bengal,410278.29,Kismat,Koshy,laganbhatia@example.net,188193974,54,Female,Jamshedpur,West Bengal,Medium,2022-04-09,True,True
159481,18231,2024-08-09,completed,Katni,Bihar,446241.91,Ira,Sarin,divij47@example.org,911394645163,28,Female,Katni,Bihar,Medium,2024-01-07,False,True
159518,5206,2024-06-26,completed,Bhopal,West Bengal,506259.2,Taran,Savant,subramaniamdrishya@example.org,8697728873,47,Female,Bhopal,West Bengal,Low,2023-07-20,True,True
159528,7684,2024-03-20,completed,Khammam,Bihar,332387.8,Kavya,Buch,shettystuvan@example.com,236147735,36,Male,Khammam,Bihar,Low,2023-12-17,True,True
159530,6425,2024-01-13,completed,Giridih,Uttar Pradesh,1105562.61,Dishani,Dube,bansalehsaan@example.com,740522572,39,Male,Giridih,Uttar Pradesh,Low,2022-04-28,True,True
159569,643,2022-11-19,completed,Udaipur,Tamil Nadu,374581.99,Zoya,Subramanian,dhruvmanne@example.org,1302056981,35,Female,Udaipur,Tamil Nadu,Low,2024-11-26,True,True
159583,3380,2023-10-10,completed,South Dumdum,Gujarat,556795.45,Onkar,Vig,kalitavedika@example.org,7072742005,22,Female,South Dumdum,Gujarat,Medium,2024-10-06,True,True
159597,6407,2022-04-27,shipped,Kavali,Telangana,463744.88,Vivaan,Dugar,mramakrishnan@example.com,911877359508,41,Female,Kavali,Telangana,Low,2022-12-14,True,True
159645,17020,2023-01-06,delivered,Noida,Gujarat,343784.88,Eshani,Comar,dvig@example.org,914265617453,18,Female,Noida,Gujarat,Low,2023-06-21,True,True
159701,17711,2022-10-06,completed,Hindupur,Gujarat,471052.75,Eva,Grewal,sumerkapoor@example.org,9122428898,36,Male,Hindupur,Gujarat,Low,2023-11-22,False,True
159725,19383,2023-07-23,completed,Satna,Maharashtra,425280.22,Chirag,Lalla,arhaandutt@example.net,911514744311,49,Male,Satna,Maharashtra,Low,2023-03-22,True,True
159735,4608,2024-10-02,completed,Ahmedabad,Rajasthan,329072.22,Khushi,Baral,chakrabortyzaina@example.com,919864935449,19,Female,Ahmedabad,Rajasthan,Medium,2023-11-27,True,True
159740,15946,2024-07-31,completed,Moradabad,Karnataka,401699.41,Zeeshan,Krish,armaansem@example.org,914233578012,38,Female,Moradabad,Karnataka,Low,2024-12-22,True,True
159776,2758,2022-10-22,completed,Shimoga,West Bengal,605331.41,Nirvaan,Yadav,sankarhazel@example.org,7289091006,43,Female,Shimoga,West Bengal,Medium,2024-09-22,True,True
159780,14047,2022-05-28,completed,Kharagpur,Maharashtra,438382.3,Seher,Dewan,sundaramindrans@example.net,9875996097,25,Female,Kharagpur,Maharashtra,Medium,2023-10-13,False,True
159790,5513,2023-06-07,processing,Korba,Rajasthan,396064.4,Raghav,Balasubramanian,rajagopalanryan@example.com,4804114575,38,Male,Korba,Rajasthan,High,2024-07-09,False,True
159811,2569,2023-02-10,cancelled,Phagwara,Maharashtra,437198.24,Nehmat,Borah,reyanshchaudry@example.com,708063139,27,Male,Phagwara,Maharashtra,Premium,2024-10-04,True,True
159816,18447,2023-06-12,delivered,Shimoga,Uttar Pradesh,355541.46,Indrans,Dhillon,raunak27@example.net,911801663866,59,Female,Shimoga,Uttar Pradesh,Low,2024-05-15,True,True
159835,17749,2022-04-16,completed,Mumbai,Bihar,556795.45,Jiya,Hora,pihu89@example.net,5974592759,32,Male,Mumbai,Bihar,Low,2024-03-25,True,True
159873,845,2022-06-19,delivered,Kollam,Maharashtra,398418.66,Shaan,Yadav,vihaan14@example.com,917986321061,30,Female,Kollam,Maharashtra,High,2024-06-04,True,True
159874,13248,2022-04-26,completed,Shivpuri,Gujarat,449785.69,Madhup,Sastry,prerak84@example.com,918460084654,55,Male,Shivpuri,Gujarat,Low,2022-02-17,False,True
159875,19317,2023-10-31,shipped,Sikar,Bihar,395358.61,Aaryahi,Kakar,dgera@example.org,290056609,42,Female,Sikar,Bihar,Premium,2024-03-23,True,True
159887,5376,2023-04-03,completed,Ramgarh,Gujarat,378785.84,Akarsh,Mammen,usengupta@example.net,8797041574,18,Male,Ramgarh,Gujarat,Medium,2023-02-16,True,True
159943,5426,2024-11-28,shipped,Hyderabad,Rajasthan,505173.46,Nitya,Lad,bavakeya@example.com,912314211253,41,Female,Hyderabad,Rajasthan,Medium,2023-03-02,True,True
159951,13241,2023-03-15,completed,Mango,Uttar Pradesh,481550.66,Zaina,Shetty,andramannat@example.org,9932823371,35,Male,Mango,Uttar Pradesh,Medium,2024-12-23,True,True
159962,321,2022-06-25,processing,Arrah,Gujarat,434578.24,Zeeshan,Chakraborty,paridhar@example.net,9982795014,35,Female,Arrah,Gujarat,Premium,2023-08-12,True,True
160015,9002,2024-10-22,completed,Nagercoil,Uttar Pradesh,908578.87,Biju,Sahni,divyanshmandal@example.net,3636902804,25,Male,Nagercoil,Uttar Pradesh,Premium,2024-04-09,True,True
160029,14637,2024-02-12,completed,Anantapuram,Uttar Pradesh,571638.6,Piya,Atwal,lankamadhup@example.com,913465349422,18,Male,Anantapuram,Uttar Pradesh,Medium,2024-02-22,True,True
160045,5339,2024-10-26,processing,Khammam,Bihar,374665.78,Ivana,Sridhar,lagan01@example.org,913487422749,28,Male,Khammam,Bihar,High,2022-08-14,True,True
160264,13565,2022-07-27,pending,Warangal,Uttar Pradesh,371306.83,Tarini,Raju,samarkarnik@example.com,9402245908,21,Female,Warangal,Uttar Pradesh,Medium,2024-10-27,True,True
160282,10227,2022-05-25,completed,Ratlam,Maharashtra,334844.25,Shaan,Sankar,jivika68@example.org,1644867970,37,Male,Ratlam,Maharashtra,Low,2024-07-29,True,True
160287,6158,2023-11-29,completed,Bellary,Punjab,325379.57,Riaan,Tak,miraan18@example.org,6701788135,33,Female,Bellary,Punjab,Low,2022-07-31,True,True
160502,11972,2023-02-10,completed,Hubli–Dharwad,Uttar Pradesh,465462.68,Indrans,Chaudhari,rati05@example.net,3456981314,34,Female,Hubli–Dharwad,Uttar Pradesh,Low,2022-11-27,True,True
160556,3390,2022-10-26,completed,Surendranagar Dudhrej,West Bengal,420939.88,Bhavin,Chander,chadhaonkar@example.com,8247080709,56,Male,Surendranagar Dudhrej,West Bengal,Low,2024-03-14,True,True
160592,12453,2023-11-04,shipped,Kalyan-Dombivli,Telangana,387011.58,Anahita,Edwin,raghavkhanna@example.net,8621297706,45,Female,Kalyan-Dombivli,Telangana,Premium,2024-07-12,True,True
160674,5869,2024-10-21,completed,Motihari,Uttar Pradesh,444032.24,Mamooty,Bhatti,raniavasa@example.com,911523578148,36,Female,Motihari,Uttar Pradesh,Medium,2022-04-06,True,True
160682,6849,2023-03-30,delivered,Kanpur,Uttar Pradesh,343734.89,Dhanush,Atwal,adahraju@example.org,6699295039,71,Male,Kanpur,Uttar Pradesh,High,2022-01-15,True,True
160800,4568,2024-05-11,completed,Miryalaguda,Rajasthan,495080.5,Vedika,Rajagopalan,devansh54@example.net,919461745563,30,Male,Miryalaguda,Rajasthan,Low,2022-03-01,True,True
161000,9616,2023-02-08,completed,Kadapa,Kerala,355344.23,Kabir,Comar,vyassumer@example.com,8448268940,34,Male,Kadapa,Kerala,Low,2024-02-08,True,True
161007,13813,2023-01-09,cancelled,Siwan,Uttar Pradesh,452702.3,Amani,Atwal,srivastavakiara@example.org,7578174344,41,Male,Siwan,Uttar Pradesh,Low,2023-02-09,True,True
161043,11004,2024-08-17,completed,Bhilwara,Bihar,371316.06,Miraan,Kalita,rattisara@example.com,9672762031,32,Male,Bhilwara,Bihar,Low,2022-11-17,True,True
161071,14789,2023-10-28,completed,Orai,West Bengal,352319.53,Kismat,Iyengar,lsoni@example.org,918190751830,50,Male,Orai,West Bengal,Low,2023-08-23,True,True
161184,13035,2023-10-02,completed,Ujjain,Bihar,434578.24,Piya,Mall,purab48@example.net,4763615982,22,Male,Ujjain,Bihar,Medium,2024-06-13,True,True
161207,2297,2023-12-14,processing,Sagar,Telangana,340768.3,Nakul,Bala,prishasheth@example.org,274962383,20,Male,Sagar,Telangana,Low,2022-03-15,True,True
161212,16048,2024-08-24,completed,Dehradun,Madhya Pradesh,726816.04,Anaya,Barad,ebal@example.org,7025267476,54,Male,Dehradun,Madhya Pradesh,Medium,2024-10-04,True,True
161221,5150,2023-12-25,completed,Panvel,Telangana,392649.64,Mamooty,Kohli,samarsridhar@example.com,3063855619,26,Female,Panvel,Telangana,Low,2022-03-30,True,True
161277,10987,2024-06-29,completed,Anand,Uttar Pradesh,368502.8,Raunak,Ahluwalia,thakurshayak@example.net,918684002764,46,Female,Anand,Uttar Pradesh,Medium,2024-05-21,True,True
161285,14721,2023-12-14,cancelled,Kalyan-Dombivli,Maharashtra,476279.91,Aaina,Dutta,yakshit35@example.com,5893811900,31,Male,Kalyan-Dombivli,Maharashtra,Medium,2022-05-22,True,True
161342,11313,2024-07-08,completed,Tiruvottiyur,Tamil Nadu,427914.82,Gatik,Savant,choudharyayesha@example.com,6700470384,55,Male,Tiruvottiyur,Tamil Nadu,Medium,2024-04-08,True,True
161360,8204,2024-01-10,completed,Haridwar,Rajasthan,605655.48,Ivan,Arya,santsamiha@example.com,911259082810,35,Male,Haridwar,Rajasthan,Medium,2023-01-20,True,True
161376,9691,2023-10-14,completed,Tumkur,Uttar Pradesh,533036.3,Lavanya,Tella,zaindutt@example.org,915362321990,37,Female,Tumkur,Uttar Pradesh,Medium,2022-02-10,True,True
161394,692,2023-10-14,cancelled,Bareilly,Bihar,656152.59,Saanvi,Thakkar,uahluwalia@example.com,912710433187,28,Female,Bareilly,Bihar,Medium,2022-04-05,True,True
161398,8323,2023-03-04,completed,Morena,Maharashtra,584744.24,Misha,Bhatia,nityasabharwal@example.net,2514033011,20,Female,Morena,Maharashtra,High,2022-05-04,True,True
161423,7995,2024-12-21,completed,Sambalpur,Tamil Nadu,433471.5,Aarush,Lad,madhupmahajan@example.net,914088761244,34,Male,Sambalpur,Tamil Nadu,Medium,2022-03-21,True,True
161501,3354,2024-05-02,delivered,Bidhannagar,Maharashtra,579675.51,Kashvi,Saxena,rajagopalanromil@example.com,5576696253,22,Male,Bidhannagar,Maharashtra,Low,2022-06-10,True,True
161553,11057,2024-01-08,shipped,Dhanbad,Maharashtra,362995.44,Uthkarsh,Bhavsar,taimur07@example.org,916807488828,41,Male,Dhanbad,Maharashtra,Low,2022-05-09,True,True
161562,10829,2022-10-06,completed,Kochi,Kerala,360860.79,Anahita,Golla,cheriannakul@example.net,6616032710,25,Female,Kochi,Kerala,High,2023-07-16,True,True
161590,4357,2024-11-03,cancelled,Uluberia,Gujarat,324207.23,Riya,Buch,hridaan18@example.com,7823967567,31,Female,Uluberia,Gujarat,Premium,2024-06-27,True,True
161597,6287,2023-06-17,completed,Kumbakonam,Uttar Pradesh,371111.12,Nitara,Madan,xbansal@example.com,8092489854,30,Male,Kumbakonam,Uttar Pradesh,Low,2023-04-23,False,True
161636,5295,2024-02-23,completed,Tirunelveli,Maharashtra,354444.92,Ehsaan,Thakur,emirdasgupta@example.net,1167374976,32,Female,Tirunelveli,Maharashtra,Low,2022-03-11,True,True
161646,7728,2023-03-28,completed,Dewas,Madhya Pradesh,448014.95,Gatik,Magar,adah43@example.net,1101968380,24,Female,Dewas,Madhya Pradesh,Low,2022-08-23,True,True
161772,16565,2024-11-11,completed,Dibrugarh,Telangana,411601.62,Kanav,Malhotra,gokulrajan@example.net,470662165,18,Female,Dibrugarh,Telangana,Medium,2022-12-10,True,True
161773,17834,2023-05-12,completed,Mysore,Bihar,346189.52,Hunar,Korpal,taradamini@example.net,915933273708,49,Male,Mysore,Bihar,Medium,2023-08-11,True,True
161786,10339,2024-11-10,shipped,Surendranagar Dudhrej,Bihar,561917.0,Raghav,Rama,walinitya@example.com,912541220553,39,Male,Surendranagar Dudhrej,Bihar,Medium,2023-12-28,True,True
161849,7402,2024-10-03,processing,Bharatpur,Maharashtra,622711.29,Tushar,Saini,krish78@example.org,910214518656,40,Female,Bharatpur,Maharashtra,Medium,2022-08-06,True,True
161872,13039,2024-04-06,completed,Dibrugarh,Madhya Pradesh,615111.29,Ritvik,Anne,dhanushvenkatesh@example.org,2378945144,34,Female,Dibrugarh,Madhya Pradesh,Medium,2023-04-14,True,True
161899,7248,2024-01-06,completed,Chennai,Tamil Nadu,342938.64,Vaibhav,Rout,ehsaan92@example.org,3856390752,37,Male,Chennai,Tamil Nadu,Medium,2024-12-03,True,True
161972,5439,2024-10-02,completed,Mysore,West Bengal,339305.87,Nirvaan,Sura,hkhatri@example.org,916278423740,43,Female,Mysore,West Bengal,Medium,2024-01-08,True,True
162084,604,2022-04-16,completed,Muzaffarnagar,Madhya Pradesh,456442.81,Seher,Datta,charmahika@example.org,882351305,18,Female,Muzaffarnagar,Madhya Pradesh,Medium,2022-05-10,True,True
162096,8917,2022-08-14,shipped,Giridih,Rajasthan,422836.02,Kaira,Sama,daminibala@example.org,5442281991,49,Female,Giridih,Rajasthan,High,2023-02-26,True,True
162114,12247,2024-11-25,completed,Kirari Suleman Nagar,Madhya Pradesh,368807.78,Umang,Dixit,qjani@example.org,9456420892,18,Male,Kirari Suleman Nagar,Madhya Pradesh,Medium,2024-09-08,True,True
162189,1174,2022-01-17,completed,Kamarhati,Madhya Pradesh,535810.14,Badal,Bhasin,ckunda@example.org,5869017074,45,Male,Kamarhati,Madhya Pradesh,Medium,2024-07-18,True,True
162273,14779,2022-09-03,completed,Mysore,Tamil Nadu,397757.02,Kartik,Rege,mahikabandi@example.org,6490594399,31,Female,Mysore,Tamil Nadu,Low,2023-08-05,True,True
162276,6715,2024-07-21,completed,Bellary,West Bengal,537923.61,Himmat,Cheema,hbaria@example.net,7779512417,27,Male,Bellary,West Bengal,Medium,2022-12-03,True,True
162347,6994,2024-02-03,delivered,Bhilai,Tamil Nadu,325993.22,Jayesh,Chaudhari,kashvisodhi@example.com,912510316708,30,Male,Bhilai,Tamil Nadu,Medium,2024-03-23,True,True
162363,10578,2023-08-06,completed,North Dumdum,Uttar Pradesh,401719.02,Samaira,Aurora,heerrau@example.net,6427606290,41,Female,North Dumdum,Uttar Pradesh,High,2022-08-10,True,True
162389,15073,2023-03-10,completed,Burhanpur,Madhya Pradesh,342675.48,Rati,Venkatesh,kiara98@example.net,2565476550,38,Male,Burhanpur,Madhya Pradesh,Low,2024-03-23,True,True
162426,12710,2023-05-15,delivered,Katni,Maharashtra,679037.82,Elakshi,Varty,renee59@example.net,919116221150,27,Female,Katni,Maharashtra,Medium,2022-03-27,True,True
162483,18952,2022-07-04,completed,Loni,Punjab,382365.3,Lagan,Rout,akarsh83@example.net,916634089693,20,Female,Loni,Punjab,Low,2023-07-25,True,True
162517,7639,2022-08-03,completed,Latur,Maharashtra,353894.38,Lagan,Konda,duajivika@example.org,912732392394,27,Female,Latur,Maharashtra,Low,2024-11-26,True,True
162575,7278,2024-06-29,completed,Kharagpur,Uttar Pradesh,433211.86,Yasmin,Kata,cheemakabir@example.net,6198906738,50,Male,Kharagpur,Uttar Pradesh,Medium,2024-06-22,True,True
162589,10546,2023-04-28,cancelled,Kishanganj,West Bengal,555349.75,Baiju,Hans,romil43@example.com,7770061709,23,Female,Kishanganj,West Bengal,Low,2023-01-08,True,True
162607,10223,2023-11-23,completed,Udupi,West Bengal,513111.92,Ranbir,Madan,anahitawali@example.com,915849142290,18,Male,Udupi,West Bengal,Medium,2022-08-25,True,True
162612,8239,2023-07-01,completed,Hospet,Bihar,473934.68,Zara,Halder,charoorja@example.net,913871545165,43,Male,Hospet,Bihar,Low,2023-12-15,True,True
162620,15456,2024-06-12,completed,Bhilwara,Karnataka,427187.57,Devansh,Bail,anya08@example.org,1323469360,40,Female,Bhilwara,Karnataka,High,2024-12-30,True,True
162650,9200,2022-07-03,completed,Jalgaon,Bihar,369919.44,Romil,Grover,priyanshshroff@example.org,8604667507,40,Female,Jalgaon,Bihar,Medium,2023-11-28,True,True
162666,5173,2022-10-15,delivered,Anantapuram,Delhi,404038.94,Ryan,Choudhary,yakshittara@example.org,630258366,46,Female,Anantapuram,Delhi,High,2022-03-29,True,True
162668,3972,2023-05-27,cancelled,Panchkula,Uttar Pradesh,618860.1,Navya,Mammen,anay70@example.com,919024161772,46,Male,Panchkula,Uttar Pradesh,High,2024-06-04,True,True
162811,10014,2022-01-16,completed,Mirzapur,Telangana,586812.35,Jivin,Gaba,keerstuvan@example.com,6250242092,29,Male,Mirzapur,Telangana,Low,2022-11-19,True,True
162866,15645,2023-03-30,delivered,Chinsurah,Madhya Pradesh,341693.1,Aaryahi,Lata,anvivenkataraman@example.net,4760653255,18,Male,Chinsurah,Madhya Pradesh,High,2022-06-17,True,True
162869,16133,2023-08-07,completed,Sambhal,Tamil Nadu,404978.1,Faiyaz,Hayer,biju46@example.org,5786160596,19,Female,Sambhal,Tamil Nadu,High,2024-05-07,True,True
162887,13932,2024-03-02,completed,Naihati,West Bengal,440904.22,Biju,Wagle,warriorshray@example.com,915348720061,23,Female,Naihati,West Bengal,High,2023-10-19,True,True
162901,3744,2024-10-25,completed,Ahmednagar,Maharashtra,348625.01,Dhanuk,Sama,esangha@example.org,2142114078,41,Male,Ahmednagar,Maharashtra,Premium,2023-11-10,True,True
162906,3800,2023-07-08,completed,Imphal,Delhi,341142.08,Krish,Bora,tjoshi@example.org,9037773110,65,Male,Imphal,Delhi,Low,2024-12-08,True,True
162921,2244,2024-09-04,completed,Karawal Nagar,Uttar Pradesh,395722.44,Mishti,Bal,rhea36@example.net,912591642301,26,Female,Karawal Nagar,Uttar Pradesh,Low,2023-03-14,False,True
163000,3666,2022-03-29,completed,Ujjain,Uttar Pradesh,445367.98,Kismat,Sant,kdhawan@example.org,910661901748,29,Male,Ujjain,Uttar Pradesh,Medium,2023-05-13,False,True
163078,1440,2023-10-06,completed,Indore,Uttar Pradesh,438658.92,Darshit,Mander,sara69@example.net,5922776414,18,Male,Indore,Uttar Pradesh,Medium,2022-12-03,True,True
163141,14311,2024-10-22,shipped,Bharatpur,Uttar Pradesh,446923.73,Ritvik,Chaudhary,miraan55@example.com,6299832409,48,Female,Bharatpur,Uttar Pradesh,Medium,2024-03-02,True,True
163148,15281,2023-08-15,pending,Ambattur,Punjab,623974.56,Anahi,Kala,borrafateh@example.net,3148626065,35,Male,Ambattur,Punjab,Medium,2022-03-24,False,True
163208,4877,2022-03-06,completed,Guntakal,Maharashtra,553088.68,Indrajit,Krishnan,igarde@example.com,6875264379,25,Female,Guntakal,Maharashtra,Medium,2024-02-03,True,True
163224,5825,2023-05-16,completed,Panchkula,Bihar,494493.88,Dishani,Rana,rania58@example.net,3710355845,20,Female,Panchkula,Bihar,Medium,2024-02-10,True,True
163321,14877,2023-03-10,delivered,Rajkot,Bihar,506578.33,Anvi,Atwal,mtak@example.org,6563435664,18,Male,Rajkot,Bihar,Medium,2022-12-03,True,True
163341,10354,2023-11-10,completed,Dehri,Tamil Nadu,335717.69,Romil,Devi,chahalmahika@example.org,9302315937,44,Female,Dehri,Tamil Nadu,Low,2022-12-28,True,True
163350,14540,2024-07-19,completed,Latur,Uttar Pradesh,450614.11,Dishani,Kanda,atak@example.org,5517663302,24,Female,Latur,Uttar Pradesh,Medium,2022-09-07,True,True
163361,4990,2023-10-09,completed,Chittoor,Gujarat,613281.46,Vihaan,Arora,hrishitaswaminathan@example.org,914057926824,46,Male,Chittoor,Gujarat,Low,2023-06-03,True,True
163375,2136,2023-02-20,shipped,Moradabad,Madhya Pradesh,352121.69,Aaryahi,Bhat,riaansidhu@example.net,7414278531,51,Female,Moradabad,Madhya Pradesh,Medium,2024-07-27,True,True
163382,6775,2022-05-11,completed,Chandigarh,Uttar Pradesh,448413.55,Shalv,Ahuja,anahitaganesan@example.com,580801555,23,Male,Chandigarh,Uttar Pradesh,Low,2023-01-25,True,True
163451,1426,2022-01-03,cancelled,Bijapur,Tamil Nadu,335526.53,Arnav,Sangha,advika05@example.org,1879938444,31,Male,Bijapur,Tamil Nadu,Low,2023-07-26,True,True
163504,931,2022-02-24,pending,Bally,Madhya Pradesh,625233.48,Faiyaz,Wadhwa,hridaan44@example.org,781975437,18,Male,Bally,Madhya Pradesh,Premium,2024-01-11,True,True
163548,18523,2023-01-07,shipped,Visakhapatnam,Uttar Pradesh,350176.19,Jiya,Choudhry,amani92@example.net,7944193330,38,Male,Visakhapatnam,Uttar Pradesh,High,2023-01-04,True,True
163557,4100,2022-08-16,completed,Bally,Tamil Nadu,391886.31,Shalv,Korpal,tdayal@example.net,3921481964,28,Female,Bally,Tamil Nadu,Low,2022-04-06,True,True
163576,5889,2023-10-28,completed,Jhansi,Madhya Pradesh,372204.37,Khushi,Krish,wchadha@example.com,919416840615,31,Female,Jhansi,Madhya Pradesh,High,2023-10-21,True,True
163650,8003,2024-10-31,delivered,Dhule,Tamil Nadu,492997.36,Lagan,Sarin,semanay@example.com,6727462412,52,Female,Dhule,Tamil Nadu,Low,2022-02-08,True,True
163671,11482,2022-05-07,completed,Mangalore,Uttar Pradesh,341819.3,Mohanlal,Saha,saanvi45@example.org,5438729123,26,Male,Mangalore,Uttar Pradesh,High,2023-03-24,True,True
163696,7788,2024-08-10,completed,Jalandhar,Gujarat,426643.69,Samiha,Mahajan,ranbirsrinivas@example.com,910900282240,31,Female,Jalandhar,Gujarat,Premium,2023-10-17,True,True
163726,9022,2022-04-22,delivered,Nadiad,Bihar,458109.47,Vedika,Sampath,bhargavaonkar@example.com,3779881557,41,Female,Nadiad,Bihar,Premium,2022-01-14,True,True
163770,8335,2024-12-23,delivered,Patna,Bihar,389670.06,Samaira,Borah,neysaraja@example.net,7326156838,36,Female,Patna,Bihar,Low,2024-11-25,True,True
163792,14747,2022-07-17,completed,Bally,Maharashtra,362759.18,Kaira,Sengupta,neysa90@example.com,9146625087,32,Male,Bally,Maharashtra,High,2024-05-29,True,True
163813,7781,2024-03-22,cancelled,Yamunanagar,Punjab,350387.05,Biju,Anne,shalv16@example.com,912733346880,52,Female,Yamunanagar,Punjab,High,2024-08-16,True,True
163850,11576,2022-03-29,delivered,Bhilwara,Rajasthan,339879.04,Saanvi,Kurian,qgoda@example.org,3342848160,52,Female,Bhilwara,Rajasthan,Premium,2023-03-02,True,True
163887,7814,2022-02-16,shipped,Munger,Maharashtra,445861.37,Shanaya,Ganguly,zara67@example.org,918706882985,27,Female,Munger,Maharashtra,Medium,2023-02-27,False,True
163953,17655,2022-10-28,completed,Malda,Telangana,331527.37,Jiya,Jaggi,banerjeejayesh@example.net,7228553461,25,Female,Malda,Telangana,Low,2024-02-28,False,True
164040,1338,2023-01-26,completed,Gurgaon,Uttar Pradesh,415501.06,Kashvi,Sandhu,khalsakartik@example.net,2891982718,38,Male,Gurgaon,Uttar Pradesh,High,2024-12-27,True,True
164052,15600,2024-12-30,completed,Ballia,Uttar Pradesh,343757.98,Ryan,Sibal,cdyal@example.net,8012354911,30,Male,Ballia,Uttar Pradesh,Low,2023-05-15,True,True
164057,18873,2024-09-01,completed,Bihar Sharif,Bihar,614472.67,Vardaniya,Issac,dluthra@example.com,1908177759,25,Female,Bihar Sharif,Bihar,Low,2022-05-25,False,True
164096,19389,2023-04-07,completed,Bardhaman,West Bengal,433164.78,Zain,Venkataraman,xkonda@example.com,4759319319,29,Female,Bardhaman,West Bengal,High,2023-08-30,True,True
164097,1098,2023-07-29,shipped,Muzaffarpur,Uttar Pradesh,493238.4,Vanya,Kulkarni,mbatta@example.net,912547602206,55,Female,Muzaffarpur,Uttar Pradesh,Low,2023-05-05,True,True
164098,2708,2023-11-01,completed,Mau,Gujarat,463386.98,Lavanya,Kapoor,abramsanghvi@example.org,9865984607,52,Female,Mau,Gujarat,Low,2023-10-14,True,True
164203,2564,2022-10-03,completed,Ambattur,Uttar Pradesh,456475.85,Tarini,Comar,swaminathandivyansh@example.com,3032977444,49,Female,Ambattur,Uttar Pradesh,Low,2022-08-14,True,True
164219,7464,2024-12-20,completed,Sonipat,Rajasthan,342478.55,Eshani,Gera,mdeol@example.org,1637074958,18,Male,Sonipat,Rajasthan,Medium,2024-09-28,True,True
164241,16878,2022-01-20,pending,Parbhani,West Bengal,371727.18,Suhana,Sankar,ritvikchahal@example.com,914797255158,41,Male,Parbhani,West Bengal,High,2023-11-26,True,True
164244,10814,2024-03-23,completed,Loni,West Bengal,502456.55,Nayantara,Agarwal,charvi48@example.com,9109498584,18,Female,Loni,West Bengal,Medium,2024-04-30,True,True
164309,2148,2023-11-23,processing,Durgapur,Uttar Pradesh,691312.04,Gatik,Rama,somansara@example.com,914694762936,40,Female,Durgapur,Uttar Pradesh,Low,2023-11-02,True,True
164386,19994,2022-09-10,completed,Erode,Kerala,341570.65,Oorja,Viswanathan,uthkarshdeep@example.net,9459880121,38,Female,Erode,Kerala,Low,2024-03-16,True,True
164400,16663,2022-12-08,completed,Ramagundam,Telangana,373392.94,Dhruv,Sibal,xsinha@example.org,4401270061,36,Male,Ramagundam,Telangana,Medium,2022-08-18,False,True
164408,5316,2022-04-02,completed,Bhiwandi,Maharashtra,426200.85,Shayak,Lad,ahujaabram@example.net,8916858416,34,Female,Bhiwandi,Maharashtra,Low,2022-05-08,True,True
164438,9856,2023-03-17,completed,New Delhi,West Bengal,516077.22,Aarna,Verma,miraan00@example.net,913716655274,45,Male,New Delhi,West Bengal,High,2024-09-16,True,True
164445,2137,2024-04-11,completed,Bhilai,Uttar Pradesh,445436.36,Damini,Krishna,achadha@example.org,4921223399,32,Male,Bhilai,Uttar Pradesh,Low,2023-05-03,True,True
164561,4991,2022-10-16,cancelled,Tadipatri,Tamil Nadu,345106.25,Dhruv,Issac,hegderenee@example.org,4035195730,51,Male,Tadipatri,Tamil Nadu,Medium,2024-01-06,True,True
164574,8776,2023-10-22,completed,New Delhi,Uttar Pradesh,573685.73,Bhamini,Bhatnagar,paritara@example.org,5646051084,35,Male,New Delhi,Uttar Pradesh,Medium,2023-12-18,True,True
164594,14455,2024-06-09,completed,Nagpur,Bihar,386180.79,Ehsaan,Karpe,kiara99@example.com,910740315620,27,Female,Nagpur,Bihar,Medium,2024-12-02,True,True
164613,12170,2022-10-22,completed,Madanapalle,West Bengal,745705.43,Vivaan,Kala,hrishitasethi@example.org,8149356700,44,Male,Madanapalle,West Bengal,High,2023-01-02,True,True
164614,2063,2023-09-03,delivered,Sambhal,Uttar Pradesh,496629.83,Ishaan,Tara,bhagatalisha@example.com,912098446988,25,Female,Sambhal,Uttar Pradesh,High,2023-07-20,True,True
164636,10903,2022-09-19,completed,Kamarhati,Delhi,478796.99,Emir,Sant,riyagrewal@example.org,914262277142,18,Male,Kamarhati,Delhi,Medium,2024-01-02,True,True
164641,3139,2022-06-05,completed,Jammu,Uttar Pradesh,377464.25,Inaaya ,Garde,nitara31@example.org,5740874740,39,Female,Jammu,Uttar Pradesh,Medium,2024-08-05,True,True
164703,2213,2024-10-20,shipped,Gulbarga,Uttar Pradesh,409181.6,Ranbir,Tripathi,himmat46@example.org,7372386159,24,Male,Gulbarga,Uttar Pradesh,Low,2024-03-16,True,True
164738,1969,2024-10-24,shipped,Bijapur,Rajasthan,686588.95,Charvi,Ranganathan,tarabarad@example.com,9010861647,19,Male,Bijapur,Rajasthan,Medium,2024-09-03,False,True
164749,114,2023-12-19,cancelled,Bilaspur,Madhya Pradesh,363576.88,Anaya,Viswanathan,sastryhiran@example.net,918578652785,37,Female,Bilaspur,Madhya Pradesh,Low,2024-08-05,True,True
164784,17923,2023-07-10,completed,Gandhidham,Uttar Pradesh,329908.81,Uthkarsh,Ray,qsami@example.com,915679456469,34,Female,Gandhidham,Uttar Pradesh,Medium,2023-10-14,False,True
164786,4789,2024-08-08,shipped,Bangalore,Tamil Nadu,443914.68,Taimur,Sarraf,sahamohanlal@example.com,918700136512,22,Female,Bangalore,Tamil Nadu,High,2022-04-09,True,True
164953,9320,2023-10-02,completed,Durgapur,Gujarat,497606.52,Vivaan,Deshpande,aarushdewan@example.net,7298942200,52,Male,Durgapur,Gujarat,Medium,2023-07-24,False,True
165027,10755,2023-07-25,completed,Tadipatri,Maharashtra,422757.13,Pihu,Varkey,hazel91@example.net,1407593515,40,Female,Tadipatri,Maharashtra,High,2023-01-26,True,True
165073,17788,2022-01-15,completed,Vadodara,Kerala,659063.88,Elakshi,Dugal,sumerkonda@example.org,15806129,40,Male,Vadodara,Kerala,Low,2023-03-21,False,True
165093,1760,2023-10-13,delivered,Aligarh,Bihar,633164.6,Rohan,Vora,osoman@example.net,8948481703,18,Female,Aligarh,Bihar,High,2022-02-09,True,True
165109,8503,2022-06-15,cancelled,Chennai,Punjab,421252.51,Hunar,Sengupta,kanav15@example.com,8677524998,45,Male,Chennai,Punjab,Low,2023-01-04,True,True
165123,4504,2022-07-03,shipped,Danapur,Kerala,480466.12,Lakshit,Zachariah,priyanshjaggi@example.net,6492896389,62,Female,Danapur,Kerala,Medium,2022-01-17,True,True
165183,11783,2023-08-13,delivered,Chittoor,Uttar Pradesh,384013.98,Hrishita,Chacko,anay84@example.com,9345292784,39,Female,Chittoor,Uttar Pradesh,Low,2023-08-31,False,True
165277,16379,2022-10-14,completed,Shimla,Kerala,379498.53,Amani,Aggarwal,tarinirege@example.net,911649510478,22,Female,Shimla,Kerala,Low,2022-10-17,True,True
165294,14434,2023-05-15,processing,Narasaraopet,Kerala,414996.22,Akarsh,Gade,daramisha@example.net,829543261,45,Male,Narasaraopet,Kerala,High,2024-11-24,True,True
165298,19842,2024-02-09,delivered,Chandrapur,West Bengal,489354.16,Shanaya,Bhagat,zdin@example.org,326293903,23,Male,Chandrapur,West Bengal,Medium,2023-05-14,True,True
165351,14334,2023-11-29,completed,Pallavaram,Tamil Nadu,438055.42,Chirag,Gulati,hjhaveri@example.net,3059031372,24,Female,Pallavaram,Tamil Nadu,Low,2024-03-05,True,True
165360,16806,2023-05-29,shipped,Kishanganj,Tamil Nadu,402898.73,Baiju,Dhingra,rattanela@example.org,918981796985,33,Female,Kishanganj,Tamil Nadu,High,2023-03-13,True,True
165410,19579,2022-01-04,completed,Gangtok,Delhi,329367.08,Dhruv,Behl,amani19@example.com,8873734413,36,Female,Gangtok,Delhi,High,2024-08-09,True,True
165450,117,2024-07-11,completed,Durgapur,Uttar Pradesh,627775.63,Purab,Biswas,randhawaseher@example.net,913083301657,50,Female,Durgapur,Uttar Pradesh,High,2022-01-09,False,True
165487,498,2022-12-21,pending,Siwan,Rajasthan,481069.46,Manjari,Tata,zeeshandash@example.org,6762916032,40,Male,Siwan,Rajasthan,Medium,2023-03-30,True,True
165510,12591,2022-12-15,shipped,Hapur,Tamil Nadu,335862.35,Kartik,Warrior,samarthbatra@example.org,411941505,36,Male,Hapur,Tamil Nadu,Medium,2022-09-09,True,True
165562,4753,2023-07-28,completed,Durgapur,Gujarat,341769.23,Shamik,Swamy,balanvardaniya@example.com,4116020122,31,Female,Durgapur,Gujarat,Premium,2023-07-06,True,True
165588,16613,2022-09-07,completed,Bhalswa Jahangir Pur,West Bengal,686885.4,Seher,Deep,rben@example.net,2123180854,28,Male,Bhalswa Jahangir Pur,West Bengal,Low,2024-05-05,True,True
165740,3608,2024-05-31,shipped,Sambhal,West Bengal,372563.91,Onkar,Venkatesh,lavanyabutala@example.net,913324061869,34,Female,Sambhal,West Bengal,Medium,2022-02-01,True,True
165741,7069,2022-11-01,shipped,Muzaffarnagar,Bihar,324395.76,Zain,Chaudhuri,rastogishamik@example.com,5413887030,46,Male,Muzaffarnagar,Bihar,High,2024-09-20,True,True
165756,13738,2022-07-21,pending,Dharmavaram,Uttar Pradesh,799209.93,Reyansh,Borah,siya77@example.com,911283849424,50,Male,Dharmavaram,Uttar Pradesh,Low,2024-07-12,True,True
165777,16847,2022-11-09,completed,Pondicherry,Rajasthan,358505.93,Aarna,Balan,sunderrohan@example.org,916677742071,64,Female,Pondicherry,Rajasthan,High,2023-11-23,True,True
165834,10184,2022-05-03,completed,Sonipat,Madhya Pradesh,334128.52,Darshit,Sekhon,pihuchandra@example.org,1097720416,44,Female,Sonipat,Madhya Pradesh,Low,2022-02-05,True,True
165878,5639,2023-09-22,completed,Madhyamgram,Kerala,393637.33,Tanya,Saran,fatehraval@example.org,5267767639,31,Female,Madhyamgram,Kerala,High,2022-04-23,True,True
165893,6034,2022-10-28,completed,Anantapuram,Madhya Pradesh,387015.34,Tiya,Shroff,bmand@example.com,8475862187,29,Male,Anantapuram,Madhya Pradesh,High,2024-12-01,True,True
165958,14487,2022-11-16,completed,Bardhaman,Madhya Pradesh,750042.91,Dharmajan,Dasgupta,gtaneja@example.com,7401693084,18,Male,Bardhaman,Madhya Pradesh,Low,2024-01-15,True,True
165960,15497,2023-12-23,cancelled,Firozabad,Rajasthan,409034.1,Devansh,Bhargava,samar02@example.org,915050459257,44,Female,Firozabad,Rajasthan,Medium,2024-06-28,True,True
165966,7363,2022-05-24,delivered,Lucknow,Tamil Nadu,554865.01,Kavya,Rout,ramanathanadah@example.com,7636362516,39,Female,Lucknow,Tamil Nadu,Low,2024-12-11,True,True
165974,9665,2024-06-07,completed,Shimla,Maharashtra,511546.86,Advika,Mahal,ramaswamyaayush@example.org,4135676399,21,Female,Shimla,Maharashtra,High,2023-01-13,True,True
165997,15695,2022-10-24,delivered,Gulbarga,Uttar Pradesh,382797.82,Parinaaz,Bhandari,aarav76@example.org,9253627293,34,Female,Gulbarga,Uttar Pradesh,Low,2023-03-24,True,True
166004,5425,2024-05-21,completed,Bettiah,Madhya Pradesh,472900.28,Emir,Acharya,evasoman@example.net,2956379736,50,Female,Bettiah,Madhya Pradesh,Low,2024-06-02,True,True
166007,17840,2023-08-08,completed,Panchkula,Madhya Pradesh,371605.85,Diya,Karnik,keya22@example.com,1223858958,29,Female,Panchkula,Madhya Pradesh,High,2024-07-01,True,True
166058,13889,2024-07-08,completed,Kota,Uttar Pradesh,353346.23,Reyansh,Rajagopalan,kismat11@example.net,915376850404,42,Female,Kota,Uttar Pradesh,Medium,2023-05-29,True,True
166069,1654,2022-01-22,completed,Ghaziabad,Maharashtra,327382.28,Tiya,Gola,hdugal@example.net,7896300935,18,Male,Ghaziabad,Maharashtra,Medium,2022-06-21,True,True
166094,5486,2022-08-30,completed,Tiruchirappalli,Uttar Pradesh,335690.7,Anika,Ramachandran,dishani64@example.net,796184042,42,Female,Tiruchirappalli,Uttar Pradesh,Low,2023-10-11,True,True
166120,19331,2022-08-28,completed,Nadiad,West Bengal,417596.59,Anay,Chatterjee,jayandave@example.com,915513714763,29,Female,Nadiad,West Bengal,Premium,2022-10-19,True,True
166155,17116,2024-05-05,completed,Gaya,West Bengal,506873.81,Vidur,Sura,neysa07@example.net,2738567319,32,Female,Gaya,West Bengal,Medium,2022-04-01,False,True
166177,7003,2024-03-27,completed,Gaya,Rajasthan,466920.71,Khushi,Bhavsar,ovarty@example.net,9602450389,52,Male,Gaya,Rajasthan,Low,2022-03-10,True,True
166200,14815,2024-11-14,cancelled,Warangal,Kerala,424334.31,Tanya,Ghosh,kiaan47@example.org,6302722250,38,Male,Warangal,Kerala,High,2024-11-07,True,True
166203,17410,2023-10-08,delivered,Sangli-Miraj & Kupwad,Bihar,396064.4,Kashvi,Choudhury,babunitara@example.net,915072243306,34,Female,Sangli-Miraj & Kupwad,Bihar,Low,2022-09-02,True,True
166264,910,2024-12-29,completed,Siwan,Rajasthan,536400.74,Lakshit,Borah,pihu84@example.net,8999360798,27,Male,Siwan,Rajasthan,Medium,2023-12-11,True,True
166268,8312,2022-09-09,completed,Bongaigaon,West Bengal,562838.65,Bhamini,Borra,yseshadri@example.com,388315523,30,Female,Bongaigaon,West Bengal,Premium,2022-12-05,True,True
166284,17507,2024-08-09,completed,Jalna,Kerala,647710.96,Uthkarsh,Lall,idhar@example.net,9717270950,35,Male,Jalna,Kerala,Low,2024-11-17,True,True
166291,15707,2024-02-15,completed,Bahraich,Gujarat,399309.27,Nirvaan,Seshadri,kchandran@example.com,918739946218,21,Male,Bahraich,Gujarat,Low,2022-06-24,True,True
166301,359,2023-08-29,shipped,Chittoor,Karnataka,490297.75,Bhavin,Ganguly,jainfateh@example.org,8782931027,56,Female,Chittoor,Karnataka,Low,2024-08-18,True,True
166355,6859,2023-10-13,shipped,Faridabad,Madhya Pradesh,482334.98,Ayesha,Sur,manjaridugal@example.net,919770312727,68,Male,Faridabad,Madhya Pradesh,Medium,2023-10-10,True,True
166479,19861,2023-11-10,completed,Danapur,Rajasthan,551819.06,Inaaya ,Jha,mbhatti@example.com,911630802693,21,Female,Danapur,Rajasthan,High,2024-09-15,True,True
166515,4777,2024-08-16,completed,Buxar,Tamil Nadu,371473.27,Aayush,Bal,lmallick@example.net,916041379640,25,Female,Buxar,Tamil Nadu,Premium,2024-01-18,True,True
166543,2873,2022-12-18,processing,Faridabad,West Bengal,368249.5,Myra,Gaba,ykurian@example.org,8037037731,62,Male,Faridabad,West Bengal,Low,2023-07-27,True,True
166559,8836,2022-08-06,completed,Kumbakonam,Tamil Nadu,569689.54,Divyansh,Handa,divitvarughese@example.org,915114748268,34,Female,Kumbakonam,Tamil Nadu,Low,2023-11-06,True,True
166580,8354,2024-04-17,completed,Navi Mumbai,Maharashtra,400562.23,Diya,Maharaj,darayashvi@example.net,9325726870,48,Male,Navi Mumbai,Maharashtra,Low,2024-11-05,True,True
166684,9941,2023-11-06,completed,Fatehpur,Uttar Pradesh,532122.72,Nayantara,Dada,samaira79@example.com,915586395635,18,Male,Fatehpur,Uttar Pradesh,Medium,2022-03-24,True,True
166704,1585,2023-04-29,shipped,Nangloi Jat,Maharashtra,650588.88,Alisha,Chada,drishyabrar@example.com,1830181796,35,Male,Nangloi Jat,Maharashtra,Medium,2023-06-04,True,True
166844,1611,2022-04-01,shipped,Thanjavur,Punjab,335296.42,Ayesha,Saini,pranay92@example.org,3596985045,40,Male,Thanjavur,Punjab,High,2023-09-28,True,True
166866,16627,2024-05-25,completed,Solapur,West Bengal,731055.92,Anya,Iyer,stuvanrout@example.net,913357323195,44,Female,Solapur,West Bengal,Medium,2023-12-31,True,True
166884,5030,2023-04-12,cancelled,Durgapur,Uttar Pradesh,444601.34,Aarush,Bal,lakshit65@example.net,7372926876,19,Male,Durgapur,Uttar Pradesh,Premium,2024-03-10,True,True
166912,8919,2022-08-06,processing,Ghaziabad,Maharashtra,369994.44,Divyansh,Chadha,agarwallagan@example.org,919896532865,26,Male,Ghaziabad,Maharashtra,Low,2022-10-24,True,True
166923,12206,2024-02-06,completed,Singrauli,Uttar Pradesh,385480.96,Keya,Dube,vidur89@example.org,7933050144,42,Male,Singrauli,Uttar Pradesh,Medium,2022-01-04,True,True
166925,15630,2023-11-03,shipped,Guna,Maharashtra,354997.88,Mohanlal,Chadha,renee77@example.net,352466312,47,Female,Guna,Maharashtra,Medium,2024-08-25,True,True
166937,16818,2024-11-29,completed,Ajmer,Rajasthan,463731.51,Yuvaan,Mahal,divyansh09@example.com,2816769438,50,Male,Ajmer,Rajasthan,Low,2022-04-22,True,True
167006,4025,2022-01-21,completed,Dhule,Maharashtra,427139.35,Ehsaan,Tata,vedikakunda@example.net,8102957882,27,Female,Dhule,Maharashtra,High,2022-12-27,True,True
167011,1737,2024-08-14,completed,Hazaribagh,Uttar Pradesh,358407.5,Indranil,Tata,senguptanavya@example.net,914723735640,38,Male,Hazaribagh,Uttar Pradesh,Low,2022-12-13,True,True
167071,5790,2024-08-22,completed,Howrah,Tamil Nadu,374126.0,Samiha,Jani,arhaanbora@example.net,3562043895,25,Female,Howrah,Tamil Nadu,Low,2023-06-03,True,True
167103,4579,2022-05-13,completed,Darbhanga,Tamil Nadu,538577.54,Aaina,Sharma,jayant05@example.com,6059993219,46,Male,Darbhanga,Tamil Nadu,Medium,2023-09-16,False,True
167138,9836,2024-01-18,completed,Ajmer,Tamil Nadu,380277.9,Advik,Gera,vritikashan@example.net,912868725854,62,Female,Ajmer,Tamil Nadu,High,2024-05-11,True,True
167167,19515,2024-12-31,completed,Akola,Uttar Pradesh,446978.77,Suhana,Badami,lagan57@example.com,1742194587,28,Female,Akola,Uttar Pradesh,Medium,2022-04-02,True,True
167260,7420,2022-07-13,completed,Sangli-Miraj & Kupwad,Maharashtra,607811.58,Jiya,Swaminathan,ysankar@example.org,5292018362,34,Male,Sangli-Miraj & Kupwad,Maharashtra,Low,2022-01-11,True,True
167274,19315,2023-03-24,shipped,Udupi,Gujarat,473313.79,Shanaya,Soman,tarabhargava@example.org,7103195573,44,Female,Udupi,Gujarat,Medium,2022-02-11,True,True
167288,17341,2023-02-08,completed,Pune,Maharashtra,394296.38,Lakshit,Date,deira@example.net,915528511916,38,Female,Pune,Maharashtra,Medium,2024-04-01,True,True
167314,10722,2023-02-02,completed,Ghaziabad,Bihar,381061.29,Indrans,Chad,chanavanya@example.com,911398852000,44,Male,Ghaziabad,Bihar,High,2024-06-27,True,True
167331,19854,2023-11-06,delivered,Katihar,Gujarat,324185.89,Nishith,Goswami,shalv14@example.org,918392445693,37,Male,Katihar,Gujarat,Low,2023-10-12,True,True
167338,12280,2024-08-31,completed,Jalna,Gujarat,404690.97,Rhea,Mangat,adahsathe@example.net,7866838234,41,Female,Jalna,Gujarat,Premium,2024-12-01,True,True
167371,9835,2023-04-11,shipped,Bhalswa Jahangir Pur,Rajasthan,482647.74,Nehmat,Goel,bansalvedika@example.org,4880349033,29,Male,Bhalswa Jahangir Pur,Rajasthan,Low,2023-11-29,True,True
167424,9838,2023-01-18,completed,Raebareli,West Bengal,601645.74,Neysa,Bansal,seshadrikaira@example.org,1894283375,18,Female,Raebareli,West Bengal,Low,2023-02-24,True,True
167441,10447,2023-08-11,completed,Amroha,Maharashtra,434094.31,Kavya,Kata,uppaladvik@example.net,912033970794,44,Female,Amroha,Maharashtra,Low,2023-05-29,False,True
167454,435,2024-12-08,completed,Gaya,Bihar,339046.46,Farhan,Shanker,ychakraborty@example.org,164597794,19,Female,Gaya,Bihar,Premium,2022-11-24,True,True
167514,395,2024-11-28,cancelled,Dibrugarh,Rajasthan,340948.25,Vanya,Sethi,dishanimane@example.org,919083342801,32,Male,Dibrugarh,Rajasthan,Low,2024-01-08,True,True
167518,18919,2023-10-29,completed,Bidar,Maharashtra,399871.18,Manjari,Chaudry,sumer73@example.net,8386892428,23,Female,Bidar,Maharashtra,Low,2022-09-08,True,True
167524,949,2022-05-22,delivered,Hubli–Dharwad,Maharashtra,656865.51,Vedika,Bail,vaibhav70@example.net,7009004365,48,Male,Hubli–Dharwad,Maharashtra,Medium,2023-07-16,True,True
167551,3936,2024-08-01,delivered,Saharsa,Kerala,342478.55,Charvi,Kamdar,aniruddhborah@example.net,8628118031,46,Female,Saharsa,Kerala,Medium,2024-04-23,False,True
167558,15133,2022-02-25,completed,Jalna,Uttar Pradesh,387711.67,Stuvan,Anand,bkohli@example.com,43777721,34,Male,Jalna,Uttar Pradesh,High,2023-03-29,True,True
167564,15982,2022-02-12,completed,Nadiad,Tamil Nadu,330123.48,Anvi,Ben,rdalia@example.net,6270290813,18,Female,Nadiad,Tamil Nadu,High,2023-10-30,False,True
167567,4714,2022-08-30,completed,Naihati,Telangana,358818.23,Yuvaan,Wadhwa,dhruv90@example.com,919442052030,31,Male,Naihati,Telangana,Low,2024-01-26,True,True
167663,8461,2022-12-26,completed,Moradabad,Karnataka,534518.59,Chirag,Deep,dhanushsagar@example.org,5637626508,32,Male,Moradabad,Karnataka,Low,2023-10-30,True,True
167721,3737,2022-07-23,completed,Erode,Uttar Pradesh,377659.25,Vritika,Venkatesh,bhaminiray@example.com,9868581974,33,Male,Erode,Uttar Pradesh,Low,2024-10-15,True,True
167723,16912,2024-11-01,delivered,Sambhal,Uttar Pradesh,426500.72,Bhamini,Varma,kbhavsar@example.org,4351133595,32,Female,Sambhal,Uttar Pradesh,High,2024-07-27,True,True
167726,7757,2024-05-06,completed,Pimpri-Chinchwad,Kerala,536240.25,Jiya,Kar,tushar73@example.com,388984838,28,Female,Pimpri-Chinchwad,Kerala,Medium,2022-10-20,True,True
167773,11514,2023-01-31,delivered,Ambattur,Gujarat,573927.65,Yashvi,Bala,golerania@example.org,917108467436,28,Male,Ambattur,Gujarat,Low,2022-10-23,False,True
167780,2306,2024-09-22,pending,Hyderabad,Rajasthan,460058.91,Darshit,Karpe,indrajit48@example.org,915376429839,31,Male,Hyderabad,Rajasthan,High,2022-11-21,True,True
167799,7633,2024-12-17,completed,Satara,Maharashtra,342511.14,Alia,Sinha,tiyabhavsar@example.com,4086084925,29,Male,Satara,Maharashtra,Medium,2024-04-13,True,True
167847,2799,2022-01-29,completed,Deoghar,Uttar Pradesh,392079.99,Rohan,Vig,sarinnitya@example.org,1524310915,29,Female,Deoghar,Uttar Pradesh,Medium,2023-01-20,True,True
167890,14226,2022-01-30,shipped,Warangal,Uttar Pradesh,324215.56,Kanav,Vasa,chaudharynakul@example.net,5839726713,40,Female,Warangal,Uttar Pradesh,Medium,2024-11-29,True,True
167896,7004,2022-07-30,completed,Madhyamgram,Uttar Pradesh,618860.1,Ahana ,Seshadri,bhattiaaina@example.net,3357051891,24,Female,Madhyamgram,Uttar Pradesh,Low,2024-06-06,True,True
167944,14113,2024-09-09,delivered,Kharagpur,Karnataka,429506.77,Nirvaan,Bora,anya86@example.com,1387591723,32,Male,Kharagpur,Karnataka,Low,2024-11-29,True,True
167991,15863,2022-03-05,completed,Eluru,Tamil Nadu,435409.05,Ehsaan,Hayer,jhanvisinghal@example.org,267003986,30,Male,Eluru,Tamil Nadu,Medium,2024-03-02,True,True
168033,11582,2022-09-27,shipped,Dehri,West Bengal,332935.34,Kaira,Yadav,ishaanbalan@example.org,96966368,38,Female,Dehri,West Bengal,Premium,2023-05-27,True,True
168091,16884,2024-09-04,completed,Kishanganj,Uttar Pradesh,561569.08,Oorja,Kalla,hegdeaaina@example.net,917168605078,43,Male,Kishanganj,Uttar Pradesh,High,2024-04-11,True,True
168105,596,2023-03-21,completed,Suryapet,Bihar,386386.38,Nehmat,Anand,fben@example.net,8178904633,42,Female,Suryapet,Bihar,Medium,2023-08-15,False,True
168118,19368,2022-03-01,cancelled,Amaravati,Uttar Pradesh,518710.85,Ira,Chaudhuri,eraj@example.org,7155228136,29,Female,Amaravati,Uttar Pradesh,Low,2023-05-04,True,True
168134,12130,2022-05-09,delivered,Bokaro,Tamil Nadu,512115.09,Jivin,Wali,romil41@example.com,9504330543,19,Female,Bokaro,Tamil Nadu,Medium,2023-11-29,True,True
168140,1825,2022-12-11,completed,Bhind,Madhya Pradesh,352482.3,Pihu,De,laladvika@example.org,1708671520,39,Male,Bhind,Madhya Pradesh,Medium,2024-10-04,True,True
168151,2470,2022-05-21,completed,Ghaziabad,Tamil Nadu,330534.22,Hridaan,Swaminathan,hayrejivin@example.com,4246847325,27,Male,Ghaziabad,Tamil Nadu,Medium,2023-10-22,True,True
168202,6,2022-09-07,completed,Muzaffarnagar,Uttar Pradesh,356027.47,Lakshit,Sagar,phora@example.com,914238849696,29,Male,Muzaffarnagar,Uttar Pradesh,High,2022-08-03,True,True
168318,18527,2022-12-08,completed,Gaya,Karnataka,672115.09,Indrans,Seth,ggokhale@example.com,1245552234,36,Female,Gaya,Karnataka,High,2024-11-14,True,True
168420,6740,2022-10-31,delivered,Karawal Nagar,Bihar,411974.62,Arhaan,Kothari,manikyasridhar@example.org,7504012809,64,Male,Karawal Nagar,Bihar,Medium,2024-06-28,False,True
168549,12357,2024-09-18,shipped,Cuttack,Madhya Pradesh,376860.1,Ritvik,Dass,indranskapoor@example.net,915863945625,18,Female,Cuttack,Madhya Pradesh,Medium,2022-10-29,True,True
168563,10621,2023-12-05,completed,North Dumdum,Karnataka,437364.79,Manjari,Bobal,jayeshsaraf@example.net,919135030491,40,Male,North Dumdum,Karnataka,Premium,2023-03-21,True,True
168577,5590,2023-03-22,completed,Rewa,Gujarat,619944.64,Armaan,Iyer,devisana@example.net,8546008118,45,Male,Rewa,Gujarat,Low,2023-05-08,True,True
168632,4506,2023-03-28,shipped,Bahraich,Tamil Nadu,430107.23,Seher,Mand,hrishitabath@example.net,912551266917,18,Female,Bahraich,Tamil Nadu,Medium,2022-09-02,True,True
168710,219,2024-02-21,shipped,Motihari,Maharashtra,325703.44,Diya,Sem,dhaliwalfarhan@example.org,3934835642,36,Female,Motihari,Maharashtra,Medium,2024-02-11,False,True
168745,2417,2023-05-06,completed,Berhampur,Tamil Nadu,394944.92,Priyansh,Raman,vedikabansal@example.org,7572668490,19,Female,Berhampur,Tamil Nadu,Medium,2023-09-21,True,True
168774,12178,2024-03-04,completed,Bharatpur,Uttar Pradesh,593874.34,Seher,Sahni,ehsaanhegde@example.com,9862478802,39,Male,Bharatpur,Uttar Pradesh,Medium,2023-08-18,True,True
168790,19885,2022-09-24,completed,Hajipur,Telangana,733416.06,Riya,Kota,bhavinkant@example.org,5201993374,24,Female,Hajipur,Telangana,Low,2024-08-26,True,True
168803,7099,2023-06-08,completed,Shahjahanpur,Uttar Pradesh,383451.39,Mishti,Rattan,shray92@example.org,3364190937,24,Female,Shahjahanpur,Uttar Pradesh,Medium,2022-01-08,True,True
168825,7545,2024-10-01,delivered,Satara,Madhya Pradesh,347701.59,Amira,Thaman,nirvisidhu@example.net,8786150091,39,Female,Satara,Madhya Pradesh,Medium,2023-09-08,True,True
168840,8450,2023-07-25,completed,Pallavaram,Gujarat,499743.65,Shlok,Sathe,vgrewal@example.com,912299771285,41,Male,Pallavaram,Gujarat,Medium,2022-03-17,True,True
168844,12367,2023-01-26,shipped,Jabalpur,Tamil Nadu,384388.94,Dhanush,Gulati,hanszara@example.org,913403573952,48,Female,Jabalpur,Tamil Nadu,Low,2024-05-20,True,True
168853,8082,2024-08-14,completed,Mahbubnagar,Delhi,476891.45,Prerak,Ravi,tejas75@example.net,917574159091,24,Male,Mahbubnagar,Delhi,Low,2024-07-03,True,True
168890,10917,2023-07-03,completed,Berhampur,Telangana,348089.98,Nehmat,Swaminathan,dinamani@example.net,915209266542,57,Female,Berhampur,Telangana,Low,2024-08-09,True,True
168905,18504,2023-11-12,completed,Nagpur,Uttar Pradesh,360349.59,Priyansh,Chaudhari,shraybedi@example.com,3227478756,31,Female,Nagpur,Uttar Pradesh,Low,2022-07-18,True,True
168999,9261,2024-08-15,shipped,Vijayanagaram,Maharashtra,333806.73,Mishti,Dar,zarakunda@example.net,5644476563,33,Female,Vijayanagaram,Maharashtra,Low,2023-03-20,True,True
169020,6360,2022-12-27,completed,Katihar,Maharashtra,502131.17,Amani,Anne,veer22@example.com,7075983525,59,Male,Katihar,Maharashtra,Low,2024-07-05,True,True
169028,4331,2023-10-30,completed,Asansol,Punjab,365445.39,Samiha,Gill,nitara50@example.net,918789005299,52,Female,Asansol,Punjab,Low,2022-12-16,True,True
169127,18023,2024-03-20,completed,Katni,Madhya Pradesh,496669.92,Mamooty,Biswas,vanya40@example.net,5518017100,51,Male,Katni,Madhya Pradesh,Medium,2024-02-15,True,True
169160,14428,2023-08-16,cancelled,Karimnagar,Uttar Pradesh,371316.06,Vedika,Boase,pari71@example.org,918135630885,36,Female,Karimnagar,Uttar Pradesh,Medium,2024-09-09,True,True
169179,2901,2022-08-30,delivered,Sambhal,West Bengal,537521.25,Prisha,Bhatt,baiju55@example.com,2517748565,29,Male,Sambhal,West Bengal,Low,2023-04-24,True,True
169269,18393,2024-03-10,cancelled,Ramagundam,Karnataka,412747.71,Nirvaan,Brahmbhatt,kbhargava@example.org,969443034,18,Female,Ramagundam,Karnataka,Medium,2024-08-23,True,True
169398,3862,2022-04-11,completed,Medininagar,Uttar Pradesh,480466.12,Shalv,Ramaswamy,pkrishnamurthy@example.com,2814351941,60,Female,Medininagar,Uttar Pradesh,Medium,2024-04-14,True,True
169411,7163,2023-11-17,completed,Bangalore,Maharashtra,402291.44,Lagan,Sachdev,vedika27@example.org,4334725560,55,Female,Bangalore,Maharashtra,High,2022-07-17,True,True
169427,17366,2024-04-09,completed,Nandyal,Maharashtra,354675.21,Lakshit,Gade,chakrabartikashvi@example.com,919362759679,47,Male,Nandyal,Maharashtra,High,2023-06-17,True,True
169475,8487,2024-10-09,completed,Durgapur,Rajasthan,551228.35,Aaryahi,Bali,zeeshanmahal@example.com,7155390490,18,Female,Durgapur,Rajasthan,Medium,2022-12-16,True,True
169535,4849,2022-03-09,shipped,Phusro,Uttar Pradesh,367772.46,Badal,Choudhary,bedishanaya@example.org,910360960337,42,Female,Phusro,Uttar Pradesh,Low,2023-09-15,True,True
169548,11525,2023-09-29,completed,Kolhapur,Karnataka,676080.88,Faiyaz,Brahmbhatt,yuvaan27@example.net,4243961736,34,Male,Kolhapur,Karnataka,Medium,2022-02-27,True,True
169569,4453,2023-07-21,completed,Eluru,Uttar Pradesh,346213.57,Nishith,Tak,kandanishith@example.com,6007974076,20,Male,Eluru,Uttar Pradesh,High,2023-02-24,True,True
169597,2243,2024-01-30,delivered,Nanded,Rajasthan,388394.15,Vidur,Mann,tmalhotra@example.net,9896319630,34,Female,Nanded,Rajasthan,Medium,2024-02-08,True,True
169638,16786,2024-08-01,shipped,Ballia,Uttar Pradesh,432778.41,Ritvik,Bains,mahajanjayan@example.net,7878849663,39,Female,Ballia,Uttar Pradesh,Low,2023-04-23,True,True
169668,6550,2023-11-28,completed,Bhubaneswar,Bihar,417831.33,Jhanvi,Sidhu,romilmander@example.org,8747474926,34,Female,Bhubaneswar,Bihar,High,2024-09-23,False,True
169671,4336,2022-12-12,completed,Dindigul,Rajasthan,457012.2,Azad,Chaudhary,seheriyengar@example.org,916375060503,51,Female,Dindigul,Rajasthan,Medium,2022-06-01,True,True
169675,7650,2023-01-26,completed,Imphal,Karnataka,444201.66,Adah,Walla,lkarnik@example.com,915107184095,38,Male,Imphal,Karnataka,Low,2023-11-02,True,True
169723,14251,2024-02-02,completed,Pune,Tamil Nadu,397126.23,Biju,Agrawal,advikakalita@example.org,7850634833,37,Male,Pune,Tamil Nadu,Low,2022-08-06,True,True
169748,19114,2024-02-18,completed,Surat,Maharashtra,477391.04,Myra,Ghose,parinaazdate@example.org,2507118597,18,Male,Surat,Maharashtra,Low,2022-05-01,True,True
169766,19668,2023-10-18,shipped,Jaipur,Uttar Pradesh,404936.3,Alisha,Master,jlata@example.com,7178775047,49,Male,Jaipur,Uttar Pradesh,Low,2024-01-12,True,True
169793,6371,2024-08-24,completed,Jehanabad,Maharashtra,773255.14,Siya,Gulati,malhotranirvi@example.net,915159472841,30,Female,Jehanabad,Maharashtra,Medium,2023-05-13,True,True
169871,19787,2022-10-15,completed,Muzaffarpur,Uttar Pradesh,608609.03,Nirvaan,Borra,nkurian@example.net,5172403285,23,Male,Muzaffarpur,Uttar Pradesh,Low,2023-11-25,True,True
169935,6893,2022-04-28,completed,Bilaspur,Uttar Pradesh,481564.64,Jivika,Chakrabarti,tanya11@example.com,913848681747,29,Female,Bilaspur,Uttar Pradesh,High,2023-05-10,True,True
169962,1334,2024-12-26,shipped,Bulandshahr,Punjab,495088.08,Priyansh,Kala,lakshitarya@example.com,7306718222,28,Female,Bulandshahr,Punjab,High,2024-01-09,True,True
169993,13947,2023-04-26,cancelled,Belgaum,Punjab,512081.16,Pihu,Vohra,kimaya24@example.org,5089265062,39,Male,Belgaum,Punjab,High,2024-09-17,True,True
170049,9346,2024-04-22,completed,Satna,Gujarat,344602.4,Bhavin,Saha,anvideshmukh@example.net,7422228929,33,Female,Satna,Gujarat,Medium,2024-03-05,True,True
170076,11748,2022-09-28,delivered,Satna,West Bengal,366990.11,Mahika,Majumdar,zainajayaraman@example.com,5177009158,38,Male,Satna,West Bengal,Medium,2024-10-18,True,True
170135,1650,2023-03-02,processing,Alwar,Telangana,507101.85,Umang,Cheema,kamdardiya@example.net,6846767809,54,Male,Alwar,Telangana,Low,2023-05-19,True,True
170223,7959,2024-10-17,pending,Kirari Suleman Nagar,Uttar Pradesh,371736.48,Shamik,Lanka,nbhagat@example.org,7147787710,40,Female,Kirari Suleman Nagar,Uttar Pradesh,Low,2023-05-13,True,True
170232,12213,2024-08-08,completed,Uluberia,Uttar Pradesh,498066.8,Tiya,Rana,warrioranay@example.org,915301747684,46,Female,Uluberia,Uttar Pradesh,Medium,2023-04-09,True,True
170296,12928,2022-08-20,cancelled,Berhampore,Rajasthan,334977.44,Rhea,Soni,kanavsharma@example.org,7835505309,33,Female,Berhampore,Rajasthan,Low,2023-09-17,False,True
170305,19608,2023-01-14,completed,Chennai,Punjab,330519.2,Shamik,Chaudhari,riyakara@example.com,911725272851,19,Female,Chennai,Punjab,Low,2023-01-23,True,True
170430,18208,2022-07-29,completed,Mathura,Maharashtra,409112.5,Elakshi,Rout,yadavadah@example.net,914110543976,52,Female,Mathura,Maharashtra,Medium,2023-06-24,True,True
170490,4217,2022-11-27,completed,Kolhapur,Maharashtra,347010.14,Bhavin,Ravi,hiran06@example.org,918410697775,35,Male,Kolhapur,Maharashtra,Premium,2023-01-12,True,True
170503,19592,2023-07-31,delivered,Madanapalle,Uttar Pradesh,373936.97,Uthkarsh,Dhaliwal,darshittata@example.com,9604656011,48,Female,Madanapalle,Uttar Pradesh,Medium,2024-08-07,True,True
170520,5584,2023-08-02,processing,Bahraich,Tamil Nadu,699895.15,Madhav,Bora,gsarma@example.net,8918635912,23,Male,Bahraich,Tamil Nadu,Low,2022-01-09,True,True
170521,7273,2023-02-16,completed,Loni,Karnataka,352036.29,Dhruv,Bakshi,tushartripathi@example.com,8575227185,31,Male,Loni,Karnataka,Medium,2023-08-26,True,True
170527,18217,2022-05-08,completed,Haridwar,Gujarat,703394.01,Aradhya,Venkataraman,dbhavsar@example.com,4085490677,44,Female,Haridwar,Gujarat,Low,2023-01-02,True,True
170562,5981,2024-09-03,completed,Machilipatnam,Bihar,443056.15,Mannat,Sha,yuvaan19@example.com,2178940266,18,Female,Machilipatnam,Bihar,Low,2023-05-02,True,True
170563,1892,2023-05-03,delivered,Dhule,West Bengal,509808.35,Reyansh,Chadha,sakshamsaxena@example.com,918337287567,41,Male,Dhule,West Bengal,Medium,2022-03-16,True,True
170570,16943,2024-11-04,shipped,Bhilai,Maharashtra,512478.33,Nitya,Agrawal,farhan26@example.com,918437768813,45,Female,Bhilai,Maharashtra,Medium,2022-04-17,True,True
170603,2286,2023-06-07,completed,Begusarai,West Bengal,437522.74,Kashvi,Chada,inaaya-72@example.net,4673631633,41,Female,Begusarai,West Bengal,Medium,2023-04-01,True,True
170657,18677,2022-04-30,shipped,Proddatur,Karnataka,329795.6,Aayush,Grover,rajnehmat@example.com,6586440970,50,Male,Proddatur,Karnataka,Low,2022-07-11,True,True
170688,1960,2024-09-23,completed,Jamshedpur,Gujarat,427572.29,Madhup,Jaggi,wjha@example.com,76228212,43,Female,Jamshedpur,Gujarat,Low,2024-06-21,True,True
170704,854,2022-04-02,completed,Tiruppur,Kerala,433278.85,Taimur,Roy,wkar@example.net,2058295829,33,Male,Tiruppur,Kerala,Low,2024-12-12,True,True
170715,14145,2024-11-29,completed,Bidar,Madhya Pradesh,658130.32,Aaryahi,Dua,yuvraj-71@example.net,9993981771,22,Female,Bidar,Madhya Pradesh,Medium,2024-05-02,True,True
170766,1579,2024-08-25,delivered,Tinsukia,Uttar Pradesh,440817.27,Sumer,Iyer,bhavsarseher@example.com,7830557371,36,Male,Tinsukia,Uttar Pradesh,Medium,2024-03-26,True,True
170808,1365,2023-10-22,pending,Rohtak,Uttar Pradesh,709031.51,Vedika,Keer,sankaranivana@example.com,917328951456,53,Female,Rohtak,Uttar Pradesh,Premium,2022-02-27,True,True
170812,314,2023-11-28,shipped,Kadapa,Bihar,398609.41,Mahika,Shah,usem@example.com,9988081770,56,Male,Kadapa,Bihar,Medium,2024-04-15,True,True
170843,687,2022-09-29,processing,Allahabad,Uttar Pradesh,338220.49,Hridaan,Tailor,battajhanvi@example.org,917931269789,32,Female,Allahabad,Uttar Pradesh,Medium,2024-02-06,True,True
170870,8498,2022-06-10,delivered,Ballia,Madhya Pradesh,361542.5,Shaan,Kant,akaul@example.com,916061457380,38,Male,Ballia,Madhya Pradesh,High,2023-06-17,True,True
171035,12834,2024-06-15,completed,Tirupati,Bihar,585898.4,Pari,Agate,elakshi98@example.com,915729470994,51,Female,Tirupati,Bihar,Low,2024-05-19,True,True
171044,9317,2023-11-09,processing,Bhavnagar,Maharashtra,543047.79,Jhanvi,Dhaliwal,dhingracharvi@example.com,916261581123,34,Female,Bhavnagar,Maharashtra,Low,2022-12-23,True,True
171092,6181,2023-05-14,delivered,Jalgaon,Gujarat,586554.65,Aradhya,Balan,dsabharwal@example.net,910428557987,46,Male,Jalgaon,Gujarat,Low,2022-07-06,True,True
171222,8668,2023-06-27,completed,Dhule,West Bengal,333386.06,Gatik,Bhat,ishaan72@example.org,2429420408,50,Male,Dhule,West Bengal,High,2024-08-12,True,True
171295,17460,2022-11-01,completed,Madanapalle,Uttar Pradesh,464867.04,Lakshay,Yadav,usangha@example.com,335969286,18,Female,Madanapalle,Uttar Pradesh,Low,2024-04-13,True,True
171328,18853,2023-07-28,completed,Bhubaneswar,Bihar,359645.19,Shaan,Dey,jayesh47@example.net,3621140135,36,Female,Bhubaneswar,Bihar,Low,2024-01-11,True,True
171388,15655,2023-07-13,completed,Munger,Madhya Pradesh,546009.52,Chirag,Bahl,zainsachar@example.org,917257061328,22,Female,Munger,Madhya Pradesh,Low,2024-05-30,True,True
171514,1654,2024-01-15,completed,Ghaziabad,Maharashtra,434323.66,Tiya,Gola,hdugal@example.net,7896300935,18,Male,Ghaziabad,Maharashtra,Medium,2022-06-21,True,True
171628,13971,2022-08-03,delivered,Mira-Bhayandar,Rajasthan,434892.99,Raghav,Chopra,masteraarna@example.org,4474092762,45,Male,Mira-Bhayandar,Rajasthan,High,2022-01-23,True,True
171665,556,2023-11-11,completed,Faridabad,Gujarat,324212.65,Anvi,Balasubramanian,drout@example.com,914545635020,44,Male,Faridabad,Gujarat,Low,2024-10-22,True,True
171719,4164,2022-08-18,delivered,Saharanpur,West Bengal,330831.04,Charvi,Kuruvilla,harijayesh@example.org,4276565707,24,Female,Saharanpur,West Bengal,Premium,2022-04-15,True,True
171720,1950,2023-11-12,delivered,Kirari Suleman Nagar,Bihar,818075.88,Elakshi,Lata,kiaanshere@example.com,2544225351,48,Female,Kirari Suleman Nagar,Bihar,Medium,2024-03-28,True,True
171743,10085,2022-11-08,completed,Chandigarh,Maharashtra,399865.15,Priyansh,Kalita,sahildara@example.org,7474668484,36,Female,Chandigarh,Maharashtra,Medium,2022-03-26,True,True
171820,9105,2022-09-25,completed,Raichur,West Bengal,418081.19,Nitara,Bhattacharyya,shalvtara@example.net,1886161662,42,Female,Raichur,West Bengal,Low,2022-08-03,False,True
171823,16979,2022-08-03,completed,Sultan Pur Majra,Gujarat,426293.8,Amani,Chaudry,lsabharwal@example.com,4796099777,22,Female,Sultan Pur Majra,Gujarat,Medium,2022-12-16,True,True
171860,1734,2022-11-18,cancelled,Siwan,West Bengal,432941.4,Dishani,Bail,bhagatazad@example.org,6103927888,25,Female,Siwan,West Bengal,Low,2024-07-11,True,True
171870,15578,2023-04-11,completed,Faridabad,Delhi,371316.06,Akarsh,Mand,oyohannan@example.org,2461669478,29,Male,Faridabad,Delhi,High,2023-06-13,True,True
171910,19768,2023-11-04,completed,Karnal,Tamil Nadu,383417.25,Ritvik,Bedi,shanaya67@example.com,915566427323,18,Male,Karnal,Tamil Nadu,Medium,2023-09-21,True,True
171960,10234,2022-11-24,completed,Lucknow,Karnataka,345280.09,Renee,Chandra,lavanyachakraborty@example.net,1865720502,32,Male,Lucknow,Karnataka,Medium,2024-02-29,True,True
172165,5007,2024-11-21,completed,Tirunelveli,Bihar,334077.27,Hansh,Varma,gangulynitara@example.com,916728236083,29,Male,Tirunelveli,Bihar,Low,2022-10-23,True,True
172172,13360,2023-08-03,completed,Bhusawal,West Bengal,339855.13,Nitara,Dey,ivana11@example.net,2220598726,39,Male,Bhusawal,West Bengal,Medium,2022-12-12,True,True
172209,5132,2024-03-20,completed,Satara,West Bengal,351150.25,Shlok,Shenoy,krish43@example.com,915650267153,18,Male,Satara,West Bengal,Low,2023-06-06,True,True
172211,4814,2024-04-30,delivered,Gopalpur,Karnataka,341849.55,Samarth,Sandhu,kavya53@example.com,915754941587,20,Male,Gopalpur,Karnataka,High,2024-07-15,True,True
172250,16742,2022-01-26,completed,Satara,Maharashtra,641507.21,Heer,Butala,ywalla@example.net,913334031756,33,Female,Satara,Maharashtra,High,2024-04-04,True,True
172255,7609,2022-05-09,completed,Yamunanagar,Kerala,402046.11,Ira,Hegde,riaan71@example.com,919952649331,39,Female,Yamunanagar,Kerala,Medium,2022-04-16,True,True
172282,17668,2022-08-30,completed,Firozabad,Madhya Pradesh,358572.02,Azad,Tiwari,ganeshinaaya@example.com,3956748181,28,Female,Firozabad,Madhya Pradesh,High,2023-10-11,True,True
172405,7775,2023-11-11,completed,Kota,Gujarat,403331.79,Alisha,Devan,vgoyal@example.net,5825982377,29,Male,Kota,Gujarat,Low,2023-03-10,True,True
172410,16013,2022-10-06,shipped,Bhalswa Jahangir Pur,Madhya Pradesh,341465.31,Amira,Sastry,aradhyaaggarwal@example.net,913018406039,41,Male,Bhalswa Jahangir Pur,Madhya Pradesh,Low,2023-09-17,True,True
172412,7379,2024-05-14,cancelled,Tezpur,Punjab,324479.17,Mamooty,Sodhi,gsinha@example.net,916551644347,23,Female,Tezpur,Punjab,Medium,2023-01-25,True,True
172451,3242,2023-12-31,completed,Aligarh,Gujarat,368585.96,Siya,Thakur,vedika14@example.com,170593967,21,Male,Aligarh,Gujarat,Medium,2024-12-04,True,True
172532,4139,2024-06-01,completed,Rohtak,Bihar,391672.48,Hridaan,Kamdar,zara28@example.org,910749888710,44,Male,Rohtak,Bihar,Medium,2024-03-23,True,True
172578,15467,2023-10-01,completed,Machilipatnam,Maharashtra,358324.51,Renee,Grewal,dasskrish@example.com,1579066293,46,Male,Machilipatnam,Maharashtra,Medium,2022-04-28,True,True
172640,3857,2024-11-01,completed,Bettiah,Maharashtra,338224.75,Aayush,Randhawa,jdewan@example.net,918555079320,35,Female,Bettiah,Maharashtra,Low,2022-07-27,True,True
172645,13045,2023-02-24,shipped,Bhusawal,Maharashtra,333806.73,Arhaan,Reddy,inaaya-70@example.net,8317293000,22,Male,Bhusawal,Maharashtra,Low,2023-09-10,True,True
172667,10367,2024-01-04,completed,Chandigarh,Bihar,813400.66,Amani,Arya,badalarmaan@example.com,5609601265,20,Male,Chandigarh,Bihar,Low,2023-03-30,True,True
172678,1484,2022-11-20,completed,Bihar Sharif,Bihar,383451.39,Ishita,Edwin,bhamini59@example.net,842906969,22,Female,Bihar Sharif,Bihar,Low,2023-07-13,True,True
172705,18945,2024-09-01,completed,Medininagar,Telangana,453028.46,Ojas,Anand,stuvanmangat@example.net,3658546537,34,Female,Medininagar,Telangana,Low,2022-09-28,True,True
172868,18054,2023-11-08,completed,Mau,Uttar Pradesh,336404.9,Kavya,Venkatesh,ishita05@example.org,3149352977,27,Male,Mau,Uttar Pradesh,Medium,2023-02-15,True,True
172892,19058,2024-04-03,delivered,Panchkula,Uttar Pradesh,670806.37,Kiara,Kadakia,basakkartik@example.com,910041922271,29,Male,Panchkula,Uttar Pradesh,Low,2023-08-03,True,True
172992,18767,2023-08-28,completed,Nagercoil,Bihar,366207.77,Aniruddh,Kanda,vritikabarad@example.net,2100894079,53,Male,Nagercoil,Bihar,Medium,2024-11-17,True,True
173004,9179,2022-01-09,completed,Burhanpur,Karnataka,463282.13,Khushi,Kala,ladoorja@example.net,914981845352,38,Female,Burhanpur,Karnataka,Low,2024-12-27,True,True
173041,10370,2023-12-01,completed,Guntur,Karnataka,357088.25,Divyansh,Dara,gshroff@example.com,9561594360,18,Female,Guntur,Karnataka,Medium,2022-10-14,True,True
173060,12733,2024-06-30,cancelled,Satara,West Bengal,360598.0,Keya,Sarin,vaibhavdeep@example.net,4735296231,59,Male,Satara,West Bengal,Low,2024-07-20,False,True
173161,11031,2023-09-13,completed,Kavali,Maharashtra,451516.79,Chirag,Mann,anyababu@example.net,916655838379,46,Male,Kavali,Maharashtra,Low,2024-12-10,True,True
173163,4413,2022-04-28,completed,Jorhat,Karnataka,396064.4,Mishti,Dave,romil50@example.com,5478891559,39,Female,Jorhat,Karnataka,Low,2024-06-27,False,True
173166,4175,2023-12-12,completed,Fatehpur,Tamil Nadu,424334.31,Hrishita,Bhakta,bandinirvi@example.net,7332471525,20,Male,Fatehpur,Tamil Nadu,Low,2022-12-30,True,True
173201,14450,2022-09-30,pending,Bhagalpur,Gujarat,327120.16,Zain,Bajaj,tejas26@example.net,1222740435,42,Female,Bhagalpur,Gujarat,High,2023-08-28,True,True
173254,11056,2024-08-19,pending,Gwalior,Tamil Nadu,654456.9,Zeeshan,Kade,deyadvik@example.net,917080435493,31,Male,Gwalior,Tamil Nadu,Low,2023-05-04,True,True
173298,3719,2022-07-17,completed,Bathinda,West Bengal,556974.09,Hunar,Srinivas,jdass@example.org,916017147222,37,Female,Bathinda,West Bengal,Medium,2022-11-08,True,True
173313,5914,2023-04-16,pending,Yamunanagar,Madhya Pradesh,410834.92,Kiaan,Behl,ikrishnamurthy@example.net,1399017855,37,Female,Yamunanagar,Madhya Pradesh,Medium,2023-05-30,True,True
173364,8566,2024-07-19,completed,Suryapet,Bihar,440471.6,Jivin,Virk,wray@example.org,919105558943,41,Female,Suryapet,Bihar,Medium,2023-06-28,True,True
173399,14868,2022-03-24,delivered,Hapur,Uttar Pradesh,424640.95,Prisha,Ram,ihari@example.com,9266411879,19,Male,Hapur,Uttar Pradesh,Low,2022-05-03,True,True
173423,2889,2024-01-02,completed,Rourkela,Tamil Nadu,708151.57,Yuvaan,Sampath,xsabharwal@example.com,911350764996,21,Female,Rourkela,Tamil Nadu,Low,2024-12-24,True,True
173437,389,2024-11-13,delivered,Satna,Gujarat,543077.81,Purab,Gole,wravi@example.org,4818321928,25,Female,Satna,Gujarat,High,2024-11-30,True,True
173476,13649,2022-05-23,completed,Ahmednagar,Bihar,405561.23,Eshani,Kakar,kashvichokshi@example.net,3645089848,22,Female,Ahmednagar,Bihar,Medium,2023-02-14,True,True
173481,7122,2024-02-15,completed,Bangalore,Maharashtra,381372.47,Nirvaan,Varghese,indrajit60@example.net,913007462926,34,Male,Bangalore,Maharashtra,High,2024-12-07,True,True
173536,6052,2024-05-16,completed,Kottayam,Maharashtra,447745.11,Rania,Sibal,vigmadhav@example.com,917369654035,34,Male,Kottayam,Maharashtra,Medium,2023-12-14,True,True
173581,19947,2024-04-28,completed,Bardhaman,Bihar,337041.26,Shray,Ravi,kamdarlakshay@example.net,9670603224,33,Female,Bardhaman,Bihar,High,2023-01-06,True,True
173691,19959,2022-03-24,completed,Vasai-Virar,Rajasthan,339234.97,Chirag,Kar,kavya53@example.net,7802880592,40,Female,Vasai-Virar,Rajasthan,Low,2023-06-09,True,True
173735,7993,2022-10-16,completed,Raichur,Punjab,434578.24,Rati,Chaudhari,keya53@example.com,7965408515,25,Male,Raichur,Punjab,Medium,2023-09-29,True,True
173936,7532,2023-10-25,completed,Gandhidham,Telangana,537690.36,Tiya,Venkatesh,rayanika@example.net,2468984147,33,Female,Gandhidham,Telangana,High,2022-10-16,False,True
173994,15756,2024-09-29,completed,Salem,West Bengal,439576.97,Kartik,D’Alia,bobalrhea@example.org,4573551972,18,Female,Salem,West Bengal,Low,2022-07-30,True,True
174006,18022,2023-07-26,completed,Suryapet,Maharashtra,520747.71,Myra,Rajagopal,rhea05@example.net,200119674,49,Female,Suryapet,Maharashtra,Medium,2022-10-02,True,True
174020,3610,2023-10-29,completed,Nashik,Tamil Nadu,410446.07,Madhup,Ratti,brahmbhatttarini@example.com,256219747,45,Male,Nashik,Tamil Nadu,Medium,2023-04-11,True,True
174056,8441,2022-02-01,completed,Solapur,Maharashtra,638894.72,Urvi,Sharma,sumer77@example.com,7424506971,36,Male,Solapur,Maharashtra,Low,2024-07-26,True,True
174069,7073,2024-01-07,completed,Tiruvottiyur,Uttar Pradesh,340558.89,Kartik,Saran,boasemehul@example.org,919592788191,24,Female,Tiruvottiyur,Uttar Pradesh,Medium,2023-05-02,True,True
174111,9842,2023-12-25,completed,Chapra,Maharashtra,384510.01,Shayak,Zacharia,ayeshachar@example.org,7516076694,35,Female,Chapra,Maharashtra,Medium,2023-08-27,True,True
174113,11493,2023-10-11,completed,Korba,Bihar,622329.28,Rasha,Suri,shatiya@example.org,6171487310,42,Female,Korba,Bihar,Low,2023-04-06,True,True
174239,14917,2024-06-21,shipped,Berhampur,Uttar Pradesh,354519.0,Mahika,Sachar,umangdesai@example.net,6719346610,18,Male,Berhampur,Uttar Pradesh,High,2023-10-31,True,True
174260,6302,2023-03-09,completed,Ozhukarai,Bihar,325985.81,Riaan,Tandon,bhaminisharaf@example.org,1674742768,48,Male,Ozhukarai,Bihar,Low,2022-05-10,True,True
174279,3700,2024-10-05,cancelled,Medininagar,Uttar Pradesh,343370.99,Adah,Kumar,krish31@example.com,983381272,55,Male,Medininagar,Uttar Pradesh,Medium,2022-03-11,True,True
174309,15794,2023-06-16,processing,Rajkot,West Bengal,397659.15,Yakshit,Bose,kalafarhan@example.org,3180309694,30,Female,Rajkot,West Bengal,High,2023-10-23,True,True
174352,10951,2023-11-15,completed,Purnia,Tamil Nadu,327119.32,Rohan,Sha,jivin94@example.com,9120567043,31,Female,Purnia,Tamil Nadu,Premium,2023-02-10,True,True
174387,4389,2024-10-27,completed,Panihati,West Bengal,369597.87,Ehsaan,Bakshi,ibose@example.com,5210073590,37,Female,Panihati,West Bengal,Low,2022-10-12,True,True
174425,12560,2023-06-16,completed,Dhanbad,Uttar Pradesh,607059.62,Hansh,Bandi,talwarsana@example.org,4012308146,36,Male,Dhanbad,Uttar Pradesh,Low,2022-07-19,True,True
174430,5461,2023-12-21,completed,Guwahati,Maharashtra,376887.66,Damini,Raja,mohanlal60@example.net,7365477460,32,Male,Guwahati,Maharashtra,Medium,2024-09-23,True,True
174595,15290,2023-11-19,completed,Surat,Bihar,325933.68,Hunar,Buch,badal70@example.net,3421228087,30,Female,Surat,Bihar,Low,2023-07-10,True,True
174626,15619,2022-04-30,shipped,Nizamabad,Bihar,400170.51,Nirvaan,Mann,chokshihrishita@example.net,6030849157,48,Male,Nizamabad,Bihar,Medium,2023-11-30,True,True
174740,13917,2022-02-28,cancelled,Tenali,Maharashtra,333316.72,Alia,Issac,raghavsant@example.net,919644922378,26,Female,Tenali,Maharashtra,Low,2023-05-06,True,True
174892,18858,2023-12-20,completed,Jalgaon,Maharashtra,330076.47,Raghav,Chatterjee,zarabuch@example.org,26384910,37,Male,Jalgaon,Maharashtra,High,2024-04-19,True,True
175031,443,2022-12-29,completed,Kishanganj,Kerala,327543.14,Miraan,Cheema,andrataimur@example.com,2280156193,36,Male,Kishanganj,Kerala,High,2022-12-15,True,True
175042,2759,2023-04-14,pending,Kakinada,Kerala,332577.95,Amira,Dube,krishnanabram@example.com,910223059757,31,Female,Kakinada,Kerala,Low,2023-11-04,False,True
175086,5509,2022-01-18,pending,Raurkela Industrial Township,West Bengal,509534.36,Elakshi,Vora,ivanhans@example.com,9993312993,19,Male,Raurkela Industrial Township,West Bengal,Medium,2022-10-04,True,True
175103,4819,2022-02-15,completed,Kolhapur,Maharashtra,345383.23,Navya,Dixit,seherkonda@example.org,9520430160,33,Male,Kolhapur,Maharashtra,Medium,2023-10-06,True,True
175149,7359,2022-03-04,shipped,Chandrapur,Tamil Nadu,383923.62,Anahi,Kant,baijuhalder@example.net,6275545859,41,Female,Chandrapur,Tamil Nadu,High,2024-01-16,True,True
175220,13128,2023-04-02,completed,Rajkot,Rajasthan,497357.88,Suhana,Jani,rbarman@example.com,9724130975,39,Female,Rajkot,Rajasthan,Medium,2024-04-02,True,True
175244,9066,2022-10-03,completed,Mangalore,Uttar Pradesh,346655.34,Eshani,Anne,lakshaysastry@example.com,9419813461,23,Male,Mangalore,Uttar Pradesh,High,2022-08-14,True,True
175389,14878,2024-06-04,completed,Kamarhati,Maharashtra,441362.11,Bhamini,Dayal,sehgaladvika@example.net,6258340119,30,Male,Kamarhati,Maharashtra,Premium,2024-07-15,True,True
175390,11577,2023-07-03,delivered,Fatehpur,Uttar Pradesh,396944.12,Aaryahi,Bala,yashvi55@example.com,915380982869,41,Female,Fatehpur,Uttar Pradesh,High,2022-05-10,True,True
175426,6503,2023-12-11,completed,Siwan,Madhya Pradesh,507367.71,Hazel,Ganguly,dubeurvi@example.org,919275657119,26,Male,Siwan,Madhya Pradesh,Medium,2023-12-13,True,True
175456,13921,2024-08-31,processing,Ghaziabad,Madhya Pradesh,473865.44,Kabir,Handa,gatiksabharwal@example.com,9738114442,39,Female,Ghaziabad,Madhya Pradesh,Low,2023-12-27,True,True
175472,1581,2023-01-31,completed,Katihar,Maharashtra,510224.22,Ritvik,Sangha,banikzara@example.com,1421524831,39,Male,Katihar,Maharashtra,High,2023-10-17,True,True
175491,19335,2022-09-20,completed,Bilaspur,Rajasthan,565535.19,Sumer,Dayal,zmadan@example.net,6896245765,28,Female,Bilaspur,Rajasthan,Medium,2024-02-07,True,True
175540,14952,2022-05-28,pending,Ujjain,Rajasthan,589513.88,Adira,Dara,neelofar53@example.org,8517665711,25,Female,Ujjain,Rajasthan,High,2022-05-31,True,True
175615,2512,2024-11-11,cancelled,Moradabad,Bihar,460942.77,Pranay,Shukla,harikiara@example.com,8617541827,39,Female,Moradabad,Bihar,Low,2022-06-29,True,True
175618,8519,2022-07-04,cancelled,Loni,Karnataka,406652.28,Anvi,Wadhwa,zarasubramanian@example.org,914837194417,26,Male,Loni,Karnataka,High,2022-01-12,True,True
175639,6009,2024-08-11,completed,Anantapuram,Maharashtra,372431.82,Chirag,Kapoor,dhartaimur@example.org,914149109053,24,Female,Anantapuram,Maharashtra,Low,2022-03-07,True,True
175646,19269,2022-06-04,completed,Adoni,Maharashtra,326861.41,Zara,Shanker,ochaudhuri@example.org,6240970877,59,Male,Adoni,Maharashtra,High,2022-05-04,True,True
175655,13382,2023-10-09,cancelled,Khammam,Madhya Pradesh,729352.02,Emir,Shah,tarini11@example.com,910228461697,18,Female,Khammam,Madhya Pradesh,Medium,2022-09-26,True,True
175733,2693,2023-02-14,pending,Shahjahanpur,Maharashtra,587939.95,Arhaan,Vala,sarmajayesh@example.net,3482800920,38,Female,Shahjahanpur,Maharashtra,Low,2023-08-22,True,True
175777,5178,2024-01-08,cancelled,Saharsa,Tamil Nadu,324309.25,Onkar,Johal,fsoman@example.com,1498386488,29,Male,Saharsa,Tamil Nadu,Medium,2024-12-06,True,True
175792,4204,2024-07-20,completed,Nashik,Karnataka,393896.77,Ishaan,Chandra,badaldoshi@example.org,914224704284,27,Female,Nashik,Karnataka,Low,2022-04-27,True,True
175881,1595,2024-09-23,shipped,Moradabad,Delhi,500914.27,Elakshi,Sahota,urvi90@example.net,6459872408,32,Female,Moradabad,Delhi,Low,2023-12-17,True,True
175929,16845,2022-01-12,completed,Burhanpur,Uttar Pradesh,428514.76,Jiya,Sangha,anahita40@example.com,9874394786,31,Male,Burhanpur,Uttar Pradesh,Low,2022-05-29,True,True
175937,9010,2024-02-29,processing,Mirzapur,Maharashtra,379480.38,Priyansh,Ben,nbhalla@example.com,3251355864,35,Female,Mirzapur,Maharashtra,Low,2023-11-02,True,True
175979,3774,2022-10-19,completed,Katni,Tamil Nadu,756928.25,Shaan,Ramesh,chahalhrishita@example.net,5121744756,28,Female,Katni,Tamil Nadu,Medium,2023-06-16,True,True
176041,13882,2023-01-25,processing,Ozhukarai,Telangana,398631.49,Seher,Seshadri,zain63@example.com,5502360783,40,Female,Ozhukarai,Telangana,Medium,2022-01-10,True,True
176049,19134,2024-10-10,completed,Motihari,Bihar,342957.07,Ira,Kale,jdutta@example.net,3757746818,21,Male,Motihari,Bihar,Low,2024-06-25,True,True
176061,19296,2022-09-27,completed,Erode,Uttar Pradesh,402168.6,Suhana,Chowdhury,reyansh73@example.net,3719392365,45,Female,Erode,Uttar Pradesh,Low,2024-12-02,True,True
176124,11356,2022-06-12,completed,Sagar,Uttar Pradesh,415232.46,Damini,Shenoy,mbadami@example.com,914095240871,46,Male,Sagar,Uttar Pradesh,Low,2024-06-16,True,True
176136,6288,2022-08-29,completed,Madanapalle,Maharashtra,446405.96,Tiya,Mangat,amira38@example.net,912544408699,23,Female,Madanapalle,Maharashtra,Medium,2024-01-22,False,True
176162,8787,2024-10-13,pending,Anantapur,Rajasthan,390106.03,Khushi,Anand,anvi44@example.com,8809802932,36,Male,Anantapur,Rajasthan,Low,2022-05-01,True,True
176188,1089,2022-09-09,completed,Mysore,Uttar Pradesh,394298.28,Prerak,Sekhon,fdara@example.org,1685071058,40,Female,Mysore,Uttar Pradesh,Low,2022-06-30,True,True
176205,11578,2022-05-24,completed,Gangtok,Uttar Pradesh,479286.43,Emir,Sankar,raniaagarwal@example.net,1168776736,23,Female,Gangtok,Uttar Pradesh,High,2024-10-02,True,True
176216,17674,2024-06-15,completed,Alappuzha,Bihar,425794.59,Dhanush,Dutt,grajagopal@example.com,3125345514,56,Female,Alappuzha,Bihar,High,2023-09-25,True,True
176261,8810,2022-10-31,completed,Bhind,Rajasthan,461058.66,Kashvi,Bhardwaj,manjarisubramaniam@example.org,918485594440,50,Female,Bhind,Rajasthan,Medium,2024-11-11,True,True
176264,11723,2024-11-13,completed,Gorakhpur,Madhya Pradesh,375391.48,Advika,Chad,yatwal@example.net,6832744426,27,Male,Gorakhpur,Madhya Pradesh,Medium,2022-02-05,True,True
176288,9692,2023-09-12,delivered,Kharagpur,Uttar Pradesh,327566.8,Raghav,Dey,dhillonanika@example.com,1406402626,46,Male,Kharagpur,Uttar Pradesh,Low,2023-08-31,True,True
176316,17891,2022-04-28,delivered,Bhimavaram,Uttar Pradesh,411406.82,Farhan,Ratta,vaibhav88@example.org,5859360218,51,Male,Bhimavaram,Uttar Pradesh,Low,2022-01-11,True,True
176390,989,2022-06-02,completed,Bongaigaon,West Bengal,383390.03,Trisha,Chahal,mangalhiran@example.com,6790898436,25,Male,Bongaigaon,West Bengal,Medium,2022-01-26,True,True
176401,16643,2024-08-19,completed,Ichalkaranji,Karnataka,400379.86,Samaira,Babu,shlokchanda@example.com,910241640960,34,Male,Ichalkaranji,Karnataka,High,2024-11-17,True,True
176482,19762,2023-03-05,completed,Kurnool,Bihar,632736.92,Nirvaan,Randhawa,choudhrysuhana@example.com,5380440047,29,Male,Kurnool,Bihar,Low,2022-09-06,False,True
176577,18736,2022-11-06,processing,Dharmavaram,Bihar,404177.33,Raghav,Jhaveri,talwartaran@example.org,2306373649,22,Female,Dharmavaram,Bihar,Low,2022-11-17,True,True
176592,8494,2023-01-27,shipped,Phagwara,Maharashtra,501644.43,Parinaaz,Singhal,nmander@example.net,5179035684,32,Male,Phagwara,Maharashtra,Low,2022-12-12,True,True
176623,2645,2024-03-01,completed,Durg,Maharashtra,595646.45,Hridaan,Sarin,mannanneelofar@example.org,507197095,44,Female,Durg,Maharashtra,Premium,2023-04-22,True,True
176727,19853,2024-11-30,delivered,Chandrapur,Maharashtra,510580.47,Biju,Sinha,btailor@example.org,919471571198,42,Female,Chandrapur,Maharashtra,Medium,2024-06-01,True,True
176748,11688,2024-03-08,delivered,Aligarh,Bihar,699159.52,Pihu,Chana,swadhwa@example.com,914752070623,36,Male,Aligarh,Bihar,Low,2023-03-27,True,True
176765,10270,2024-11-21,completed,Faridabad,Maharashtra,375927.84,Shalv,Das,zchanda@example.org,912735080465,25,Female,Faridabad,Maharashtra,Low,2022-08-02,True,True
176795,7863,2023-11-09,shipped,Jalna,Kerala,581449.57,Misha,Anand,ggrewal@example.net,1817434239,46,Female,Jalna,Kerala,Low,2023-07-23,True,True
176894,18752,2024-01-20,completed,Ujjain,West Bengal,380202.9,Badal,Sarkar,deoritvik@example.net,2854015984,29,Male,Ujjain,West Bengal,Medium,2022-07-02,True,True
176998,4286,2024-04-17,delivered,Jhansi,Tamil Nadu,439602.62,Dharmajan,Kumar,ehsaan26@example.com,915352932276,18,Male,Jhansi,Tamil Nadu,Medium,2024-12-16,True,True
177040,10896,2022-11-08,completed,Chandrapur,Madhya Pradesh,325765.06,Vardaniya,Sridhar,ivan40@example.org,7752543325,33,Male,Chandrapur,Madhya Pradesh,Medium,2023-06-18,True,True
177098,1733,2023-12-10,completed,Bhusawal,Karnataka,445436.36,Arnav,Dhillon,bhavindugar@example.net,6856977143,39,Female,Bhusawal,Karnataka,Low,2022-02-07,True,True
177102,4775,2023-12-05,completed,Chandigarh,Uttar Pradesh,366114.38,Umang,Bhatnagar,zeeshan76@example.net,8790541166,44,Male,Chandigarh,Uttar Pradesh,Medium,2023-07-10,True,True
177133,11793,2023-07-19,delivered,Asansol,Delhi,426754.99,Mishti,Saraf,abram66@example.net,8702649875,26,Female,Asansol,Delhi,Low,2023-07-03,True,True
177182,14309,2024-11-03,completed,Junagadh,West Bengal,399676.54,Vritika,Gera,riaansachdev@example.net,917280221487,18,Male,Junagadh,West Bengal,Low,2023-09-16,True,True
177200,19149,2024-08-05,completed,Kozhikode,Bihar,343088.63,Hunar,Chakraborty,tanya37@example.org,4417833763,46,Female,Kozhikode,Bihar,Medium,2024-05-08,True,True
177257,6145,2023-06-30,completed,Berhampur,Punjab,459969.59,Jayesh,Srivastava,neysatata@example.org,5112683317,18,Female,Berhampur,Punjab,High,2022-03-10,True,True
177294,10820,2024-08-02,delivered,Nagercoil,Bihar,384300.81,Hridaan,Wadhwa,seherjhaveri@example.net,913677100005,40,Male,Nagercoil,Bihar,Low,2023-02-22,False,True
177328,7379,2024-12-14,completed,Tezpur,Punjab,354675.21,Mamooty,Sodhi,gsinha@example.net,916551644347,23,Female,Tezpur,Punjab,Medium,2023-01-25,True,True
177341,14282,2022-08-29,delivered,Jaipur,Maharashtra,620918.28,Lakshit,Kulkarni,zdube@example.com,7670040206,30,Male,Jaipur,Maharashtra,High,2023-04-26,True,True
177348,4281,2023-09-19,completed,Raurkela Industrial Township,Bihar,513924.1,Nitya,Shetty,suhanaramakrishnan@example.net,914768072579,34,Female,Raurkela Industrial Township,Bihar,High,2024-09-09,True,True
177373,8058,2022-01-07,completed,Bathinda,West Bengal,491077.93,Adah,Biswas,jhanvi40@example.net,2340333242,45,Female,Bathinda,West Bengal,Low,2023-03-12,False,True
177453,11566,2022-09-24,completed,Bhilwara,Rajasthan,358523.43,Aaryahi,Venkataraman,karakabir@example.net,914706898120,18,Female,Bhilwara,Rajasthan,Medium,2023-10-02,True,True
177495,2129,2023-11-08,completed,Bhiwani,Gujarat,487545.73,Inaaya ,Amble,advika04@example.org,9365187569,22,Female,Bhiwani,Gujarat,Premium,2024-12-19,False,True
177593,10849,2023-05-13,completed,Hapur,Maharashtra,598178.23,Vaibhav,Bhatnagar,boseyasmin@example.net,910110696477,44,Male,Hapur,Maharashtra,Medium,2024-02-23,True,True
177606,19567,2022-12-27,completed,Anantapuram,Tamil Nadu,490855.18,Biju,Sarraf,sakshammallick@example.org,914250839086,38,Female,Anantapuram,Tamil Nadu,Low,2023-04-12,True,True
177638,12274,2023-12-25,completed,Tadepalligudem,West Bengal,390849.19,Samaira,Chakrabarti,shuklavardaniya@example.org,910643333491,39,Male,Tadepalligudem,West Bengal,High,2024-04-30,True,True
177646,1647,2023-12-30,completed,Giridih,Uttar Pradesh,608600.72,Jayan,Sekhon,ryan19@example.net,914790534728,37,Male,Giridih,Uttar Pradesh,Medium,2023-07-11,True,True
177658,15158,2024-04-29,cancelled,Pudukkottai,Uttar Pradesh,368375.5,Nehmat,Varkey,tbansal@example.net,910904520286,47,Male,Pudukkottai,Uttar Pradesh,Medium,2022-04-08,True,True
177664,18699,2023-03-03,completed,Khammam,Uttar Pradesh,345694.94,Indranil,Bera,bhatbaiju@example.net,8628337395,52,Male,Khammam,Uttar Pradesh,Low,2023-06-11,True,True
177675,15962,2022-05-06,completed,Karnal,Gujarat,336873.02,Renee,Dewan,riyengar@example.com,916217862977,61,Female,Karnal,Gujarat,Low,2023-04-10,True,True
177677,1119,2022-04-19,completed,Bhopal,Maharashtra,460578.9,Akarsh,Sachdev,kismatbasu@example.com,1746902983,23,Male,Bhopal,Maharashtra,Medium,2023-02-14,True,True
177704,19586,2024-09-29,cancelled,Pallavaram,Uttar Pradesh,365682.56,Kartik,Sangha,rhea78@example.com,1091029660,30,Female,Pallavaram,Uttar Pradesh,Low,2023-12-13,True,True
177720,4858,2024-08-10,shipped,Katni,Maharashtra,575177.09,Anahi,Dutt,arhaanbath@example.com,557014302,56,Male,Katni,Maharashtra,High,2023-12-04,True,True
177749,11803,2024-09-11,completed,Hindupur,Uttar Pradesh,431510.0,Badal,Shetty,trishasur@example.org,6364606333,28,Female,Hindupur,Uttar Pradesh,Medium,2022-03-07,True,True
177798,17447,2022-04-09,processing,Berhampore,Madhya Pradesh,381671.56,Saira,Dash,mannat87@example.org,8678667341,31,Male,Berhampore,Madhya Pradesh,High,2022-07-10,True,True
177802,10083,2024-09-17,completed,Giridih,Telangana,523885.3,Divyansh,Manne,heerchanda@example.net,1590473741,39,Female,Giridih,Telangana,Medium,2022-10-10,True,True
177828,9437,2022-12-06,pending,Ramgarh,Telangana,548233.45,Sumer,Contractor,faiyaz21@example.org,3986164193,24,Male,Ramgarh,Telangana,Medium,2023-08-06,True,True
177873,3954,2022-03-11,delivered,Khandwa,Maharashtra,371316.06,Mehul,Barad,emir22@example.net,5817729257,35,Male,Khandwa,Maharashtra,Low,2022-12-30,True,True
177884,4232,2022-09-03,completed,Nizamabad,Karnataka,607372.9,Yuvraj ,Samra,aliamaharaj@example.com,912045977674,23,Male,Nizamabad,Karnataka,Medium,2024-08-20,True,True
177885,11565,2024-08-06,delivered,Narasaraopet,Madhya Pradesh,348647.11,Shray,Samra,sainioorja@example.org,3058369231,18,Male,Narasaraopet,Madhya Pradesh,High,2023-05-22,True,True
177893,16215,2024-11-11,delivered,Sasaram,Maharashtra,501544.41,Charvi,Dar,devanhunar@example.org,9517033838,18,Female,Sasaram,Maharashtra,Medium,2024-12-24,True,True
177901,17671,2022-02-12,completed,Cuttack,Bihar,382178.27,Dhruv,Toor,ratichander@example.net,601835504,45,Male,Cuttack,Bihar,High,2022-07-08,True,True
177912,2288,2022-11-26,completed,Mangalore,Punjab,363895.28,Kaira,Baria,kalitazara@example.org,3031016636,52,Male,Mangalore,Punjab,High,2022-08-12,True,True
177937,10055,2023-11-04,shipped,Unnao,Maharashtra,460704.06,Onkar,Verma,prerak31@example.org,915429369681,18,Male,Unnao,Maharashtra,Low,2023-05-05,True,True
177984,14910,2023-01-09,completed,Varanasi,Bihar,389913.55,Shanaya,Suri,ishita19@example.com,915416634928,28,Female,Varanasi,Bihar,Low,2024-12-27,True,True
177988,5878,2022-02-16,completed,Rewa,Uttar Pradesh,365969.09,Dharmajan,Singh,kulkarnihrishita@example.org,4205125322,39,Male,Rewa,Uttar Pradesh,Low,2024-09-19,True,True
178026,11578,2023-06-04,processing,Gangtok,Uttar Pradesh,583507.14,Emir,Sankar,raniaagarwal@example.net,1168776736,23,Female,Gangtok,Uttar Pradesh,High,2024-10-02,True,True
178056,5081,2024-08-29,pending,Jammu,West Bengal,403223.26,Uthkarsh,Gulati,rajanvidur@example.net,5075663862,37,Female,Jammu,West Bengal,Low,2024-04-09,True,True
178066,47,2023-06-12,completed,Berhampur,Karnataka,598150.74,Anahita,Sankaran,rati64@example.net,7719065940,36,Female,Berhampur,Karnataka,Low,2024-11-13,True,True
178070,10057,2023-08-28,shipped,Bhiwani,Uttar Pradesh,438690.21,Pari,Buch,vgarde@example.net,3435098756,18,Female,Bhiwani,Uttar Pradesh,Medium,2024-09-15,True,True
178104,7427,2024-11-07,shipped,Dehri,Karnataka,424537.78,Ritvik,Jhaveri,sairamane@example.org,4523565475,31,Male,Dehri,Karnataka,Medium,2023-03-07,True,True
178128,3093,2023-11-14,shipped,Jodhpur,Madhya Pradesh,385833.19,Dhanush,Sathe,dhruv75@example.org,7963132404,30,Male,Jodhpur,Madhya Pradesh,High,2024-08-24,True,True
178147,6862,2024-03-20,delivered,Rampur,Uttar Pradesh,426968.34,Ehsaan,Raja,bborah@example.net,5098712884,33,Female,Rampur,Uttar Pradesh,Medium,2022-03-03,True,True
178165,4514,2023-07-09,shipped,Bangalore,Karnataka,334956.6,Lakshit,Zachariah,vritika51@example.org,9866318058,43,Male,Bangalore,Karnataka,Medium,2024-08-11,True,True
178200,2731,2024-12-19,completed,Anantapuram,Uttar Pradesh,367504.89,Navya,Lal,prerakchaudhry@example.com,3635680877,49,Female,Anantapuram,Uttar Pradesh,Premium,2024-01-27,True,True
178218,18850,2023-11-20,cancelled,Pimpri-Chinchwad,Madhya Pradesh,333806.73,Jayant,Babu,yakshitjhaveri@example.com,2318204532,24,Female,Pimpri-Chinchwad,Madhya Pradesh,Medium,2023-05-12,True,True
178223,2531,2022-09-30,cancelled,Nizamabad,Punjab,383863.32,Ishaan,Gera,mamooty20@example.com,2851550135,28,Male,Nizamabad,Punjab,Low,2023-12-29,True,True
178229,18755,2024-04-15,completed,Morena,Maharashtra,394197.09,Mahika,Mannan,pranaysundaram@example.com,5062432466,46,Male,Morena,Maharashtra,Low,2023-09-30,True,True
178252,18798,2024-04-28,completed,Faridabad,Madhya Pradesh,447014.79,Lakshit,Raja,pkala@example.com,3741118594,40,Female,Faridabad,Madhya Pradesh,Low,2023-06-02,True,True
178439,1693,2022-11-24,completed,Hosur,West Bengal,392770.04,Tarini,Keer,azadcomar@example.org,914967574510,24,Female,Hosur,West Bengal,Medium,2023-03-13,True,True
178443,3288,2023-10-22,completed,Kharagpur,Madhya Pradesh,449902.27,Hansh,Upadhyay,bghose@example.org,7896812666,57,Female,Kharagpur,Madhya Pradesh,High,2024-06-10,True,True
178445,3231,2022-09-29,pending,Nagpur,Uttar Pradesh,418047.47,Rania,Issac,darshitbalakrishnan@example.net,9028057955,35,Male,Nagpur,Uttar Pradesh,Low,2022-03-27,True,True
178480,19437,2022-07-10,delivered,Ongole,Bihar,396064.4,Bhamini,Walia,zvarghese@example.com,8952896879,32,Male,Ongole,Bihar,Medium,2024-02-18,True,True
178549,14331,2023-08-03,processing,Satna,Tamil Nadu,441718.04,Divyansh,Jain,zoyakibe@example.com,910236647743,25,Male,Satna,Tamil Nadu,Low,2023-07-06,True,True
178591,4382,2024-05-29,shipped,Bahraich,Gujarat,627740.69,Lavanya,Kothari,aaravbahri@example.com,6329568986,45,Male,Bahraich,Gujarat,High,2023-04-27,True,True
178596,17052,2024-09-21,shipped,Bathinda,Gujarat,659739.39,Rati,Varma,baijuagate@example.com,918314157233,40,Male,Bathinda,Gujarat,High,2022-09-12,True,True
178649,18647,2024-10-15,shipped,Bhubaneswar,Bihar,349805.15,Anahi,Kalita,kaleindrajit@example.org,1533754858,41,Male,Bhubaneswar,Bihar,Medium,2022-07-03,True,True
178661,6777,2024-10-17,delivered,Nizamabad,Punjab,422102.18,Urvi,Soman,sachdevyasmin@example.com,6304931531,34,Female,Nizamabad,Punjab,Low,2022-06-12,True,True
178702,16069,2022-05-28,completed,Maheshtala,Madhya Pradesh,354920.62,Kaira,Jaggi,tushar58@example.com,919414676954,57,Female,Maheshtala,Madhya Pradesh,Low,2023-01-06,True,True
178831,3419,2022-04-27,completed,Morena,Karnataka,345771.36,Tanya,Thaker,magarchirag@example.org,910077831826,28,Male,Morena,Karnataka,Medium,2024-09-20,True,True
178837,5251,2024-02-19,completed,Karawal Nagar,Telangana,741496.01,Raghav,Basu,keyaraj@example.org,4542289743,45,Female,Karawal Nagar,Telangana,Medium,2023-09-15,True,True
178860,17572,2023-12-03,completed,Bhusawal,Delhi,636501.46,Damini,Deol,zoyaluthra@example.org,8987131389,24,Female,Bhusawal,Delhi,Medium,2024-11-12,True,True
178892,11013,2023-05-01,delivered,Jhansi,Maharashtra,425610.25,Divij,Gole,wbiswas@example.com,5424813396,29,Female,Jhansi,Maharashtra,Medium,2024-11-06,True,True
178893,3807,2024-09-09,delivered,Chandrapur,Gujarat,404923.7,Misha,Barad,kanavsha@example.org,4217953485,48,Female,Chandrapur,Gujarat,Medium,2023-06-28,True,True
178949,13450,2023-10-14,completed,Srinagar,Madhya Pradesh,364423.74,Mehul,Kalita,yuvraj-saini@example.com,7504180843,42,Male,Srinagar,Madhya Pradesh,Medium,2022-05-16,True,True
178985,8318,2022-05-28,delivered,Mathura,Tamil Nadu,323416.95,Gokul,Apte,keyabarman@example.org,911811967827,42,Male,Mathura,Tamil Nadu,Low,2024-03-01,False,True
179032,19832,2023-05-20,delivered,Imphal,Punjab,396435.8,Aaina,Jaggi,vohrakaira@example.org,916241628322,21,Male,Imphal,Punjab,Low,2024-03-23,True,True
179039,15867,2023-11-13,completed,Bathinda,Tamil Nadu,510156.49,Vardaniya,Jaggi,shaan84@example.org,910678338054,28,Female,Bathinda,Tamil Nadu,High,2024-08-20,True,True
179078,5471,2022-02-07,completed,Belgaum,Maharashtra,652919.4,Anahi,Kunda,zeeshanvarty@example.net,9313241910,44,Female,Belgaum,Maharashtra,Medium,2022-07-19,True,True
179087,679,2023-10-09,completed,Bulandshahr,Uttar Pradesh,651514.65,Zara,Venkatesh,arama@example.net,910448360854,44,Female,Bulandshahr,Uttar Pradesh,High,2023-08-31,True,True
179211,19734,2024-10-24,completed,Kolkata,West Bengal,409201.37,Pranay,Desai,ubrar@example.com,1988666895,36,Male,Kolkata,West Bengal,Low,2023-07-01,True,True
179218,4679,2024-10-23,completed,Bhimavaram,Tamil Nadu,413608.24,Rati,Handa,nirvisule@example.net,5400220267,18,Male,Bhimavaram,Tamil Nadu,Low,2023-07-13,True,True
179228,3333,2024-06-16,delivered,Sri Ganganagar,Tamil Nadu,430400.01,Sana,Dugar,samadrishya@example.net,8197855179,52,Female,Sri Ganganagar,Tamil Nadu,Low,2023-03-19,True,True
179327,12854,2023-05-15,completed,Ghaziabad,Maharashtra,344682.89,Mamooty,Talwar,kohliabram@example.com,917290999020,34,Female,Ghaziabad,Maharashtra,Medium,2024-05-01,True,True
179353,697,2024-07-20,cancelled,Nagpur,Madhya Pradesh,421143.02,Lavanya,Upadhyay,ivanravel@example.com,2687741865,41,Male,Nagpur,Madhya Pradesh,Medium,2023-07-23,True,True
179372,44,2022-07-19,completed,Rajpur Sonarpur,Bihar,426958.32,Vritika,Ranganathan,urvilal@example.com,7496499091,36,Female,Rajpur Sonarpur,Bihar,High,2023-02-16,True,True
179386,2688,2023-10-25,delivered,Nangloi Jat,Uttar Pradesh,355673.4,Alia,Mahajan,jhanviwadhwa@example.org,915689910858,43,Female,Nangloi Jat,Uttar Pradesh,Low,2023-12-15,True,True
179457,1755,2024-07-29,completed,Darbhanga,Maharashtra,348757.29,Vritika,Bajwa,gkaran@example.com,8783103145,23,Female,Darbhanga,Maharashtra,Medium,2023-05-04,True,True
179512,12352,2024-03-11,completed,Bathinda,West Bengal,482069.23,Alia,Som,duttasuhana@example.net,910445212858,29,Male,Bathinda,West Bengal,Medium,2023-10-28,True,True
179578,2356,2023-10-23,completed,Kavali,Maharashtra,424334.31,Mishti,Raval,zoyavenkatesh@example.org,910810014286,34,Male,Kavali,Maharashtra,High,2022-03-31,True,True
179616,12249,2024-08-09,completed,Ambattur,Uttar Pradesh,387561.54,Kashvi,Sankaran,mkrishna@example.org,3162881605,25,Male,Ambattur,Uttar Pradesh,High,2023-11-06,True,True
179691,13118,2024-03-16,shipped,Ongole,Delhi,387705.61,Rania,Apte,himmatsidhu@example.com,7696420634,39,Female,Ongole,Delhi,Low,2024-12-26,True,True
179699,16861,2023-10-13,completed,Kavali,Gujarat,432057.37,Zoya,Grewal,vritikatak@example.net,917479436231,26,Female,Kavali,Gujarat,High,2024-01-24,True,True
179820,4916,2024-05-23,completed,Buxar,Uttar Pradesh,330847.81,Kimaya,Deo,chadhaaarav@example.org,912586637021,54,Female,Buxar,Uttar Pradesh,Medium,2024-03-16,True,True
179869,789,2023-08-06,completed,Phagwara,West Bengal,437601.96,Madhav,Sahota,idubey@example.net,4539862895,49,Male,Phagwara,West Bengal,Low,2022-03-24,True,True
179913,17180,2023-09-24,completed,Avadi,Uttar Pradesh,434578.24,Alisha,Thaker,advik12@example.org,911330140563,30,Male,Avadi,Uttar Pradesh,Low,2024-09-15,True,True
179965,8104,2023-06-19,pending,Karimnagar,West Bengal,577726.21,Nehmat,Baral,borakismat@example.org,919559729170,28,Male,Karimnagar,West Bengal,High,2022-11-27,True,True
179987,6207,2022-05-18,processing,Chennai,Telangana,631038.92,Devansh,Konda,fateh35@example.net,2700878032,40,Female,Chennai,Telangana,Low,2024-11-25,True,True
179990,9289,2023-10-14,completed,Agartala,Uttar Pradesh,343049.69,Rania,Hayer,kbadal@example.org,7039459643,28,Female,Agartala,Uttar Pradesh,Low,2023-08-29,True,True
180005,6875,2023-11-26,delivered,Haridwar,Bihar,423660.5,Ela,Srinivas,bahrirati@example.org,3939920127,51,Female,Haridwar,Bihar,Low,2022-04-05,True,True
180031,466,2023-07-25,completed,Bhagalpur,West Bengal,488556.37,Gatik,Thakur,samairamall@example.com,3985547435,22,Male,Bhagalpur,West Bengal,Medium,2023-12-16,True,True
180038,16874,2023-11-13,completed,Jalna,Kerala,336884.42,Ira,Jayaraman,sanamajumdar@example.com,913063016241,18,Male,Jalna,Kerala,High,2024-09-01,True,True
180062,17404,2023-05-17,completed,Ghaziabad,West Bengal,537486.03,Miraan,Saran,kundakiara@example.net,9577836583,42,Female,Ghaziabad,West Bengal,Medium,2024-01-13,True,True
180071,11548,2024-02-04,delivered,Dharmavaram,Madhya Pradesh,402168.6,Charvi,Sathe,sathetushar@example.com,5959959781,43,Female,Dharmavaram,Madhya Pradesh,High,2024-04-21,True,True
180139,6267,2024-08-17,cancelled,Panipat,Rajasthan,1016595.52,Oorja,Doctor,asarma@example.org,3635277642,56,Male,Panipat,Rajasthan,Medium,2024-07-13,True,True
180236,4218,2024-08-02,completed,Kottayam,Uttar Pradesh,707308.39,Ira,Hegde,nityareddy@example.com,3642178572,39,Male,Kottayam,Uttar Pradesh,Medium,2024-10-29,True,True
180265,1282,2023-09-06,completed,Bharatpur,Rajasthan,464446.28,Fateh,Das,rasha21@example.com,911642610703,21,Female,Bharatpur,Rajasthan,Low,2022-03-14,True,True
180272,9928,2023-06-10,completed,Hajipur,Punjab,343313.49,Rhea,Walia,ivan16@example.org,2188102374,35,Male,Hajipur,Punjab,High,2024-03-11,True,True
180319,8592,2023-05-22,completed,Firozabad,Tamil Nadu,400403.1,Adah,Ranganathan,zranganathan@example.org,910368351050,26,Female,Firozabad,Tamil Nadu,Medium,2024-04-16,True,True
180387,17060,2023-02-03,completed,South Dumdum,West Bengal,367823.48,Jayesh,Sandhu,kbhatt@example.com,9018008805,34,Male,South Dumdum,West Bengal,Medium,2024-02-02,True,True
180431,18808,2024-08-30,completed,Karaikudi,Punjab,750138.55,Tejas,Maharaj,mbawa@example.net,3423536256,53,Female,Karaikudi,Punjab,Medium,2023-03-28,True,True
180477,1442,2023-01-19,completed,Raipur,Uttar Pradesh,495538.71,Rohan,Keer,mehulbali@example.com,4615749325,52,Male,Raipur,Uttar Pradesh,Low,2023-02-10,False,True
180546,14365,2024-09-08,completed,Maheshtala,Tamil Nadu,528296.21,Nehmat,Dugal,dhruv79@example.com,1183926871,38,Male,Maheshtala,Tamil Nadu,Low,2022-06-11,True,True
180571,8095,2023-02-17,pending,Mahbubnagar,Kerala,338815.04,Renee,Bedi,goeltushar@example.com,912141662585,21,Male,Mahbubnagar,Kerala,Medium,2024-04-21,False,True
180605,3319,2023-12-21,completed,Hindupur,West Bengal,1090456.96,Aaryahi,Bhardwaj,jayant83@example.org,6820808207,39,Female,Hindupur,West Bengal,High,2024-02-19,True,True
180610,10485,2023-10-31,processing,Jammu,Madhya Pradesh,451051.0,Shayak,Rajan,samar48@example.net,6879455381,28,Male,Jammu,Madhya Pradesh,Medium,2024-07-03,True,True
180611,107,2024-11-27,completed,Panchkula,Rajasthan,331035.13,Gatik,Deol,jdasgupta@example.org,914696325953,27,Male,Panchkula,Rajasthan,Low,2024-03-10,True,True
180716,7711,2022-08-18,completed,Jamshedpur,West Bengal,399648.84,Myra,Chhabra,ggrewal@example.org,8380623946,56,Male,Jamshedpur,West Bengal,Medium,2024-08-23,True,True
180766,1426,2022-04-20,completed,Bijapur,Tamil Nadu,329085.6,Arnav,Sangha,advika05@example.org,1879938444,31,Male,Bijapur,Tamil Nadu,Low,2023-07-26,True,True
180770,15179,2022-06-22,shipped,Alwar,Gujarat,402243.12,Indrans,Karnik,sahildutta@example.org,914547954064,23,Female,Alwar,Gujarat,High,2023-12-17,True,True
180783,15686,2023-08-07,completed,Latur,Uttar Pradesh,364486.2,Rati,Ramachandran,sana69@example.com,4072752414,27,Male,Latur,Uttar Pradesh,Low,2023-03-26,True,True
180804,18456,2024-05-22,completed,Rajpur Sonarpur,Tamil Nadu,444714.67,Sahil,Kadakia,pbora@example.com,916389368738,48,Male,Rajpur Sonarpur,Tamil Nadu,Low,2023-07-10,True,True
181005,10875,2022-02-16,delivered,Nagpur,Madhya Pradesh,564261.08,Vivaan,Bedi,mahajankabir@example.com,9206049735,29,Female,Nagpur,Madhya Pradesh,Medium,2022-05-30,True,True
181016,16963,2023-10-12,shipped,Purnia,Telangana,347635.85,Samarth,Acharya,chadhiran@example.net,4935363503,52,Female,Purnia,Telangana,Low,2023-01-09,True,True
181031,12691,2022-06-06,completed,Gorakhpur,Bihar,400210.07,Mishti,Sama,rajuromil@example.com,914857543276,33,Male,Gorakhpur,Bihar,Medium,2023-07-06,True,True
181100,883,2022-09-30,cancelled,Gulbarga,Uttar Pradesh,491443.11,Taran,Halder,korpaladira@example.net,6164534547,33,Female,Gulbarga,Uttar Pradesh,High,2022-12-07,True,True
181103,2738,2022-12-28,delivered,Panvel,Bihar,371316.06,Ela,Dixit,chowdhuryinaaya@example.net,911276078335,27,Male,Panvel,Bihar,Medium,2022-10-02,True,True
181131,19160,2024-11-30,shipped,Narasaraopet,Tamil Nadu,592177.17,Kimaya,Datta,ganesanzoya@example.net,911868814326,20,Male,Narasaraopet,Tamil Nadu,High,2022-04-08,True,True
181159,14208,2024-10-18,completed,Raipur,Rajasthan,329938.48,Ranbir,Sen,sarmasahil@example.com,9417384460,37,Male,Raipur,Rajasthan,Low,2022-03-07,True,True
181169,18210,2022-08-16,cancelled,Gandhinagar,West Bengal,608253.56,Aayush,Ghosh,nramanathan@example.net,911721337486,33,Male,Gandhinagar,West Bengal,Low,2024-11-17,True,True
181193,16841,2024-05-25,completed,Phusro,Uttar Pradesh,370029.27,Charvi,Ghosh,mehuldewan@example.com,1051486626,34,Male,Phusro,Uttar Pradesh,Low,2024-09-18,True,True
181233,4902,2023-07-29,completed,Sultan Pur Majra,Tamil Nadu,378958.85,Aarush,Biswas,venkataramanstuvan@example.org,914841719322,29,Male,Sultan Pur Majra,Tamil Nadu,Low,2022-05-21,True,True
181294,16945,2024-09-24,completed,Pimpri-Chinchwad,Uttar Pradesh,345765.96,Yashvi,Tak,nishith39@example.com,917621070729,37,Male,Pimpri-Chinchwad,Uttar Pradesh,Premium,2023-03-25,True,True
181363,16343,2024-02-02,pending,Delhi,Telangana,371316.06,Aarna,Ganesan,dhruvkala@example.com,6974343150,34,Female,Delhi,Telangana,Medium,2024-01-27,True,True
181497,6174,2022-03-09,shipped,Deoghar,Tamil Nadu,357887.96,Tarini,Toor,wablefateh@example.net,913567215240,18,Female,Deoghar,Tamil Nadu,Low,2023-01-01,True,True
181511,8241,2024-06-08,shipped,Sri Ganganagar,Bihar,358437.22,Yuvaan,D’Alia,trisha38@example.org,917275652272,36,Male,Sri Ganganagar,Bihar,Medium,2023-09-18,True,True
181523,12297,2023-01-13,cancelled,Pimpri-Chinchwad,Tamil Nadu,521701.18,Indrajit,Krishnamurthy,zaina37@example.org,1359241477,48,Male,Pimpri-Chinchwad,Tamil Nadu,Low,2024-12-29,True,True
181587,11763,2023-11-26,completed,Asansol,Uttar Pradesh,413787.75,Vihaan,Chacko,ayeshachahal@example.net,3333250791,55,Male,Asansol,Uttar Pradesh,Low,2024-02-09,True,True
181590,19185,2022-09-18,completed,Nagercoil,Madhya Pradesh,616482.15,Vivaan,Kurian,raunaksani@example.net,5119853317,18,Female,Nagercoil,Madhya Pradesh,Medium,2022-04-15,True,True
181593,19966,2023-09-28,completed,Kolhapur,Uttar Pradesh,403906.03,Sahil,Dyal,zkurian@example.org,914925754703,39,Male,Kolhapur,Uttar Pradesh,High,2023-05-16,True,True
181662,7471,2023-11-28,completed,Bareilly,Madhya Pradesh,631595.43,Aaryahi,Bhatti,kbadami@example.org,672833815,34,Male,Bareilly,Madhya Pradesh,Low,2022-08-21,True,True
181737,16874,2022-06-06,delivered,Jalna,Kerala,390360.12,Ira,Jayaraman,sanamajumdar@example.com,913063016241,18,Male,Jalna,Kerala,High,2024-09-01,True,True
181788,9487,2024-03-08,cancelled,Kamarhati,Kerala,376978.72,Rasha,Chokshi,goswamichirag@example.net,6277340698,39,Male,Kamarhati,Kerala,High,2024-10-04,True,True
181840,6444,2023-10-22,completed,Bellary,Tamil Nadu,420071.14,Yuvaan,Chahal,shanaya77@example.com,8307558485,35,Female,Bellary,Tamil Nadu,Medium,2022-07-05,True,True
181913,18021,2022-08-31,shipped,Chittoor,Karnataka,655388.09,Ela,Bhagat,tdeol@example.com,914293390214,41,Male,Chittoor,Karnataka,Low,2022-06-12,True,True
181928,19829,2024-10-14,completed,Kanpur,Karnataka,353963.94,Anvi,Raman,vsachar@example.org,7100021438,41,Male,Kanpur,Karnataka,Low,2024-07-19,True,True
181988,11289,2023-08-07,completed,Nadiad,Tamil Nadu,422610.46,Myra,Bawa,saanvisen@example.com,917659900998,45,Male,Nadiad,Tamil Nadu,High,2023-01-01,True,True
182062,12825,2022-09-04,completed,Sangli-Miraj & Kupwad,Kerala,405231.28,Jivin,Edwin,saxenamadhup@example.org,915783956071,28,Female,Sangli-Miraj & Kupwad,Kerala,High,2022-12-31,True,True
182073,8046,2024-09-25,completed,Hosur,Maharashtra,459479.0,Piya,Chandra,bosepurab@example.com,3273362691,20,Female,Hosur,Maharashtra,Low,2023-07-26,True,True
182085,12273,2022-11-23,shipped,Nellore,Maharashtra,376171.47,Sara,Bains,zarakarpe@example.net,226839084,27,Male,Nellore,Maharashtra,Medium,2024-12-09,True,True
182107,2981,2022-11-22,completed,Jehanabad,Maharashtra,353378.95,Riaan,Gola,jayan10@example.net,2084182865,44,Female,Jehanabad,Maharashtra,Low,2022-02-25,True,True
182161,17429,2023-05-29,pending,Davanagere,Bihar,452037.43,Samiha,Chokshi,arnav07@example.com,6886408007,39,Male,Davanagere,Bihar,Low,2023-10-05,True,True
182240,11991,2023-12-02,delivered,Pune,Madhya Pradesh,381883.17,Vritika,Kalita,indrans89@example.net,915460485036,37,Female,Pune,Madhya Pradesh,Low,2022-12-16,True,True
182359,401,2022-07-30,shipped,Mehsana,Bihar,704540.29,Parinaaz,Arya,vaibhavramakrishnan@example.net,2499118773,27,Male,Mehsana,Bihar,Medium,2024-02-01,True,True
182390,11891,2024-11-01,completed,Bilaspur,Uttar Pradesh,354444.92,Akarsh,Char,anahi43@example.com,913386302969,56,Male,Bilaspur,Uttar Pradesh,High,2024-03-08,True,True
182418,16126,2024-03-31,completed,Bally,Karnataka,494594.0,Nirvaan,Dhar,vedika75@example.net,5876107947,28,Male,Bally,Karnataka,Medium,2022-09-01,True,True
182554,5865,2024-04-18,completed,Shahjahanpur,Tamil Nadu,371262.78,Aarush,Krishnan,kdalia@example.net,6758493197,28,Male,Shahjahanpur,Tamil Nadu,Premium,2023-08-19,True,True
182632,16770,2024-03-06,pending,Meerut,Karnataka,326055.03,Mahika,Barman,dardharmajan@example.org,9659684905,26,Female,Meerut,Karnataka,Low,2022-06-15,True,True
182633,13114,2022-08-17,shipped,Latur,Gujarat,528109.42,Shanaya,Sodhi,aniruddh62@example.net,5254725183,49,Female,Latur,Gujarat,Medium,2023-02-21,True,True
182645,13196,2023-03-23,completed,Kumbakonam,Rajasthan,640856.67,Aarna,Kale,yakshittrivedi@example.com,3942498518,46,Female,Kumbakonam,Rajasthan,Low,2024-04-17,True,True
182744,4023,2023-05-25,completed,Yamunanagar,Bihar,365596.95,Kavya,Saini,sahil48@example.org,917493601616,22,Male,Yamunanagar,Bihar,Medium,2022-12-14,True,True
182746,225,2023-04-09,completed,Jamalpur,Gujarat,420922.7,Manjari,Bala,routindranil@example.net,7217535408,51,Female,Jamalpur,Gujarat,Medium,2024-09-26,True,True
182795,16330,2022-08-13,completed,Agra,Uttar Pradesh,398132.7,Baiju,Saini,sanevanya@example.org,3911955911,35,Female,Agra,Uttar Pradesh,High,2024-05-16,True,True
182830,4242,2024-05-22,completed,Panipat,West Bengal,403293.0,Charvi,Virk,ahluwaliareyansh@example.com,8701280870,32,Male,Panipat,West Bengal,Low,2022-06-04,True,True
182875,11690,2024-08-10,completed,Kottayam,Karnataka,442019.37,Eshani,Borde,fatehwarrior@example.net,917749903193,45,Female,Kottayam,Karnataka,Low,2024-07-21,False,True
182922,11919,2024-03-10,completed,Mumbai,Karnataka,477617.21,Darshit,Issac,nitya83@example.org,917144485225,36,Female,Mumbai,Karnataka,Low,2022-09-24,True,True
183084,3513,2023-06-10,completed,Chittoor,Uttar Pradesh,780726.22,Nayantara,Luthra,tmanda@example.net,917012335793,50,Male,Chittoor,Uttar Pradesh,Medium,2023-06-24,True,True
183205,2848,2024-04-19,delivered,Gopalpur,Madhya Pradesh,335463.64,Alisha,Balay,tiya83@example.com,4302997385,35,Female,Gopalpur,Madhya Pradesh,Low,2022-10-02,True,True
183272,16311,2022-06-26,completed,Ongole,Maharashtra,347007.86,Jayant,Gera,aayushkonda@example.org,2173889585,58,Male,Ongole,Maharashtra,Low,2024-07-10,True,True
183321,13463,2022-04-11,completed,Ramagundam,Maharashtra,567213.89,Shalv,Gaba,lakshaysur@example.net,257353852,52,Female,Ramagundam,Maharashtra,Low,2024-02-17,True,True
183324,2870,2022-12-04,completed,Ramagundam,Uttar Pradesh,377651.72,Bhamini,Bains,zain48@example.net,5516932405,36,Male,Ramagundam,Uttar Pradesh,Low,2022-06-04,True,True
183384,6193,2023-07-11,delivered,Fatehpur,Kerala,373348.06,Piya,Dora,jissac@example.org,910886158925,48,Female,Fatehpur,Kerala,Low,2022-05-22,True,True
183388,15480,2023-06-21,delivered,Howrah,Uttar Pradesh,672407.41,Dharmajan,Zacharia,dubeuthkarsh@example.net,911051843995,33,Male,Howrah,Uttar Pradesh,Low,2022-10-27,True,True
183416,7537,2022-04-02,pending,Nanded,Kerala,357512.24,Saira,Dugar,lavanya38@example.net,516843476,38,Male,Nanded,Kerala,Low,2024-04-15,True,True
183423,19951,2022-12-06,cancelled,Amravati,Tamil Nadu,469074.67,Nehmat,Sharma,zvala@example.net,4751540426,41,Female,Amravati,Tamil Nadu,Medium,2022-06-15,True,True
183464,19241,2023-06-10,delivered,Ahmednagar,Bihar,442452.8,Vedika,Dhawan,drishyasani@example.org,3657654899,45,Male,Ahmednagar,Bihar,Low,2022-01-19,True,True
183526,13656,2024-06-29,completed,Bhagalpur,Delhi,601846.11,Charvi,Sinha,bobaltaimur@example.org,915345397552,18,Male,Bhagalpur,Delhi,Medium,2023-05-02,True,True
183578,5506,2024-05-07,completed,Bihar Sharif,West Bengal,607554.33,Lavanya,Hayer,pkaran@example.org,916256857884,30,Female,Bihar Sharif,West Bengal,Low,2023-12-12,True,True
183609,8625,2024-11-02,completed,Anand,Uttar Pradesh,436175.0,Biju,Karpe,dharmajanluthra@example.com,915429515019,47,Male,Anand,Uttar Pradesh,Low,2023-02-21,True,True
183611,17456,2022-12-29,cancelled,Miryalaguda,Rajasthan,381230.82,Aniruddh,Chaudhuri,adahdin@example.net,8018264768,33,Female,Miryalaguda,Rajasthan,Medium,2022-09-24,True,True
183672,2973,2024-04-01,delivered,Tadipatri,Maharashtra,326977.82,Darshit,Bawa,keya05@example.net,915687042646,18,Female,Tadipatri,Maharashtra,High,2023-07-09,True,True
183752,1832,2023-02-27,completed,Anantapuram,Tamil Nadu,524346.53,Rohan,Randhawa,gkuruvilla@example.org,4990803586,35,Male,Anantapuram,Tamil Nadu,Low,2022-03-12,True,True
183826,15719,2024-05-06,shipped,Sri Ganganagar,Rajasthan,516713.05,Darshit,Arora,lakshaydeo@example.com,9373845894,42,Male,Sri Ganganagar,Rajasthan,Medium,2023-12-02,True,True
183872,1903,2024-06-22,processing,Kottayam,Rajasthan,421678.74,Onkar,Gera,umangkant@example.org,910907406351,41,Male,Kottayam,Rajasthan,Low,2023-06-17,True,True
183918,14827,2023-03-18,cancelled,Nandyal,Uttar Pradesh,384744.33,Jayesh,Gandhi,hansvanya@example.com,5021040512,39,Female,Nandyal,Uttar Pradesh,High,2022-05-21,True,True
183952,5664,2023-08-16,delivered,Mira-Bhayandar,West Bengal,451990.58,Zoya,Khatri,desaishray@example.net,9876348654,18,Female,Mira-Bhayandar,West Bengal,Low,2022-07-25,True,True
183988,671,2023-11-10,completed,Kochi,Tamil Nadu,516077.22,Veer,Dutta,hridaanbail@example.net,3684995154,30,Male,Kochi,Tamil Nadu,High,2023-03-24,True,True
184027,13797,2024-06-13,processing,Nizamabad,Uttar Pradesh,374786.2,Diya,Vasa,priyanshkalla@example.net,7565566346,49,Male,Nizamabad,Uttar Pradesh,Low,2023-01-26,False,True
184088,10629,2023-12-06,completed,Hyderabad,Maharashtra,370829.58,Saira,Banerjee,vritika66@example.com,915713510961,26,Female,Hyderabad,Maharashtra,Low,2024-10-26,True,True
184114,15101,2023-06-21,completed,Guna,Uttar Pradesh,725773.5,Ranbir,Hayre,renee18@example.org,6500217706,62,Male,Guna,Uttar Pradesh,Low,2023-08-30,True,True
184127,7543,2023-07-23,completed,Dibrugarh,West Bengal,382179.19,Onkar,Roy,dharmajankohli@example.com,46243929,32,Female,Dibrugarh,West Bengal,Low,2024-02-01,True,True
184156,1501,2024-11-20,completed,Srinagar,Delhi,371881.83,Reyansh,Vaidya,mahikadugal@example.org,910037539892,32,Female,Srinagar,Delhi,Medium,2022-11-18,True,True
184163,8865,2024-04-05,completed,Patiala,Rajasthan,333632.95,Samaira,Bansal,svarughese@example.com,2203128000,66,Female,Patiala,Rajasthan,High,2022-03-04,True,True
184190,4471,2022-06-24,completed,Navi Mumbai,Bihar,533086.68,Eshani,Kale,piyasahni@example.com,2352493710,20,Female,Navi Mumbai,Bihar,Medium,2023-12-24,True,True
184199,16654,2023-02-14,completed,Narasaraopet,Uttar Pradesh,602254.94,Madhav,Srivastava,neelofar13@example.com,6176961457,31,Female,Narasaraopet,Uttar Pradesh,Low,2022-10-15,False,True
184224,4491,2024-05-15,completed,Lucknow,Maharashtra,463134.97,Ishita,Chandra,semaaina@example.org,8456727857,36,Male,Lucknow,Maharashtra,High,2022-07-27,True,True
184262,13971,2023-04-24,pending,Mira-Bhayandar,Rajasthan,818880.57,Raghav,Chopra,masteraarna@example.org,4474092762,45,Male,Mira-Bhayandar,Rajasthan,High,2022-01-23,True,True
184290,5536,2024-03-10,completed,Pimpri-Chinchwad,Karnataka,338298.73,Kiara,Vig,neysa89@example.net,964965459,34,Female,Pimpri-Chinchwad,Karnataka,High,2022-02-02,True,True
184294,417,2024-05-04,completed,Nanded,Uttar Pradesh,472900.28,Romil,Bath,rohancheema@example.org,5604177656,35,Female,Nanded,Uttar Pradesh,Low,2024-12-21,True,True
184298,7270,2024-05-04,completed,Kharagpur,Bihar,436948.95,Vihaan,Vig,iyengarmiraan@example.com,3227777576,29,Female,Kharagpur,Bihar,Low,2024-09-02,True,True
184303,4062,2023-11-29,shipped,Medininagar,Uttar Pradesh,628146.1,Kiara,Kuruvilla,wagleranbir@example.net,911859293004,32,Male,Medininagar,Uttar Pradesh,Premium,2022-08-13,True,True
184385,10810,2024-03-13,completed,Bhagalpur,Bihar,565779.08,Samar,Sekhon,lkapoor@example.com,2167756823,51,Female,Bhagalpur,Bihar,Medium,2024-08-21,True,True
184391,1277,2024-12-29,delivered,Nagaon,Madhya Pradesh,329942.39,Shalv,Vig,aayush11@example.org,5358210728,59,Female,Nagaon,Madhya Pradesh,Low,2022-01-06,True,True
184433,18660,2024-04-07,delivered,Sultan Pur Majra,Madhya Pradesh,361081.48,Lavanya,Madan,mohanlal72@example.net,6085212599,23,Female,Sultan Pur Majra,Madhya Pradesh,Low,2024-07-31,True,True
184453,18919,2024-11-10,shipped,Bidar,Maharashtra,720182.67,Manjari,Chaudry,sumer73@example.net,8386892428,23,Female,Bidar,Maharashtra,Low,2022-09-08,True,True
184469,1831,2024-03-19,completed,Mirzapur,Maharashtra,341172.95,Mahika,Kapur,hloke@example.net,6085571749,33,Female,Mirzapur,Maharashtra,Low,2024-03-20,True,True
184606,333,2023-11-06,shipped,Tezpur,Madhya Pradesh,433418.66,Veer,Bala,kalavihaan@example.org,9979545381,65,Male,Tezpur,Madhya Pradesh,Medium,2022-07-24,True,True
184698,8988,2022-11-12,completed,Amaravati,Tamil Nadu,381080.62,Saksham,Dalal,purabchander@example.org,7785545976,44,Male,Amaravati,Tamil Nadu,High,2024-05-13,True,True
184799,2998,2022-09-23,completed,Bihar Sharif,Gujarat,380680.08,Divyansh,Viswanathan,romil44@example.com,5748145252,18,Male,Bihar Sharif,Gujarat,Low,2023-08-12,True,True
184829,5943,2022-05-21,completed,Chandrapur,Madhya Pradesh,513886.95,Nitara,Dhingra,kumerkabir@example.net,6631892901,24,Female,Chandrapur,Madhya Pradesh,Low,2023-04-06,True,True
184841,18500,2024-08-01,completed,Tumkur,Tamil Nadu,347609.84,Bhavin,Manne,chaudrysamaira@example.org,7144409397,56,Female,Tumkur,Tamil Nadu,High,2023-01-25,True,True
184891,1207,2024-10-25,completed,Bokaro,Tamil Nadu,380821.34,Romil,Bahl,ybobal@example.org,915599672562,42,Female,Bokaro,Tamil Nadu,Medium,2022-07-14,True,True
184903,11165,2023-06-03,completed,Gandhidham,Uttar Pradesh,472900.28,Riaan,Dhar,keya05@example.org,916798814443,22,Male,Gandhidham,Uttar Pradesh,Medium,2024-10-01,True,True
184982,14512,2024-03-14,cancelled,Alappuzha,Madhya Pradesh,433297.59,Nitya,D’Alia,veersoni@example.org,916816101274,31,Female,Alappuzha,Madhya Pradesh,Low,2022-11-17,True,True
185032,6060,2023-06-14,completed,Mangalore,Punjab,338051.1,Yashvi,Deol,nbasak@example.org,8787582735,41,Female,Mangalore,Punjab,Medium,2022-11-14,True,True
185077,9710,2022-09-04,completed,Bhalswa Jahangir Pur,Tamil Nadu,500480.75,Neysa,Chopra,gargpiya@example.net,8574275507,40,Male,Bhalswa Jahangir Pur,Tamil Nadu,Low,2022-08-24,True,True
185103,10447,2024-10-26,completed,Amroha,Maharashtra,560015.84,Kavya,Kata,uppaladvik@example.net,912033970794,44,Female,Amroha,Maharashtra,Low,2023-05-29,False,True
185106,6120,2024-05-29,completed,Mysore,Uttar Pradesh,439465.37,Purab,Mahajan,vedikakhurana@example.org,1484634627,59,Male,Mysore,Uttar Pradesh,High,2023-01-31,True,True
185206,11935,2022-08-17,completed,Jabalpur,Gujarat,464937.63,Zeeshan,Gulati,nkhatri@example.org,915649676447,18,Female,Jabalpur,Gujarat,Medium,2022-04-01,True,True
185231,17755,2024-08-22,completed,Thoothukudi,Kerala,421489.29,Shray,Rajan,randhawamadhav@example.com,8702949997,31,Female,Thoothukudi,Kerala,Low,2023-10-05,False,True
185243,11050,2023-07-18,completed,Allahabad,Uttar Pradesh,394240.05,Vaibhav,Tailor,purab97@example.com,6211055677,46,Female,Allahabad,Uttar Pradesh,Low,2022-01-23,True,True
185244,6048,2024-07-14,completed,Vadodara,Kerala,352550.42,Keya,Rao,kataindranil@example.com,908525946,42,Male,Vadodara,Kerala,High,2024-04-02,True,True
185253,9773,2022-11-01,processing,Ajmer,Gujarat,413392.0,Tushar,Chawla,goelyasmin@example.com,918225296435,45,Female,Ajmer,Gujarat,Medium,2024-01-19,True,True
185303,39,2022-01-14,completed,Korba,Bihar,373240.68,Kimaya,Sarna,ivana08@example.org,913678377701,26,Male,Korba,Bihar,Low,2023-09-21,True,True
185308,10167,2024-01-09,completed,Nashik,Maharashtra,465392.59,Bhamini,Sani,savanthunar@example.org,4503610823,42,Female,Nashik,Maharashtra,Medium,2023-03-15,True,True
185311,1215,2023-10-20,completed,Rajkot,Uttar Pradesh,524570.51,Drishya,Khalsa,zoyamallick@example.org,2787304862,23,Female,Rajkot,Uttar Pradesh,Medium,2023-05-02,True,True
185479,19857,2023-04-01,completed,Guntur,Uttar Pradesh,646316.63,Amani,Kanda,chatterjeeyuvaan@example.org,1706718594,31,Female,Guntur,Uttar Pradesh,Medium,2023-12-27,True,True
185499,1158,2022-02-14,completed,Aurangabad,Maharashtra,360383.37,Damini,Kade,lavanyasengupta@example.com,3988941321,50,Male,Aurangabad,Maharashtra,Low,2023-11-24,True,True
185622,11864,2022-11-27,completed,Raebareli,Bihar,324662.48,Hansh,Batta,sahalakshay@example.com,2433932669,64,Female,Raebareli,Bihar,Low,2022-01-22,True,True
185644,16787,2024-05-03,shipped,Anantapuram,Rajasthan,391986.72,Ela,Sachdev,hhanda@example.org,911969912589,59,Male,Anantapuram,Rajasthan,Low,2023-05-02,True,True
185652,7647,2024-01-23,completed,Bihar Sharif,Tamil Nadu,447209.91,Mannat,Deshpande,kartikkoshy@example.org,2776270767,30,Male,Bihar Sharif,Tamil Nadu,Low,2022-09-18,True,True
185719,1574,2022-01-05,cancelled,Sambalpur,Maharashtra,382018.1,Seher,Chaudhari,wadhwasuhana@example.net,8163603891,32,Male,Sambalpur,Maharashtra,Low,2023-08-14,True,True
185721,5245,2023-11-22,completed,Nagaon,West Bengal,349102.47,Nitya,Sandal,nbehl@example.net,6412541895,36,Female,Nagaon,West Bengal,Low,2022-06-25,True,True
185802,5348,2023-01-26,delivered,Deoghar,Madhya Pradesh,480466.12,Ehsaan,Chaudry,birrati@example.com,911326537339,44,Male,Deoghar,Madhya Pradesh,Medium,2023-07-25,True,True
185896,16421,2022-06-07,completed,Kharagpur,Punjab,356558.84,Aaryahi,Subramanian,xsoman@example.org,9183378895,23,Male,Kharagpur,Punjab,Low,2023-08-15,True,True
185946,16165,2022-05-16,completed,Dibrugarh,Maharashtra,344053.27,Damini,Divan,neysakannan@example.org,8637491904,34,Male,Dibrugarh,Maharashtra,High,2024-11-22,True,True
185950,13707,2022-08-18,completed,Buxar,Tamil Nadu,628234.78,Anya,Chad,adatta@example.com,772699781,27,Male,Buxar,Tamil Nadu,High,2024-08-31,True,True
185960,3419,2022-04-15,completed,Morena,Karnataka,413777.35,Tanya,Thaker,magarchirag@example.org,910077831826,28,Male,Morena,Karnataka,Medium,2024-09-20,True,True
185969,2588,2023-09-06,completed,Agartala,Bihar,325447.47,Uthkarsh,Bhalla,bhavin71@example.org,6169036705,36,Female,Agartala,Bihar,Low,2022-07-03,True,True
185995,2632,2024-12-26,completed,Dehradun,Tamil Nadu,573101.02,Sumer,Suresh,deyyakshit@example.org,2284396568,50,Male,Dehradun,Tamil Nadu,Low,2022-01-16,True,True
186042,15454,2023-09-13,delivered,Kharagpur,Uttar Pradesh,668181.76,Baiju,Korpal,sekhonsaira@example.com,918946251861,19,Female,Kharagpur,Uttar Pradesh,Medium,2023-06-12,False,True
186072,7919,2023-06-03,delivered,Yamunanagar,Madhya Pradesh,517022.44,Anahita,Kari,zmangat@example.net,913795340668,18,Male,Yamunanagar,Madhya Pradesh,Medium,2023-01-31,True,True
186087,18381,2023-06-25,shipped,Phagwara,Uttar Pradesh,414929.62,Madhav,Suri,shaanchandra@example.net,917449002765,63,Male,Phagwara,Uttar Pradesh,Low,2022-07-02,True,True
186094,19989,2022-03-16,completed,Bijapur,Tamil Nadu,346292.93,Piya,Arya,mraman@example.org,3869773202,33,Male,Bijapur,Tamil Nadu,Medium,2023-04-26,True,True
186113,16761,2022-08-31,completed,Bangalore,Maharashtra,340065.09,Alisha,Deo,nirvaansrivastava@example.org,918774293956,49,Male,Bangalore,Maharashtra,Low,2022-03-19,True,True
186137,15349,2024-08-09,completed,Sasaram,Bihar,712429.44,Indrans,Virk,pari45@example.com,916417852080,29,Female,Sasaram,Bihar,Low,2022-01-12,True,True
186260,14557,2023-01-21,cancelled,Bhiwandi,Maharashtra,331709.85,Nishith,Choudhary,adiradeshmukh@example.org,4069181797,42,Male,Bhiwandi,Maharashtra,Low,2022-02-28,True,True
186280,10137,2022-07-22,completed,Jorhat,Rajasthan,355503.34,Renee,Shetty,indrajitratti@example.net,910579025823,47,Female,Jorhat,Rajasthan,Low,2023-08-30,True,True
186499,2438,2022-03-23,shipped,Rewa,Karnataka,865980.46,Gokul,Saxena,rvenkatesh@example.net,7526158789,32,Female,Rewa,Karnataka,High,2024-05-10,True,True
186512,17864,2023-08-15,delivered,Aligarh,Uttar Pradesh,363341.87,Ishita,Vala,ivanabansal@example.org,6856530812,31,Female,Aligarh,Uttar Pradesh,Premium,2023-08-13,True,True
186531,3708,2022-11-29,delivered,Ballia,Maharashtra,325519.42,Anay,Sidhu,arorajayan@example.com,910127760662,28,Female,Ballia,Maharashtra,Low,2023-07-30,True,True
186532,7674,2022-08-26,pending,Nizamabad,Bihar,345682.06,Myra,Balay,lakshayagarwal@example.com,7866769329,75,Male,Nizamabad,Bihar,Medium,2022-03-02,True,True
186605,5810,2024-07-08,processing,Bharatpur,Bihar,528980.8,Charvi,Varghese,emirkakar@example.com,5043744319,18,Female,Bharatpur,Bihar,High,2023-02-07,False,True
186608,4457,2024-11-07,shipped,Karawal Nagar,Madhya Pradesh,645656.79,Anvi,Gokhale,kimayabali@example.com,9139468933,34,Male,Karawal Nagar,Madhya Pradesh,Medium,2023-08-31,True,True
186614,6335,2022-11-13,completed,Madhyamgram,Bihar,688696.66,Madhup,Ramachandran,kimaya25@example.net,919180732099,49,Female,Madhyamgram,Bihar,Medium,2022-05-06,True,True
186618,18909,2022-05-07,completed,Avadi,Bihar,641339.38,Ivan,Kala,ytara@example.com,3838924054,39,Male,Avadi,Bihar,Medium,2024-11-17,True,True
186674,12810,2024-03-12,completed,Allahabad,Tamil Nadu,393395.69,Yashvi,Upadhyay,zuppal@example.com,1952371823,37,Male,Allahabad,Tamil Nadu,High,2023-02-28,True,True
186735,19452,2023-02-04,completed,Kanpur,Madhya Pradesh,405726.89,Elakshi,Sagar,chadhazeeshan@example.com,6471222688,39,Female,Kanpur,Madhya Pradesh,Medium,2024-11-21,True,True
186742,839,2022-05-07,completed,Sasaram,Maharashtra,421510.89,Tushar,Bobal,saira68@example.org,6562590459,23,Male,Sasaram,Maharashtra,High,2022-03-28,True,True
186794,14349,2023-06-22,completed,Mathura,Delhi,443056.15,Yashvi,Tank,garadrishya@example.com,917669772309,35,Female,Mathura,Delhi,Premium,2022-12-06,False,True
186835,5230,2023-03-11,completed,Bhatpara,Gujarat,496783.42,Shanaya,Maharaj,dasarnav@example.com,5410031699,29,Male,Bhatpara,Gujarat,Low,2022-04-30,True,True
186858,6437,2023-02-20,completed,Bhilai,Punjab,361522.75,Veer,Ghosh,balaalisha@example.net,4063122555,56,Female,Bhilai,Punjab,Low,2024-06-11,True,True
186894,4099,2022-08-14,completed,Pune,Uttar Pradesh,362375.22,Alisha,Dua,grewaleshani@example.com,9524087415,29,Male,Pune,Uttar Pradesh,High,2023-12-07,True,True
186907,16326,2023-09-13,completed,Bokaro,Karnataka,464040.25,Shanaya,Ahuja,rattasumer@example.com,8545638270,39,Female,Bokaro,Karnataka,Low,2022-05-31,True,True
186937,4144,2022-09-30,completed,Rajkot,Tamil Nadu,446002.1,Ira,Dhar,khannatejas@example.net,2227248599,50,Female,Rajkot,Tamil Nadu,Medium,2024-02-08,True,True
186950,17559,2024-01-12,completed,Kamarhati,Uttar Pradesh,421420.31,Aradhya,Bala,chanda@example.org,917394742108,25,Female,Kamarhati,Uttar Pradesh,Low,2024-01-20,True,True
187038,19833,2023-01-02,shipped,Panipat,Punjab,326937.8,Vedika,Dora,mtiwari@example.org,912497863788,18,Female,Panipat,Punjab,High,2024-10-04,True,True
187044,12202,2024-03-13,delivered,Firozabad,Tamil Nadu,402546.1,Sumer,Sur,aarnayogi@example.net,8344305376,40,Female,Firozabad,Tamil Nadu,Medium,2022-08-31,True,True
187053,2985,2022-03-22,completed,Ballia,Gujarat,452042.12,Pari,Sampath,charvikala@example.org,910235120945,29,Male,Ballia,Gujarat,High,2022-06-20,True,True
187093,18878,2023-07-13,completed,Ozhukarai,West Bengal,406071.09,Mamooty,Bansal,pihu30@example.org,1982496167,48,Female,Ozhukarai,West Bengal,Medium,2022-08-01,True,True
187203,134,2024-04-28,completed,Bhilwara,Uttar Pradesh,424121.7,Taimur,Dube,taran87@example.com,917535560932,38,Female,Bhilwara,Uttar Pradesh,Medium,2024-05-09,True,True
187226,4223,2022-02-13,completed,Muzaffarnagar,Gujarat,532208.1,Madhup,Banik,baradarmaan@example.org,5540574487,25,Female,Muzaffarnagar,Gujarat,Low,2024-05-12,True,True
187228,17050,2024-09-27,completed,Thanjavur,Karnataka,422739.18,Indranil,Choudhry,nirvi18@example.org,914618650402,32,Male,Thanjavur,Karnataka,High,2022-01-13,True,True
187230,4434,2023-11-28,cancelled,Bijapur,West Bengal,358605.45,Kavya,Hora,fkalla@example.net,1660648588,20,Female,Bijapur,West Bengal,Medium,2023-02-17,False,True
187234,10873,2024-10-10,completed,Sambalpur,Gujarat,511592.14,Shaan,Wable,aarna75@example.net,8751493044,42,Male,Sambalpur,Gujarat,Medium,2023-02-18,True,True
187236,16683,2024-10-18,completed,Hospet,Maharashtra,640197.32,Vardaniya,Sem,zeeshan95@example.org,1227875963,34,Male,Hospet,Maharashtra,Low,2022-11-05,True,True
187291,2910,2024-08-23,completed,Thanjavur,Uttar Pradesh,568920.29,Chirag,Swaminathan,arhaansachdeva@example.com,919238352237,29,Female,Thanjavur,Uttar Pradesh,Low,2022-03-10,True,True
187347,2565,2024-12-29,delivered,Jalgaon,Tamil Nadu,496225.46,Kiara,Sarna,shray78@example.com,4047724649,48,Female,Jalgaon,Tamil Nadu,Medium,2024-03-03,True,True
187361,19205,2022-04-27,shipped,Jorhat,Bihar,721034.29,Saira,Kade,ganesanaarav@example.org,918680956359,28,Male,Jorhat,Bihar,High,2022-07-04,True,True
187445,14308,2022-03-05,completed,Farrukhabad,Gujarat,475664.65,Nehmat,Sabharwal,indranilagarwal@example.net,912465368865,62,Male,Farrukhabad,Gujarat,Low,2023-04-15,True,True
187466,10088,2022-10-09,completed,Gangtok,Rajasthan,354675.21,Urvi,Bajwa,bijudara@example.com,632761507,18,Female,Gangtok,Rajasthan,Medium,2022-09-05,True,True
187492,1425,2024-09-01,cancelled,Mau,Maharashtra,358861.7,Mannat,Jhaveri,kanavgara@example.com,7077312315,29,Female,Mau,Maharashtra,Low,2024-09-08,True,True
187495,8921,2023-01-22,completed,Navi Mumbai,West Bengal,442419.28,Nishith,Tak,ndhar@example.com,833149855,27,Female,Navi Mumbai,West Bengal,Medium,2023-05-17,True,True
187614,477,2023-01-04,completed,Gaya,Punjab,428959.74,Khushi,Char,behlabram@example.net,1939284567,27,Female,Gaya,Punjab,High,2023-01-13,True,True
187722,16350,2022-02-12,completed,Hyderabad,Tamil Nadu,372684.62,Suhana,Maharaj,hsule@example.com,4015972454,50,Male,Hyderabad,Tamil Nadu,Medium,2024-12-11,True,True
187807,10626,2024-06-17,delivered,Vijayanagaram,Bihar,357349.74,Onkar,Sagar,aaina07@example.org,1102295845,39,Female,Vijayanagaram,Bihar,Medium,2023-06-04,True,True
187851,1766,2024-07-19,completed,Ongole,Tamil Nadu,707981.02,Eshani,Guha,nitara39@example.org,6871413493,24,Male,Ongole,Tamil Nadu,Low,2024-08-03,True,True
187859,8047,2024-08-10,pending,Khora ,Uttar Pradesh,762080.08,Rohan,Tak,abram97@example.com,4911620463,28,Female,Khora ,Uttar Pradesh,High,2024-01-13,True,True
187865,11923,2023-04-12,pending,Mangalore,West Bengal,368365.57,Aaryahi,Verma,htara@example.com,8149182955,35,Male,Mangalore,West Bengal,Medium,2024-04-26,True,True
187902,1544,2023-06-25,completed,Tenali,Madhya Pradesh,369200.44,Samar,Aurora,savantriaan@example.org,1657893912,36,Female,Tenali,Madhya Pradesh,Medium,2023-06-30,True,True
187910,192,2024-05-27,completed,Kulti,Madhya Pradesh,592045.2,Navya,Mandal,kotharihridaan@example.com,1355215704,46,Female,Kulti,Madhya Pradesh,High,2024-12-12,True,True
188019,16558,2023-01-23,completed,Rohtak,Uttar Pradesh,445482.9,Madhav,Bhandari,duttaarush@example.net,4970201769,18,Male,Rohtak,Uttar Pradesh,Premium,2023-03-25,True,True
188163,12121,2022-05-30,completed,Bhilai,Bihar,385646.6,Rania,Gupta,riyasachdeva@example.org,919555433184,37,Female,Bhilai,Bihar,Medium,2022-06-17,True,True
188170,13930,2023-07-12,cancelled,Agra,West Bengal,324360.36,Ivan,Bhavsar,dsahota@example.com,5083415622,38,Male,Agra,West Bengal,Medium,2024-07-02,True,True
188191,1891,2024-11-23,delivered,Mysore,West Bengal,407285.48,Ivana,Behl,pihusawhney@example.net,5761304948,27,Male,Mysore,West Bengal,Medium,2024-12-21,False,True
188255,429,2024-04-04,processing,Varanasi,Madhya Pradesh,414366.25,Anay,Dhar,hegdeumang@example.net,915201777490,23,Female,Varanasi,Madhya Pradesh,Premium,2024-10-16,True,True
188332,8877,2024-08-28,processing,Patiala,West Bengal,717898.92,Reyansh,Bahri,sara26@example.org,913419285051,46,Female,Patiala,West Bengal,Low,2024-04-20,True,True
188374,8897,2024-02-12,shipped,Tiruchirappalli,Uttar Pradesh,391942.69,Rasha,Ben,zoya63@example.com,3930253216,23,Female,Tiruchirappalli,Uttar Pradesh,Medium,2024-03-24,True,True
188380,19703,2024-10-07,cancelled,Sambalpur,Punjab,359707.06,Ira,Ramaswamy,sankaranehsaan@example.com,2721626360,40,Female,Sambalpur,Punjab,Low,2023-11-26,True,True
188475,11282,2023-05-02,cancelled,Davanagere,Kerala,558360.71,Aarav,Roy,dinvritika@example.net,3155941242,54,Male,Davanagere,Kerala,Low,2022-12-26,True,True
188479,17385,2024-09-21,completed,Gopalpur,Telangana,498841.96,Nirvaan,Mand,arhaan99@example.com,914232399113,51,Male,Gopalpur,Telangana,Medium,2024-10-20,True,True
188485,12617,2023-10-03,completed,Bijapur,Uttar Pradesh,561405.18,Tejas,Sunder,sana65@example.com,7041008060,23,Male,Bijapur,Uttar Pradesh,Medium,2023-01-02,True,True
188486,3262,2022-10-31,shipped,Varanasi,Uttar Pradesh,521941.26,Nitara,Rau,madhup35@example.com,913950211187,51,Male,Varanasi,Uttar Pradesh,Low,2022-01-07,True,True
188607,17665,2024-12-17,pending,Saharanpur,Karnataka,344247.88,Aaryahi,Virk,vaibhav52@example.com,910186138423,18,Male,Saharanpur,Karnataka,Low,2024-06-15,True,True
188612,9278,2022-04-15,shipped,Udaipur,Uttar Pradesh,393555.82,Siya,Chakrabarti,sbuch@example.com,911234009915,35,Male,Udaipur,Uttar Pradesh,High,2024-05-10,True,True
188643,7174,2022-07-07,pending,Katihar,Uttar Pradesh,357024.0,Ehsaan,Dara,thakurjiya@example.com,9269620120,43,Male,Katihar,Uttar Pradesh,Medium,2022-08-26,True,True
188674,10590,2023-09-13,completed,Fatehpur,Maharashtra,334184.45,Ishaan,Mall,vchoudhry@example.com,919242425939,47,Male,Fatehpur,Maharashtra,Medium,2023-07-20,True,True
188681,16276,2023-05-06,delivered,Pali,Uttar Pradesh,350857.23,Shlok,Singhal,eshanigole@example.org,4195938699,30,Female,Pali,Uttar Pradesh,Low,2024-06-21,True,True
188756,8549,2023-08-17,completed,Aurangabad,Maharashtra,346979.47,Siya,Kashyap,shamikbandi@example.net,6173461316,34,Female,Aurangabad,Maharashtra,Low,2023-01-26,True,True
188776,7887,2023-12-24,shipped,Kolhapur,West Bengal,476260.95,Shalv,Bakshi,gardearnav@example.com,9296461915,36,Male,Kolhapur,West Bengal,Medium,2022-06-06,True,True
188874,15880,2023-09-03,pending,Sonipat,Telangana,357705.61,Emir,Hayre,armaansabharwal@example.net,6589382142,60,Female,Sonipat,Telangana,Low,2023-02-01,True,True
188876,8768,2022-02-02,completed,Nizamabad,Karnataka,380286.01,Ivana,Sen,samairakara@example.com,916943579536,32,Male,Nizamabad,Karnataka,Premium,2023-12-03,True,True
189002,7904,2023-08-18,completed,Ratlam,West Bengal,714802.82,Aradhya,Andra,hazellal@example.org,910504636058,23,Female,Ratlam,West Bengal,Medium,2023-10-29,True,True
189006,6378,2022-12-10,completed,Saharsa,Uttar Pradesh,519259.16,Ira,Konda,romil59@example.com,919022793467,27,Female,Saharsa,Uttar Pradesh,Low,2024-12-10,True,True
189059,5813,2022-05-12,completed,Tezpur,Uttar Pradesh,543613.23,Arnav,Doshi,mohanlal15@example.net,918509818149,18,Female,Tezpur,Uttar Pradesh,Medium,2023-10-07,True,True
189066,16620,2024-04-20,completed,Bhavnagar,Uttar Pradesh,355553.22,Anya,Korpal,wdeol@example.org,916390953261,40,Male,Bhavnagar,Uttar Pradesh,High,2024-04-06,True,True
189127,9441,2024-07-11,completed,Agartala,Madhya Pradesh,324196.45,Misha,Kannan,lavanya48@example.net,2140888903,33,Male,Agartala,Madhya Pradesh,Medium,2024-07-02,True,True
189156,8595,2022-10-10,processing,Durg,Bihar,338868.91,Charvi,Bandi,shaan64@example.com,8147248777,34,Male,Durg,Bihar,Low,2022-11-13,False,True
189203,12690,2024-08-10,completed,Mira-Bhayandar,West Bengal,531082.71,Samiha,Khurana,madhav82@example.com,4974254709,48,Male,Mira-Bhayandar,West Bengal,Low,2024-12-23,True,True
189239,17062,2022-08-02,pending,Udupi,Kerala,648462.16,Ira,Bhalla,samarbali@example.net,3272025732,38,Female,Udupi,Kerala,High,2024-07-14,True,True
189303,2726,2024-11-14,cancelled,Ratlam,Rajasthan,373696.03,Divyansh,Dhillon,pwali@example.com,4689537425,38,Female,Ratlam,Rajasthan,Low,2023-12-15,True,True
189342,3233,2023-08-06,completed,Udaipur,Gujarat,396195.43,Alisha,Dutta,jhanvicherian@example.net,537013760,41,Male,Udaipur,Gujarat,Medium,2022-01-08,True,True
189411,11831,2024-04-10,processing,Aizawl,Bihar,493608.33,Manikya,Borde,mishtikrishnan@example.org,918545847201,45,Male,Aizawl,Bihar,High,2024-01-21,True,True
189456,4406,2024-06-14,completed,Chapra,Madhya Pradesh,582912.92,Hunar,Bakshi,jsolanki@example.org,910538452813,33,Female,Chapra,Madhya Pradesh,Low,2023-12-29,True,True
189464,12385,2023-01-21,completed,Allahabad,Madhya Pradesh,385536.68,Baiju,Maharaj,sursamiha@example.org,9663355261,29,Male,Allahabad,Madhya Pradesh,Low,2022-11-14,True,True
189481,17109,2023-06-04,completed,Bhusawal,Uttar Pradesh,438822.36,Manikya,Deol,nishithbalan@example.com,7271332708,18,Male,Bhusawal,Uttar Pradesh,High,2023-10-07,True,True
189508,6489,2022-11-09,completed,Bangalore,Tamil Nadu,334260.48,Advika,Ray,emir04@example.org,919260862267,27,Female,Bangalore,Tamil Nadu,Medium,2024-05-29,True,True
189511,15224,2023-08-13,completed,Imphal,Karnataka,513542.99,Samar,Chand,suhanakrishnan@example.com,7939827031,27,Female,Imphal,Karnataka,High,2023-10-19,True,True
189516,17523,2024-03-04,cancelled,Amroha,Gujarat,356989.58,Amira,Ravi,sekhonemir@example.org,916045908091,34,Male,Amroha,Gujarat,Medium,2023-08-13,True,True
189525,2175,2023-11-06,completed,Gwalior,Maharashtra,568323.57,Vivaan,Chad,vshukla@example.net,8792449403,37,Female,Gwalior,Maharashtra,Low,2024-03-19,True,True
189538,1932,2024-11-02,cancelled,Panvel,Gujarat,485304.64,Arnav,Manda,arnav03@example.com,1775885627,18,Female,Panvel,Gujarat,Low,2022-01-11,True,True
189594,18822,2022-12-22,completed,Rourkela,Madhya Pradesh,420786.57,Amani,Brahmbhatt,aptemiraya@example.org,3346257848,28,Male,Rourkela,Madhya Pradesh,Low,2024-10-24,True,True
189664,4378,2024-05-24,completed,Kharagpur,West Bengal,423299.4,Saira,Lall,farhansankar@example.com,5098947939,23,Female,Kharagpur,West Bengal,Low,2023-02-04,True,True
189684,9763,2023-02-01,pending,Udupi,Uttar Pradesh,359009.62,Azad,Kulkarni,ychana@example.net,2727029439,26,Female,Udupi,Uttar Pradesh,High,2022-06-04,True,True
189746,3741,2024-06-09,completed,Bihar Sharif,Kerala,425174.93,Sana,Andra,badalgupta@example.org,914109244329,26,Male,Bihar Sharif,Kerala,Medium,2022-01-07,True,True
189779,14157,2022-06-03,completed,Haldia,Uttar Pradesh,386808.64,Samar,Shankar,sharafsumer@example.com,5674773317,35,Male,Haldia,Uttar Pradesh,Low,2023-07-22,True,True
189838,15657,2022-01-07,delivered,Mangalore,Maharashtra,529463.35,Amani,Ghosh,bhavinagarwal@example.net,3072898915,20,Female,Mangalore,Maharashtra,High,2022-01-10,True,True
189967,7280,2023-07-09,shipped,Shimoga,Maharashtra,625638.35,Umang,Comar,nirvaan60@example.com,8556739538,18,Male,Shimoga,Maharashtra,Low,2024-11-09,True,True
189984,7170,2024-10-25,shipped,Nagpur,Madhya Pradesh,478914.83,Vedika,Krishnan,rattiryan@example.net,916736333341,34,Male,Nagpur,Madhya Pradesh,High,2024-07-31,True,True
190018,15255,2023-03-18,shipped,Ahmednagar,Uttar Pradesh,495625.59,Raunak,Mandal,korpaladvik@example.net,916903747847,50,Male,Ahmednagar,Uttar Pradesh,Medium,2023-12-24,True,True
190044,1143,2024-06-16,completed,Muzaffarnagar,Gujarat,391510.73,Piya,Sundaram,gdevi@example.org,917538418520,34,Male,Muzaffarnagar,Gujarat,High,2023-08-22,True,True
190111,13999,2022-02-24,completed,Uluberia,Tamil Nadu,466721.12,Diya,Grewal,shlok49@example.org,8354970642,18,Female,Uluberia,Tamil Nadu,High,2024-10-30,True,True
190131,4152,2022-05-21,completed,Ambala,Uttar Pradesh,523859.74,Mohanlal,Jaggi,arnavchaudhari@example.net,2858674360,48,Male,Ambala,Uttar Pradesh,Medium,2024-11-29,True,True
190163,2554,2024-12-24,completed,Panihati,Rajasthan,492641.43,Anay,Bawa,urvi41@example.org,2738688339,53,Male,Panihati,Rajasthan,Premium,2024-04-13,True,True
190215,18718,2024-08-25,completed,Gurgaon,Uttar Pradesh,417048.47,Drishya,Ganguly,daminidar@example.org,6016871862,22,Male,Gurgaon,Uttar Pradesh,Low,2023-02-25,True,True
190223,1641,2023-09-13,completed,Bhilai,Punjab,361136.84,Krish,Brar,aniruddhbajaj@example.net,7485972438,50,Male,Bhilai,Punjab,Medium,2022-08-13,True,True
190225,1441,2023-09-12,completed,Chapra,Uttar Pradesh,581637.76,Vritika,Talwar,aarav25@example.com,913444867228,18,Male,Chapra,Uttar Pradesh,Low,2022-01-02,True,True
190256,15352,2022-03-11,completed,Chennai,Madhya Pradesh,543970.29,Adah,Sastry,hridaanchakrabarti@example.org,7076398940,38,Male,Chennai,Madhya Pradesh,Low,2022-03-16,True,True
190311,1081,2023-01-02,completed,Dehri,Telangana,334384.05,Samaira,Mander,ybuch@example.net,838688891,52,Female,Dehri,Telangana,Medium,2024-11-25,True,True
190372,7033,2023-11-07,delivered,Guntakal,Maharashtra,489698.84,Navya,Dey,zaina42@example.org,916446816263,38,Female,Guntakal,Maharashtra,Low,2024-11-28,True,True
190458,400,2022-04-05,completed,Jabalpur,Bihar,504215.28,Anika,Sama,gkibe@example.com,917114773201,37,Male,Jabalpur,Bihar,Low,2024-02-13,True,True
190489,19189,2022-11-07,completed,Bhopal,West Bengal,329106.0,Madhav,Kothari,xrastogi@example.org,3849722306,49,Female,Bhopal,West Bengal,High,2024-01-03,True,True
190503,12898,2023-10-12,delivered,Jaunpur,Rajasthan,454758.52,Zaina,Kakar,yadavkismat@example.org,249619076,43,Female,Jaunpur,Rajasthan,Medium,2024-03-28,True,True
190633,9380,2022-09-02,completed,Muzaffarpur,Rajasthan,612123.55,Kavya,Thaker,gbhatt@example.com,2089256649,23,Female,Muzaffarpur,Rajasthan,Medium,2022-07-25,True,True
190641,2696,2023-08-17,pending,Sultan Pur Majra,Bihar,365894.59,Samiha,Upadhyay,zainadara@example.org,915694201844,35,Male,Sultan Pur Majra,Bihar,High,2023-09-04,True,True
190667,19881,2024-04-11,pending,Raipur,Rajasthan,442465.11,Sara,Bansal,chaudharikaira@example.net,8386053444,25,Female,Raipur,Rajasthan,Medium,2022-12-13,True,True
190757,12576,2022-02-03,completed,Arrah,Telangana,494060.16,Tara,Sem,hapte@example.com,6276236938,38,Female,Arrah,Telangana,High,2022-11-05,True,True
190773,8851,2023-06-03,cancelled,Darbhanga,Tamil Nadu,340741.7,Zain,Lad,xbava@example.net,9234948260,40,Male,Darbhanga,Tamil Nadu,High,2022-08-05,True,True
190778,1413,2023-12-16,completed,Shimoga,Uttar Pradesh,350942.63,Manikya,Bava,dsalvi@example.com,8675951418,40,Female,Shimoga,Uttar Pradesh,High,2024-12-02,True,True
190810,11585,2023-02-21,completed,Kolkata,Kerala,461943.45,Mehul,Dhawan,purab61@example.net,918531189174,52,Male,Kolkata,Kerala,Low,2024-02-08,True,True
190832,13289,2022-07-24,delivered,Sirsa,Gujarat,401294.41,Dharmajan,Rajagopalan,lkalita@example.com,910006948934,36,Male,Sirsa,Gujarat,Low,2024-07-05,True,True
190840,16303,2022-10-16,completed,Karaikudi,Madhya Pradesh,456582.65,Yasmin,Bir,pbiswas@example.com,918426155294,51,Female,Karaikudi,Madhya Pradesh,Medium,2023-02-18,True,True
190904,1064,2023-11-10,completed,Nangloi Jat,Uttar Pradesh,343992.76,Zaina,Deshpande,tbir@example.com,2612120384,32,Female,Nangloi Jat,Uttar Pradesh,High,2023-06-16,True,True
190906,7427,2022-05-31,completed,Dehri,Karnataka,374200.3,Ritvik,Jhaveri,sairamane@example.org,4523565475,31,Male,Dehri,Karnataka,Medium,2023-03-07,True,True
190914,12001,2022-11-06,completed,Sultan Pur Majra,Tamil Nadu,490024.91,Rasha,Saran,vidursachdeva@example.org,914759309737,41,Female,Sultan Pur Majra,Tamil Nadu,Low,2022-05-06,True,True
190917,19295,2023-03-19,pending,Solapur,Gujarat,437951.88,Kartik,Manda,zeeshan14@example.net,5675017848,30,Female,Solapur,Gujarat,High,2022-07-24,True,True
190919,15281,2022-01-25,completed,Ambattur,Punjab,353802.47,Anahi,Kala,borrafateh@example.net,3148626065,35,Male,Ambattur,Punjab,Medium,2022-03-24,False,True
190948,19840,2023-05-23,completed,Kota,Maharashtra,430093.05,Armaan,Tara,fboase@example.org,3153299200,30,Female,Kota,Maharashtra,High,2022-02-27,True,True
190967,7196,2024-08-25,shipped,Vellore,Uttar Pradesh,377168.57,Akarsh,Samra,charvi85@example.com,912242501349,47,Female,Vellore,Uttar Pradesh,Low,2024-12-07,True,True
191041,8469,2022-11-09,completed,Dewas,Maharashtra,483246.89,Seher,Gokhale,duaemir@example.org,917124210150,26,Female,Dewas,Maharashtra,High,2024-12-15,True,True
191070,5329,2024-06-22,completed,Avadi,Uttar Pradesh,420772.86,Bhamini,Ghose,tsalvi@example.net,8769704220,29,Male,Avadi,Uttar Pradesh,High,2023-03-12,True,True
191143,9633,2022-11-26,pending,Ambattur,Tamil Nadu,393520.94,Miraan,Dash,rohan02@example.org,5464675138,19,Female,Ambattur,Tamil Nadu,Low,2024-10-10,True,True
191159,17572,2022-04-13,delivered,Bhusawal,Delhi,514333.02,Damini,Deol,zoyaluthra@example.org,8987131389,24,Female,Bhusawal,Delhi,Medium,2024-11-12,True,True
191162,10282,2023-09-05,completed,Ahmedabad,Gujarat,432321.99,Nirvaan,Kamdar,dugarvanya@example.com,916843494562,48,Male,Ahmedabad,Gujarat,Low,2022-01-09,True,True
191164,8478,2023-07-12,completed,Navi Mumbai,Tamil Nadu,608733.25,Advik,Dar,aarav04@example.com,2566945870,36,Female,Navi Mumbai,Tamil Nadu,Medium,2024-07-20,True,True
191195,6752,2024-05-29,completed,Bellary,Uttar Pradesh,367692.65,Gatik,Boase,ishita14@example.com,4220340401,31,Female,Bellary,Uttar Pradesh,Medium,2023-04-27,True,True
191221,3639,2023-10-17,completed,Bhopal,Maharashtra,387979.2,Bhavin,Barman,cheemareyansh@example.org,916872170466,31,Female,Bhopal,Maharashtra,Low,2024-10-25,True,True
191228,6156,2023-04-10,completed,Jamalpur,Bihar,355139.4,Rania,Bera,udora@example.net,4335842467,39,Male,Jamalpur,Bihar,Low,2023-03-04,True,True
191301,13127,2022-09-20,pending,Madurai,Maharashtra,886077.23,Aradhya,Babu,chayer@example.org,9138307495,20,Female,Madurai,Maharashtra,Medium,2023-09-07,True,True
191359,6253,2024-01-10,completed,Alwar,Telangana,339467.45,Shaan,Shenoy,bdayal@example.net,1686277564,47,Male,Alwar,Telangana,Medium,2023-08-26,True,True
191468,18463,2023-01-15,shipped,Nizamabad,Madhya Pradesh,391730.71,Lakshit,Batta,llad@example.org,917227404662,41,Female,Nizamabad,Madhya Pradesh,Medium,2023-10-02,True,True
191588,15962,2022-12-29,delivered,Karnal,Gujarat,372225.72,Renee,Dewan,riyengar@example.com,916217862977,61,Female,Karnal,Gujarat,Low,2023-04-10,True,True
191622,19049,2023-02-25,delivered,Tadipatri,Madhya Pradesh,329780.33,Devansh,Balasubramanian,baiju96@example.org,910594910451,29,Male,Tadipatri,Madhya Pradesh,Medium,2022-06-19,True,True
191789,15410,2023-06-05,delivered,Bareilly,Uttar Pradesh,496009.08,Krish,Subramanian,reneegoel@example.org,8186159744,53,Female,Bareilly,Uttar Pradesh,Low,2024-10-27,True,True
191813,5613,2023-02-27,completed,Madurai,Madhya Pradesh,443056.15,Ranbir,Raju,sandhuabram@example.net,5953479576,39,Male,Madurai,Madhya Pradesh,High,2022-11-30,True,True
191816,7026,2023-07-11,cancelled,Anand,Punjab,393024.04,Sahil,Chana,dhanukwalla@example.com,2299572160,41,Female,Anand,Punjab,Medium,2022-04-07,True,True
191830,4996,2023-01-03,completed,Bhiwandi,Gujarat,526077.53,Manjari,Banik,arhaanthaker@example.net,911162820556,55,Male,Bhiwandi,Gujarat,High,2024-07-11,True,True
191876,19581,2023-07-11,completed,Kota,Rajasthan,329245.76,Taimur,Char,baliira@example.net,2016528993,38,Male,Kota,Rajasthan,Medium,2022-12-23,True,True
191898,15201,2023-10-08,delivered,Hazaribagh,Uttar Pradesh,609314.66,Advika,Bhandari,iyengarojas@example.org,9503344318,46,Female,Hazaribagh,Uttar Pradesh,Low,2022-09-22,True,True
191914,18493,2024-03-03,completed,Alwar,Tamil Nadu,494075.73,Khushi,Tank,dharmajan88@example.org,8712836431,29,Female,Alwar,Tamil Nadu,Low,2022-03-01,True,True
191986,18394,2022-10-30,completed,Ichalkaranji,Bihar,330013.04,Kanav,Saran,yasminsood@example.com,3452600400,18,Male,Ichalkaranji,Bihar,Low,2022-12-26,True,True
192007,11589,2024-04-06,completed,Jaipur,Karnataka,693122.18,Veer,Wali,ishaansrinivas@example.com,910318901712,31,Male,Jaipur,Karnataka,Low,2022-02-01,True,True
192053,17783,2022-03-05,completed,Shimla,Bihar,472814.25,Bhavin,D’Alia,waglevidur@example.org,9952726271,31,Male,Shimla,Bihar,Premium,2024-10-22,True,True
192069,7474,2024-02-20,processing,Tiruchirappalli,Bihar,457114.48,Arhaan,Sanghvi,sethbhavin@example.org,913738578028,18,Male,Tiruchirappalli,Bihar,Low,2022-10-05,True,True
192125,19172,2024-08-12,completed,Tezpur,Bihar,357724.14,Ritvik,Sankar,sahil44@example.com,6379938287,45,Female,Tezpur,Bihar,Medium,2024-02-13,True,True
192202,12455,2024-12-02,completed,Durg,Kerala,413627.43,Anaya,Krishnan,vthaman@example.com,2891918589,27,Female,Durg,Kerala,Medium,2023-07-27,True,True
192222,8535,2024-09-16,completed,Berhampore,Karnataka,350681.84,Nitara,Tak,dkhalsa@example.com,911068365035,75,Male,Berhampore,Karnataka,High,2024-10-31,True,True
192233,5984,2022-10-25,completed,Thoothukudi,Uttar Pradesh,397621.44,Nayantara,Karpe,charvidara@example.com,6742805886,24,Male,Thoothukudi,Uttar Pradesh,Low,2022-02-19,True,True
192245,308,2023-06-16,processing,Eluru,West Bengal,399778.67,Mishti,Dora,daminidevi@example.org,4608432562,36,Female,Eluru,West Bengal,Premium,2024-03-19,True,True
192266,6877,2022-10-12,completed,Ajmer,Rajasthan,625603.52,Aradhya,Keer,chauhandarshit@example.org,914376325633,21,Male,Ajmer,Rajasthan,Low,2024-10-12,True,True
192281,17062,2024-10-28,completed,Udupi,Kerala,572764.03,Ira,Bhalla,samarbali@example.net,3272025732,38,Female,Udupi,Kerala,High,2024-07-14,True,True
192307,17727,2022-12-31,completed,Ulhasnagar,Maharashtra,362383.24,Indrans,Hora,vidur23@example.net,8843468002,37,Male,Ulhasnagar,Maharashtra,Medium,2024-07-26,True,True
192311,18053,2022-02-08,completed,Rajpur Sonarpur,Tamil Nadu,374228.06,Priyansh,Kashyap,telladiya@example.net,8276662028,69,Male,Rajpur Sonarpur,Tamil Nadu,Medium,2022-05-17,True,True
192319,13691,2022-01-02,shipped,Vadodara,Uttar Pradesh,367416.47,Sara,Chaudhari,masteranvi@example.org,910162768457,42,Male,Vadodara,Uttar Pradesh,High,2023-07-26,True,True
192409,19937,2024-08-23,completed,Vadodara,Maharashtra,395423.26,Kanav,Choudhury,sonihansh@example.org,6823075884,31,Male,Vadodara,Maharashtra,Medium,2023-01-05,True,True
192553,16082,2023-08-11,completed,Gwalior,Maharashtra,506056.38,Amani,Talwar,dtaneja@example.org,9131149007,46,Female,Gwalior,Maharashtra,Low,2024-05-23,True,True
192578,12176,2023-11-17,completed,Durg,Uttar Pradesh,331433.21,Yuvaan,Sanghvi,samihakadakia@example.com,9324971162,41,Female,Durg,Uttar Pradesh,Low,2023-12-25,True,True
192635,5046,2024-10-07,cancelled,Vijayawada,Maharashtra,451278.43,Ishaan,Deshmukh,iraju@example.com,916855131277,28,Male,Vijayawada,Maharashtra,Low,2023-05-28,True,True
192720,10202,2024-07-17,completed,Delhi,Karnataka,529804.58,Anaya,Sampath,khushitella@example.org,919503438821,37,Female,Delhi,Karnataka,Medium,2024-02-06,True,True
192744,6406,2024-08-08,completed,Sultan Pur Majra,Maharashtra,399844.63,Samaira,Majumdar,sumermandal@example.net,8510177114,43,Female,Sultan Pur Majra,Maharashtra,Low,2022-08-08,True,True
192752,10493,2023-06-22,completed,Dindigul,Karnataka,555399.86,Ehsaan,Behl,grewalela@example.com,329439475,46,Male,Dindigul,Karnataka,Low,2024-03-25,True,True
192771,2586,2023-04-26,delivered,Muzaffarnagar,Bihar,553616.72,Mannat,Anne,nakuldara@example.org,4621470616,33,Female,Muzaffarnagar,Bihar,Low,2023-12-21,True,True
192792,2110,2023-07-13,shipped,Bhatpara,Uttar Pradesh,623251.12,Biju,Sachar,siyasangha@example.net,4398844278,34,Male,Bhatpara,Uttar Pradesh,Low,2024-12-01,True,True
192854,5550,2023-06-11,completed,Rampur,Tamil Nadu,374974.69,Saira,Sama,bbhavsar@example.net,6250575214,33,Male,Rampur,Tamil Nadu,High,2022-08-01,True,True
192927,3904,2022-03-08,completed,Hajipur,Uttar Pradesh,430501.12,Arnav,Madan,jhakimaya@example.org,915034206289,40,Male,Hajipur,Uttar Pradesh,Medium,2022-01-14,True,True
192951,17554,2022-03-29,completed,Proddatur,Karnataka,482467.49,Pihu,Bhatti,umangram@example.net,5796035269,57,Female,Proddatur,Karnataka,Low,2022-05-29,True,True
193060,2064,2022-03-24,shipped,Darbhanga,Uttar Pradesh,391022.5,Misha,Dixit,santhrishita@example.org,2913675916,45,Male,Darbhanga,Uttar Pradesh,High,2024-12-13,True,True
193124,8683,2022-09-21,completed,Udupi,Maharashtra,397543.6,Priyansh,Acharya,anay95@example.com,1065350796,49,Male,Udupi,Maharashtra,High,2023-01-07,True,True
193139,19419,2022-05-26,completed,Mehsana,Bihar,637291.79,Tarini,Ramachandran,rajanmanjari@example.net,917469723340,24,Male,Mehsana,Bihar,Medium,2024-07-16,True,True
193146,13558,2022-01-06,completed,Katihar,Bihar,651079.08,Gatik,Saxena,ghans@example.com,913239124985,35,Female,Katihar,Bihar,Low,2024-10-11,True,True
193150,16762,2022-12-06,completed,Narasaraopet,Karnataka,326096.13,Rania,Baral,suraarhaan@example.org,270123327,46,Female,Narasaraopet,Karnataka,Low,2022-07-17,True,True
193171,10931,2024-11-19,completed,Anand,Kerala,409775.9,Reyansh,Madan,miraya38@example.net,604631111,34,Female,Anand,Kerala,Low,2024-03-17,True,True
193228,14257,2024-03-06,completed,Bhilai,Rajasthan,484278.98,Jiya,Taneja,fmanne@example.net,8403681176,53,Male,Bhilai,Rajasthan,Low,2024-03-11,True,True
193229,4840,2024-06-04,completed,Medininagar,Madhya Pradesh,602851.57,Purab,Chaudhari,mirayabath@example.org,3941187274,28,Male,Medininagar,Madhya Pradesh,Low,2022-10-28,True,True
193244,16612,2023-02-11,completed,Ozhukarai,Kerala,410991.13,Vivaan,Vig,llanka@example.com,916772820437,33,Female,Ozhukarai,Kerala,Low,2023-08-30,True,True
193316,1150,2023-04-10,completed,Nagercoil,Bihar,325585.47,Lavanya,Bath,tgala@example.org,918952312021,23,Male,Nagercoil,Bihar,Medium,2022-02-06,True,True
193338,2103,2022-08-18,completed,Jammu,Karnataka,526867.77,Indrans,Iyer,sairarege@example.net,814994023,42,Female,Jammu,Karnataka,Low,2023-06-24,True,True
193363,10312,2022-08-16,completed,Kalyan-Dombivli,Uttar Pradesh,362405.45,Gokul,Sachdeva,dharmajankumar@example.org,3462025980,54,Female,Kalyan-Dombivli,Uttar Pradesh,Low,2022-04-03,True,True
193368,9678,2024-11-05,completed,Sangli-Miraj & Kupwad,Tamil Nadu,444248.85,Anahi,Ratti,oorjacheema@example.net,9214402007,42,Male,Sangli-Miraj & Kupwad,Tamil Nadu,Medium,2024-04-28,True,True
193413,17579,2023-03-24,pending,Jalandhar,Karnataka,363214.23,Kismat,Rattan,damini51@example.net,3158466636,45,Female,Jalandhar,Karnataka,High,2023-02-15,True,True
193502,14648,2023-08-29,delivered,Sangli-Miraj & Kupwad,Punjab,351797.79,Ishaan,Kala,bijugour@example.net,916134470445,53,Female,Sangli-Miraj & Kupwad,Punjab,Low,2022-04-09,True,True
193533,16842,2022-11-05,completed,Guna,Tamil Nadu,650835.42,Siya,Butala,nakulzacharia@example.com,8846423774,18,Male,Guna,Tamil Nadu,Premium,2024-06-03,False,True
193563,18804,2024-02-06,completed,Satara,Bihar,354675.21,Zeeshan,Dey,madantaran@example.org,916250410146,63,Female,Satara,Bihar,High,2022-11-09,True,True
193662,9999,2023-08-18,completed,Tinsukia,Bihar,352717.01,Mahika,Bhatia,rheasanghvi@example.com,914478945378,28,Female,Tinsukia,Bihar,High,2023-12-01,True,True
193708,13668,2023-03-20,completed,Maheshtala,Gujarat,343102.11,Anvi,Mani,ddoctor@example.net,1367874602,26,Male,Maheshtala,Gujarat,Medium,2024-12-10,True,True
193729,2243,2024-09-07,completed,Nanded,Rajasthan,326545.39,Vidur,Mann,tmalhotra@example.net,9896319630,34,Female,Nanded,Rajasthan,Medium,2024-02-08,True,True
193758,2700,2022-11-06,shipped,Kulti,Maharashtra,426583.98,Farhan,Warrior,parinaaz35@example.org,4256286078,23,Female,Kulti,Maharashtra,Low,2024-02-27,True,True
193779,14058,2022-02-15,processing,Mumbai,Tamil Nadu,520450.96,Ranbir,Ganesan,purab48@example.com,919477362213,36,Male,Mumbai,Tamil Nadu,Medium,2022-01-19,True,True
193790,17678,2023-09-11,shipped,Imphal,Rajasthan,593032.75,Ela,Krishna,riyagokhale@example.org,2119179230,25,Female,Imphal,Rajasthan,Low,2024-11-09,True,True
194003,4133,2022-09-13,completed,Korba,Tamil Nadu,551752.21,Divij,Sampath,gokulbumb@example.net,4923272445,35,Male,Korba,Tamil Nadu,Medium,2024-02-22,False,True
194131,1854,2024-12-03,completed,Mangalore,Uttar Pradesh,556630.84,Neelofar,Karpe,evahayre@example.com,9044846733,28,Female,Mangalore,Uttar Pradesh,Medium,2024-08-26,True,True
194171,7427,2024-08-08,completed,Dehri,Karnataka,633326.28,Ritvik,Jhaveri,sairamane@example.org,4523565475,31,Male,Dehri,Karnataka,Medium,2023-03-07,True,True
194210,7099,2023-01-21,completed,Shahjahanpur,Uttar Pradesh,710504.85,Mishti,Rattan,shray92@example.org,3364190937,24,Female,Shahjahanpur,Uttar Pradesh,Medium,2022-01-08,True,True
194268,6061,2022-04-10,completed,Varanasi,Bihar,346711.72,Jayant,Hari,babuaayush@example.org,314425101,18,Male,Varanasi,Bihar,Low,2024-07-23,True,True
194284,18815,2022-03-27,pending,Kakinada,West Bengal,363125.82,Sana,Samra,baladharmajan@example.com,3329478183,18,Female,Kakinada,West Bengal,Low,2024-11-07,True,True
194365,19469,2023-06-08,shipped,Jehanabad,Telangana,376978.72,Anika,Shan,ryan59@example.net,8967687049,49,Male,Jehanabad,Telangana,Medium,2024-12-14,True,True
194366,12243,2024-07-31,delivered,Bihar Sharif,Bihar,383451.39,Nehmat,Chahal,gulatireyansh@example.net,918146713837,29,Male,Bihar Sharif,Bihar,Premium,2023-04-29,True,True
194470,10463,2022-04-04,completed,Ranchi,Maharashtra,771515.5,Anya,Kapadia,dhruvdhawan@example.org,6054541703,53,Female,Ranchi,Maharashtra,High,2023-12-14,False,True
194474,4779,2024-02-09,shipped,Saharanpur,Rajasthan,601160.93,Nirvi,Keer,manjari08@example.org,5609432013,27,Male,Saharanpur,Rajasthan,High,2022-07-19,True,True
194477,9099,2023-10-29,completed,Bathinda,West Bengal,455753.64,Baiju,Balan,waglekiaan@example.com,5783753107,37,Female,Bathinda,West Bengal,Medium,2022-04-14,True,True
194511,17605,2023-02-07,shipped,Rohtak,Karnataka,606624.67,Badal,Rege,amanigara@example.net,7274777999,35,Male,Rohtak,Karnataka,High,2022-05-12,True,True
194582,16856,2023-05-22,pending,Sri Ganganagar,Delhi,606806.82,Kashvi,Ganesh,kabirkurian@example.org,911701099408,18,Female,Sri Ganganagar,Delhi,Medium,2022-08-18,True,True
194698,18208,2022-04-29,shipped,Mathura,Maharashtra,370476.46,Elakshi,Rout,yadavadah@example.net,914110543976,52,Female,Mathura,Maharashtra,Medium,2023-06-24,True,True
194741,801,2022-05-20,completed,Alwar,Bihar,534850.0,Yakshit,Bains,hridaanram@example.org,4694346066,55,Male,Alwar,Bihar,Medium,2022-10-22,True,True
194807,4832,2023-12-16,completed,Dewas,Uttar Pradesh,606279.39,Elakshi,Ray,dishani51@example.com,2635754845,31,Female,Dewas,Uttar Pradesh,Medium,2022-02-17,True,True
194840,17416,2022-12-10,completed,Bhimavaram,Madhya Pradesh,358863.07,Parinaaz,Rege,jayeshlala@example.com,7624413930,38,Male,Bhimavaram,Madhya Pradesh,Premium,2024-10-06,True,True
194865,11642,2022-04-30,cancelled,Bangalore,Bihar,400874.22,Baiju,Kuruvilla,ygill@example.com,1438859793,23,Female,Bangalore,Bihar,Low,2022-07-08,True,True
194933,1044,2022-09-12,shipped,Dehradun,Karnataka,433588.8,Samar,Khalsa,thakkarjivin@example.org,9149611287,47,Male,Dehradun,Karnataka,Premium,2024-07-20,True,True
194961,15388,2024-07-16,completed,Rajahmundry,West Bengal,481440.18,Anvi,Balan,vaibhavhora@example.net,916969149314,30,Male,Rajahmundry,West Bengal,Low,2023-11-26,True,True
195013,15137,2023-04-25,completed,Thrissur,West Bengal,409807.58,Ryan,Vaidya,ejain@example.com,911107191006,28,Male,Thrissur,West Bengal,Low,2022-03-10,True,True
195044,16662,2024-01-20,completed,Ahmednagar,Bihar,387299.92,Aayush,Bahl,kcontractor@example.com,910010785624,39,Male,Ahmednagar,Bihar,Medium,2023-05-22,True,True
195067,17697,2024-07-24,completed,Khandwa,Punjab,431636.86,Sumer,Varma,choprajayan@example.org,7798948045,18,Male,Khandwa,Punjab,Low,2022-01-24,True,True
195130,2667,2023-03-23,completed,Shimla,Uttar Pradesh,382997.67,Yuvaan,Sathe,paridasgupta@example.com,5618453577,18,Male,Shimla,Uttar Pradesh,Medium,2024-03-25,True,True
195211,11188,2022-01-03,completed,Etawah,Maharashtra,363938.75,Keya,Kale,aarush64@example.net,59383634,18,Female,Etawah,Maharashtra,Low,2024-07-25,True,True
195212,11649,2022-08-25,delivered,Dewas,West Bengal,658284.16,Jayesh,Dalal,vidur29@example.org,1290289348,57,Male,Dewas,West Bengal,Low,2023-03-08,True,True
195253,19332,2023-06-06,completed,Salem,Tamil Nadu,368966.22,Anahi,Guha,msunder@example.org,9707226040,53,Male,Salem,Tamil Nadu,Medium,2022-03-10,True,True
195396,19542,2022-11-10,completed,Ramgarh,Kerala,447213.71,Priyansh,Seth,shayak17@example.net,910355675234,41,Female,Ramgarh,Kerala,Medium,2023-06-11,True,True
195402,473,2024-03-14,completed,Bhalswa Jahangir Pur,Rajasthan,558962.33,Aarna,Barad,kiaanbutala@example.com,1107609543,35,Female,Bhalswa Jahangir Pur,Rajasthan,Medium,2023-01-06,True,True
195517,11195,2024-03-30,shipped,Amroha,Uttar Pradesh,502516.88,Vanya,Kulkarni,romilkade@example.net,910877605126,49,Male,Amroha,Uttar Pradesh,Medium,2023-10-17,True,True
195525,18512,2023-12-08,shipped,Ujjain,Maharashtra,345765.96,Advika,Raju,piyasarna@example.org,277016274,24,Female,Ujjain,Maharashtra,Medium,2023-01-11,True,True
195567,18731,2023-11-13,completed,Madanapalle,Bihar,363118.8,Dharmajan,Rege,arhaan28@example.org,911861601384,59,Male,Madanapalle,Bihar,Medium,2024-06-28,True,True
195579,17422,2023-04-09,completed,Thoothukudi,Karnataka,401628.62,Neysa,Mani,prisha54@example.com,5441387320,27,Female,Thoothukudi,Karnataka,Medium,2022-09-12,True,True
195640,9711,2022-11-09,completed,Sultan Pur Majra,Tamil Nadu,438167.3,Yuvaan,Deo,ryan84@example.org,6890372424,58,Male,Sultan Pur Majra,Tamil Nadu,Low,2022-06-20,True,True
195658,1263,2022-12-19,completed,Madanapalle,Maharashtra,405537.42,Shalv,Bera,sankaraaina@example.org,2559046100,50,Male,Madanapalle,Maharashtra,Low,2022-09-26,True,True
195664,19927,2024-01-18,completed,Visakhapatnam,Uttar Pradesh,451735.97,Raunak,Gaba,saanvi97@example.com,9223511318,41,Female,Visakhapatnam,Uttar Pradesh,Medium,2022-11-12,True,True
195683,18841,2022-11-12,completed,Gorakhpur,Gujarat,332896.7,Saanvi,Sane,tiyachauhan@example.net,8820181065,25,Female,Gorakhpur,Gujarat,Premium,2022-02-13,True,True
195707,10281,2024-12-20,pending,Hazaribagh,Uttar Pradesh,425610.25,Ahana ,Sanghvi,mishti02@example.org,7385069522,30,Male,Hazaribagh,Uttar Pradesh,Medium,2023-04-23,True,True
195766,8284,2023-04-26,shipped,Howrah,Uttar Pradesh,445075.64,Jayan,Sahota,ladmiraan@example.net,2555344902,41,Female,Howrah,Uttar Pradesh,Low,2024-08-01,True,True
195794,4986,2022-10-16,completed,Berhampur,Uttar Pradesh,518710.85,Amira,Arora,lray@example.com,2052917750,40,Male,Berhampur,Uttar Pradesh,Low,2024-08-20,True,True
195807,10618,2023-05-14,completed,Jorhat,Uttar Pradesh,358051.92,Farhan,Gola,barmanemir@example.com,911878881751,31,Male,Jorhat,Uttar Pradesh,High,2024-11-18,True,True
195816,665,2024-01-31,pending,Mahbubnagar,Madhya Pradesh,444090.06,Nirvaan,Sura,mehul75@example.net,913765158815,42,Female,Mahbubnagar,Madhya Pradesh,Low,2022-12-24,True,True
195877,6108,2023-04-28,completed,Thane,Telangana,422181.75,Ehsaan,Badal,baralvanya@example.org,4705409856,25,Female,Thane,Telangana,Medium,2023-08-14,True,True
195978,13582,2023-03-29,completed,Gwalior,Maharashtra,348940.0,Manjari,Barman,ranbirsodhi@example.net,5993475798,44,Male,Gwalior,Maharashtra,Premium,2024-02-09,True,True
196003,10227,2024-11-10,completed,Ratlam,Maharashtra,555245.96,Shaan,Sankar,jivika68@example.org,1644867970,37,Male,Ratlam,Maharashtra,Low,2024-07-29,True,True
196085,12764,2022-06-27,completed,Silchar,Maharashtra,423748.48,Lavanya,Seshadri,balasubramanianhansh@example.net,4023534616,30,Male,Silchar,Maharashtra,Medium,2023-07-03,True,True
196105,17558,2022-06-29,completed,Hazaribagh,Uttar Pradesh,383451.39,Bhavin,Lala,anyaramanathan@example.org,9977863199,44,Female,Hazaribagh,Uttar Pradesh,Low,2022-11-22,True,True
196151,10621,2023-10-03,completed,North Dumdum,Karnataka,686065.92,Manjari,Bobal,jayeshsaraf@example.net,919135030491,40,Male,North Dumdum,Karnataka,Premium,2023-03-21,True,True
196166,14782,2024-05-23,completed,Tenali,Uttar Pradesh,375327.61,Divij,Gour,madhup38@example.org,3216731050,64,Male,Tenali,Uttar Pradesh,Medium,2023-10-13,True,True
196210,8827,2024-08-31,pending,Aurangabad,Uttar Pradesh,365551.61,Yuvaan,Jhaveri,vivaan22@example.net,6557577279,38,Male,Aurangabad,Uttar Pradesh,High,2022-01-04,True,True
196236,16724,2022-12-09,cancelled,Morbi,Karnataka,365895.38,Tara,Subramaniam,esandhu@example.net,9394762247,18,Female,Morbi,Karnataka,Medium,2024-01-30,False,True
196260,19825,2023-08-21,delivered,Kavali,Maharashtra,436833.47,Anya,Yadav,gollanirvaan@example.net,9524790191,47,Female,Kavali,Maharashtra,Low,2022-09-22,True,True
196269,19183,2022-10-27,completed,Jehanabad,Bihar,361980.53,Tara,Kar,trisha20@example.org,917353690585,30,Female,Jehanabad,Bihar,Low,2024-05-06,True,True
196300,7926,2024-01-19,completed,Bihar Sharif,Uttar Pradesh,401137.5,Arhaan,Sami,desaihimmat@example.com,1200786550,21,Female,Bihar Sharif,Uttar Pradesh,Low,2023-04-08,True,True
196335,9942,2024-07-21,completed,Unnao,Bihar,627607.65,Uthkarsh,Bains,shettyrati@example.com,2859294081,29,Male,Unnao,Bihar,Medium,2024-05-13,True,True
196532,11444,2023-02-04,completed,Ratlam,Uttar Pradesh,457032.62,Tarini,Thaker,anahitaraval@example.com,6032168624,34,Male,Ratlam,Uttar Pradesh,Low,2023-08-03,True,True
196644,8251,2024-06-09,completed,Phusro,Uttar Pradesh,473964.16,Ojas,Devi,sagarivana@example.org,4241621928,53,Male,Phusro,Uttar Pradesh,Low,2023-05-06,True,True
196651,12775,2024-03-02,completed,Tadipatri,West Bengal,428519.75,Ojas,Lal,thakkardamini@example.net,2402221841,32,Female,Tadipatri,West Bengal,Medium,2023-02-24,True,True
196730,14927,2023-12-28,cancelled,Jhansi,Tamil Nadu,375130.72,Kismat,Kota,goelriya@example.com,919919924495,38,Female,Jhansi,Tamil Nadu,Medium,2022-12-09,True,True
196761,16971,2023-12-13,completed,Proddatur,Maharashtra,355424.73,Miraya,Tripathi,gdada@example.org,7374158684,27,Male,Proddatur,Maharashtra,Low,2023-06-05,True,True
196767,14028,2022-09-24,completed,Raebareli,Telangana,354845.23,Advika,Bora,aainadey@example.net,6353350819,25,Female,Raebareli,Telangana,High,2023-08-02,True,True
196770,14148,2023-07-21,completed,Dharmavaram,Uttar Pradesh,449469.86,Nirvi,Manne,cheriansana@example.com,4924717325,57,Female,Dharmavaram,Uttar Pradesh,High,2022-02-05,True,True
196799,7210,2022-10-28,pending,Eluru,Gujarat,344474.43,Kabir,Ravi,mkohli@example.net,7492850636,31,Female,Eluru,Gujarat,Medium,2024-03-26,True,True
196815,1736,2024-10-06,shipped,Bhatpara,Karnataka,334549.27,Azad,Gill,sahotakiara@example.com,6882672800,29,Male,Bhatpara,Karnataka,Low,2024-01-29,True,True
197002,16434,2022-02-03,delivered,Moradabad,Telangana,381029.99,Yuvaan,Ravel,obains@example.org,5603428821,41,Male,Moradabad,Telangana,Low,2022-01-05,True,True
197020,11461,2023-01-01,shipped,Aizawl,Bihar,424255.24,Miraya,Maharaj,hegdeshray@example.org,5250459339,55,Female,Aizawl,Bihar,Medium,2024-05-03,True,True
197023,13948,2022-12-15,shipped,Purnia,Karnataka,402315.9,Kanav,Grover,arorarania@example.com,914168477375,31,Female,Purnia,Karnataka,Medium,2022-02-04,False,True
197073,18860,2022-09-07,shipped,Anand,Karnataka,539631.6,Zara,Khatri,drama@example.net,916252842199,39,Female,Anand,Karnataka,Premium,2023-11-05,True,True
197093,7630,2024-06-22,pending,Dehri,Karnataka,339198.89,Zara,Goel,jchad@example.net,5973868345,31,Male,Dehri,Karnataka,Low,2022-09-21,True,True
197170,6883,2022-07-05,delivered,Kochi,Bihar,450927.74,Kaira,Buch,pgola@example.net,6422341743,28,Male,Kochi,Bihar,Low,2022-07-02,True,True
197176,5549,2023-04-17,completed,Kurnool,Rajasthan,446938.83,Veer,Balay,shuklakiaan@example.net,5130299903,51,Female,Kurnool,Rajasthan,High,2024-12-19,True,True
197181,17427,2022-04-06,shipped,Rajpur Sonarpur,Uttar Pradesh,396133.26,Kanav,Boase,jivin55@example.org,913220223604,45,Female,Rajpur Sonarpur,Uttar Pradesh,High,2024-09-11,True,True
197186,4503,2023-02-16,shipped,Giridih,Uttar Pradesh,881810.53,Nehmat,Devan,aayush15@example.org,8006486157,38,Male,Giridih,Uttar Pradesh,High,2024-06-22,True,True
197209,4754,2023-06-30,completed,Phusro,Uttar Pradesh,675835.26,Hrishita,Wali,ttak@example.net,8936980225,48,Male,Phusro,Uttar Pradesh,Medium,2022-06-13,True,True
197235,19951,2024-06-16,completed,Amravati,Tamil Nadu,591125.35,Nehmat,Sharma,zvala@example.net,4751540426,41,Female,Amravati,Tamil Nadu,Medium,2022-06-15,True,True
197276,9092,2022-03-16,shipped,Bhilai,Uttar Pradesh,332687.31,Biju,Ravel,ayesha32@example.net,1388875653,32,Male,Bhilai,Uttar Pradesh,Medium,2024-03-09,True,True
197337,12346,2022-12-20,completed,Karnal,West Bengal,350059.96,Siya,Banik,nayantara01@example.org,918377632098,46,Male,Karnal,West Bengal,Medium,2024-09-27,True,True
197361,13234,2023-03-05,completed,Tumkur,Uttar Pradesh,478943.7,Amani,Keer,hrishitabiswas@example.org,4055639725,52,Male,Tumkur,Uttar Pradesh,High,2023-03-08,True,True
197458,5142,2024-11-06,shipped,Mira-Bhayandar,Bihar,386723.02,Kavya,Mann,hramanathan@example.net,8700174538,30,Male,Mira-Bhayandar,Bihar,High,2022-08-24,True,True
197470,7006,2023-11-11,completed,Gorakhpur,Madhya Pradesh,420605.73,Sana,Mahal,prisha90@example.net,3320237863,27,Female,Gorakhpur,Madhya Pradesh,Low,2023-03-29,False,True
197492,3566,2024-02-17,pending,Purnia,Maharashtra,570673.24,Neelofar,Iyengar,harizain@example.org,9087929686,50,Female,Purnia,Maharashtra,Medium,2024-02-01,True,True
197544,13981,2023-03-22,cancelled,Bahraich,Rajasthan,626770.13,Dhanuk,Bhalla,hunar43@example.org,6758425267,40,Male,Bahraich,Rajasthan,High,2024-07-31,True,True
197600,1320,2024-01-20,pending,Dhanbad,West Bengal,324230.58,Yuvraj ,Iyengar,deepshlok@example.org,5632174003,49,Male,Dhanbad,West Bengal,Low,2022-05-12,False,True
197678,7927,2024-02-24,completed,Amroha,Kerala,329072.22,Shaan,Chaudhari,xverma@example.com,1665562515,18,Male,Amroha,Kerala,Low,2023-11-27,False,True
197722,17300,2022-06-13,cancelled,Hapur,Tamil Nadu,334974.31,Samar,Shenoy,gsaha@example.org,9265123639,24,Female,Hapur,Tamil Nadu,Medium,2023-05-09,True,True
197743,9793,2022-11-30,pending,Panchkula,West Bengal,397329.81,Divyansh,Ghose,bhalder@example.net,6610932535,43,Female,Panchkula,West Bengal,Low,2023-01-07,True,True
197758,7129,2022-06-03,completed,Thoothukudi,West Bengal,332639.58,Gokul,Dewan,bahriivan@example.net,5630713468,34,Female,Thoothukudi,West Bengal,Medium,2024-03-18,True,True
197770,965,2023-11-22,completed,Narasaraopet,Rajasthan,488816.25,Adira,Subramanian,ladrania@example.org,912600308356,21,Male,Narasaraopet,Rajasthan,Medium,2022-05-18,True,True
197831,1669,2023-05-18,completed,Kalyan-Dombivli,Uttar Pradesh,527636.11,Ojas,Iyer,travel@example.org,7973418559,41,Female,Kalyan-Dombivli,Uttar Pradesh,Medium,2024-03-15,True,True
197909,5789,2023-03-23,completed,Jalgaon,Karnataka,369622.85,Zain,Tripathi,karpesamar@example.net,1100012837,22,Male,Jalgaon,Karnataka,Low,2023-06-27,True,True
197957,16263,2022-10-21,completed,Bihar Sharif,Uttar Pradesh,373133.28,Ojas,Verma,dhanush96@example.org,914486490492,54,Female,Bihar Sharif,Uttar Pradesh,Low,2022-06-14,True,True
197958,18740,2024-07-11,processing,Kochi,West Bengal,440291.79,Aarav,Sarin,desaikanav@example.com,7672673929,57,Female,Kochi,West Bengal,Medium,2023-07-03,True,True
197969,3645,2024-02-28,completed,Fatehpur,Uttar Pradesh,329812.64,Aayush,Bhandari,ytailor@example.org,913216580872,46,Male,Fatehpur,Uttar Pradesh,Low,2024-11-20,True,True
198036,16289,2022-07-18,completed,Bidhannagar,Bihar,600905.55,Sana,Bobal,jivinram@example.net,917014419184,25,Male,Bidhannagar,Bihar,High,2022-12-10,True,True
198147,11998,2022-03-10,completed,Cuttack,Bihar,431645.33,Aaryahi,Butala,dhillontushar@example.org,915989715683,29,Female,Cuttack,Bihar,Low,2023-01-16,False,True
198175,16325,2024-09-15,shipped,Nangloi Jat,West Bengal,348782.62,Nishith,Dayal,chawlaindrans@example.net,503497118,20,Male,Nangloi Jat,West Bengal,Medium,2022-12-14,True,True
198194,5979,2022-07-12,cancelled,Bhagalpur,Maharashtra,669218.39,Shamik,Chand,divijgaba@example.net,9832242849,27,Female,Bhagalpur,Maharashtra,Low,2024-04-13,True,True
198212,1296,2024-10-07,completed,Bhusawal,Bihar,373302.02,Biju,Sastry,jayantrout@example.org,1117576917,46,Male,Bhusawal,Bihar,Low,2022-09-13,True,True
198231,18873,2022-07-05,completed,Bihar Sharif,Bihar,370861.52,Vardaniya,Issac,dluthra@example.com,1908177759,25,Female,Bihar Sharif,Bihar,Low,2022-05-25,False,True
198302,13863,2024-08-20,completed,Shimoga,Uttar Pradesh,549248.91,Piya,Shukla,oorjadoctor@example.org,819494,24,Male,Shimoga,Uttar Pradesh,Medium,2022-04-03,True,True
198307,13827,2024-05-24,completed,Patiala,Uttar Pradesh,373328.33,Tushar,Anne,kaira39@example.com,1700030824,18,Female,Patiala,Uttar Pradesh,Low,2024-04-28,True,True
198374,5440,2024-07-27,completed,Pune,Delhi,373965.82,Renee,Banik,egolla@example.net,912283613814,46,Female,Pune,Delhi,High,2024-11-20,True,True
198425,10923,2023-01-03,completed,Kota,Gujarat,327162.2,Oorja,Gulati,kakarsiya@example.org,4116622186,32,Female,Kota,Gujarat,Low,2024-02-02,True,True
198504,15081,2022-03-22,completed,Ranchi,Bihar,530565.13,Pranay,Bhattacharyya,chandersumer@example.org,8550602266,55,Female,Ranchi,Bihar,High,2023-04-04,True,True
198506,9617,2024-07-11,completed,Dehradun,Madhya Pradesh,517435.36,Damini,Baral,anahigupta@example.net,915271116951,39,Male,Dehradun,Madhya Pradesh,Low,2024-12-11,True,True
198586,4516,2024-10-22,completed,Surat,Tamil Nadu,560687.57,Taran,Dar,stuvanrajan@example.net,4095332433,33,Male,Surat,Tamil Nadu,Medium,2023-09-03,True,True
198588,15835,2022-10-23,completed,Motihari,Rajasthan,355722.54,Lakshay,Sehgal,hazel84@example.org,4209882665,18,Male,Motihari,Rajasthan,High,2022-09-11,True,True
198673,6689,2023-11-10,completed,Visakhapatnam,Maharashtra,336135.98,Devansh,Thakkar,edwinadvik@example.org,918184467533,38,Female,Visakhapatnam,Maharashtra,Medium,2023-04-03,True,True
198703,9457,2022-05-18,completed,Tinsukia,Gujarat,446999.45,Farhan,Rout,kalitakimaya@example.net,701385601,18,Male,Tinsukia,Gujarat,Low,2023-10-30,True,True
198724,16913,2024-11-23,completed,Satna,Uttar Pradesh,409143.04,Mamooty,Mannan,arnav31@example.org,912840360040,33,Female,Satna,Uttar Pradesh,Medium,2024-10-22,True,True
198733,11235,2022-02-23,delivered,Bhusawal,Rajasthan,414205.5,Kimaya,Rajagopalan,sana34@example.net,910534853733,54,Female,Bhusawal,Rajasthan,High,2022-07-29,True,True
198744,14797,2022-01-31,completed,Jalandhar,Punjab,503580.01,Divit,Khanna,manjarivarkey@example.org,918847573285,49,Male,Jalandhar,Punjab,High,2023-09-16,True,True
198746,6278,2022-02-27,completed,Panipat,Uttar Pradesh,332416.15,Rati,Ramakrishnan,vaibhav17@example.net,918232738827,27,Male,Panipat,Uttar Pradesh,High,2022-05-11,True,True
198769,6798,2024-03-30,completed,Patna,West Bengal,542679.05,Aarush,Dasgupta,himmatsarna@example.com,917666416342,39,Male,Patna,West Bengal,Premium,2024-09-02,True,True
198803,14318,2023-11-06,cancelled,Jalgaon,Uttar Pradesh,511268.52,Aayush,Wali,mirayaraval@example.org,6625540217,30,Female,Jalgaon,Uttar Pradesh,Low,2024-03-31,True,True
198851,18182,2022-07-05,completed,Jaunpur,Maharashtra,407570.74,Prerak,Sen,nehmat70@example.com,5301579647,35,Female,Jaunpur,Maharashtra,High,2023-07-19,True,True
198889,2815,2024-08-25,completed,Bhiwandi,Madhya Pradesh,478056.69,Kashvi,Chakraborty,mandjivin@example.net,916616201729,21,Male,Bhiwandi,Madhya Pradesh,Medium,2024-11-21,True,True
198925,3206,2022-11-20,completed,Aizawl,Karnataka,330348.28,Vivaan,Mand,anahilalla@example.net,8478718193,55,Female,Aizawl,Karnataka,Low,2024-02-14,True,True
198927,19027,2024-07-01,completed,Khora ,Gujarat,738101.75,Anahi,Lata,reyansh12@example.com,6716249379,43,Male,Khora ,Gujarat,Low,2023-07-02,False,True
198946,7796,2024-05-25,pending,Aurangabad,Delhi,363013.72,Aaina,Vaidya,krishnanmiraya@example.org,9581297895,18,Female,Aurangabad,Delhi,High,2023-06-23,True,True
198963,16139,2024-02-07,shipped,Ballia,Maharashtra,428630.84,Jayan,Lad,kaira71@example.net,912788280929,35,Male,Ballia,Maharashtra,High,2023-05-02,True,True
198978,2617,2024-03-14,completed,Dibrugarh,West Bengal,378815.46,Zaina,Thaman,xbhavsar@example.org,912677638319,40,Male,Dibrugarh,West Bengal,Medium,2022-03-27,True,True
198995,9054,2024-06-27,delivered,Bidhannagar,Uttar Pradesh,339618.78,Alia,Rege,nchanda@example.org,3230003188,23,Male,Bidhannagar,Uttar Pradesh,Medium,2024-04-27,True,True
199027,4061,2022-07-03,completed,Panvel,Uttar Pradesh,472326.77,Zain,Banerjee,zbir@example.com,5399543161,46,Female,Panvel,Uttar Pradesh,Low,2023-09-25,True,True
199044,15577,2022-05-27,pending,Shimoga,Rajasthan,405686.64,Miraya,Bhavsar,lsheth@example.net,910325027964,26,Male,Shimoga,Rajasthan,Low,2024-03-10,True,True
199120,11633,2022-01-10,completed,Bally,Gujarat,356746.7,Darshit,Savant,jchopra@example.net,915762598723,44,Female,Bally,Gujarat,Low,2023-09-12,True,True
199142,14170,2023-10-31,delivered,Tinsukia,Madhya Pradesh,620677.04,Yuvaan,Jain,ckeer@example.org,8509718547,25,Female,Tinsukia,Madhya Pradesh,Low,2022-02-21,True,True
199248,18238,2022-01-25,completed,Kamarhati,West Bengal,445513.09,Yakshit,Goel,faiyaz05@example.org,7519144282,34,Female,Kamarhati,West Bengal,Premium,2023-02-14,True,True
199282,14223,2023-10-30,completed,Guntur,Tamil Nadu,346031.8,Shalv,Varghese,gdeshpande@example.net,2951535731,34,Male,Guntur,Tamil Nadu,Medium,2022-01-31,True,True
199317,13319,2022-06-18,delivered,Bhatpara,Uttar Pradesh,360281.1,Vedika,Sandhu,ivan18@example.com,8089594861,43,Male,Bhatpara,Uttar Pradesh,Low,2023-06-26,True,True
199321,16681,2022-08-18,completed,Naihati,Rajasthan,408952.75,Hridaan,Venkatesh,xdeol@example.com,3487628935,34,Female,Naihati,Rajasthan,Medium,2022-07-20,True,True
199362,2563,2022-05-22,cancelled,Bettiah,Uttar Pradesh,461204.74,Heer,Sen,wgarg@example.net,8759204155,40,Female,Bettiah,Uttar Pradesh,Low,2022-09-13,True,True
199427,1344,2022-01-24,completed,Ghaziabad,West Bengal,350177.8,Rohan,Bail,dwable@example.org,918808172628,22,Male,Ghaziabad,West Bengal,Medium,2023-10-07,True,True
199483,8186,2022-11-04,completed,Bhalswa Jahangir Pur,Kerala,370849.87,Alisha,Lata,lagan20@example.net,7004005297,30,Male,Bhalswa Jahangir Pur,Kerala,Medium,2023-11-17,True,True
199488,15443,2024-01-01,completed,Bokaro,Uttar Pradesh,641135.51,Saira,Aggarwal,prerak03@example.org,6484600609,30,Female,Bokaro,Uttar Pradesh,Low,2024-12-23,False,True
199694,15994,2024-01-13,processing,Tumkur,Uttar Pradesh,338466.24,Nehmat,Loyal,vihaan65@example.com,6450396660,33,Female,Tumkur,Uttar Pradesh,Medium,2024-02-29,False,True
199727,18560,2022-01-27,completed,Nadiad,Rajasthan,556974.09,Advik,Deshpande,dhruvboase@example.com,919519530938,51,Female,Nadiad,Rajasthan,Medium,2024-04-27,True,True
199750,11623,2022-08-06,completed,Aligarh,Gujarat,416149.19,Dharmajan,Wason,onkardhar@example.org,916503966811,18,Male,Aligarh,Gujarat,Low,2023-12-26,True,True
199927,18246,2024-01-11,completed,Ujjain,Uttar Pradesh,586214.27,Tiya,Das,jivinkar@example.net,6760731082,18,Female,Ujjain,Uttar Pradesh,Low,2022-01-07,True,True
199928,7759,2022-08-07,cancelled,Sagar,Maharashtra,334077.27,Nirvi,Chandran,lbahri@example.com,915331546953,18,Male,Sagar,Maharashtra,Medium,2022-06-02,True,True
199942,6055,2024-07-23,delivered,Kavali,Maharashtra,410609.95,Arhaan,Gupta,navya06@example.net,8069843495,47,Female,Kavali,Maharashtra,High,2023-07-05,True,True
199943,11052,2022-10-23,shipped,Aligarh,Tamil Nadu,339975.54,Saira,Kurian,xdeo@example.org,916321508476,39,Female,Aligarh,Tamil Nadu,High,2023-08-23,True,True
199964,18984,2024-04-27,shipped,Phusro,Punjab,386669.7,Vaibhav,Kurian,yram@example.net,9151243495,29,Male,Phusro,Punjab,High,2024-08-20,True,True
199984,2745,2024-07-16,completed,Sirsa,Maharashtra,431682.36,Abram,Malhotra,gopalkavya@example.net,911888003005,41,Female,Sirsa,Maharashtra,Medium,2024-04-15,True,True
199985,8666,2022-07-18,delivered,Malegaon,Kerala,344937.31,Nishith,Bail,mahikamadan@example.com,3799654799,20,Male,Malegaon,Kerala,Low,2023-10-07,True,True
